time_utc,date_utc,hour_utc,split,source_file,pv_raw_kw,pv_clean_kw,wind_raw_kw,wind_clean_kw,load_kw,critical_load_kw,noncritical_load_kw,spot_price_nok_per_kwh,buy_price_nok_per_kwh,sell_price_nok_per_kwh
2020-11-01 00:00:00,2020-11-01,0,oos,train,0.0,0.0,164.04,164.04,15.089579999999998,4.9795614,10.110018599999998,0.0476199999999999,0.0976199999999999,0.07809599999999993
2020-11-01 01:00:00,2020-11-01,1,oos,train,0.0,0.0,130.86,130.86,20.59540444,6.7964834652,13.798920974799998,0.0390499999999999,0.08904999999999991,0.07123999999999993
2020-11-01 02:00:00,2020-11-01,2,oos,train,0.0,0.0,89.43,89.43,20.88301111,6.891393666300001,13.9916174437,0.03939,0.08939,0.071512
2020-11-01 03:00:00,2020-11-01,3,oos,train,0.0,0.0,67.13,67.13,19.82614444,6.5426276652,13.283516774799999,0.04395,0.09395,0.07516
2020-11-01 04:00:00,2020-11-01,4,oos,train,0.0,0.0,120.34,120.34,16.04989667,5.2964659010999995,10.753430768899998,0.0487299999999999,0.0987299999999999,0.07898399999999993
2020-11-01 05:00:00,2020-11-01,5,oos,train,0.0,0.0,180.87,180.87,19.09098889,6.3000263337,12.790962556299998,0.05074,0.10074,0.080592
2020-11-01 06:00:00,2020-11-01,6,oos,train,0.0,0.0,137.95,137.95,18.12788222,5.9822011326,12.145681087399998,0.05363,0.10363,0.082904
2020-11-01 07:00:00,2020-11-01,7,oos,train,0.149,0.149,184.64,184.64,22.43251556,7.4027301348,15.029785425199998,0.06943,0.11943000000000001,0.09554400000000002
2020-11-01 08:00:00,2020-11-01,8,oos,train,1.4989167,1.4989167,144.83,144.83,23.54931111,7.771272666300001,15.7780384437,0.07822,0.12822,0.102576
2020-11-01 09:00:00,2020-11-01,9,oos,train,2.3552499,2.3552499,64.82,64.82,27.18836667,8.9721610011,18.2162056689,0.08757,0.13757,0.110056
2020-11-01 10:00:00,2020-11-01,10,oos,train,6.3439167,6.3439167,49.81,49.81,21.50150222,7.0954957326,14.406006487399997,0.08523,0.13523000000000002,0.10818400000000002
2020-11-01 11:00:00,2020-11-01,11,oos,train,4.8768332,4.8768332,50.14,50.14,15.68743778,5.1768544674,10.510583312599998,0.07755,0.12755,0.10204
2020-11-01 12:00:00,2020-11-01,12,oos,train,2.36475,2.36475,70.74,70.74,18.3961,6.0707130000000005,12.325387,0.07299,0.12299,0.09839200000000001
2020-11-01 13:00:00,2020-11-01,13,oos,train,0.6966667,0.6966667,57.06,57.06,19.98424889,6.5948021337,13.389446756299998,0.06921,0.11921,0.09536800000000001
2020-11-01 14:00:00,2020-11-01,14,oos,train,0.0014167,0.0014167,45.63,45.63,21.41987556,7.0685589348,14.351316625199999,0.0757699999999999,0.1257699999999999,0.10061599999999993
2020-11-01 15:00:00,2020-11-01,15,oos,train,0.0,0.0,62.49,62.49,22.31372444,7.363529065200001,14.9501953748,0.08734,0.13734000000000002,0.10987200000000003
2020-11-01 16:00:00,2020-11-01,16,oos,train,0.0,0.0,137.71,137.71,18.84608,6.219206400000001,12.6268736,0.0958,0.14579999999999999,0.11664
2020-11-01 17:00:00,2020-11-01,17,oos,train,0.0,0.0,149.16,149.16,16.41128556,5.4157242348,10.995561325199999,0.08957,0.13957,0.111656
2020-11-01 18:00:00,2020-11-01,18,oos,train,0.0,0.0,169.84,169.84,20.40175556,6.7325793348000005,13.6691762252,0.0767699999999999,0.12676999999999988,0.10141599999999991
2020-11-01 19:00:00,2020-11-01,19,oos,train,0.0,0.0,140.91,140.91,22.30158444,7.3595228652,14.942061574799999,0.05563,0.10563,0.08450400000000001
2020-11-01 20:00:00,2020-11-01,20,oos,train,0.0,0.0,139.46,139.46,22.96769778,7.579340267400001,15.388357512599999,0.04273,0.09273,0.07418400000000001
2020-11-01 21:00:00,2020-11-01,21,oos,train,0.0,0.0,157.34,157.34,24.71515556,8.156001334800001,16.559154225199997,0.04784,0.09784000000000001,0.07827200000000001
2020-11-01 22:00:00,2020-11-01,22,oos,train,0.0,0.0,80.46,80.46,20.61977333,6.8045251989,13.815248131099999,0.02626,0.07626,0.061008
2020-11-01 23:00:00,2020-11-01,23,oos,train,0.0,0.0,82.49,82.49,16.02822889,5.289315533700001,10.7389133563,0.01591,0.06591,0.052728
2020-11-02 00:00:00,2020-11-02,0,oos,train,0.0,0.0,136.04,136.04,14.31577778,4.7242066674,9.591571112599999,0.0165799999999999,0.0665799999999999,0.05326399999999992
2020-11-02 01:00:00,2020-11-02,1,oos,train,0.0,0.0,122.0,122.0,17.02642778,5.6187211673999995,11.407706612599998,0.0188,0.0688,0.055040000000000006
2020-11-02 02:00:00,2020-11-02,2,oos,train,0.0,0.0,131.25,131.25,18.65302667,6.1554988011,12.497527868899999,0.01647,0.06647,0.053176
2020-11-02 03:00:00,2020-11-02,3,oos,train,0.0,0.0,135.93,135.93,19.20223111,6.3367362663,12.865494843699999,0.01591,0.06591,0.052728
2020-11-02 04:00:00,2020-11-02,4,oos,train,0.0,0.0,85.13,85.13,15.61809111,5.1539700663,10.464121043699999,0.01613,0.06613,0.052904
2020-11-02 05:00:00,2020-11-02,5,oos,train,0.0,0.0,62.62,62.62,15.75956667,5.200657001100001,10.558909668899998,0.02737,0.07737,0.061896
2020-11-02 06:00:00,2020-11-02,6,oos,train,0.0,0.0,100.53,100.53,16.33675444,5.3911289652,10.945625474799998,0.05485,0.10485,0.08388000000000001
2020-11-02 07:00:00,2020-11-02,7,oos,train,0.3385984999999999,0.3385984999999999,85.97,85.97,19.66669333,6.490008798900001,13.1766845311,0.06086,0.11086,0.088688
2020-11-02 08:00:00,2020-11-02,8,oos,train,1.3793333,1.3793333,41.16,41.16,27.60657556,9.1101699348,18.496405625199998,0.05919,0.10919000000000001,0.08735200000000001
2020-11-02 09:00:00,2020-11-02,9,oos,train,16.0723335,16.0723335,6.72,6.72,26.98536667,8.905171001100001,18.0801956689,0.05942,0.10942,0.087536
2020-11-02 10:00:00,2020-11-02,10,oos,train,44.106917,44.106917,2.93,2.93,24.72587778,8.1595396674,16.5663381126,0.06008,0.11008000000000001,0.08806400000000002
2020-11-02 11:00:00,2020-11-02,11,oos,train,44.758583,44.758583,1.69,1.69,21.15839333,6.9822697989,14.176123531099998,0.05841,0.10841,0.08672800000000001
2020-11-02 12:00:00,2020-11-02,12,oos,train,28.833167000000003,28.833167000000003,0.01,0.01,20.08906889,6.6293927337000005,13.459676156299999,0.05508,0.10508,0.08406400000000001
2020-11-02 13:00:00,2020-11-02,13,oos,train,21.9615835,21.9615835,33.06,33.06,24.06208889,7.9404893336999995,16.121599556299998,0.05508,0.10508,0.08406400000000001
2020-11-02 14:00:00,2020-11-02,14,oos,train,10.2226666,10.2226666,30.16,30.16,26.73918889,8.8239323337,17.915256556299997,0.05986,0.10986,0.08788800000000001
2020-11-02 15:00:00,2020-11-02,15,oos,train,0.0,0.0,69.77,69.77,31.06174889,10.2503771337,20.811371756299998,0.078,0.128,0.1024
2020-11-02 16:00:00,2020-11-02,16,oos,train,0.0,0.0,38.07,38.07,23.58073111,7.7816412663,15.799089843699997,0.09502,0.14501999999999998,0.116016
2020-11-02 17:00:00,2020-11-02,17,oos,train,0.0,0.0,27.09,27.09,23.3753,7.713849,15.661450999999998,0.09268,0.14268,0.11414400000000001
2020-11-02 18:00:00,2020-11-02,18,oos,train,0.0,0.0,26.15,26.15,25.58834222,8.444152932600002,17.1441892874,0.07933,0.12933,0.103464
2020-11-02 19:00:00,2020-11-02,19,oos,train,0.0,0.0,21.11,21.11,27.13599333,8.9548777989,18.181115531099998,0.06242,0.11242,0.08993600000000002
2020-11-02 20:00:00,2020-11-02,20,oos,train,0.0,0.0,27.26,27.26,29.79754667,9.8331904011,19.964356268899998,0.0554099999999999,0.10540999999999989,0.08432799999999992
2020-11-02 21:00:00,2020-11-02,21,oos,train,0.0,0.0,1.82,1.82,26.69374222,8.808934932600001,17.884807287399997,0.0574099999999999,0.1074099999999999,0.08592799999999992
2020-11-02 22:00:00,2020-11-02,22,oos,train,0.0,0.0,8.06,8.06,22.47031111,7.415202666300001,15.055108443699998,0.0554099999999999,0.10540999999999989,0.08432799999999992
2020-11-02 23:00:00,2020-11-02,23,oos,train,0.0,0.0,12.13,12.13,17.06397222,5.6311108326,11.4328613874,0.0162399999999999,0.06623999999999991,0.05299199999999993
2020-11-03 00:00:00,2020-11-03,0,oos,train,0.0,0.0,14.46,14.46,14.17406222,4.6774405326,9.4966216874,0.0162399999999999,0.06623999999999991,0.05299199999999993
2020-11-03 01:00:00,2020-11-03,1,oos,train,0.0,0.0,11.38,11.38,17.97920667,5.9331382011,12.046068468899998,0.01635,0.06635,0.05308000000000001
2020-11-03 02:00:00,2020-11-03,2,oos,train,0.0,0.0,15.06,15.06,16.75292444,5.528465065200001,11.2244593748,0.01646,0.06646,0.05316800000000001
2020-11-03 03:00:00,2020-11-03,3,oos,train,0.0,0.0,12.66,12.66,16.28929222,5.375466432600001,10.913825787399999,0.01657,0.06657,0.053256000000000005
2020-11-03 04:00:00,2020-11-03,4,oos,train,0.0,0.0,8.89,8.89,14.81710333,4.8896440989,9.927459231099999,0.02802,0.07802,0.062416000000000006
2020-11-03 05:00:00,2020-11-03,5,oos,train,0.0,0.0,13.15,13.15,16.91955,5.583451500000001,11.3360985,0.06139,0.11139,0.08911200000000001
2020-11-03 06:00:00,2020-11-03,6,oos,train,0.0,0.0,18.86,18.86,21.20281556,6.996929134800001,14.2058864252,0.08941,0.13941,0.11152800000000002
2020-11-03 07:00:00,2020-11-03,7,oos,train,1.0531666,1.0531666,15.82,15.82,24.23997333,7.999191198900001,16.240782131099998,0.09331,0.14331,0.114648
2020-11-03 08:00:00,2020-11-03,8,oos,train,7.971916700000001,7.971916700000001,15.4,15.4,30.61955111,10.1044518663,20.515099243699996,0.09008,0.14007999999999998,0.112064
2020-11-03 09:00:00,2020-11-03,9,oos,train,5.0789166,5.0789166,12.06,12.06,28.9002,9.537066000000001,19.363134,0.08997,0.13996999999999998,0.11197599999999999
2020-11-03 10:00:00,2020-11-03,10,oos,train,5.072333199999999,5.072333199999999,6.52,6.52,25.02351556,8.2577601348,16.7657554252,0.09197,0.14196999999999999,0.113576
2020-11-03 11:00:00,2020-11-03,11,oos,train,13.326,13.326,15.46,15.46,23.12395333,7.6309045989,15.493048731099998,0.08875,0.13874999999999998,0.11099999999999999
2020-11-03 12:00:00,2020-11-03,12,oos,train,9.6699167,9.6699167,23.62,23.62,25.48967111,8.4115914663,17.078079643699997,0.08863,0.13863,0.110904
2020-11-03 13:00:00,2020-11-03,13,oos,train,27.589917,27.589917,9.35,9.35,24.48206667,8.0790820011,16.402984668899997,0.09253,0.14253,0.114024
2020-11-03 14:00:00,2020-11-03,14,oos,train,7.408083400000001,7.408083400000001,10.83,10.83,25.66971556,8.4710061348,17.198709425199997,0.0952,0.1452,0.11616
2020-11-03 15:00:00,2020-11-03,15,oos,train,0.0,0.0,22.81,22.81,27.72248889,9.1484213337,18.574067556299998,0.09586,0.14586,0.116688
2020-11-03 16:00:00,2020-11-03,16,oos,train,0.0,0.0,17.04,17.04,22.6291,7.467603,15.161496999999999,0.09586,0.14586,0.116688
2020-11-03 17:00:00,2020-11-03,17,oos,train,0.0,0.0,14.68,14.68,26.66434889,8.7992351337,17.865113756299998,0.09698,0.14698,0.11758400000000001
2020-11-03 18:00:00,2020-11-03,18,oos,train,0.0,0.0,16.7,16.7,26.99824444,8.9094206652,18.088823774799998,0.0982,0.1482,0.11856
2020-11-03 19:00:00,2020-11-03,19,oos,train,0.0,0.0,16.24,16.24,28.25321111,9.3235596663,18.929651443699996,0.09242,0.14242,0.113936
2020-11-03 20:00:00,2020-11-03,20,oos,train,0.0,0.0,15.99,15.99,26.16415556,8.634171334800001,17.5299842252,0.08385,0.13385,0.10708000000000001
2020-11-03 21:00:00,2020-11-03,21,oos,train,0.0,0.0,16.24,16.24,24.92644667,8.2257274011,16.7007192689,0.06828,0.11828,0.094624
2020-11-03 22:00:00,2020-11-03,22,oos,train,0.0,0.0,17.37,17.37,19.98018444,6.5934608652,13.386723574799998,0.0417,0.0917,0.07336000000000001
2020-11-03 23:00:00,2020-11-03,23,oos,train,0.0,0.0,26.83,26.83,17.68234444,5.835173665200001,11.8471707748,0.0268,0.07680000000000001,0.06144000000000001
2020-11-04 00:00:00,2020-11-04,0,oos,train,0.0,0.0,25.42,25.42,14.95974,4.9367142,10.0230258,0.01643,0.06643,0.053144000000000004
2020-11-04 01:00:00,2020-11-04,1,oos,train,0.0,0.0,23.76,23.76,19.19069333,6.332928798899999,12.857764531099997,0.01588,0.06588,0.052704
2020-11-04 02:00:00,2020-11-04,2,oos,train,0.0,0.0,22.28,22.28,19.59933111,6.467779266300001,13.131551843699999,0.01566,0.06566,0.052528
2020-11-04 03:00:00,2020-11-04,3,oos,train,0.0,0.0,19.85,19.85,20.97496,6.9217368,14.053223199999998,0.0161,0.0661,0.05288000000000001
2020-11-04 04:00:00,2020-11-04,4,oos,train,0.0,0.0,32.18,32.18,15.90614333,5.249027298900001,10.6571160311,0.02493,0.07493,0.059944
2020-11-04 05:00:00,2020-11-04,5,oos,train,0.0,0.0,30.98,30.98,15.79496444,5.2123382652,10.582626174799998,0.05084,0.10084000000000001,0.08067200000000002
2020-11-04 06:00:00,2020-11-04,6,oos,train,0.0,0.0,31.32,31.32,19.57652,6.460251599999999,13.116268399999997,0.05559,0.10559,0.084472
2020-11-04 07:00:00,2020-11-04,7,oos,train,0.9175834,0.9175834,26.92,26.92,29.09327111,9.6007794663,19.4924916437,0.05746,0.10746,0.085968
2020-11-04 08:00:00,2020-11-04,8,oos,train,1.1145,1.1145,23.69,23.69,30.21295111,9.9702738663,20.242677243699998,0.05923,0.10923,0.087384
2020-11-04 09:00:00,2020-11-04,9,oos,train,2.349,2.349,30.99,30.99,26.66056444,8.7979862652,17.8625781748,0.06242,0.11242,0.08993600000000002
2020-11-04 10:00:00,2020-11-04,10,oos,train,10.3209167,10.3209167,42.16,42.16,27.36748222,9.0312691326,18.336213087399997,0.05724,0.10724,0.08579200000000001
2020-11-04 11:00:00,2020-11-04,11,oos,train,2.22275,2.22275,39.7,39.7,23.83929556,7.8669675348000005,15.972328025199998,0.05481,0.10481,0.083848
2020-11-04 12:00:00,2020-11-04,12,oos,train,0.9275,0.9275,25.36,25.36,22.17732,7.318515600000001,14.8588044,0.05492,0.10492,0.08393600000000001
2020-11-04 13:00:00,2020-11-04,13,oos,train,0.1711667,0.1711667,35.42,35.42,30.54759333,10.0807057989,20.4668875311,0.0553699999999999,0.10536999999999991,0.08429599999999993
2020-11-04 14:00:00,2020-11-04,14,oos,train,0.0,0.0,74.99,74.99,30.63895333,10.1108545989,20.5280987311,0.05581,0.10581,0.084648
2020-11-04 15:00:00,2020-11-04,15,oos,train,0.0,0.0,52.36,52.36,31.40553556,10.3638267348,21.041708825199997,0.0543699999999999,0.10436999999999991,0.08349599999999993
2020-11-04 16:00:00,2020-11-04,16,oos,train,0.0,0.0,35.49,35.49,30.17289333,9.957054798900002,20.215838531099998,0.05261,0.10261,0.08208800000000001
2020-11-04 17:00:00,2020-11-04,17,oos,train,0.0,0.0,68.24,68.24,27.51430444,9.079720465200001,18.4345839748,0.05106,0.10106000000000001,0.08084800000000002
2020-11-04 18:00:00,2020-11-04,18,oos,train,0.0,0.0,45.23,45.23,29.01013556,9.5733447348,19.436790825199996,0.05062,0.10062,0.08049600000000001
2020-11-04 19:00:00,2020-11-04,19,oos,train,0.0,0.0,15.24,15.24,34.57830444,11.4108404652,23.167463974799997,0.04996,0.09996,0.079968
2020-11-04 20:00:00,2020-11-04,20,oos,train,0.0,0.0,24.39,24.39,28.08180222,9.2669947326,18.8148074874,0.04765,0.09765,0.07812000000000001
2020-11-04 21:00:00,2020-11-04,21,oos,train,0.0,0.0,25.06,25.06,25.88429111,8.541816066300001,17.3424750437,0.03562,0.08562,0.068496
2020-11-04 22:00:00,2020-11-04,22,oos,train,0.0,0.0,34.23,34.23,26.12489333,8.6212147989,17.503678531099997,0.01588,0.06588,0.052704
2020-11-04 23:00:00,2020-11-04,23,oos,train,0.0,0.0,64.06,64.06,22.23515778,7.337602067400001,14.897555712599999,0.0185,0.0685,0.05480000000000001
2020-11-05 00:00:00,2020-11-05,0,oos,train,0.0,0.0,40.47,40.47,14.93745222,4.9293592326,10.0080929874,0.01498,0.06498000000000001,0.05198400000000001
2020-11-05 01:00:00,2020-11-05,1,oos,train,0.0,0.0,48.85,48.85,17.55203333,5.7921709989000005,11.759862331099999,0.01057,0.06057,0.048456
2020-11-05 02:00:00,2020-11-05,2,oos,train,0.0,0.0,71.05,71.05,17.34835111,5.7249558663,11.6233952437,0.00991,0.059910000000000005,0.047928000000000005
2020-11-05 03:00:00,2020-11-05,3,oos,train,0.0,0.0,33.63,33.63,19.55321778,6.452561867400001,13.100655912599999,0.01068,0.060680000000000005,0.048544000000000004
2020-11-05 04:00:00,2020-11-05,4,oos,train,0.0,0.0,-0.26,0.0,16.85173556,5.561072734800001,11.2906628252,0.01641,0.06641,0.053128
2020-11-05 05:00:00,2020-11-05,5,oos,train,0.0,0.0,55.02,55.02,20.98154889,6.9239111337,14.057637756299998,0.02544,0.07544000000000001,0.06035200000000001
2020-11-05 06:00:00,2020-11-05,6,oos,train,0.0,0.0,180.07,180.07,25.67060889,8.4713009337,17.1993079563,0.0337,0.0837,0.06696
2020-11-05 07:00:00,2020-11-05,7,oos,train,0.6244166999999999,0.6244166999999999,201.01,201.01,33.03959333,10.903065798900002,22.1365275311,0.03282,0.08282,0.06625600000000001
2020-11-05 08:00:00,2020-11-05,8,oos,train,3.1202501,3.1202501,119.0,119.0,30.29584667,9.997629401100001,20.298217268899997,0.03161,0.08161,0.065288
2020-11-05 09:00:00,2020-11-05,9,oos,train,6.9205000000000005,6.9205000000000005,61.04,61.04,28.43097778,9.3822226674,19.0487551126,0.03161,0.08161,0.065288
2020-11-05 10:00:00,2020-11-05,10,oos,train,5.4598334,5.4598334,108.02,108.02,25.32728667,8.358004601100001,16.969282068899997,0.02907,0.07907,0.063256
2020-11-05 11:00:00,2020-11-05,11,oos,train,13.4250835,13.4250835,63.11,63.11,22.96356667,7.5779770011,15.385589668899998,0.02577,0.07577,0.060616
2020-11-05 12:00:00,2020-11-05,12,oos,train,7.4875,7.4875,-0.28,0.0,24.03474667,7.931466401100001,16.103280268899997,0.02401,0.07401,0.05920800000000001
2020-11-05 13:00:00,2020-11-05,13,oos,train,4.62175,4.62175,-0.26,0.0,28.30498222,9.3406441326,18.964338087399998,0.02621,0.07621,0.060968
2020-11-05 14:00:00,2020-11-05,14,oos,train,1.248,1.248,-0.27,0.0,28.13698667,9.2852056011,18.851781068899996,0.0283,0.07830000000000001,0.06264000000000002
2020-11-05 15:00:00,2020-11-05,15,oos,train,0.0,0.0,33.82,33.82,29.00963111,9.573178266300001,19.4364528437,0.0287399999999999,0.07873999999999991,0.06299199999999992
2020-11-05 16:00:00,2020-11-05,16,oos,train,0.0,0.0,114.77,114.77,25.83309333,8.5249207989,17.3081725311,0.02698,0.07698,0.06158400000000001
2020-11-05 17:00:00,2020-11-05,17,oos,train,0.0,0.0,173.47,173.47,25.97546444,8.5719032652,17.403561174799997,0.02588,0.07588,0.06070400000000001
2020-11-05 18:00:00,2020-11-05,18,oos,train,0.0,0.0,55.44,55.44,25.03660444,8.262079465200001,16.7745249748,0.0273099999999999,0.0773099999999999,0.06184799999999993
2020-11-05 19:00:00,2020-11-05,19,oos,train,0.0,0.0,1.55,1.55,30.84803778,10.1798524674,20.6681853126,0.02698,0.07698,0.06158400000000001
2020-11-05 20:00:00,2020-11-05,20,oos,train,0.0,0.0,0.54,0.54,29.54260222,9.7490587326,19.793543487399997,0.02412,0.07412,0.05929600000000001
2020-11-05 21:00:00,2020-11-05,21,oos,train,0.0,0.0,17.89,17.89,23.90218222,7.8877201326,16.0144620874,0.01773,0.06773,0.054184
2020-11-05 22:00:00,2020-11-05,22,oos,train,0.0,0.0,81.07,81.07,18.0317,5.950461000000001,12.081239,0.01112,0.06112,0.048896
2020-11-05 23:00:00,2020-11-05,23,oos,train,0.0,0.0,97.88,97.88,15.96215333,5.2675105989,10.694642731099998,0.01024,0.06024,0.048192000000000006
2020-11-06 00:00:00,2020-11-06,0,oos,train,0.0,0.0,110.51,110.51,16.60904889,5.4809861337,11.128062756299999,0.0096899999999999,0.0596899999999999,0.047751999999999926
2020-11-06 01:00:00,2020-11-06,1,oos,train,0.0,0.0,26.12,26.12,17.57176333,5.7986818989,11.773081431099998,0.00959,0.059590000000000004,0.047672000000000006
2020-11-06 02:00:00,2020-11-06,2,oos,train,0.0,0.0,41.53,41.53,21.5868,7.1236440000000005,14.463155999999998,0.0121999999999999,0.0621999999999999,0.04975999999999992
2020-11-06 03:00:00,2020-11-06,3,oos,train,0.0,0.0,111.3,111.3,19.51088889,6.4385933337,13.072295556299999,0.01623,0.06623000000000001,0.05298400000000001
2020-11-06 04:00:00,2020-11-06,4,oos,train,0.0,0.0,106.32,106.32,16.03362667,5.2910968011,10.742529868899998,0.0290799999999999,0.0790799999999999,0.06326399999999992
2020-11-06 05:00:00,2020-11-06,5,oos,train,0.0,0.0,92.66,92.66,17.81099,5.8776267,11.933363299999998,0.03333,0.08333,0.066664
2020-11-06 06:00:00,2020-11-06,6,oos,train,0.0,0.0,75.95,75.95,18.04756667,5.9556970011,12.091869668899998,0.03377,0.08377000000000001,0.067016
2020-11-06 07:00:00,2020-11-06,7,oos,train,0.0,0.0,84.55,84.55,23.90756667,7.8894970011000005,16.0180696689,0.03322,0.08322,0.06657600000000001
2020-11-06 08:00:00,2020-11-06,8,oos,train,0.2508333,0.2508333,45.48,45.48,27.37667778,9.034303667400001,18.342374112599998,0.03235,0.08235,0.06588000000000001
2020-11-06 09:00:00,2020-11-06,9,oos,train,1.05175,1.05175,28.56,28.56,28.03318,9.250949400000001,18.7822306,0.03181,0.08181,0.06544799999999999
2020-11-06 10:00:00,2020-11-06,10,oos,train,0.9529166999999998,0.9529166999999998,40.35,40.35,23.11101778,7.626635867400001,15.484381912599998,0.03006,0.08006,0.06404800000000001
2020-11-06 11:00:00,2020-11-06,11,oos,train,1.0066666,1.0066666,67.54,67.54,22.03219111,7.2706230663,14.761568043699999,0.02712,0.07712,0.061696
2020-11-06 12:00:00,2020-11-06,12,oos,train,1.1869166999999998,1.1869166999999998,77.1,77.1,22.07576667,7.285003001100001,14.790763668899999,0.02614,0.07614,0.060912
2020-11-06 13:00:00,2020-11-06,13,oos,train,1.1814167,1.1814167,59.17,59.17,23.45991111,7.741770666300001,15.718140443699998,0.02473,0.07473,0.059784000000000004
2020-11-06 14:00:00,2020-11-06,14,oos,train,0.0,0.0,56.39,56.39,25.97621778,8.5721518674,17.404065912599997,0.02527,0.07527,0.060216000000000006
2020-11-06 15:00:00,2020-11-06,15,oos,train,0.0,0.0,8.69,8.69,27.95132444,9.223937065200001,18.7273873748,0.02625,0.07625,0.061
2020-11-06 16:00:00,2020-11-06,16,oos,train,0.0,0.0,27.06,27.06,23.84225333,7.8679435989,15.974309731099996,0.02516,0.07516,0.06012800000000001
2020-11-06 17:00:00,2020-11-06,17,oos,train,0.0,0.0,43.38,43.38,18.23313,6.0169329,12.216197099999999,0.02157,0.07157,0.057256
2020-11-06 18:00:00,2020-11-06,18,oos,train,0.0,0.0,11.61,11.61,23.63997556,7.8011919348,15.838783625199998,0.02146,0.07146,0.057168
2020-11-06 19:00:00,2020-11-06,19,oos,train,0.0,0.0,3.56,3.56,23.11205778,7.626979067400001,15.485078712599998,0.02189,0.07189000000000001,0.05751200000000001
2020-11-06 20:00:00,2020-11-06,20,oos,train,0.0,0.0,1.46,1.46,23.17454222,7.6475989326,15.526943287399998,0.02179,0.07179,0.05743200000000001
2020-11-06 21:00:00,2020-11-06,21,oos,train,0.0,0.0,6.74,6.74,26.21055778,8.6494840674,17.561073712599995,0.02941,0.07941000000000001,0.06352800000000002
2020-11-06 22:00:00,2020-11-06,22,oos,train,0.0,0.0,10.07,10.07,21.51772222,7.1008483326,14.416873887399998,0.0275599999999999,0.0775599999999999,0.06204799999999993
2020-11-06 23:00:00,2020-11-06,23,oos,train,0.0,0.0,11.58,11.58,19.03950444,6.283036465200001,12.7564679748,0.02612,0.07612000000000001,0.060896000000000006
2020-11-07 00:00:00,2020-11-07,0,oos,train,0.0,0.0,12.57,12.57,15.96136,5.267248800000001,10.6941112,0.02492,0.07492,0.059936
2020-11-07 01:00:00,2020-11-07,1,oos,train,0.0,0.0,7.61,7.61,19.1532,6.320556,12.832643999999997,0.02166,0.07166,0.057328000000000004
2020-11-07 02:00:00,2020-11-07,2,oos,train,0.0,0.0,7.13,7.13,16.83019111,5.553963066300001,11.2762280437,0.02013,0.07013,0.056104
2020-11-07 03:00:00,2020-11-07,3,oos,train,0.0,0.0,2.01,2.01,17.31408,5.713646400000001,11.600433599999999,0.01872,0.06872,0.054976000000000004
2020-11-07 04:00:00,2020-11-07,4,oos,train,0.0,0.0,-0.29,0.0,17.59446667,5.8061740011,11.788292668899999,0.01894,0.06894,0.05515200000000001
2020-11-07 05:00:00,2020-11-07,5,oos,train,0.0,0.0,9.95,9.95,15.63266,5.1587778,10.473882199999998,0.01643,0.06643,0.053144000000000004
2020-11-07 06:00:00,2020-11-07,6,oos,train,0.0,0.0,6.38,6.38,17.49245889,5.772511433700001,11.7199474563,0.01687,0.06687,0.053496
2020-11-07 07:00:00,2020-11-07,7,oos,train,0.0,0.0,2.08,2.08,22.94260222,7.571058732600001,15.371543487399999,0.01883,0.06883,0.055064
2020-11-07 08:00:00,2020-11-07,8,oos,train,0.1796666,0.1796666,6.05,6.05,26.51490222,8.7499177326,17.7649844874,0.02634,0.07634,0.06107200000000001
2020-11-07 09:00:00,2020-11-07,9,oos,train,0.6371666,0.6371666,19.22,19.22,27.67803111,9.1337502663,18.544280843699998,0.0321,0.0821,0.06568
2020-11-07 10:00:00,2020-11-07,10,oos,train,0.4658333,0.4658333,12.68,12.68,25.4973,8.414109,17.083191,0.03766,0.08766,0.07012800000000001
2020-11-07 11:00:00,2020-11-07,11,oos,train,1.4428333000000002,1.4428333000000002,20.01,20.01,25.80894889,8.5169531337,17.291995756299997,0.0377599999999999,0.0877599999999999,0.07020799999999992
2020-11-07 12:00:00,2020-11-07,12,oos,train,1.3668333,1.3668333,16.49,16.49,28.89731111,9.536112666300001,19.361198443699998,0.04092,0.09092,0.07273600000000001
2020-11-07 13:00:00,2020-11-07,13,oos,train,0.2411667,0.2411667,13.43,13.43,25.43563556,8.393759734800001,17.041875825199998,0.04342,0.09342,0.07473600000000001
2020-11-07 14:00:00,2020-11-07,14,oos,train,0.0125834,0.0125834,3.53,3.53,27.35094667,9.0258124011,18.325134268899998,0.04832,0.09832,0.078656
2020-11-07 15:00:00,2020-11-07,15,oos,train,0.0,0.0,7.51,7.51,29.29682444,9.667952065200001,19.6288723748,0.05518,0.10518,0.084144
2020-11-07 16:00:00,2020-11-07,16,oos,train,0.0,0.0,-0.32,0.0,25.23852444,8.3287130652,16.909811374799997,0.0564799999999999,0.10647999999999991,0.08518399999999993
2020-11-07 17:00:00,2020-11-07,17,oos,train,0.0,0.0,2.54,2.54,26.80936444,8.8470902652,17.962274174799997,0.05714,0.10714000000000001,0.08571200000000001
2020-11-07 18:00:00,2020-11-07,18,oos,train,0.0,0.0,-0.28,0.0,27.81026444,9.1773872652,18.632877174799997,0.05452,0.10452,0.08361600000000001
2020-11-07 19:00:00,2020-11-07,19,oos,train,0.0,0.0,-0.24,0.0,29.97243778,9.8909044674,20.081533312599998,0.04832,0.09832,0.078656
2020-11-07 20:00:00,2020-11-07,20,oos,train,0.0,0.0,-0.32,0.0,20.50083778,6.7652764674000005,13.7355613126,0.0442899999999999,0.0942899999999999,0.07543199999999993
2020-11-07 21:00:00,2020-11-07,21,oos,train,0.0,0.0,-0.32,0.0,17.50558111,5.7768417663000005,11.7287393437,0.0467999999999999,0.0967999999999999,0.07743999999999993
2020-11-07 22:00:00,2020-11-07,22,oos,train,0.0,0.0,-0.31,0.0,17.42976222,5.7518215326,11.6779406874,0.04179,0.09179000000000001,0.07343200000000001
2020-11-07 23:00:00,2020-11-07,23,oos,train,0.0,0.0,2.95,2.95,17.39314,5.7397362,11.653403799999998,0.04501,0.09501000000000001,0.07600800000000002
2020-11-08 00:00:00,2020-11-08,0,oos,train,0.0,0.0,2.38,2.38,17.3617,5.729361,11.632338999999998,0.04328,0.09328,0.07462400000000001
2020-11-08 01:00:00,2020-11-08,1,oos,train,0.0,0.0,2.13,2.13,21.48632222,7.090486332600001,14.395835887399999,0.04187,0.09187000000000001,0.073496
2020-11-08 02:00:00,2020-11-08,2,oos,train,0.0,0.0,9.07,9.07,21.01434,6.934732200000001,14.0796078,0.04317,0.09317,0.074536
2020-11-08 03:00:00,2020-11-08,3,oos,train,0.0,0.0,10.23,10.23,20.35507556,6.7171749348,13.637900625199999,0.04697,0.09697,0.077576
2020-11-08 04:00:00,2020-11-08,4,oos,train,0.0,0.0,7.16,7.16,16.95884,5.596417199999999,11.362422799999997,0.05206,0.10206000000000001,0.08164800000000001
2020-11-08 05:00:00,2020-11-08,5,oos,train,0.0,0.0,4.0,4.0,16.30187889,5.3796200337,10.9222588563,0.05076,0.10076,0.08060800000000001
2020-11-08 06:00:00,2020-11-08,6,oos,train,0.0,0.0,13.78,13.78,16.51634,5.4503922000000005,11.065947799999998,0.05391,0.10391,0.08312800000000001
2020-11-08 07:00:00,2020-11-08,7,oos,train,0.0378182,0.0378182,13.12,13.12,27.06745778,8.9322610674,18.1351967126,0.0653,0.1153,0.09224
2020-11-08 08:00:00,2020-11-08,8,oos,train,0.64575,0.64575,5.44,5.44,29.74491111,9.8158206663,19.929090443699998,0.06866,0.11866,0.09492800000000001
2020-11-08 09:00:00,2020-11-08,9,oos,train,2.51175,2.51175,1.74,1.74,25.33888,8.3618304,16.977049599999997,0.07321,0.12321,0.098568
2020-11-08 10:00:00,2020-11-08,10,oos,train,4.2181666,4.2181666,-0.25,0.0,20.50757111,6.7674984663,13.7400726437,0.07397,0.12397,0.099176
2020-11-08 11:00:00,2020-11-08,11,oos,train,2.7114167,2.7114167,-0.25,0.0,21.02203111,6.9372702663000005,14.084760843699998,0.0742999999999999,0.1242999999999999,0.09943999999999992
2020-11-08 12:00:00,2020-11-08,12,oos,train,2.4349167,2.4349167,4.7,4.7,18.19200444,6.003361465200001,12.1886429748,0.07408,0.12408,0.099264
2020-11-08 13:00:00,2020-11-08,13,oos,train,1.0431666,1.0431666,10.37,10.37,22.61692889,7.463586533700001,15.1533423563,0.07354,0.12354,0.098832
2020-11-08 14:00:00,2020-11-08,14,oos,train,0.1707498999999999,0.1707498999999999,10.61,10.61,20.83233333,6.874669998900001,13.9576633311,0.07376,0.12376000000000001,0.09900800000000001
2020-11-08 15:00:00,2020-11-08,15,oos,train,0.0,0.0,11.56,11.56,25.24896,8.3321568,16.916803199999997,0.07235,0.12235,0.09788000000000001
2020-11-08 16:00:00,2020-11-08,16,oos,train,0.0,0.0,14.39,14.39,24.98686222,8.2456645326,16.741197687399996,0.0718,0.1218,0.09744000000000001
2020-11-08 17:00:00,2020-11-08,17,oos,train,0.0,0.0,14.37,14.37,27.23177778,8.986486667400001,18.2452911126,0.07343,0.12343,0.098744
2020-11-08 18:00:00,2020-11-08,18,oos,train,0.0,0.0,14.96,14.96,27.92882889,9.2165135337,18.712315356299996,0.07007,0.12007,0.096056
2020-11-08 19:00:00,2020-11-08,19,oos,train,0.0,0.0,22.26,22.26,23.70965778,7.8241870674000005,15.885470712599998,0.06855,0.11855,0.09484000000000001
2020-11-08 20:00:00,2020-11-08,20,oos,train,0.0,0.0,16.67,16.67,23.47344444,7.7462366652000005,15.7272077748,0.06378,0.11378,0.09102400000000001
2020-11-08 21:00:00,2020-11-08,21,oos,train,0.0,0.0,13.48,13.48,22.8646,7.545318,15.319281999999998,0.05575,0.10575000000000001,0.08460000000000001
2020-11-08 22:00:00,2020-11-08,22,oos,train,0.0,0.0,7.21,7.21,19.47544444,6.4268966652,13.0485477748,0.0536899999999999,0.1036899999999999,0.08295199999999991
2020-11-08 23:00:00,2020-11-08,23,oos,train,0.0,0.0,7.03,7.03,15.98631889,5.2754852337,10.710833656299998,0.05846,0.10846,0.08676800000000001
2020-11-09 00:00:00,2020-11-09,0,oos,train,0.0,0.0,6.9,6.9,15.58674667,5.143626401100001,10.4431202689,0.05749,0.10749,0.08599200000000001
2020-11-09 01:00:00,2020-11-09,1,oos,train,0.0,0.0,7.21,7.21,18.56399556,6.1261185348,12.437877025199997,0.0567299999999999,0.10672999999999991,0.08538399999999993
2020-11-09 02:00:00,2020-11-09,2,oos,train,0.0,0.0,3.41,3.41,20.51403556,6.7696317348,13.7444038252,0.05684,0.10684,0.085472
2020-11-09 03:00:00,2020-11-09,3,oos,train,0.0,0.0,-0.25,0.0,19.87670222,6.5593117325999994,13.317390487399997,0.05738,0.10738,0.08590400000000001
2020-11-09 04:00:00,2020-11-09,4,oos,train,0.0,0.0,-0.27,0.0,14.08483444,4.6479953652,9.436839074799998,0.05922,0.10922000000000001,0.08737600000000001
2020-11-09 05:00:00,2020-11-09,5,oos,train,0.0,0.0,-0.27,0.0,14.48839778,4.7811712674,9.707226512599998,0.06085,0.11085,0.08868000000000001
2020-11-09 06:00:00,2020-11-09,6,oos,train,0.0,0.0,8.18,8.18,18.30532667,6.0407578011,12.264568868899998,0.0640999999999999,0.1140999999999999,0.09127999999999992
2020-11-09 07:00:00,2020-11-09,7,oos,train,0.0224545,0.0224545,13.45,13.45,24.39597778,8.0506726674,16.3453051126,0.06692,0.11692,0.09353600000000001
2020-11-09 08:00:00,2020-11-09,8,oos,train,0.36675,0.36675,15.4,15.4,30.37015333,10.022150598900001,20.3480027311,0.07647,0.12647,0.101176
2020-11-09 09:00:00,2020-11-09,9,oos,train,1.4221666,1.4221666,11.15,11.15,28.67150889,9.4615979337,19.209910956299996,0.08428,0.13428,0.10742400000000002
2020-11-09 10:00:00,2020-11-09,10,oos,train,3.2748334,3.2748334,12.76,12.76,22.49282,7.4226306,15.070189399999997,0.08862,0.13862000000000002,0.11089600000000002
2020-11-09 11:00:00,2020-11-09,11,oos,train,3.5354166000000005,3.5354166000000005,0.61,0.61,18.74313333,6.1852339989,12.557899331099998,0.08927,0.13927,0.11141600000000002
2020-11-09 12:00:00,2020-11-09,12,oos,train,1.8765,1.8765,-0.29,0.0,21.8325,7.204725,14.627774999999998,0.08862,0.13862000000000002,0.11089600000000002
2020-11-09 13:00:00,2020-11-09,13,oos,train,1.1704167,1.1704167,-0.27,0.0,21.80265333,7.1948755988999995,14.607777731099997,0.08764,0.13763999999999998,0.11011199999999999
2020-11-09 14:00:00,2020-11-09,14,oos,train,0.0038333,0.0038333,-0.24,0.0,22.25684,7.3447572,14.912082799999999,0.08807,0.13807,0.110456
2020-11-09 15:00:00,2020-11-09,15,oos,train,0.0,0.0,-0.3,0.0,25.54630889,8.4302819337,17.116026956299997,0.0888299999999999,0.1388299999999999,0.11106399999999993
2020-11-09 16:00:00,2020-11-09,16,oos,train,0.0,0.0,-0.25,0.0,18.48502889,6.1000595337,12.384969356299997,0.08276,0.13276,0.106208
2020-11-09 17:00:00,2020-11-09,17,oos,train,0.0,0.0,-0.24,0.0,17.99567778,5.938573667400001,12.0571041126,0.08102,0.13102,0.104816
2020-11-09 18:00:00,2020-11-09,18,oos,train,0.0,0.0,-0.25,0.0,18.72674,6.1798242000000005,12.546915799999999,0.08395,0.13395,0.10716000000000002
2020-11-09 19:00:00,2020-11-09,19,oos,train,0.0,0.0,-0.25,0.0,17.51870778,5.7811735674,11.737534212599998,0.08384,0.13384000000000001,0.10707200000000001
2020-11-09 20:00:00,2020-11-09,20,oos,train,0.0,0.0,-0.29,0.0,21.47723778,7.0874884674,14.389749312599998,0.08591,0.13591,0.108728
2020-11-09 21:00:00,2020-11-09,21,oos,train,0.0,0.0,-0.38,0.0,23.09105333,7.620047598900001,15.4710057311,0.08992,0.13992,0.111936
2020-11-09 22:00:00,2020-11-09,22,oos,train,0.0,0.0,-0.24,0.0,20.52134444,6.7720436652,13.749300774799998,0.09046,0.14046,0.11236800000000001
2020-11-09 23:00:00,2020-11-09,23,oos,train,0.0,0.0,-0.29,0.0,13.14931333,4.3392733989000005,8.810039931099999,0.0932099999999999,0.1432099999999999,0.11456799999999992
2020-11-10 00:00:00,2020-11-10,0,oos,train,0.0,0.0,-0.28,0.0,11.45284778,3.7794397674000004,7.6734080125999995,0.09234,0.14234000000000002,0.11387200000000003
2020-11-10 01:00:00,2020-11-10,1,oos,train,0.0,0.0,-0.24,0.0,15.35111667,5.0658685011,10.285248168899999,0.09201,0.14201,0.113608
2020-11-10 02:00:00,2020-11-10,2,oos,train,0.0,0.0,-0.33,0.0,18.49716667,6.1040650010999995,12.393101668899998,0.09234,0.14234000000000002,0.11387200000000003
2020-11-10 03:00:00,2020-11-10,3,oos,train,0.0,0.0,-0.27,0.0,17.81448667,5.878780601100001,11.9357060689,0.09353,0.14353,0.114824
2020-11-10 04:00:00,2020-11-10,4,oos,train,0.0,0.0,-0.25,0.0,12.55771444,4.1440457652000005,8.413668674799998,0.09397,0.14397,0.115176
2020-11-10 05:00:00,2020-11-10,5,oos,train,0.0,0.0,-0.24,0.0,11.96938667,3.9498976011000004,8.019489068899999,0.0990699999999999,0.1490699999999999,0.11925599999999992
2020-11-10 06:00:00,2020-11-10,6,oos,train,0.0,0.0,-0.25,0.0,14.21535222,4.6910662326,9.524285987399999,0.10547,0.15547,0.124376
2020-11-10 07:00:00,2020-11-10,7,oos,train,0.0,0.0,-0.25,0.0,22.8405,7.537365,15.303134999999997,0.10536,0.15536,0.12428800000000001
2020-11-10 08:00:00,2020-11-10,8,oos,train,0.0336666,0.0336666,-0.24,0.0,22.51218667,7.4290216011,15.083165068899998,0.10514,0.15514,0.124112
2020-11-10 09:00:00,2020-11-10,9,oos,train,1.0206666,1.0206666,-0.29,0.0,20.67094889,6.8214131337,13.849535756299998,0.10536,0.15536,0.12428800000000001
2020-11-10 10:00:00,2020-11-10,10,oos,train,2.0485,2.0485,-0.24,0.0,15.89817333,5.2463971989000004,10.6517761311,0.10525,0.15525,0.1242
2020-11-10 11:00:00,2020-11-10,11,oos,train,4.0736668,4.0736668,-0.25,0.0,13.77125667,4.5445147011,9.226741968899999,0.10471,0.15471000000000001,0.12376800000000002
2020-11-10 12:00:00,2020-11-10,12,oos,train,2.18675,2.18675,-0.24,0.0,15.61007333,5.1513241989,10.4587491311,0.1046,0.15460000000000002,0.12368000000000001
2020-11-10 13:00:00,2020-11-10,13,oos,train,1.0890833,1.0890833,-0.24,0.0,17.73793556,5.853518734800001,11.884416825199999,0.1046,0.15460000000000002,0.12368000000000001
2020-11-10 14:00:00,2020-11-10,14,oos,train,0.0152424,0.0152424,-0.25,0.0,23.02252444,7.597433065200001,15.4250913748,0.11751,0.16751,0.134008
2020-11-10 15:00:00,2020-11-10,15,oos,train,0.0,0.0,-0.24,0.0,23.78082,7.8476706,15.933149399999998,0.10243,0.15243,0.12194400000000001
2020-11-10 16:00:00,2020-11-10,16,oos,train,0.0,0.0,-0.25,0.0,17.88725111,5.9027928663,11.984458243699999,0.09993,0.14993,0.11994400000000001
2020-11-10 17:00:00,2020-11-10,17,oos,train,0.0,0.0,-0.3,0.0,15.97131,5.2705323,10.7007777,0.10004,0.15004,0.12003200000000001
2020-11-10 18:00:00,2020-11-10,18,oos,train,0.0,0.0,-0.28,0.0,16.51520556,5.4500178348,11.065187725199998,0.0995,0.14950000000000002,0.11960000000000003
2020-11-10 19:00:00,2020-11-10,19,oos,train,0.0,0.0,-0.24,0.0,24.25812444,8.0051810652,16.252943374799997,0.10015,0.15015,0.12012
2020-11-10 20:00:00,2020-11-10,20,oos,train,0.0,0.0,-0.25,0.0,22.14364667,7.3074034011,14.836243268899997,0.09983,0.14983000000000002,0.11986400000000003
2020-11-10 21:00:00,2020-11-10,21,oos,train,0.0,0.0,-0.26,0.0,23.67083778,7.811376467400001,15.859461312599997,0.09852,0.14851999999999999,0.11881599999999999
2020-11-10 22:00:00,2020-11-10,22,oos,train,0.0,0.0,-0.29,0.0,20.30272444,6.6998990651999994,13.602825374799998,0.0964599999999999,0.14645999999999992,0.11716799999999994
2020-11-10 23:00:00,2020-11-10,23,oos,train,0.0,0.0,-0.27,0.0,19.00780889,6.2725769337,12.735231956299998,0.09367,0.14367000000000002,0.11493600000000002
2020-11-11 00:00:00,2020-11-11,0,oos,train,0.0,0.0,-0.28,0.0,12.61925222,4.1643532326,8.454898987399998,0.0902699999999999,0.1402699999999999,0.11221599999999993
2020-11-11 01:00:00,2020-11-11,1,oos,train,0.0,0.0,-0.3,0.0,15.42454444,5.0900996652,10.3344447748,0.08953,0.13953,0.111624
2020-11-11 02:00:00,2020-11-11,2,oos,train,0.0,0.0,-0.3,0.0,15.85610778,5.2325155674,10.623592212599998,0.0901599999999999,0.1401599999999999,0.11212799999999992
2020-11-11 03:00:00,2020-11-11,3,oos,train,0.0,0.0,-0.38,0.0,16.91786222,5.5828945326,11.334967687399999,0.0902699999999999,0.1402699999999999,0.11221599999999993
2020-11-11 04:00:00,2020-11-11,4,oos,train,0.0,0.0,-0.33,0.0,17.95618111,5.9255397663,12.030641343699997,0.09165,0.14165,0.11332
2020-11-11 05:00:00,2020-11-11,5,oos,train,0.0,0.0,-0.29,0.0,21.10478444,6.9645788652,14.140205574799998,0.0958,0.14579999999999999,0.11664
2020-11-11 06:00:00,2020-11-11,6,oos,train,0.0,0.0,-0.27,0.0,20.42468889,6.7401473336999995,13.684541556299997,0.10101,0.15101,0.12080800000000001
2020-11-11 07:00:00,2020-11-11,7,oos,train,0.1775455,0.1775455,-0.34,0.0,21.23218667,7.006621601100001,14.225565068899998,0.10207,0.15206999999999998,0.12165599999999999
2020-11-11 08:00:00,2020-11-11,8,oos,train,1.7351666,1.7351666,-0.31,0.0,24.95565778,8.2353670674,16.720290712599997,0.09995,0.14995,0.11996000000000001
2020-11-11 09:00:00,2020-11-11,9,oos,train,3.8041668,3.8041668,-0.28,0.0,24.16037111,7.9729224663,16.187448643699998,0.09878,0.14878000000000002,0.11902400000000002
2020-11-11 10:00:00,2020-11-11,10,oos,train,23.4685,23.4685,-0.31,0.0,23.62902889,7.7975795337000005,15.831449356299998,0.09888,0.14888,0.11910400000000002
2020-11-11 11:00:00,2020-11-11,11,oos,train,31.607749000000005,31.607749000000005,-0.25,0.0,19.34797333,6.3848311989,12.963142131099998,0.0992,0.1492,0.11936000000000001
2020-11-11 12:00:00,2020-11-11,12,oos,train,15.3043335,15.3043335,-0.25,0.0,20.80943111,6.8671122662999995,13.942318843699997,0.09941,0.14941,0.119528
2020-11-11 13:00:00,2020-11-11,13,oos,train,9.8445,9.8445,-0.25,0.0,24.55357556,8.1026799348,16.450895625199998,0.09984,0.14984,0.119872
2020-11-11 14:00:00,2020-11-11,14,oos,train,0.308,0.308,-0.29,0.0,25.54912,8.4312096,17.117910399999996,0.09909,0.14909,0.119272
2020-11-11 15:00:00,2020-11-11,15,oos,train,0.0,0.0,-0.31,0.0,26.59030667,8.7748012011,17.8155054689,0.09856,0.14856,0.11884800000000001
2020-11-11 16:00:00,2020-11-11,16,oos,train,0.0,0.0,-0.29,0.0,22.81158,7.5278214000000006,15.283758599999999,0.09793,0.14793,0.118344
2020-11-11 17:00:00,2020-11-11,17,oos,train,0.0,0.0,-0.32,0.0,23.58708222,7.7837371326,15.803345087399999,0.09729,0.14729,0.117832
2020-11-11 18:00:00,2020-11-11,18,oos,train,0.0,0.0,-0.34,0.0,24.41414889,8.0566691337,16.3574797563,0.09622,0.14622000000000002,0.11697600000000002
2020-11-11 19:00:00,2020-11-11,19,oos,train,0.0,0.0,-0.43,0.0,24.81768444,8.189835865200001,16.627848574799998,0.09314,0.14314,0.114512
2020-11-11 20:00:00,2020-11-11,20,oos,train,0.0,0.0,-0.32,0.0,31.06520667,10.2515182011,20.813688468899997,0.08782,0.13782,0.110256
2020-11-11 21:00:00,2020-11-11,21,oos,train,0.0,0.0,5.14,5.14,29.44519333,9.7169137989,19.728279531099997,0.08612,0.13612000000000002,0.10889600000000002
2020-11-11 22:00:00,2020-11-11,22,oos,train,0.0,0.0,-0.28,0.0,24.80006,8.1840198,16.616040199999997,0.08113,0.13113,0.104904
2020-11-11 23:00:00,2020-11-11,23,oos,train,0.0,0.0,-0.29,0.0,16.11968444,5.3194958652,10.8001885748,0.06534,0.11534,0.092272
2020-11-12 00:00:00,2020-11-12,0,oos,train,0.0,0.0,-0.31,0.0,16.93995333,5.5901845989000005,11.3497687311,0.06245,0.11245,0.08996
2020-11-12 01:00:00,2020-11-12,1,oos,train,0.0,0.0,-0.34,0.0,19.70670667,6.5032132011,13.203493468899998,0.06064,0.11064,0.08851200000000001
2020-11-12 02:00:00,2020-11-12,2,oos,train,0.0,0.0,-0.28,0.0,21.30929778,7.032068267400001,14.2772295126,0.05872,0.10872000000000001,0.08697600000000001
2020-11-12 03:00:00,2020-11-12,3,oos,train,0.0,0.0,0.41,0.41,20.72971556,6.8408061348,13.888909425199998,0.0597899999999999,0.1097899999999999,0.08783199999999992
2020-11-12 04:00:00,2020-11-12,4,oos,train,0.0,0.0,14.06,14.06,14.50507556,4.786674934800001,9.7184006252,0.06085,0.11085,0.08868000000000001
2020-11-12 05:00:00,2020-11-12,5,oos,train,0.0,0.0,76.62,76.62,16.88079778,5.5706632674000005,11.3101345126,0.05914,0.10914,0.087312
2020-11-12 06:00:00,2020-11-12,6,oos,train,0.0,0.0,66.87,66.87,17.55601,5.7934833,11.762526699999999,0.06288,0.11288000000000001,0.09030400000000001
2020-11-12 07:00:00,2020-11-12,7,oos,train,0.1598182,0.1598182,38.09,38.09,23.17971111,7.6493046663,15.530406443699999,0.06406,0.11406000000000001,0.09124800000000001
2020-11-12 08:00:00,2020-11-12,8,oos,train,6.1387499,6.1387499,53.84,53.84,24.122,7.960260000000001,16.161739999999998,0.0632,0.11320000000000001,0.09056000000000002
2020-11-12 09:00:00,2020-11-12,9,oos,train,14.4905005,14.4905005,86.08,86.08,30.66288889,10.1187533337,20.5441355563,0.0632,0.11320000000000001,0.09056000000000002
2020-11-12 10:00:00,2020-11-12,10,oos,train,8.2913333,8.2913333,85.06,85.06,21.64826444,7.143927265199999,14.504337174799998,0.06309,0.11309,0.090472
2020-11-12 11:00:00,2020-11-12,11,oos,train,4.0796668,4.0796668,89.34,89.34,20.05908222,6.6194971326,13.4395850874,0.06256,0.11256000000000001,0.09004800000000002
2020-11-12 12:00:00,2020-11-12,12,oos,train,3.6534166,3.6534166,84.88,84.88,22.31584222,7.3642279326,14.951614287399998,0.06384,0.11384,0.091072
2020-11-12 13:00:00,2020-11-12,13,oos,train,1.3688333,1.3688333,119.6,119.6,24.79276889,8.1816137337,16.6111551563,0.06384,0.11384,0.091072
2020-11-12 14:00:00,2020-11-12,14,oos,train,0.0596666,0.0596666,121.02,121.02,25.72340444,8.4887234652,17.234680974799996,0.06374,0.11374000000000001,0.09099200000000002
2020-11-12 15:00:00,2020-11-12,15,oos,train,0.0,0.0,49.48,49.48,24.21916889,7.9923257337,16.226843156299996,0.06181,0.11180999999999999,0.089448
2020-11-12 16:00:00,2020-11-12,16,oos,train,0.0,0.0,43.78,43.78,21.01886889,6.936226733700001,14.082642156299999,0.06053,0.11053,0.088424
2020-11-12 17:00:00,2020-11-12,17,oos,train,0.0,0.0,26.46,26.46,17.52287111,5.7825474663000005,11.740323643699998,0.06021,0.11021,0.08816800000000001
2020-11-12 18:00:00,2020-11-12,18,oos,train,0.0,0.0,15.57,15.57,19.44696889,6.417499733700001,13.0294691563,0.06053,0.11053,0.088424
2020-11-12 19:00:00,2020-11-12,19,oos,train,0.0,0.0,59.82,59.82,24.87559333,8.2089457989,16.6666475311,0.05882,0.10882,0.08705600000000001
2020-11-12 20:00:00,2020-11-12,20,oos,train,0.0,0.0,74.36,74.36,26.36584222,8.700727932600001,17.665114287399998,0.05904,0.10904,0.087232
2020-11-12 21:00:00,2020-11-12,21,oos,train,0.0,0.0,102.92,102.92,26.44003778,8.7252124674,17.7148253126,0.05957,0.10957,0.08765600000000001
2020-11-12 22:00:00,2020-11-12,22,oos,train,0.0,0.0,75.92,75.92,21.97016,7.2501528,14.720007199999998,0.05413,0.10413,0.083304
2020-11-12 23:00:00,2020-11-12,23,oos,train,0.0,0.0,75.31,75.31,19.40342,6.4031286000000005,13.000291399999998,0.05274,0.10274,0.082192
2020-11-13 00:00:00,2020-11-13,0,oos,train,0.0,0.0,69.47,69.47,16.37852667,5.4049138011,10.973612868899998,0.05059,0.10059000000000001,0.08047200000000002
2020-11-13 01:00:00,2020-11-13,1,oos,train,0.0,0.0,26.54,26.54,16.92270333,5.5844920989,11.338211231099999,0.0476899999999999,0.0976899999999999,0.07815199999999993
2020-11-13 02:00:00,2020-11-13,2,oos,train,0.0,0.0,30.41,30.41,18.34602889,6.0541895337,12.291839356299999,0.04833,0.09833,0.07866400000000001
2020-11-13 03:00:00,2020-11-13,3,oos,train,0.0,0.0,30.99,30.99,16.90810222,5.5796737326,11.328428487399998,0.05123,0.10123,0.080984
2020-11-13 04:00:00,2020-11-13,4,oos,train,0.0,0.0,55.07,55.07,17.08075889,5.6366504337,11.444108456299999,0.05198,0.10198,0.081584
2020-11-13 05:00:00,2020-11-13,5,oos,train,0.0,0.0,107.88,107.88,20.16072,6.653037600000001,13.5076824,0.04285,0.09285,0.07428
2020-11-13 06:00:00,2020-11-13,6,oos,train,0.0,0.0,125.61,125.61,19.47711778,6.427448867400001,13.0496689126,0.05059,0.10059000000000001,0.08047200000000002
2020-11-13 07:00:00,2020-11-13,7,oos,train,0.1468333,0.1468333,122.3,122.3,24.61011778,8.1213388674,16.488778912599997,0.05284,0.10284,0.08227200000000001
2020-11-13 08:00:00,2020-11-13,8,oos,train,11.6839165,11.6839165,159.72,159.72,24.58989333,8.1146647989,16.475228531099997,0.05317,0.10317000000000001,0.08253600000000001
2020-11-13 09:00:00,2020-11-13,9,oos,train,26.8175835,26.8175835,128.39,128.39,25.79482444,8.5122920652,17.2825323748,0.05317,0.10317000000000001,0.08253600000000001
2020-11-13 10:00:00,2020-11-13,10,oos,train,36.661666,36.661666,89.03,89.03,19.72072444,6.507839065200001,13.212885374799999,0.05209,0.10209,0.08167200000000001
2020-11-13 11:00:00,2020-11-13,11,oos,train,34.626667,34.626667,81.89,81.89,17.14741333,5.6586463989,11.488766931099999,0.05263,0.10263,0.08210400000000001
2020-11-13 12:00:00,2020-11-13,12,oos,train,31.749916,31.749916,159.98,159.98,19.27259556,6.3599565348,12.912639025199999,0.05005,0.10005,0.08004
2020-11-13 13:00:00,2020-11-13,13,oos,train,14.0215,14.0215,156.76,156.76,20.48857556,6.7612299348,13.7273456252,0.04994,0.09994,0.07995200000000001
2020-11-13 14:00:00,2020-11-13,14,oos,train,0.3165,0.3165,107.14,107.14,22.76380889,7.5120569337,15.251751956299998,0.04887,0.09887,0.079096
2020-11-13 15:00:00,2020-11-13,15,oos,train,0.0,0.0,169.85,169.85,23.63934222,7.8009829326,15.838359287399998,0.04683,0.09683,0.077464
2020-11-13 16:00:00,2020-11-13,16,oos,train,0.0,0.0,153.95,153.95,24.21707778,7.991635667400001,16.2254421126,0.04339,0.09339,0.074712
2020-11-13 17:00:00,2020-11-13,17,oos,train,0.0,0.0,149.61,149.61,23.69108,7.818056400000001,15.873023599999998,0.04661,0.09661,0.07728800000000001
2020-11-13 18:00:00,2020-11-13,18,oos,train,0.0,0.0,144.44,144.44,24.04450667,7.934687201100001,16.1098194689,0.04318,0.09318000000000001,0.07454400000000001
2020-11-13 19:00:00,2020-11-13,19,oos,train,0.0,0.0,176.97,176.97,28.48736444,9.4008302652,19.086534174799997,0.04232,0.09232000000000001,0.07385600000000002
2020-11-13 20:00:00,2020-11-13,20,oos,train,0.0,0.0,31.76,31.76,27.39150222,9.0391957326,18.352306487399996,0.03985,0.08985,0.07188
2020-11-13 21:00:00,2020-11-13,21,oos,train,0.0,0.0,-0.25,0.0,21.15228667,6.9802546010999995,14.172032068899998,0.04028,0.09028,0.072224
2020-11-13 22:00:00,2020-11-13,22,oos,train,0.0,0.0,128.88,128.88,18.68513111,6.166093266300001,12.5190378437,0.03684,0.08684,0.069472
2020-11-13 23:00:00,2020-11-13,23,oos,train,0.0,0.0,169.7,169.7,15.74558,5.1960414,10.5495386,0.03748,0.08748,0.069984
2020-11-14 00:00:00,2020-11-14,0,oos,train,0.0,0.0,180.88,180.88,16.69406556,5.5090416348,11.185023925199998,0.03477,0.08477000000000001,0.06781600000000002
2020-11-14 01:00:00,2020-11-14,1,oos,train,0.0,0.0,115.47,115.47,19.79990889,6.533969933700001,13.2659389563,0.03249,0.08249000000000001,0.06599200000000001
2020-11-14 02:00:00,2020-11-14,2,oos,train,0.0,0.0,110.26,110.26,22.23514,7.337596200000001,14.8975438,0.03282,0.08282,0.06625600000000001
2020-11-14 03:00:00,2020-11-14,3,oos,train,0.0,0.0,90.92,90.92,18.99638222,6.268806132600001,12.7275760874,0.03412,0.08412,0.06729600000000001
2020-11-14 04:00:00,2020-11-14,4,oos,train,0.0,0.0,86.59,86.59,15.06847222,4.972595832600001,10.095876387399999,0.03726,0.08726,0.06980800000000001
2020-11-14 05:00:00,2020-11-14,5,oos,train,0.0,0.0,84.77,84.77,17.43570444,5.7537824652,11.681921974799998,0.03314,0.08314,0.066512
2020-11-14 06:00:00,2020-11-14,6,oos,train,0.0,0.0,54.08,54.08,19.53826889,6.447628733700001,13.0906401563,0.03607,0.08607000000000001,0.06885600000000001
2020-11-14 07:00:00,2020-11-14,7,oos,train,0.0393,0.0393,48.33,48.33,23.76834222,7.843552932600001,15.9247892874,0.04278,0.09278,0.074224
2020-11-14 08:00:00,2020-11-14,8,oos,train,10.3820002,10.3820002,48.34,48.34,29.42429556,9.7100175348,19.7142780252,0.04484,0.09484000000000001,0.07587200000000001
2020-11-14 09:00:00,2020-11-14,9,oos,train,29.022334,29.022334,48.63,48.63,31.78351778,10.4885608674,21.294956912599996,0.04788,0.09788,0.078304
2020-11-14 10:00:00,2020-11-14,10,oos,train,34.750416,34.750416,57.4,57.4,24.21798889,7.991936333700001,16.226052556299997,0.04863,0.09863,0.078904
2020-11-14 11:00:00,2020-11-14,11,oos,train,13.4320835,13.4320835,52.06,52.06,24.00513333,7.9216939989,16.0834393311,0.04463,0.09463,0.07570400000000001
2020-11-14 12:00:00,2020-11-14,12,oos,train,3.0824999,3.0824999,92.42,92.42,23.18822222,7.652113332600001,15.5361088874,0.0470099999999999,0.0970099999999999,0.07760799999999993
2020-11-14 13:00:00,2020-11-14,13,oos,train,1.0831667,1.0831667,76.95,76.95,22.86522667,7.5455248011,15.319701868899998,0.04647,0.09647,0.07717600000000001
2020-11-14 14:00:00,2020-11-14,14,oos,train,0.1524167,0.1524167,71.48,71.48,25.43090222,8.3921977326,17.038704487399997,0.04874,0.09874,0.078992
2020-11-14 15:00:00,2020-11-14,15,oos,train,0.0,0.0,29.34,29.34,25.14636667,8.2983010011,16.8480656689,0.05102,0.10102,0.080816
2020-11-14 16:00:00,2020-11-14,16,oos,train,0.0,0.0,20.0,20.0,19.47011333,6.4251373989000005,13.044975931099998,0.05037,0.10037,0.080296
2020-11-14 17:00:00,2020-11-14,17,oos,train,0.0,0.0,56.09,56.09,22.28879556,7.355302534800001,14.933493025199999,0.0482,0.09820000000000001,0.07856000000000002
2020-11-14 18:00:00,2020-11-14,18,oos,train,0.0,0.0,70.84,70.84,24.90357556,8.2181799348,16.685395625199998,0.04452,0.09451999999999999,0.075616
2020-11-14 19:00:00,2020-11-14,19,oos,train,0.0,0.0,64.49,64.49,25.29654,8.347858200000001,16.9486818,0.04354,0.09354000000000001,0.07483200000000001
2020-11-14 20:00:00,2020-11-14,20,oos,train,0.0,0.0,99.65,99.65,25.93703778,8.559222467400001,17.3778153126,0.04213,0.09213,0.073704
2020-11-14 21:00:00,2020-11-14,21,oos,train,0.0,0.0,91.4,91.4,26.24795333,8.661824598900001,17.5861287311,0.03639,0.08639,0.06911199999999999
2020-11-14 22:00:00,2020-11-14,22,oos,train,0.0,0.0,38.98,38.98,25.44746889,8.397664733700001,17.0498041563,0.0301099999999999,0.0801099999999999,0.06408799999999992
2020-11-14 23:00:00,2020-11-14,23,oos,train,0.0,0.0,63.47,63.47,19.23238889,6.3466883337,12.885700556299998,0.03312,0.08312,0.066496
2020-11-15 00:00:00,2020-11-15,0,oos,train,0.0,0.0,73.01,73.01,16.16534,5.334562200000001,10.8307778,0.02805,0.07805000000000001,0.06244000000000001
2020-11-15 01:00:00,2020-11-15,1,oos,train,0.0,0.0,168.22,168.22,20.31123778,6.7027084674,13.608529312599998,0.0205,0.07050000000000001,0.056400000000000006
2020-11-15 02:00:00,2020-11-15,2,oos,train,0.0,0.0,125.62,125.62,18.04377667,5.9544463011,12.089330368899999,0.02007,0.07007000000000001,0.05605600000000001
2020-11-15 03:00:00,2020-11-15,3,oos,train,0.0,0.0,73.53,73.53,18.18919333,6.002433798899999,12.186759531099998,0.0197399999999999,0.0697399999999999,0.055791999999999925
2020-11-15 04:00:00,2020-11-15,4,oos,train,0.0,0.0,73.54,73.54,15.73892333,5.1938446989000004,10.545078631099999,0.02082,0.07082000000000001,0.05665600000000001
2020-11-15 05:00:00,2020-11-15,5,oos,train,0.0,0.0,113.22,113.22,19.01749333,6.2757727989,12.741720531099999,0.01834,0.06834,0.054672
2020-11-15 06:00:00,2020-11-15,6,oos,train,0.0,0.0,125.18,125.18,20.86592667,6.8857558011,13.980170868899998,0.02665,0.07665,0.06132
2020-11-15 07:00:00,2020-11-15,7,oos,train,0.0,0.0,123.01,123.01,22.85787111,7.543097466300001,15.314773643699999,0.0269699999999999,0.0769699999999999,0.06157599999999992
2020-11-15 08:00:00,2020-11-15,8,oos,train,0.0305834,0.0305834,168.58,168.58,23.72923111,7.8306462663000005,15.898584843699998,0.02988,0.07988,0.063904
2020-11-15 09:00:00,2020-11-15,9,oos,train,0.5351665999999999,0.5351665999999999,177.93,177.93,25.88449111,8.5418820663,17.342609043699998,0.03226,0.08226,0.065808
2020-11-15 10:00:00,2020-11-15,10,oos,train,1.5050833,1.5050833,167.92,167.92,19.38571111,6.3972846663,12.988426443699998,0.03625,0.08625,0.06899999999999999
2020-11-15 11:00:00,2020-11-15,11,oos,train,13.454166700000002,13.454166700000002,176.21,176.21,20.18326667,6.6604780010999995,13.522788668899997,0.03409,0.08409,0.067272
2020-11-15 12:00:00,2020-11-15,12,oos,train,18.7336665,18.7336665,124.74,124.74,17.56339444,5.7959201652,11.767474274799998,0.03528,0.08528,0.06822399999999999
2020-11-15 13:00:00,2020-11-15,13,oos,train,6.3930001,6.3930001,132.27,132.27,25.01491556,8.2549221348,16.759993425199998,0.0377599999999999,0.0877599999999999,0.07020799999999992
2020-11-15 14:00:00,2020-11-15,14,oos,train,0.0619242,0.0619242,97.92,97.92,26.75400667,8.8288222011,17.925184468899996,0.03528,0.08528,0.06822399999999999
2020-11-15 15:00:00,2020-11-15,15,oos,train,0.0,0.0,118.11,118.11,24.59077111,8.1149544663,16.475816643699996,0.03625,0.08625,0.06899999999999999
2020-11-15 16:00:00,2020-11-15,16,oos,train,0.0,0.0,79.68,79.68,25.22070667,8.3228332011,16.8978734689,0.03938,0.08938,0.071504
2020-11-15 17:00:00,2020-11-15,17,oos,train,0.0,0.0,59.36,59.36,31.79060889,10.4909009337,21.299707956299997,0.03743,0.08743000000000001,0.069944
2020-11-15 18:00:00,2020-11-15,18,oos,train,0.0,0.0,21.63,21.63,25.03659111,8.2620750663,16.774516043699997,0.03592,0.08592,0.068736
2020-11-15 19:00:00,2020-11-15,19,oos,train,0.0,0.0,86.49,86.49,24.26301333,8.0067943989,16.256218931099998,0.02913,0.07913,0.06330400000000001
2020-11-15 20:00:00,2020-11-15,20,oos,train,0.0,0.0,145.55,145.55,19.46500667,6.423452201100001,13.0415544689,0.02837,0.07837,0.062696
2020-11-15 21:00:00,2020-11-15,21,oos,train,0.0,0.0,100.09,100.09,18.01794222,5.9459209326,12.072021287399998,0.0273999999999999,0.0773999999999999,0.06191999999999992
2020-11-15 22:00:00,2020-11-15,22,oos,train,0.0,0.0,129.27,129.27,19.63925778,6.480955067400001,13.1583027126,0.01597,0.06597,0.052776
2020-11-15 23:00:00,2020-11-15,23,oos,train,0.0,0.0,68.92,68.92,18.17711667,5.9984485011,12.178668168899998,0.0196299999999999,0.0696299999999999,0.05570399999999992
2020-11-16 00:00:00,2020-11-16,0,oos,train,0.0,0.0,99.5,99.5,14.83122222,4.894303332600001,9.9369188874,0.01521,0.06521,0.052168000000000006
2020-11-16 01:00:00,2020-11-16,1,oos,train,0.0,0.0,110.24,110.24,16.31554,5.3841282,10.931411799999998,0.00982,0.059820000000000005,0.04785600000000001
2020-11-16 02:00:00,2020-11-16,2,oos,train,0.0,0.0,81.07,81.07,16.70551778,5.5128208674,11.192696912599999,0.00885,0.05885,0.047080000000000004
2020-11-16 03:00:00,2020-11-16,3,oos,train,0.0,0.0,67.42,67.42,17.87627889,5.899172033699999,11.977106856299997,0.00982,0.059820000000000005,0.04785600000000001
2020-11-16 04:00:00,2020-11-16,4,oos,train,0.0,0.0,151.08,151.08,15.20560444,5.0178494652,10.187754974799999,0.01564,0.06564,0.052512
2020-11-16 05:00:00,2020-11-16,5,oos,train,0.0,0.0,25.46,25.46,17.21540889,5.6810849337,11.534323956299998,0.02503,0.07503,0.060024
2020-11-16 06:00:00,2020-11-16,6,oos,train,0.0,0.0,170.93,170.93,18.99186889,6.2673167337,12.724552156299998,0.03387,0.08387,0.067096
2020-11-16 07:00:00,2020-11-16,7,oos,train,0.0,0.0,145.06,145.06,22.94127333,7.5706201989,15.3706531311,0.03409,0.08409,0.067272
2020-11-16 08:00:00,2020-11-16,8,oos,train,2.26925,2.26925,118.37,118.37,24.33988667,8.0321626011,16.307724068899997,0.03614,0.08614,0.068912
2020-11-16 09:00:00,2020-11-16,9,oos,train,1.5404999,1.5404999,126.51,126.51,21.50011111,7.0950366662999995,14.405074443699998,0.03743,0.08743000000000001,0.069944
2020-11-16 10:00:00,2020-11-16,10,oos,train,24.442416500000004,24.442416500000004,33.86,33.86,19.51003778,6.4383124674,13.0717253126,0.0389399999999999,0.08893999999999991,0.07115199999999992
2020-11-16 11:00:00,2020-11-16,11,oos,train,38.7215,38.7215,54.85,54.85,16.90832333,5.579746698900001,11.3285766311,0.04089,0.09089,0.072712
2020-11-16 12:00:00,2020-11-16,12,oos,train,27.87525,27.87525,104.09,104.09,16.04140444,5.293663465200001,10.7477409748,0.04099,0.09099,0.07279200000000001
2020-11-16 13:00:00,2020-11-16,13,oos,train,6.5539167,6.5539167,27.51,27.51,25.89299111,8.5446870663,17.348304043699997,0.04175,0.09175,0.0734
2020-11-16 14:00:00,2020-11-16,14,oos,train,0.0557272,0.0557272,29.98,29.98,27.96110889,9.2271659337,18.733942956299998,0.04197,0.09197,0.073576
2020-11-16 15:00:00,2020-11-16,15,oos,train,0.0,0.0,45.56,45.56,19.62290889,6.4755599337000005,13.1473489563,0.04056,0.09056,0.072448
2020-11-16 16:00:00,2020-11-16,16,oos,train,0.0,0.0,95.66,95.66,18.21357667,6.010480301099999,12.203096368899997,0.0376499999999999,0.0876499999999999,0.07011999999999992
2020-11-16 17:00:00,2020-11-16,17,oos,train,0.0,0.0,108.43,108.43,17.05338111,5.6276157663,11.425765343699998,0.0389399999999999,0.08893999999999991,0.07115199999999992
2020-11-16 18:00:00,2020-11-16,18,oos,train,0.0,0.0,86.79,86.79,23.94275333,7.9011085989,16.041644731099996,0.0372199999999999,0.08721999999999991,0.06977599999999994
2020-11-16 19:00:00,2020-11-16,19,oos,train,0.0,0.0,155.37,155.37,24.29223111,8.0164362663,16.275794843699998,0.03787,0.08787,0.07029600000000001
2020-11-16 20:00:00,2020-11-16,20,oos,train,0.0,0.0,179.36,179.36,27.23338,8.9870154,18.2463646,0.0336599999999999,0.0836599999999999,0.06692799999999992
2020-11-16 21:00:00,2020-11-16,21,oos,train,0.0,0.0,113.04,113.04,28.09369778,9.270920267400001,18.8227775126,0.0261099999999999,0.0761099999999999,0.06088799999999992
2020-11-16 22:00:00,2020-11-16,22,oos,train,0.0,0.0,36.39,36.39,22.28275556,7.3533093348,14.929446225199998,0.02017,0.07017000000000001,0.05613600000000001
2020-11-16 23:00:00,2020-11-16,23,oos,train,0.0,0.0,56.78,56.78,15.41628667,5.0873746011000005,10.3289120689,0.01822,0.06822,0.054576000000000006
2020-11-17 00:00:00,2020-11-17,0,oos,train,0.0,0.0,32.43,32.43,14.40662222,4.7541853326,9.652436887399999,0.01455,0.06455,0.05164
2020-11-17 01:00:00,2020-11-17,1,oos,train,0.0,0.0,19.18,19.18,17.10690667,5.6452792011,11.4616274689,0.01423,0.06423000000000001,0.05138400000000001
2020-11-17 02:00:00,2020-11-17,2,oos,train,0.0,0.0,9.76,9.76,17.93204111,5.917573566300001,12.014467543699999,0.01563,0.06563000000000001,0.05250400000000001
2020-11-17 03:00:00,2020-11-17,3,oos,train,0.0,0.0,-0.1,0.0,18.71110889,6.1746659337,12.536442956299998,0.02264,0.07264000000000001,0.05811200000000001
2020-11-17 04:00:00,2020-11-17,4,oos,train,0.0,0.0,-0.28,0.0,17.48699333,5.7707077989,11.716285531099999,0.03363,0.08363000000000001,0.066904
2020-11-17 05:00:00,2020-11-17,5,oos,train,0.0,0.0,-0.28,0.0,16.04077333,5.2934551989,10.747318131099998,0.03978,0.08978,0.071824
2020-11-17 06:00:00,2020-11-17,6,oos,train,0.0,0.0,11.83,11.83,19.26402889,6.3571295337,12.906899356299999,0.04086,0.09086,0.072688
2020-11-17 07:00:00,2020-11-17,7,oos,train,0.0,0.0,32.74,32.74,20.98104667,6.923745401100001,14.0573012689,0.0428,0.0928,0.07424
2020-11-17 08:00:00,2020-11-17,8,oos,train,4.1411666,4.1411666,35.51,35.51,22.58116667,7.451785001100001,15.129381668899999,0.04474,0.09474,0.07579200000000001
2020-11-17 09:00:00,2020-11-17,9,oos,train,1.44125,1.44125,22.28,22.28,19.35922444,6.3885440652,12.970680374799997,0.04474,0.09474,0.07579200000000001
2020-11-17 10:00:00,2020-11-17,10,oos,train,0.0,0.0,-0.0,0.0,18.00828556,5.9427342348000005,12.0655513252,0.04786,0.09786,0.07828800000000001
2020-11-17 11:00:00,2020-11-17,11,oos,train,0.0,0.0,-0.02,0.0,16.42415667,5.4199717011,11.004184968899997,0.04851,0.09851,0.078808
2020-11-17 12:00:00,2020-11-17,12,oos,train,0.0202499999999999,0.0202499999999999,-0.01,0.0,16.31856333,5.3851258989,10.933437431099998,0.04743,0.09743,0.07794400000000001
2020-11-17 13:00:00,2020-11-17,13,oos,train,0.0,0.0,-0.01,0.0,19.44524667,6.4169314011,13.028315268899998,0.04689,0.09689,0.07751200000000001
2020-11-17 14:00:00,2020-11-17,14,oos,train,0.0,0.0,-0.02,0.0,26.58313111,8.7724332663,17.810697843699998,0.04754,0.09754,0.078032
2020-11-17 15:00:00,2020-11-17,15,oos,train,0.0,0.0,-0.0,0.0,26.89056444,8.8738862652,18.016678174799996,0.0487299999999999,0.0987299999999999,0.07898399999999993
2020-11-17 16:00:00,2020-11-17,16,oos,train,0.0,0.0,-0.24,0.0,21.12535556,6.9713673348,14.153988225199997,0.04571,0.09571,0.07656800000000001
2020-11-17 17:00:00,2020-11-17,17,oos,train,0.0,0.0,3.76,3.76,17.96112,5.927169600000001,12.0339504,0.04215,0.09215000000000001,0.07372000000000001
2020-11-17 18:00:00,2020-11-17,18,oos,train,0.0,0.0,13.42,13.42,19.59187111,6.4653174663,13.126553643699998,0.03935,0.08935000000000001,0.07148000000000002
2020-11-17 19:00:00,2020-11-17,19,oos,train,0.0,0.0,8.2,8.2,24.78724222,8.1797899326,16.607452287399997,0.03805,0.08805,0.07044
2020-11-17 20:00:00,2020-11-17,20,oos,train,0.0,0.0,1.45,1.45,27.34429556,9.0236175348,18.320678025199996,0.03557,0.08557000000000001,0.068456
2020-11-17 21:00:00,2020-11-17,21,oos,train,0.0,0.0,31.68,31.68,25.15859556,8.3023365348,16.856259025199996,0.02943,0.07943,0.063544
2020-11-17 22:00:00,2020-11-17,22,oos,train,0.0,0.0,37.54,37.54,19.51584444,6.4402286652,13.075615774799997,0.01574,0.06574,0.05259200000000001
2020-11-17 23:00:00,2020-11-17,23,oos,train,0.0,0.0,30.49,30.49,16.07212111,5.303799966300001,10.7683211437,0.01385,0.06385,0.05108000000000001
2020-11-18 00:00:00,2020-11-18,0,oos,train,0.0,0.0,5.39,5.39,15.29956222,5.0488555326,10.2507066874,0.00956,0.05956,0.047648
2020-11-18 01:00:00,2020-11-18,1,oos,train,0.0,0.0,3.91,3.91,22.57869556,7.4509695348000005,15.127726025199998,0.00827,0.05827,0.046616000000000005
2020-11-18 02:00:00,2020-11-18,2,oos,train,0.0,0.0,3.8,3.8,21.40933556,7.0650807347999995,14.344254825199998,0.00891,0.058910000000000004,0.047128
2020-11-18 03:00:00,2020-11-18,3,oos,train,0.0,0.0,9.51,9.51,20.5924,6.795492000000001,13.796908,0.01342,0.06342,0.050736
2020-11-18 04:00:00,2020-11-18,4,oos,train,0.0,0.0,16.85,16.85,19.490920000000003,6.432003600000002,13.058916400000001,0.0261999999999999,0.0761999999999999,0.06095999999999993
2020-11-18 05:00:00,2020-11-18,5,oos,train,0.0,0.0,24.8,24.8,21.12901333,6.9725743989,14.156438931099999,0.03329,0.08329,0.06663200000000001
2020-11-18 06:00:00,2020-11-18,6,oos,train,0.0,0.0,-0.26,0.0,19.39324,6.3997692,12.993470799999997,0.03984,0.08984,0.071872
2020-11-18 07:00:00,2020-11-18,7,oos,train,0.0,0.0,-0.29,0.0,25.91783778,8.5528864674,17.3649513126,0.04027,0.09027,0.072216
2020-11-18 08:00:00,2020-11-18,8,oos,train,0.0,0.0,0.25,0.25,24.96253778,8.2376374674,16.7249003126,0.04167,0.09167,0.073336
2020-11-18 09:00:00,2020-11-18,9,oos,train,0.601,0.601,-0.24,0.0,23.84860889,7.8700409337,15.9785679563,0.04328,0.09328,0.07462400000000001
2020-11-18 10:00:00,2020-11-18,10,oos,train,1.01275,1.01275,-0.27,0.0,20.87000889,6.8871029337000005,13.9829059563,0.04607,0.09607,0.07685600000000001
2020-11-18 11:00:00,2020-11-18,11,oos,train,0.0196666,0.0196666,-0.27,0.0,18.73816,6.1835928000000004,12.5545672,0.04639,0.09639,0.07711200000000001
2020-11-18 12:00:00,2020-11-18,12,oos,train,0.0,0.0,-0.33,0.0,20.29619778,6.6977452674,13.598452512599998,0.04918,0.09918,0.07934400000000001
2020-11-18 13:00:00,2020-11-18,13,oos,train,0.0,0.0,-0.28,0.0,24.62038444,8.1247268652,16.495657574799996,0.05101,0.10101,0.080808
2020-11-18 14:00:00,2020-11-18,14,oos,train,0.0,0.0,-0.26,0.0,23.47150444,7.7455964652,15.725907974799998,0.05262,0.10262,0.082096
2020-11-18 15:00:00,2020-11-18,15,oos,train,0.0,0.0,-0.28,0.0,27.30631111,9.0110826663,18.295228443699997,0.05037,0.10037,0.080296
2020-11-18 16:00:00,2020-11-18,16,oos,train,0.0,0.0,-0.24,0.0,22.39769333,7.3912387989,15.006454531099997,0.0508,0.1008,0.08064
2020-11-18 17:00:00,2020-11-18,17,oos,train,0.0,0.0,-0.25,0.0,22.92827333,7.5663301989,15.361943131099999,0.048,0.098,0.07840000000000001
2020-11-18 18:00:00,2020-11-18,18,oos,train,0.0,0.0,-0.36,0.0,23.18278667,7.6503196011,15.532467068899997,0.04532,0.09532,0.076256
2020-11-18 19:00:00,2020-11-18,19,oos,train,0.0,0.0,-0.32,0.0,22.45921556,7.4115411348,15.047674425199999,0.04167,0.09167,0.073336
2020-11-18 20:00:00,2020-11-18,20,oos,train,0.0,0.0,-0.29,0.0,29.46627556,9.7238709348,19.7424046252,0.03888,0.08888,0.071104
2020-11-18 21:00:00,2020-11-18,21,oos,train,0.0,0.0,15.53,15.53,30.67244889,10.1219081337,20.5505407563,0.03318,0.08318,0.066544
2020-11-18 22:00:00,2020-11-18,22,oos,train,0.0,0.0,16.62,16.62,24.72921333,8.1606403989,16.568572931099997,0.0179299999999999,0.06792999999999991,0.05434399999999993
2020-11-18 23:00:00,2020-11-18,23,oos,train,0.0,0.0,25.22,25.22,20.49914667,6.7647184011,13.734428268899997,0.0209899999999999,0.0709899999999999,0.056791999999999926
2020-11-19 00:00:00,2020-11-19,0,oos,train,0.0,0.0,26.12,26.12,19.94982222,6.5834413326000005,13.3663808874,0.01146,0.06146,0.049168
2020-11-19 01:00:00,2020-11-19,1,oos,train,0.0,0.0,29.44,29.44,21.03669778,6.9421102674,14.094587512599999,0.0060999999999999,0.0560999999999999,0.04487999999999992
2020-11-19 02:00:00,2020-11-19,2,oos,train,0.0,0.0,45.89,45.89,20.28221556,6.693131134800001,13.5890844252,0.00289,0.052890000000000006,0.04231200000000001
2020-11-19 03:00:00,2020-11-19,3,oos,train,0.0,0.0,72.16,72.16,20.49598667,6.7636756011,13.7323110689,0.00878,0.05878,0.047024
2020-11-19 04:00:00,2020-11-19,4,oos,train,0.0,0.0,36.29,36.29,23.07909333,7.6161007989,15.462992531099998,0.01917,0.06917000000000001,0.05533600000000001
2020-11-19 05:00:00,2020-11-19,5,oos,train,0.0,0.0,7.6,7.6,18.30511667,6.0406885011,12.264428168899999,0.02699,0.07699,0.06159200000000001
2020-11-19 06:00:00,2020-11-19,6,oos,train,0.0,0.0,33.93,33.93,21.67496889,7.1527397337,14.522229156299998,0.03363,0.08363000000000001,0.066904
2020-11-19 07:00:00,2020-11-19,7,oos,train,0.0,0.0,22.58,22.58,25.31950667,8.3554372011,16.964069468899996,0.03781,0.08781,0.070248
2020-11-19 08:00:00,2020-11-19,8,oos,train,0.0319556,0.0319556,84.25,84.25,27.10769111,8.945538066300001,18.1621530437,0.0377,0.0877,0.07016
2020-11-19 09:00:00,2020-11-19,9,oos,train,0.9000001,0.9000001,26.48,26.48,31.06406222,10.251140532600001,20.8129216874,0.03684,0.08684,0.069472
2020-11-19 10:00:00,2020-11-19,10,oos,train,0.0325455,0.0325455,-0.15,0.0,25.25064222,8.3327119326,16.917930287399997,0.03556,0.08556,0.068448
2020-11-19 11:00:00,2020-11-19,11,oos,train,0.0,0.0,-0.28,0.0,24.02344,7.927735200000001,16.0957048,0.03427,0.08427000000000001,0.06741600000000002
2020-11-19 12:00:00,2020-11-19,12,oos,train,0.0,0.0,20.12,20.12,26.11619556,8.6183445348,17.4978510252,0.03374,0.08374000000000001,0.06699200000000001
2020-11-19 13:00:00,2020-11-19,13,oos,train,0.0,0.0,12.11,12.11,28.44149778,9.3856942674,19.055803512599997,0.03192,0.08191999999999999,0.065536
2020-11-19 14:00:00,2020-11-19,14,oos,train,0.0,0.0,-0.33,0.0,30.09869111,9.9325680663,20.166123043699997,0.03127,0.08127000000000001,0.065016
2020-11-19 15:00:00,2020-11-19,15,oos,train,0.0,0.0,-0.15,0.0,26.65548667,8.7963106011,17.8591760689,0.0301,0.0801,0.06408000000000001
2020-11-19 16:00:00,2020-11-19,16,oos,train,0.0,0.0,-0.26,0.0,23.43037778,7.7320246674,15.6983531126,0.02967,0.07967,0.063736
2020-11-19 17:00:00,2020-11-19,17,oos,train,0.0,0.0,-0.31,0.0,24.25134,8.0029422,16.2483978,0.03031,0.08031,0.06424800000000001
2020-11-19 18:00:00,2020-11-19,18,oos,train,0.0,0.0,-0.31,0.0,29.48517111,9.7301064663,19.7550646437,0.03031,0.08031,0.06424800000000001
2020-11-19 19:00:00,2020-11-19,19,oos,train,0.0,0.0,-0.3,0.0,31.41475111,10.366867866300002,21.0478832437,0.0306299999999999,0.0806299999999999,0.06450399999999992
2020-11-19 20:00:00,2020-11-19,20,oos,train,0.0,0.0,-0.3,0.0,29.47573556,9.726992734800001,19.748742825199997,0.0310599999999999,0.08105999999999991,0.06484799999999993
2020-11-19 21:00:00,2020-11-19,21,oos,train,0.0,0.0,-0.34,0.0,26.15532444,8.631257065200002,17.524067374799998,0.0306299999999999,0.0806299999999999,0.06450399999999992
2020-11-19 22:00:00,2020-11-19,22,oos,train,0.0,0.0,-0.3,0.0,23.25560667,7.6743502011,15.581256468899998,0.02303,0.07303,0.058424000000000004
2020-11-19 23:00:00,2020-11-19,23,oos,train,0.0,0.0,-0.36,0.0,19.06101556,6.290135134800001,12.7708804252,0.01863,0.06863,0.054904
2020-11-20 00:00:00,2020-11-20,0,oos,train,0.0,0.0,-0.32,0.0,18.98706667,6.265732001100001,12.721334668899999,0.01638,0.06638,0.053104
2020-11-20 01:00:00,2020-11-20,1,oos,train,0.0,0.0,-0.35,0.0,20.67565556,6.8229663348,13.852689225199997,0.01638,0.06638,0.053104
2020-11-20 02:00:00,2020-11-20,2,oos,train,0.0,0.0,-0.3,0.0,22.19978222,7.3259281326000005,14.873854087399998,0.0164899999999999,0.06648999999999991,0.053191999999999934
2020-11-20 03:00:00,2020-11-20,3,oos,train,0.0,0.0,-0.32,0.0,23.58131778,7.7818348674,15.799482912599998,0.01788,0.06788,0.054304
2020-11-20 04:00:00,2020-11-20,4,oos,train,0.0,0.0,-0.36,0.0,18.16041778,5.9929378674,12.167479912599998,0.02259,0.07259,0.058072000000000006
2020-11-20 05:00:00,2020-11-20,5,oos,train,0.0,0.0,-0.35,0.0,19.58158,6.4619214,13.119658599999998,0.02656,0.07656,0.061248000000000004
2020-11-20 06:00:00,2020-11-20,6,oos,train,0.0,0.0,36.7,36.7,21.3298,7.038834,14.290965999999997,0.02741,0.07741,0.06192800000000001
2020-11-20 07:00:00,2020-11-20,7,oos,train,0.0,0.0,42.04,42.04,31.23943333,10.3090129989,20.9304203311,0.02955,0.07955000000000001,0.06364000000000002
2020-11-20 08:00:00,2020-11-20,8,oos,train,0.2173637,0.2173637,37.36,37.36,30.38494444,10.0270316652,20.3579127748,0.03116,0.08116000000000001,0.06492800000000001
2020-11-20 09:00:00,2020-11-20,9,oos,train,7.1603333,7.1603333,13.75,13.75,29.12964444,9.612782665200001,19.5168617748,0.0321199999999999,0.0821199999999999,0.06569599999999992
2020-11-20 10:00:00,2020-11-20,10,oos,train,4.879,4.879,4.74,4.74,20.75960667,6.850670201100001,13.908936468899999,0.0337299999999999,0.0837299999999999,0.06698399999999992
2020-11-20 11:00:00,2020-11-20,11,oos,train,8.7138334,8.7138334,5.02,5.02,19.49062444,6.431906065200001,13.0587183748,0.03651,0.08651,0.069208
2020-11-20 12:00:00,2020-11-20,12,oos,train,1.4196,1.4196,12.87,12.87,20.52299556,6.7725885348,13.750407025199998,0.0380099999999999,0.0880099999999999,0.07040799999999992
2020-11-20 13:00:00,2020-11-20,13,oos,train,0.1286,0.1286,0.33,0.33,25.80933778,8.5170814674,17.2922563126,0.0399399999999999,0.08993999999999991,0.07195199999999993
2020-11-20 14:00:00,2020-11-20,14,oos,train,0.0,0.0,1.43,1.43,27.61286444,9.1122452652,18.500619174799997,0.04337,0.09337000000000001,0.07469600000000001
2020-11-20 15:00:00,2020-11-20,15,oos,train,0.0,0.0,7.16,7.16,26.71918,8.8173294,17.9018506,0.04572,0.09572,0.076576
2020-11-20 16:00:00,2020-11-20,16,oos,train,0.0,0.0,24.9,24.9,22.07523556,7.2848277348,14.790407825199997,0.04733,0.09733,0.077864
2020-11-20 17:00:00,2020-11-20,17,oos,train,0.0,0.0,19.07,19.07,20.1226,6.640458,13.482141999999998,0.0465799999999999,0.0965799999999999,0.07726399999999993
2020-11-20 18:00:00,2020-11-20,18,oos,train,0.0,0.0,58.45,58.45,24.38368667,8.0466166011,16.337070068899997,0.04819,0.09819,0.07855200000000001
2020-11-20 19:00:00,2020-11-20,19,oos,train,0.0,0.0,41.89,41.89,27.83238,9.184685400000001,18.647694599999998,0.04979,0.09979,0.07983200000000001
2020-11-20 20:00:00,2020-11-20,20,oos,train,0.0,0.0,76.87,76.87,29.58638667,9.7635076011,19.822879068899997,0.05022,0.10022,0.08017600000000001
2020-11-20 21:00:00,2020-11-20,21,oos,train,0.0,0.0,149.75,149.75,26.38699556,8.7077085348,17.679287025199997,0.0511799999999999,0.10117999999999991,0.08094399999999993
2020-11-20 22:00:00,2020-11-20,22,oos,train,0.0,0.0,200.09,200.09,24.92129111,8.2240260663,16.697265043699996,0.04883,0.09883,0.07906400000000001
2020-11-20 23:00:00,2020-11-20,23,oos,train,0.0,0.0,189.72,189.72,21.67314444,7.152137665200001,14.5210067748,0.05256,0.10256000000000001,0.08204800000000001
2020-11-21 00:00:00,2020-11-21,0,oos,train,0.0,0.0,204.42,204.42,19.75483111,6.519094266300001,13.2357368437,0.04264,0.09264,0.074112
2020-11-21 01:00:00,2020-11-21,1,oos,train,0.0,0.0,5.37,5.37,24.23658222,7.9980721326,16.238510087399998,0.03721,0.08721000000000001,0.06976800000000001
2020-11-21 02:00:00,2020-11-21,2,oos,train,0.0,0.0,133.29,133.29,22.55483111,7.4430942663,15.111736843699997,0.0326199999999999,0.0826199999999999,0.06609599999999992
2020-11-21 03:00:00,2020-11-21,3,oos,train,0.0,0.0,177.44,177.44,24.83038222,8.194026132600001,16.6363560874,0.02441,0.07441,0.059528000000000005
2020-11-21 04:00:00,2020-11-21,4,oos,train,0.0,0.0,-0.37,0.0,22.48957778,7.4215606674000005,15.0680171126,0.02004,0.07004,0.056032000000000005
2020-11-21 05:00:00,2020-11-21,5,oos,train,0.0,0.0,44.39,44.39,20.41596,6.7372667999999996,13.678693199999998,0.01652,0.06652,0.053216
2020-11-21 06:00:00,2020-11-21,6,oos,train,0.0,0.0,136.25,136.25,20.81562222,6.869155332600001,13.9464668874,0.0161,0.0661,0.05288000000000001
2020-11-21 07:00:00,2020-11-21,7,oos,train,0.0,0.0,49.87,49.87,29.80021333,9.8340703989,19.9661429311,0.01908,0.06908,0.05526400000000001
2020-11-21 08:00:00,2020-11-21,8,oos,train,0.0321667,0.0321667,1.06,1.06,28.42134222,9.3790429326,19.0422992874,0.02047,0.07047,0.05637600000000001
2020-11-21 09:00:00,2020-11-21,9,oos,train,4.9755832,4.9755832,15.17,15.17,28.27066667,9.329320001100001,18.9413466689,0.02249,0.07249,0.057992
2020-11-21 10:00:00,2020-11-21,10,oos,train,11.6527498,11.6527498,28.11,28.11,24.77842,8.1768786,16.6015414,0.0232399999999999,0.0732399999999999,0.05859199999999992
2020-11-21 11:00:00,2020-11-21,11,oos,train,16.063333,16.063333,2.06,2.06,22.93563111,7.5687582663,15.366872843699998,0.02377,0.07377,0.059016000000000006
2020-11-21 12:00:00,2020-11-21,12,oos,train,1.5711667,1.5711667,40.35,40.35,21.81402444,7.1986280652,14.6153963748,0.02814,0.07814,0.062512
2020-11-21 13:00:00,2020-11-21,13,oos,train,1.18875,1.18875,60.71,60.71,25.07701111,8.2754136663,16.8015974437,0.03102,0.08102000000000001,0.06481600000000001
2020-11-21 14:00:00,2020-11-21,14,oos,train,0.0,0.0,55.99,55.99,26.40000667,8.7120022011,17.688004468899997,0.03529,0.08529,0.068232
2020-11-21 15:00:00,2020-11-21,15,oos,train,0.0,0.0,110.14,110.14,28.63311778,9.4489288674,19.184188912599996,0.03848,0.08848,0.070784
2020-11-21 16:00:00,2020-11-21,16,oos,train,0.0,0.0,91.45,91.45,23.10902889,7.625979533700001,15.483049356299999,0.03934,0.08934,0.07147200000000001
2020-11-21 17:00:00,2020-11-21,17,oos,train,0.0,0.0,96.72,96.72,21.25741556,7.0149471348,14.242468425199997,0.03646,0.08646000000000001,0.06916800000000001
2020-11-21 18:00:00,2020-11-21,18,oos,train,0.0,0.0,74.93,74.93,22.51664889,7.4304941337,15.086154756299997,0.0324099999999999,0.0824099999999999,0.06592799999999992
2020-11-21 19:00:00,2020-11-21,19,oos,train,0.0,0.0,80.73,80.73,30.71430222,10.1357197326,20.5785824874,0.0231299999999999,0.0731299999999999,0.058503999999999924
2020-11-21 20:00:00,2020-11-21,20,oos,train,0.0,0.0,56.91,56.91,29.18865333,9.6322555989,19.5563977311,0.02036,0.07036,0.056288000000000005
2020-11-21 21:00:00,2020-11-21,21,oos,train,0.0,0.0,56.13,56.13,23.66972667,7.8110098011,15.858716868899998,0.01663,0.06663,0.053304
2020-11-21 22:00:00,2020-11-21,22,oos,train,0.0,0.0,97.89,97.89,17.83387333,5.8851781989,11.9486951311,0.00991,0.059910000000000005,0.047928000000000005
2020-11-21 23:00:00,2020-11-21,23,oos,train,0.0,0.0,90.04,90.04,18.33265333,6.0497755989,12.282877731099997,0.01641,0.06641,0.053128
2020-11-22 00:00:00,2020-11-22,0,oos,train,0.0,0.0,91.69,91.69,16.63976778,5.4911233674,11.148644412599998,0.0101199999999999,0.0601199999999999,0.048095999999999924
2020-11-22 01:00:00,2020-11-22,1,oos,train,0.0,0.0,78.28,78.28,20.08907556,6.6293949348000005,13.459680625199999,0.0092699999999999,0.059269999999999906,0.04741599999999993
2020-11-22 02:00:00,2020-11-22,2,oos,train,0.0,0.0,107.4,107.4,19.01712,6.2756495999999995,12.741470399999997,0.00863,0.05863,0.046904
2020-11-22 03:00:00,2020-11-22,3,oos,train,0.0,0.0,142.57,142.57,17.49510556,5.7733848348,11.721720725199997,0.00863,0.05863,0.046904
2020-11-22 04:00:00,2020-11-22,4,oos,train,0.0,0.0,123.99,123.99,16.99548556,5.6085102348,11.386975325199998,0.00874,0.05874,0.046992000000000006
2020-11-22 05:00:00,2020-11-22,5,oos,train,0.0,0.0,139.51,139.51,18.43630667,6.0839812011,12.352325468899998,0.00789,0.057890000000000004,0.046312000000000006
2020-11-22 06:00:00,2020-11-22,6,oos,train,0.0,0.0,139.67,139.67,20.35545778,6.717301067399999,13.638156712599997,0.00767,0.05767,0.046136
2020-11-22 07:00:00,2020-11-22,7,oos,train,0.0,0.0,106.19,106.19,32.53056889,10.7350877337,21.795481156299996,0.00991,0.059910000000000005,0.047928000000000005
2020-11-22 08:00:00,2020-11-22,8,oos,train,0.0,0.0,75.01,75.01,29.54860889,9.7510409337,19.7975679563,0.01428,0.06428,0.051424000000000004
2020-11-22 09:00:00,2020-11-22,9,oos,train,0.0,0.0,63.8,63.8,28.48283111,9.3993342663,19.083496843699997,0.01694,0.06694,0.053552
2020-11-22 10:00:00,2020-11-22,10,oos,train,0.0,0.0,68.1,68.1,23.25539333,7.674279798900001,15.581113531099998,0.0179,0.0679,0.05432000000000001
2020-11-22 11:00:00,2020-11-22,11,oos,train,0.0,0.0,97.07,97.07,20.65010222,6.8145337326,13.8355684874,0.0179,0.0679,0.05432000000000001
2020-11-22 12:00:00,2020-11-22,12,oos,train,0.0,0.0,147.82,147.82,24.91464,8.2218312,16.692808799999998,0.01918,0.06918,0.055344000000000004
2020-11-22 13:00:00,2020-11-22,13,oos,train,0.0,0.0,132.82,132.82,25.46928222,8.404863132600001,17.064419087399997,0.02035,0.07035,0.05628
2020-11-22 14:00:00,2020-11-22,14,oos,train,0.0,0.0,151.05,151.05,24.48399778,8.0797192674,16.404278512599998,0.02302,0.07302,0.058416
2020-11-22 15:00:00,2020-11-22,15,oos,train,0.0,0.0,153.52,153.52,28.43947333,9.3850261989,19.054447131099998,0.03133,0.08133,0.065064
2020-11-22 16:00:00,2020-11-22,16,oos,train,0.0,0.0,156.7,156.7,23.78039778,7.847531267400001,15.932866512599999,0.03282,0.08282,0.06625600000000001
2020-11-22 17:00:00,2020-11-22,17,oos,train,0.0,0.0,137.73,137.73,21.88286444,7.2213452652,14.661519174799997,0.0325,0.0825,0.066
2020-11-22 18:00:00,2020-11-22,18,oos,train,0.0,0.0,119.03,119.03,27.82452,9.1820916,18.642428399999996,0.02888,0.07888,0.06310400000000001
2020-11-22 19:00:00,2020-11-22,19,oos,train,0.0,0.0,98.77,98.77,27.58644667,9.103527401100001,18.482919268899998,0.02462,0.07462,0.059696000000000006
2020-11-22 20:00:00,2020-11-22,20,oos,train,0.0,0.0,137.56,137.56,24.5892,8.114436000000001,16.474764,0.0209899999999999,0.0709899999999999,0.056791999999999926
2020-11-22 21:00:00,2020-11-22,21,oos,train,0.0,0.0,173.52,173.52,21.90732667,7.2294178011,14.677908868899998,0.01812,0.06812,0.054496
2020-11-22 22:00:00,2020-11-22,22,oos,train,0.0,0.0,196.02,196.02,26.06371778,8.6010268674,17.4626909126,0.013,0.063,0.0504
2020-11-22 23:00:00,2020-11-22,23,oos,train,0.0,0.0,187.67,187.67,26.36910222,8.7018037326,17.667298487399997,0.01375,0.06375,0.051000000000000004
2020-11-23 00:00:00,2020-11-23,0,oos,train,0.0,0.0,187.85,187.85,18.59802222,6.1373473326,12.4606748874,0.01087,0.06087,0.048696
2020-11-23 01:00:00,2020-11-23,1,oos,train,0.0,0.0,158.46,158.46,20.67521333,6.822820398899999,13.852392931099997,0.00948,0.059480000000000005,0.04758400000000001
2020-11-23 02:00:00,2020-11-23,2,oos,train,0.0,0.0,184.3,184.3,22.42563556,7.4004597348,15.025175825199998,0.01002,0.060020000000000004,0.048016
2020-11-23 03:00:00,2020-11-23,3,oos,train,0.0,0.0,213.9,213.9,19.70542,6.502788600000001,13.2026314,0.01588,0.06588,0.052704
2020-11-23 04:00:00,2020-11-23,4,oos,train,0.0,0.0,196.92,196.92,18.36456778,6.060307367400001,12.3042604126,0.03059,0.08059,0.064472
2020-11-23 05:00:00,2020-11-23,5,oos,train,0.0,0.0,109.94,109.94,18.34066444,6.052419265200001,12.2882451748,0.03218,0.08218,0.06574400000000001
2020-11-23 06:00:00,2020-11-23,6,oos,train,0.0,0.0,96.72,96.72,20.50464444,6.766532665200001,13.738111774799998,0.04114,0.09114,0.072912
2020-11-23 07:00:00,2020-11-23,7,oos,train,0.0,0.0,41.42,41.42,29.05538444,9.588276865200001,19.4671075748,0.04369,0.09369,0.074952
2020-11-23 08:00:00,2020-11-23,8,oos,train,0.0612,0.0612,24.28,24.28,30.13013333,9.9429439989,20.187189331099997,0.04359,0.09359,0.07487200000000001
2020-11-23 09:00:00,2020-11-23,9,oos,train,3.718888900000001,3.718888900000001,17.3,17.3,27.37901333,9.0350743989,18.3439389311,0.0438,0.0938,0.07504
2020-11-23 10:00:00,2020-11-23,10,oos,train,1.2564166,1.2564166,15.21,15.21,24.21536889,7.991071733700001,16.224297156299997,0.0446499999999999,0.0946499999999999,0.07571999999999993
2020-11-23 11:00:00,2020-11-23,11,oos,train,0.5752222,0.5752222,4.05,4.05,15.11030222,4.9863997326,10.123902487399999,0.0453999999999999,0.0953999999999999,0.07631999999999993
2020-11-23 12:00:00,2020-11-23,12,oos,train,1.6149999999999998,1.6149999999999998,8.89,8.89,12.04469667,3.9747499011000005,8.0699467689,0.0450799999999999,0.0950799999999999,0.07606399999999992
2020-11-23 13:00:00,2020-11-23,13,oos,train,0.8512111,0.8512111,11.59,11.59,20.15488667,6.6511126011,13.503774068899999,0.0471,0.0971,0.07768000000000001
2020-11-23 14:00:00,2020-11-23,14,oos,train,0.0,0.0,9.67,9.67,20.54626,6.7802658000000005,13.765994199999998,0.047,0.097,0.0776
2020-11-23 15:00:00,2020-11-23,15,oos,train,0.0,0.0,7.5,7.5,22.45312222,7.409530332600001,15.0435918874,0.04732,0.09732,0.07785600000000001
2020-11-23 16:00:00,2020-11-23,16,oos,train,0.0,0.0,5.0,5.0,25.67951111,8.4742386663,17.205272443699997,0.0564799999999999,0.10647999999999991,0.08518399999999993
2020-11-23 17:00:00,2020-11-23,17,oos,train,0.0,0.0,10.93,10.93,28.54808,9.4208664,19.127213599999997,0.05797,0.10797000000000001,0.08637600000000001
2020-11-23 18:00:00,2020-11-23,18,oos,train,0.0,0.0,27.69,27.69,27.25028,8.992592400000001,18.257687599999997,0.05915,0.10915,0.08732000000000001
2020-11-23 19:00:00,2020-11-23,19,oos,train,0.0,0.0,20.52,20.52,28.03,9.2499,18.780099999999997,0.05307,0.10307,0.082456
2020-11-23 20:00:00,2020-11-23,20,oos,train,0.0,0.0,18.43,18.43,23.20734889,7.6584251337,15.548923756299997,0.04902,0.09902,0.07921600000000001
2020-11-23 21:00:00,2020-11-23,21,oos,train,0.0,0.0,39.56,39.56,24.17078444,7.9763588652,16.194425574799997,0.04103,0.09103,0.072824
2020-11-23 22:00:00,2020-11-23,22,oos,train,0.0,0.0,26.16,26.16,22.78933778,7.520481467400001,15.268856312599999,0.03197,0.08197,0.06557600000000001
2020-11-23 23:00:00,2020-11-23,23,oos,train,0.0,0.0,15.05,15.05,20.77454444,6.855599665200001,13.918944774799998,0.02643,0.07643,0.061144000000000004
2020-11-24 00:00:00,2020-11-24,0,oos,train,0.0,0.0,-0.27,0.0,18.43281889,6.0828302337,12.349988656299999,0.02632,0.07632,0.061056
2020-11-24 01:00:00,2020-11-24,1,oos,train,0.0,0.0,3.83,3.83,20.48666667,6.760600001100001,13.7260666689,0.02643,0.07643,0.061144000000000004
2020-11-24 02:00:00,2020-11-24,2,oos,train,0.0,0.0,10.55,10.55,21.07565556,6.954966334800001,14.1206892252,0.0265399999999999,0.0765399999999999,0.061231999999999925
2020-11-24 03:00:00,2020-11-24,3,oos,train,0.0,0.0,5.02,5.02,23.71145333,7.824779598900001,15.886673731099998,0.03499,0.08499000000000001,0.06799200000000001
2020-11-24 04:00:00,2020-11-24,4,oos,train,0.0,0.0,1.93,1.93,19.87564222,6.5589619326,13.316680287399999,0.04751,0.09751,0.07800800000000001
2020-11-24 05:00:00,2020-11-24,5,oos,train,0.0,0.0,15.07,15.07,21.49878,7.0945974000000005,14.404182599999999,0.06249,0.11249,0.08999200000000002
2020-11-24 06:00:00,2020-11-24,6,oos,train,0.0,0.0,2.62,2.62,21.91460889,7.231820933700001,14.682787956299999,0.06955,0.11955,0.09564
2020-11-24 07:00:00,2020-11-24,7,oos,train,0.0,0.0,0.27,0.27,24.62324889,8.1256721337,16.4975767563,0.0795,0.1295,0.10360000000000001
2020-11-24 08:00:00,2020-11-24,8,oos,train,0.2758182,0.2758182,6.13,6.13,24.87226222,8.2078465326,16.6644156874,0.07854,0.12854,0.10283199999999999
2020-11-24 09:00:00,2020-11-24,9,oos,train,11.903166900000002,11.903166900000002,11.83,11.83,27.34677111,9.0244344663,18.322336643699998,0.07843,0.12843,0.102744
2020-11-24 10:00:00,2020-11-24,10,oos,train,24.029667,24.029667,-0.0,0.0,22.94953778,7.5733474674000005,15.376190312599999,0.07768,0.12768000000000002,0.10214400000000001
2020-11-24 11:00:00,2020-11-24,11,oos,train,15.54025,15.54025,-0.13,0.0,18.73234667,6.1816744010999995,12.550672268899998,0.0798199999999999,0.1298199999999999,0.10385599999999993
2020-11-24 12:00:00,2020-11-24,12,oos,train,0.5511667,0.5511667,-0.36,0.0,18.69894889,6.1706531337,12.528295756299999,0.07993,0.12993,0.103944
2020-11-24 13:00:00,2020-11-24,13,oos,train,0.0,0.0,-0.18,0.0,25.12226222,8.290346532600001,16.8319156874,0.07693,0.12693,0.101544
2020-11-24 14:00:00,2020-11-24,14,oos,train,0.0,0.0,-0.09,0.0,23.76128444,7.841223865200001,15.920060574799999,0.08581,0.13581,0.108648
2020-11-24 15:00:00,2020-11-24,15,oos,train,0.0,0.0,-0.06,0.0,27.77236444,9.1648802652,18.6074841748,0.08806,0.13806000000000002,0.11044800000000002
2020-11-24 16:00:00,2020-11-24,16,oos,train,0.0,0.0,-0.0,0.0,21.72718,7.1699694,14.5572106,0.08667,0.13667,0.10933600000000002
2020-11-24 17:00:00,2020-11-24,17,oos,train,0.0,0.0,-0.0,0.0,21.17781111,6.9886776663,14.1891334437,0.08581,0.13581,0.108648
2020-11-24 18:00:00,2020-11-24,18,oos,train,0.0,0.0,0.68,0.68,22.01639556,7.2654105348,14.750985025199999,0.07426,0.12426000000000001,0.09940800000000001
2020-11-24 19:00:00,2020-11-24,19,oos,train,0.0,0.0,11.71,11.71,23.78395556,7.8487053348,15.935250225199997,0.06901,0.11901,0.09520800000000001
2020-11-24 20:00:00,2020-11-24,20,oos,train,0.0,0.0,3.92,3.92,28.66256667,9.458647001100001,19.2039196689,0.06388,0.11388000000000001,0.09110400000000002
2020-11-24 21:00:00,2020-11-24,21,oos,train,0.0,0.0,-0.28,0.0,27.54273111,9.0891012663,18.453629843699996,0.05339,0.10339000000000001,0.08271200000000001
2020-11-24 22:00:00,2020-11-24,22,oos,train,0.0,0.0,-0.24,0.0,23.14573556,7.6380927348,15.507642825199998,0.0471899999999999,0.0971899999999999,0.07775199999999993
2020-11-24 23:00:00,2020-11-24,23,oos,train,0.0,0.0,-0.31,0.0,20.51075333,6.768548598900001,13.7422047311,0.0456499999999999,0.0956499999999999,0.07651999999999992
2020-11-25 00:00:00,2020-11-25,0,oos,train,0.0,0.0,3.09,3.09,16.58346889,5.4725447336999995,11.110924156299998,0.04416,0.09416,0.075328
2020-11-25 01:00:00,2020-11-25,1,oos,train,0.0,0.0,-0.25,0.0,19.48034222,6.4285129326,13.051829287399999,0.04341,0.09340999999999999,0.074728
2020-11-25 02:00:00,2020-11-25,2,oos,train,0.0,0.0,-0.26,0.0,17.56037778,5.7949246674,11.765453112599998,0.04255,0.09255,0.07404
2020-11-25 03:00:00,2020-11-25,3,oos,train,0.0,0.0,-0.31,0.0,18.28042667,6.032540801100001,12.2478858689,0.04341,0.09340999999999999,0.074728
2020-11-25 04:00:00,2020-11-25,4,oos,train,0.0,0.0,-0.27,0.0,20.53305556,6.7759083348,13.757147225199999,0.04865,0.09865,0.07892
2020-11-25 05:00:00,2020-11-25,5,oos,train,0.0,0.0,-0.27,0.0,19.88764444,6.5629226652,13.324721774799999,0.05667,0.10667,0.08533600000000001
2020-11-25 06:00:00,2020-11-25,6,oos,train,0.0,0.0,-0.25,0.0,21.26230667,7.016561201100001,14.2457454689,0.06747,0.11747,0.093976
2020-11-25 07:00:00,2020-11-25,7,oos,train,0.0,0.0,-0.26,0.0,23.21386667,7.660576001100001,15.553290668899999,0.06886,0.11886000000000001,0.095088
2020-11-25 08:00:00,2020-11-25,8,oos,train,0.079875,0.079875,7.96,7.96,22.71263778,7.495170467400001,15.2174673126,0.06843,0.11843000000000001,0.09474400000000001
2020-11-25 09:00:00,2020-11-25,9,oos,train,0.4460834,0.4460834,7.35,7.35,26.19968444,8.6458958652,17.5537885748,0.06394,0.11394,0.09115200000000001
2020-11-25 10:00:00,2020-11-25,10,oos,train,0.2984,0.2984,20.15,20.15,23.25868,7.675364399999999,15.583315599999997,0.06586,0.11586,0.092688
2020-11-25 11:00:00,2020-11-25,11,oos,train,0.0,0.0,2.78,2.78,18.29138556,6.0361572348,12.255228325199997,0.0634,0.1134,0.09072000000000001
2020-11-25 12:00:00,2020-11-25,12,oos,train,1.2954166,1.2954166,2.14,2.14,16.86953667,5.5669471011,11.302589568899998,0.06683,0.11683,0.093464
2020-11-25 13:00:00,2020-11-25,13,oos,train,0.0178333,0.0178333,1.52,1.52,21.08705333,6.9587275989,14.128325731099999,0.06768,0.11768,0.094144
2020-11-25 14:00:00,2020-11-25,14,oos,train,0.0,0.0,-0.32,0.0,23.03585778,7.6018330674,15.4340247126,0.06789,0.11789000000000001,0.094312
2020-11-25 15:00:00,2020-11-25,15,oos,train,0.0,0.0,-0.3,0.0,28.07999778,9.2663992674,18.8135985126,0.06704,0.11704,0.093632
2020-11-25 16:00:00,2020-11-25,16,oos,train,0.0,0.0,-0.27,0.0,25.52561556,8.4234531348,17.102162425199996,0.06736,0.11736,0.09388800000000001
2020-11-25 17:00:00,2020-11-25,17,oos,train,0.0,0.0,-0.27,0.0,24.29456444,8.0172062652,16.277358174799996,0.06447,0.11447,0.091576
2020-11-25 18:00:00,2020-11-25,18,oos,train,0.0,0.0,-0.29,0.0,27.11542444,8.9480900652,18.1673343748,0.06672,0.11672,0.09337600000000001
2020-11-25 19:00:00,2020-11-25,19,oos,train,0.0,0.0,-0.26,0.0,33.83585778,11.1658330674,22.670024712599997,0.0603,0.11030000000000001,0.08824000000000001
2020-11-25 20:00:00,2020-11-25,20,oos,train,0.0,0.0,-0.29,0.0,31.57103556,10.4184417348,21.152593825199997,0.0603,0.11030000000000001,0.08824000000000001
2020-11-25 21:00:00,2020-11-25,21,oos,train,0.0,0.0,-0.33,0.0,26.18452667,8.6408938011,17.543632868899998,0.05325,0.10325000000000001,0.0826
2020-11-25 22:00:00,2020-11-25,22,oos,train,0.0,0.0,-0.3,0.0,20.99352667,6.927863801100001,14.065662868899999,0.0473699999999999,0.0973699999999999,0.07789599999999992
2020-11-25 23:00:00,2020-11-25,23,oos,train,0.0,0.0,-0.3,0.0,21.89293778,7.224669467400001,14.668268312599999,0.04538,0.09537999999999999,0.076304
2020-11-26 00:00:00,2020-11-26,0,oos,train,0.0,0.0,23.77,23.77,14.94101,4.9305333000000005,10.0104767,0.04581,0.09581,0.07664800000000001
2020-11-26 01:00:00,2020-11-26,1,oos,train,0.0,0.0,33.98,33.98,20.7378,6.8434740000000005,13.894325999999998,0.04602,0.09602,0.076816
2020-11-26 02:00:00,2020-11-26,2,oos,train,0.0,0.0,2.83,2.83,18.22205111,6.0132768663,12.208774243699997,0.04824,0.09824,0.078592
2020-11-26 03:00:00,2020-11-26,3,oos,train,0.0,0.0,7.14,7.14,19.87284889,6.5580401337000005,13.314808756299998,0.05385,0.10385,0.08308
2020-11-26 04:00:00,2020-11-26,4,oos,train,0.0,0.0,0.78,0.78,19.26730667,6.3582112011000005,12.909095468899999,0.05988,0.10988,0.08790400000000001
2020-11-26 05:00:00,2020-11-26,5,oos,train,0.0,0.0,13.04,13.04,17.74580667,5.856116201100001,11.8896904689,0.06538,0.11538,0.092304
2020-11-26 06:00:00,2020-11-26,6,oos,train,0.0,0.0,10.53,10.53,21.0604,6.949932,14.110468,0.06823,0.11823,0.094584
2020-11-26 07:00:00,2020-11-26,7,oos,train,0.0,0.0,12.7,12.7,28.96719778,9.5591752674,19.4080225126,0.07987,0.12986999999999999,0.10389599999999999
2020-11-26 08:00:00,2020-11-26,8,oos,train,0.0,0.0,9.02,9.02,25.69433111,8.479129266300001,17.215201843699997,0.08474,0.13474,0.107792
2020-11-26 09:00:00,2020-11-26,9,oos,train,0.4461667,0.4461667,4.68,4.68,27.17099556,8.9664285348,18.2045670252,0.08717,0.13717000000000001,0.10973600000000001
2020-11-26 10:00:00,2020-11-26,10,oos,train,0.9690758,0.9690758,-0.36,0.0,22.23491556,7.3375221348,14.897393425199999,0.08823,0.13823000000000002,0.11058400000000002
2020-11-26 11:00:00,2020-11-26,11,oos,train,4.5617498,4.5617498,3.28,3.28,19.08538889,6.2981783337,12.7872105563,0.08823,0.13823000000000002,0.11058400000000002
2020-11-26 12:00:00,2020-11-26,12,oos,train,4.3403332,4.3403332,8.94,8.94,18.27238778,6.0298879674,12.242499812599998,0.08791,0.13791,0.11032800000000001
2020-11-26 13:00:00,2020-11-26,13,oos,train,1.0948181,1.0948181,7.62,7.62,23.13716444,7.6352642652,15.501900174799998,0.08495,0.13495000000000001,0.10796000000000001
2020-11-26 14:00:00,2020-11-26,14,oos,train,0.0,0.0,13.53,13.53,22.9152,7.562016,15.353183999999997,0.08315,0.13315,0.10652
2020-11-26 15:00:00,2020-11-26,15,oos,train,0.0,0.0,8.92,8.92,25.92506222,8.555270532600002,17.3697916874,0.08664,0.13663999999999998,0.10931199999999999
2020-11-26 16:00:00,2020-11-26,16,oos,train,0.0,0.0,1.99,1.99,24.13958222,7.966062132600001,16.1735200874,0.08453,0.13452999999999998,0.107624
2020-11-26 17:00:00,2020-11-26,17,oos,train,0.0,0.0,10.47,10.47,23.48454889,7.7499011337,15.734647756299998,0.07479,0.12479,0.099832
2020-11-26 18:00:00,2020-11-26,18,oos,train,0.0,0.0,11.0,11.0,24.12529111,7.9613460663,16.163945043699997,0.07194,0.12194,0.09755200000000001
2020-11-26 19:00:00,2020-11-26,19,oos,train,0.0,0.0,13.26,13.26,29.78846222,9.8301925326,19.958269687399998,0.06802,0.11802,0.094416
2020-11-26 20:00:00,2020-11-26,20,oos,train,0.0,0.0,18.85,18.85,32.0658,10.581714000000002,21.484086,0.07204,0.12204000000000001,0.09763200000000001
2020-11-26 21:00:00,2020-11-26,21,oos,train,0.0,0.0,28.03,28.03,28.11045556,9.2764503348,18.8340052252,0.07289,0.12289,0.09831200000000001
2020-11-26 22:00:00,2020-11-26,22,oos,train,0.0,0.0,33.04,33.04,23.79764444,7.8532226652,15.944421774799999,0.07374,0.12374,0.09899200000000001
2020-11-26 23:00:00,2020-11-26,23,oos,train,0.0,0.0,21.7,21.7,22.50649333,7.427142798900001,15.0793505311,0.08009,0.13008999999999998,0.104072
2020-11-27 00:00:00,2020-11-27,0,oos,train,0.0,0.0,19.56,19.56,16.713639999999998,5.515501199999999,11.198138799999997,0.0783,0.1283,0.10264000000000001
2020-11-27 01:00:00,2020-11-27,1,oos,train,0.0,0.0,17.82,17.82,19.93484,6.578497200000001,13.3563428,0.0756599999999999,0.12565999999999988,0.10052799999999991
2020-11-27 02:00:00,2020-11-27,2,oos,train,0.0,0.0,19.43,19.43,19.90090444,6.5672984652,13.3336059748,0.07418,0.12418,0.099344
2020-11-27 03:00:00,2020-11-27,3,oos,train,0.0,0.0,37.98,37.98,19.74487556,6.515808934800001,13.2290666252,0.07323,0.12323,0.098584
2020-11-27 04:00:00,2020-11-27,4,oos,train,0.0,0.0,37.78,37.78,20.48388222,6.759681132600001,13.724201087399999,0.07513,0.12513000000000002,0.10010400000000003
2020-11-27 05:00:00,2020-11-27,5,oos,train,0.0,0.0,44.11,44.11,20.57766222,6.7906285326,13.7870336874,0.08094,0.13094,0.10475200000000001
2020-11-27 06:00:00,2020-11-27,6,oos,train,0.0,0.0,38.93,38.93,22.25190889,7.3431299337,14.908778956299997,0.0952099999999999,0.1452099999999999,0.11616799999999992
2020-11-27 07:00:00,2020-11-27,7,oos,train,0.0,0.0,31.75,31.75,29.63362444,9.7790960652,19.854528374799997,0.09827,0.14827,0.11861600000000001
2020-11-27 08:00:00,2020-11-27,8,oos,train,0.7827909,0.7827909,14.88,14.88,21.88602,7.2223866,14.663633399999997,0.09859,0.14859,0.118872
2020-11-27 09:00:00,2020-11-27,9,oos,train,2.5461666000000003,2.5461666000000003,16.19,16.19,20.10081556,6.633269134800001,13.467546425199998,0.09943,0.14943,0.11954400000000001
2020-11-27 10:00:00,2020-11-27,10,oos,train,0.0,0.0,-0.08,0.0,26.18548444,8.6412098652,17.5442745748,0.09795,0.14795,0.11836
2020-11-27 11:00:00,2020-11-27,11,oos,train,8.8435833,8.8435833,4.48,4.48,18.16626111,5.9948661663000005,12.1713949437,0.0978499999999999,0.1478499999999999,0.11827999999999993
2020-11-27 12:00:00,2020-11-27,12,oos,train,1.6133333000000003,1.6133333000000003,2.69,2.69,18.83878889,6.2168003337,12.621988556299998,0.09764,0.14764,0.118112
2020-11-27 13:00:00,2020-11-27,13,oos,train,0.965,0.965,7.65,7.65,21.01595333,6.9352645989,14.080688731099997,0.0973199999999999,0.1473199999999999,0.11785599999999992
2020-11-27 14:00:00,2020-11-27,14,oos,train,0.0,0.0,10.63,10.63,24.36403778,8.040132467400001,16.323905312599997,0.09911,0.14911000000000002,0.11928800000000002
2020-11-27 15:00:00,2020-11-27,15,oos,train,0.0,0.0,9.96,9.96,23.39765111,7.721224866300001,15.6764262437,0.09964,0.14964,0.119712
2020-11-27 16:00:00,2020-11-27,16,oos,train,0.0,0.0,12.32,12.32,22.03421333,7.271290398900001,14.762922931099999,0.09975,0.14975,0.1198
2020-11-27 17:00:00,2020-11-27,17,oos,train,0.0,0.0,13.09,13.09,22.97406222,7.5814405326,15.392621687399998,0.09954,0.14954,0.11963200000000002
2020-11-27 18:00:00,2020-11-27,18,oos,train,0.0,0.0,7.14,7.14,22.09397778,7.2910126674,14.802965112599997,0.0989,0.1489,0.11912
2020-11-27 19:00:00,2020-11-27,19,oos,train,0.0,0.0,8.92,8.92,28.07627556,9.2651709348,18.8111046252,0.09658,0.14658,0.117264
2020-11-27 20:00:00,2020-11-27,20,oos,train,0.0,0.0,7.92,7.92,23.73936,7.833988800000001,15.9053712,0.0969,0.1469,0.11752000000000001
2020-11-27 21:00:00,2020-11-27,21,oos,train,0.0,0.0,5.74,5.74,22.86395333,7.545104598900001,15.3188487311,0.09573,0.14573,0.11658400000000001
2020-11-27 22:00:00,2020-11-27,22,oos,train,0.0,0.0,5.47,5.47,17.15694889,5.6617931337,11.495155756299997,0.09225,0.14225,0.1138
2020-11-27 23:00:00,2020-11-27,23,oos,train,0.0,0.0,-0.14,0.0,17.63737111,5.8203324663,11.817038643699998,0.10258,0.15258,0.122064
2020-11-28 00:00:00,2020-11-28,0,oos,train,0.0,0.0,-0.42,0.0,16.02642,5.288718600000001,10.7377014,0.10205,0.15205000000000002,0.12164000000000003
2020-11-28 01:00:00,2020-11-28,1,oos,train,0.0,0.0,9.34,9.34,24.58982444,8.1146420652,16.4751823748,0.10163,0.15163,0.121304
2020-11-28 02:00:00,2020-11-28,2,oos,train,0.0,0.0,1.85,1.85,22.43544,7.4036952000000005,15.031744799999998,0.10142,0.15142,0.12113600000000001
2020-11-28 03:00:00,2020-11-28,3,oos,train,0.0,0.0,-0.42,0.0,22.25253333,7.3433359989,14.909197331099998,0.10131,0.15131,0.121048
2020-11-28 04:00:00,2020-11-28,4,oos,train,0.0,0.0,-0.51,0.0,22.18863333,7.3222489989,14.866384331099997,0.10142,0.15142,0.12113600000000001
2020-11-28 05:00:00,2020-11-28,5,oos,train,0.0,0.0,-0.42,0.0,26.47439778,8.736551267400001,17.737846512599997,0.10216,0.15216000000000002,0.12172800000000002
2020-11-28 06:00:00,2020-11-28,6,oos,train,0.0,0.0,3.45,3.45,27.91113111,9.2106732663,18.700457843699997,0.103,0.153,0.12240000000000001
2020-11-28 07:00:00,2020-11-28,7,oos,train,0.0,0.0,16.68,16.68,31.52953778,10.4047474674,21.1247903126,0.10406,0.15406,0.12324800000000001
2020-11-28 08:00:00,2020-11-28,8,oos,train,0.6323333,0.6323333,17.05,17.05,29.71410889,9.8056559337,19.908452956299996,0.10734,0.15734,0.125872
2020-11-28 09:00:00,2020-11-28,9,oos,train,15.8735835,15.8735835,4.94,4.94,30.42878667,10.0414996011,20.387287068899997,0.11177,0.16177,0.129416
2020-11-28 10:00:00,2020-11-28,10,oos,train,24.148167,24.148167,1.17,1.17,22.76128889,7.511225333700001,15.250063556299999,0.1114599999999999,0.1614599999999999,0.12916799999999992
2020-11-28 11:00:00,2020-11-28,11,oos,train,25.8895,25.8895,-0.39,0.0,25.11566667,8.288170001100001,16.827496668899997,0.10945,0.15945,0.12756
2020-11-28 12:00:00,2020-11-28,12,oos,train,20.4393335,20.4393335,2.03,2.03,23.24531111,7.6709526663,15.574358443699998,0.1067,0.1567,0.12536
2020-11-28 13:00:00,2020-11-28,13,oos,train,2.60875,2.60875,18.08,18.08,26.86254667,8.8646404011,17.9979062689,0.10543,0.15543,0.12434400000000001
2020-11-28 14:00:00,2020-11-28,14,oos,train,0.0,0.0,9.98,9.98,30.47666444,10.057299265200001,20.4193651748,0.1070199999999999,0.1570199999999999,0.12561599999999992
2020-11-28 15:00:00,2020-11-28,15,oos,train,0.0,0.0,-0.0,0.0,29.41697333,9.7076011989,19.7093721311,0.10903,0.15903,0.127224
2020-11-28 16:00:00,2020-11-28,16,oos,train,0.0,0.0,18.98,18.98,27.55236,9.0922788,18.460081199999998,0.11029,0.16029,0.12823199999999998
2020-11-28 17:00:00,2020-11-28,17,oos,train,0.0,0.0,2.49,2.49,22.58244222,7.452205932600001,15.130236287399999,0.1070199999999999,0.1570199999999999,0.12561599999999992
2020-11-28 18:00:00,2020-11-28,18,oos,train,0.0,0.0,5.17,5.17,32.11853333,10.5991159989,21.519417331099998,0.10448,0.15448,0.12358400000000001
2020-11-28 19:00:00,2020-11-28,19,oos,train,0.0,0.0,15.61,15.61,29.74839333,9.8169697989,19.9314235311,0.10311,0.15311,0.122488
2020-11-28 20:00:00,2020-11-28,20,oos,train,0.0,0.0,10.03,10.03,27.54612444,9.0902210652,18.4559033748,0.10248,0.15248,0.12198400000000001
2020-11-28 21:00:00,2020-11-28,21,oos,train,0.0,0.0,5.94,5.94,27.45016667,9.0585550011,18.391611668899998,0.10184,0.15184,0.12147200000000001
2020-11-28 22:00:00,2020-11-28,22,oos,train,0.0,0.0,4.9,4.9,24.04616444,7.9352342652,16.110930174799996,0.1011,0.1511,0.12088000000000002
2020-11-28 23:00:00,2020-11-28,23,oos,train,0.0,0.0,3.96,3.96,19.58068222,6.4616251326,13.119057087399998,0.10967,0.15967,0.12773600000000002
2020-11-29 00:00:00,2020-11-29,0,oos,train,0.0,0.0,17.16,17.16,18.13424667,5.9843014011,12.149945268899998,0.10914,0.15914,0.127312
2020-11-29 01:00:00,2020-11-29,1,oos,train,0.0,0.0,-0.03,0.0,23.28464,7.6839312,15.600708799999998,0.10914,0.15914,0.127312
2020-11-29 02:00:00,2020-11-29,2,oos,train,0.0,0.0,4.14,4.14,21.26980667,7.0190362011000005,14.250770468899999,0.10956,0.15956,0.127648
2020-11-29 03:00:00,2020-11-29,3,oos,train,0.0,0.0,10.96,10.96,25.53548444,8.426709865200001,17.108774574799998,0.10956,0.15956,0.127648
2020-11-29 04:00:00,2020-11-29,4,oos,train,0.0,0.0,16.49,16.49,20.53946,6.778021799999999,13.761438199999997,0.11125,0.16125,0.129
2020-11-29 05:00:00,2020-11-29,5,oos,train,0.0,0.0,18.12,18.12,18.66894667,6.160752401100001,12.508194268899999,0.11591,0.16591,0.132728
2020-11-29 06:00:00,2020-11-29,6,oos,train,0.0,0.0,13.29,13.29,21.36273556,7.0497027348,14.313032825199999,0.11644,0.16644,0.13315200000000002
2020-11-29 07:00:00,2020-11-29,7,oos,train,0.0,0.0,6.6,6.6,26.01372667,8.5845298011,17.4291968689,0.1220499999999999,0.1720499999999999,0.13763999999999993
2020-11-29 08:00:00,2020-11-29,8,oos,train,0.9579167,0.9579167,7.62,7.62,28.90369333,9.538218798900001,19.3654745311,0.1248,0.1748,0.13984000000000002
2020-11-29 09:00:00,2020-11-29,9,oos,train,15.8795,15.8795,5.55,5.55,29.63133111,9.778339266300001,19.8529918437,0.1285099999999999,0.1785099999999999,0.1428079999999999
2020-11-29 10:00:00,2020-11-29,10,oos,train,23.9620835,23.9620835,-0.39,0.0,25.192,8.313360000000001,16.878639999999997,0.12862,0.17862,0.142896
2020-11-29 11:00:00,2020-11-29,11,oos,train,24.950583,24.950583,-0.39,0.0,20.62369333,6.8058187989,13.817874531099998,0.12068,0.17068,0.136544
2020-11-29 12:00:00,2020-11-29,12,oos,train,13.768583,13.768583,-0.35,0.0,25.33273333,8.3598019989,16.9729313311,0.11909,0.16909000000000002,0.13527200000000003
2020-11-29 13:00:00,2020-11-29,13,oos,train,2.411,2.411,-0.42,0.0,27.42962444,9.0517760652,18.3778483748,0.11941,0.16941,0.135528
2020-11-29 14:00:00,2020-11-29,14,oos,train,0.0,0.0,-0.51,0.0,35.75396667,11.7988090011,23.955157668899997,0.12131,0.17131000000000002,0.13704800000000003
2020-11-29 15:00:00,2020-11-29,15,oos,train,0.0,0.0,-0.4,0.0,27.86596222,9.1957675326,18.6701946874,0.12279,0.17279,0.138232
2020-11-29 16:00:00,2020-11-29,16,oos,train,0.0,0.0,-0.45,0.0,26.94470667,8.8917532011,18.052953468899997,0.12502,0.17502,0.140016
2020-11-29 17:00:00,2020-11-29,17,oos,train,0.0,0.0,-0.41,0.0,24.47400889,8.0764229337,16.3975859563,0.12343,0.17343,0.138744
2020-11-29 18:00:00,2020-11-29,18,oos,train,0.0,0.0,-0.39,0.0,28.70094889,9.4713131337,19.2296357563,0.12184,0.17184,0.137472
2020-11-29 19:00:00,2020-11-29,19,oos,train,0.0,0.0,-0.43,0.0,29.94086667,9.8804860011,20.060380668899995,0.11919,0.16919,0.135352
2020-11-29 20:00:00,2020-11-29,20,oos,train,0.0,0.0,-0.42,0.0,27.00314889,8.9110391337,18.092109756299998,0.11517,0.16516999999999998,0.132136
2020-11-29 21:00:00,2020-11-29,21,oos,train,0.0,0.0,-0.44,0.0,33.04347778,10.904347667400001,22.1391301126,0.11009,0.16009,0.12807200000000002
2020-11-29 22:00:00,2020-11-29,22,oos,train,0.0,0.0,-0.44,0.0,25.86724667,8.5361914011,17.3310552689,0.10564,0.15564,0.12451200000000001
2020-11-29 23:00:00,2020-11-29,23,oos,train,0.0,0.0,-0.42,0.0,19.99177556,6.5972859348,13.394489625199999,0.10268,0.15267999999999998,0.12214399999999999
2020-11-30 00:00:00,2020-11-30,0,oos,train,0.0,0.0,-0.4,0.0,18.63505333,6.149567598900001,12.485485731099999,0.10194,0.15194000000000002,0.12155200000000002
2020-11-30 01:00:00,2020-11-30,1,oos,train,0.0,0.0,-0.41,0.0,23.99598889,7.918676333700001,16.077312556299997,0.10152,0.15152,0.12121599999999999
2020-11-30 02:00:00,2020-11-30,2,oos,train,0.0,0.0,-0.35,0.0,25.49358444,8.4128828652,17.0807015748,0.10141,0.15141,0.121128
2020-11-30 03:00:00,2020-11-30,3,oos,train,0.0,0.0,-0.37,0.0,21.29918667,7.0287316011000005,14.270455068899999,0.10183,0.15183000000000002,0.12146400000000002
2020-11-30 04:00:00,2020-11-30,4,oos,train,0.0,0.0,-0.36,0.0,20.77797778,6.8567326674,13.9212451126,0.10205,0.15205000000000002,0.12164000000000003
2020-11-30 05:00:00,2020-11-30,5,oos,train,0.0,0.0,-0.31,0.0,20.35746667,6.7179640011,13.639502668899999,0.10437,0.15437,0.12349600000000001
2020-11-30 06:00:00,2020-11-30,6,oos,train,0.0,0.0,-0.35,0.0,22.67185333,7.4817115989000005,15.190141731099999,0.11252,0.16252,0.130016
2020-11-30 07:00:00,2020-11-30,7,oos,train,0.0,0.0,-0.4,0.0,27.13979333,8.9561317989,18.183661531099997,0.12046,0.17046,0.13636800000000002
2020-11-30 08:00:00,2020-11-30,8,oos,train,0.0,0.0,-0.36,0.0,28.85217333,9.5212171989,19.3309561311,0.1248,0.1748,0.13984000000000002
2020-11-30 09:00:00,2020-11-30,9,oos,train,0.3375834,0.3375834,-0.47,0.0,28.55572,9.4233876,19.1323324,0.12555,0.17554999999999998,0.14043999999999998
2020-11-30 10:00:00,2020-11-30,10,oos,train,0.3996667,0.3996667,-0.41,0.0,21.67781778,7.153679867400001,14.524137912599999,0.1238499999999999,0.1738499999999999,0.13907999999999993
2020-11-30 11:00:00,2020-11-30,11,oos,train,0.0473636,0.0473636,-0.14,0.0,23.31625778,7.694365067400001,15.6218927126,0.12322,0.17321999999999999,0.138576
2020-11-30 12:00:00,2020-11-30,12,oos,train,0.0199999999999999,0.0199999999999999,-0.23,0.0,26.61089333,8.7815947989,17.829298531099997,0.12311,0.17310999999999999,0.138488
2020-11-30 13:00:00,2020-11-30,13,oos,train,0.0,0.0,-0.46,0.0,27.02493778,8.9182294674,18.1067083126,0.12311,0.17310999999999999,0.138488
2020-11-30 14:00:00,2020-11-30,14,oos,train,0.0,0.0,6.43,6.43,27.25626222,8.9945665326,18.2616956874,0.12311,0.17310999999999999,0.138488
2020-11-30 15:00:00,2020-11-30,15,oos,train,0.0,0.0,15.71,15.71,27.77430222,9.1655197326,18.6087824874,0.11972,0.16971999999999998,0.13577599999999998
2020-11-30 16:00:00,2020-11-30,16,oos,train,0.0,0.0,14.19,14.19,23.39895556,7.7216553348,15.6773002252,0.11612,0.16612,0.132896
2020-11-30 17:00:00,2020-11-30,17,oos,train,0.0,0.0,12.71,12.71,20.26977333,6.6890251989000005,13.580748131099998,0.11454,0.16454000000000002,0.13163200000000003
2020-11-30 18:00:00,2020-11-30,18,oos,train,0.0,0.0,9.2,9.2,24.33160889,8.0294309337,16.302177956299996,0.1115699999999999,0.1615699999999999,0.12925599999999993
2020-11-30 19:00:00,2020-11-30,19,oos,train,0.0,0.0,9.71,9.71,31.85473333,10.5120619989,21.342671331099996,0.10903,0.15903,0.127224
2020-11-30 20:00:00,2020-11-30,20,oos,train,0.0,0.0,16.06,16.06,31.24252889,10.3100345337,20.932494356299998,0.10808,0.15808,0.126464
2020-11-30 21:00:00,2020-11-30,21,oos,train,0.0,0.0,18.68,18.68,31.58824667,10.4241214011,21.164125268899998,0.1071299999999999,0.1571299999999999,0.12570399999999993
2020-11-30 22:00:00,2020-11-30,22,oos,train,0.0,0.0,16.52,16.52,27.31623778,9.014358467400001,18.3018793126,0.10533,0.15533,0.124264
2020-11-30 23:00:00,2020-11-30,23,oos,train,0.0,0.0,-0.0,0.0,20.14743111,6.6486522663,13.498778843699998,0.10698,0.15698,0.125584
2020-12-01 00:00:00,2020-12-01,0,oos,train,0.0,0.0,-0.0,0.0,18.76896,6.1937568,12.575203199999999,0.10571,0.15571000000000002,0.12456800000000001
2020-12-01 01:00:00,2020-12-01,1,oos,train,0.0,0.0,-0.0,0.0,22.14511556,7.307888134800001,14.837227425199998,0.10497,0.15497,0.123976
2020-12-01 02:00:00,2020-12-01,2,oos,train,0.0,0.0,-0.0,0.0,21.08712667,6.9587518011,14.128374868899998,0.10487,0.15487,0.123896
2020-12-01 03:00:00,2020-12-01,3,oos,train,0.0,0.0,-0.0,0.0,21.37099556,7.052428534800001,14.318567025199998,0.10592,0.15592,0.12473600000000001
2020-12-01 04:00:00,2020-12-01,4,oos,train,0.0,0.0,-0.0,0.0,22.35651778,7.377650867400001,14.9788669126,0.10814,0.15814,0.126512
2020-12-01 05:00:00,2020-12-01,5,oos,train,0.0,0.0,-0.0,0.0,20.70213778,6.831705467400001,13.870432312599998,0.11583,0.16583,0.132664
2020-12-01 06:00:00,2020-12-01,6,oos,train,0.0,0.0,-0.53,0.0,20.81712889,6.8696525337,13.947476356299997,0.11973,0.16973,0.135784
2020-12-01 07:00:00,2020-12-01,7,oos,train,0.0,0.0,-0.23,0.0,25.20531556,8.3177541348,16.887561425199998,0.1211,0.1711,0.13688
2020-12-01 08:00:00,2020-12-01,8,oos,train,0.0,0.0,-0.39,0.0,24.58560222,8.1132487326,16.472353487399996,0.11699,0.16699,0.13359200000000002
2020-12-01 09:00:00,2020-12-01,9,oos,train,0.2266249999999999,0.2266249999999999,-0.23,0.0,26.06672889,8.602020533700001,17.464708356299997,0.11773,0.16773,0.134184
2020-12-01 10:00:00,2020-12-01,10,oos,train,0.0,0.0,-0.16,0.0,21.09342222,6.9608293326,14.1325928874,0.11857,0.16857,0.134856
2020-12-01 11:00:00,2020-12-01,11,oos,train,4.9314166,4.9314166,-0.4,0.0,17.19569778,5.6745802674000005,11.521117512599998,0.11825,0.16825,0.13460000000000003
2020-12-01 12:00:00,2020-12-01,12,oos,train,8.718666599999999,8.718666599999999,-0.37,0.0,18.31066222,6.042518532600001,12.2681436874,0.12057,0.17057,0.136456
2020-12-01 13:00:00,2020-12-01,13,oos,train,0.4039999000000001,0.4039999000000001,-0.35,0.0,29.86258889,9.854654333700001,20.0079345563,0.12026,0.17026000000000002,0.13620800000000002
2020-12-01 14:00:00,2020-12-01,14,oos,train,0.0,0.0,-0.37,0.0,25.89773333,8.5462519989,17.3514813311,0.12289,0.17289,0.138312
2020-12-01 15:00:00,2020-12-01,15,oos,train,0.0,0.0,-0.36,0.0,26.21656222,8.6514655326,17.565096687399997,0.12732,0.17731999999999998,0.14185599999999998
2020-12-01 16:00:00,2020-12-01,16,oos,train,0.0,0.0,-0.2,0.0,20.57490889,6.7897199337,13.785188956299999,0.14228,0.19228,0.15382400000000002
2020-12-01 17:00:00,2020-12-01,17,oos,train,0.0,0.0,-0.23,0.0,20.61685333,6.803561598900001,13.8132917311,0.12384,0.17384,0.139072
2020-12-01 18:00:00,2020-12-01,18,oos,train,0.0,0.0,-0.25,0.0,21.72529333,7.1693467989,14.555946531099998,0.125,0.175,0.13999999999999999
2020-12-01 19:00:00,2020-12-01,19,oos,train,0.0,0.0,-0.23,0.0,30.45757333,10.0509991989,20.406574131099998,0.13649,0.18649,0.149192
2020-12-01 20:00:00,2020-12-01,20,oos,train,0.0,0.0,-0.39,0.0,28.01216889,9.244015733700001,18.7681531563,0.11973,0.16973,0.135784
2020-12-01 21:00:00,2020-12-01,21,oos,train,0.0,0.0,-0.43,0.0,24.84219111,8.197923066300001,16.6442680437,0.11646,0.16646,0.133168
2020-12-01 22:00:00,2020-12-01,22,oos,train,0.0,0.0,-0.4,0.0,21.99260667,7.2575602011,14.735046468899998,0.1124599999999999,0.16245999999999988,0.12996799999999992
2020-12-01 23:00:00,2020-12-01,23,oos,train,0.0,0.0,-0.37,0.0,18.94796667,6.2528290011,12.695137668899998,0.11377,0.16377,0.131016
2020-12-02 00:00:00,2020-12-02,0,oos,train,0.0,0.0,-0.37,0.0,17.31962556,5.7154764348,11.604149125199998,0.11218,0.16218,0.129744
2020-12-02 01:00:00,2020-12-02,1,oos,train,0.0,0.0,-0.4,0.0,23.55395556,7.7728053348,15.781150225199998,0.1089899999999999,0.1589899999999999,0.12719199999999994
2020-12-02 02:00:00,2020-12-02,2,oos,train,0.0,0.0,-0.35,0.0,20.36464667,6.7203334011,13.644313268899998,0.10306,0.15306,0.122448
2020-12-02 03:00:00,2020-12-02,3,oos,train,0.0,0.0,-0.39,0.0,21.68076889,7.1546537337,14.526115156299998,0.09977,0.14977000000000001,0.11981600000000002
2020-12-02 04:00:00,2020-12-02,4,oos,train,0.0,0.0,-0.38,0.0,22.68115333,7.4847805989000005,15.196372731099999,0.09988,0.14988,0.11990400000000001
2020-12-02 05:00:00,2020-12-02,5,oos,train,0.0,0.0,-0.42,0.0,19.76638444,6.5229068652,13.243477574799998,0.10878,0.15878,0.127024
2020-12-02 06:00:00,2020-12-02,6,oos,train,0.0,0.0,-0.4,0.0,22.67423333,7.4824969989,15.191736331099998,0.11387,0.16387000000000002,0.13109600000000002
2020-12-02 07:00:00,2020-12-02,7,oos,train,0.0,0.0,-0.41,0.0,29.64252,9.782031600000002,19.860488399999998,0.11939,0.16938999999999999,0.135512
2020-12-02 08:00:00,2020-12-02,8,oos,train,0.00775,0.00775,-0.4,0.0,22.32566889,7.3674707337,14.958198156299998,0.11801,0.16801,0.134408
2020-12-02 09:00:00,2020-12-02,9,oos,train,1.5260833,1.5260833,-0.34,0.0,25.46294667,8.4027724011,17.0601742689,0.11939,0.16938999999999999,0.135512
2020-12-02 10:00:00,2020-12-02,10,oos,train,2.3655,2.3655,-0.37,0.0,24.66275111,8.1387078663,16.524043243699996,0.11748,0.16748000000000002,0.13398400000000002
2020-12-02 11:00:00,2020-12-02,11,oos,train,3.0650834,3.0650834,-0.34,0.0,22.57287333,7.449048198900001,15.123825131099998,0.11525,0.16525,0.1322
2020-12-02 12:00:00,2020-12-02,12,oos,train,0.5026666000000001,0.5026666000000001,-0.39,0.0,24.17803333,7.978750998900001,16.1992823311,0.11673,0.16673,0.133384
2020-12-02 13:00:00,2020-12-02,13,oos,train,0.0,0.0,-0.39,0.0,24.43336889,8.0630117337,16.3703571563,0.11546,0.16546,0.132368
2020-12-02 14:00:00,2020-12-02,14,oos,train,0.0,0.0,-0.38,0.0,28.66897556,9.4607619348,19.2082136252,0.1143,0.1643,0.13144
2020-12-02 15:00:00,2020-12-02,15,oos,train,0.0,0.0,3.36,3.36,29.35520889,9.6872189337,19.667989956299998,0.11366,0.16366,0.13092800000000002
2020-12-02 16:00:00,2020-12-02,16,oos,train,0.0,0.0,43.27,43.27,23.65102667,7.804838801100001,15.846187868899998,0.11133,0.16133,0.129064
2020-12-02 17:00:00,2020-12-02,17,oos,train,0.0,0.0,48.53,48.53,21.81998444,7.2005948652,14.619389574799998,0.11228,0.16228,0.12982400000000002
2020-12-02 18:00:00,2020-12-02,18,oos,train,0.0,0.0,49.31,49.31,23.90611111,7.889016666300001,16.0170944437,0.11387,0.16387000000000002,0.13109600000000002
2020-12-02 19:00:00,2020-12-02,19,oos,train,0.0,0.0,36.96,36.96,24.53779778,8.0974732674,16.440324512599997,0.11218,0.16218,0.129744
2020-12-02 20:00:00,2020-12-02,20,oos,train,0.0,0.0,32.15,32.15,26.51457333,8.749809198900001,17.764764131099998,0.11016,0.16016,0.128128
2020-12-02 21:00:00,2020-12-02,21,oos,train,0.0,0.0,29.3,29.3,29.96795333,9.8894245989,20.078528731099997,0.10783,0.15783,0.12626400000000002
2020-12-02 22:00:00,2020-12-02,22,oos,train,0.0,0.0,47.23,47.23,26.13517778,8.6246086674,17.5105691126,0.10486,0.15486,0.123888
2020-12-02 23:00:00,2020-12-02,23,oos,train,0.0,0.0,50.04,50.04,23.29032667,7.6858078011,15.604518868899998,0.09784,0.14784,0.118272
2020-12-03 00:00:00,2020-12-03,0,oos,train,0.0,0.0,28.03,28.03,16.8056,5.5458479999999994,11.259751999999997,0.09038,0.14038,0.11230400000000001
2020-12-03 01:00:00,2020-12-03,1,oos,train,0.0,0.0,-0.24,0.0,20.80213556,6.8647047348,13.937430825199998,0.08728,0.13728,0.10982400000000002
2020-12-03 02:00:00,2020-12-03,2,oos,train,0.0,0.0,-0.25,0.0,20.73732667,6.8433178011,13.8940088689,0.08899,0.13899,0.11119200000000001
2020-12-03 03:00:00,2020-12-03,3,oos,train,0.0,0.0,-0.27,0.0,21.02845556,6.939390334800001,14.089065225199999,0.09528,0.14528000000000002,0.11622400000000002
2020-12-03 04:00:00,2020-12-03,4,oos,train,0.0,0.0,-0.25,0.0,22.05049556,7.276663534800001,14.773832025199999,0.10359,0.15359,0.12287200000000001
2020-12-03 05:00:00,2020-12-03,5,oos,train,0.0,0.0,-0.24,0.0,18.16181667,5.993399501100001,12.1684171689,0.10764,0.15764,0.126112
2020-12-03 06:00:00,2020-12-03,6,oos,train,0.0,0.0,-0.25,0.0,22.25013778,7.3425454674,14.907592312599999,0.11009,0.16009,0.12807200000000002
2020-12-03 07:00:00,2020-12-03,7,oos,train,0.0,0.0,10.9,10.9,24.78212889,8.1781025337,16.604026356299997,0.11137,0.16137,0.12909600000000002
2020-12-03 08:00:00,2020-12-03,8,oos,train,0.0,0.0,88.71,88.71,25.74191778,8.494832867400001,17.2470849126,0.11158,0.16158,0.12926400000000002
2020-12-03 09:00:00,2020-12-03,9,oos,train,8.1411819,8.1411819,4.74,4.74,29.71614222,9.8063269326,19.909815287399997,0.11116,0.16116,0.12892800000000001
2020-12-03 10:00:00,2020-12-03,10,oos,train,18.4304165,18.4304165,-0.26,0.0,21.60357556,7.1291799348,14.474395625199998,0.11084,0.16083999999999998,0.12867199999999998
2020-12-03 11:00:00,2020-12-03,11,oos,train,3.1373091,3.1373091,30.83,30.83,21.68764889,7.1569241337,14.530724756299998,0.1091299999999999,0.15912999999999988,0.12730399999999992
2020-12-03 12:00:00,2020-12-03,12,oos,train,1.072909,1.072909,20.79,20.79,22.16180444,7.313395465200001,14.8484089748,0.10967,0.15967,0.12773600000000002
2020-12-03 13:00:00,2020-12-03,13,oos,train,0.0,0.0,28.93,28.93,25.60414444,8.4493676652,17.1547767748,0.10956,0.15956,0.127648
2020-12-03 14:00:00,2020-12-03,14,oos,train,0.0,0.0,-0.08,0.0,30.99576,10.2286008,20.7671592,0.11073,0.16072999999999998,0.128584
2020-12-03 15:00:00,2020-12-03,15,oos,train,0.0,0.0,-0.0,0.0,27.84713333,9.1895539989,18.657579331099996,0.11073,0.16072999999999998,0.128584
2020-12-03 16:00:00,2020-12-03,16,oos,train,0.0,0.0,-0.15,0.0,18.58028222,6.1314931326,12.4487890874,0.11062,0.16061999999999999,0.128496
2020-12-03 17:00:00,2020-12-03,17,oos,train,0.0,0.0,-0.0,0.0,20.70969778,6.8342002674,13.875497512599997,0.1099899999999999,0.1599899999999999,0.12799199999999994
2020-12-03 18:00:00,2020-12-03,18,oos,train,0.0,0.0,-0.03,0.0,23.09637556,7.6218039348,15.474571625199998,0.10956,0.15956,0.127648
2020-12-03 19:00:00,2020-12-03,19,oos,train,0.0,0.0,-0.02,0.0,27.25834667,8.9952544011,18.2630922689,0.10903,0.15903,0.127224
2020-12-03 20:00:00,2020-12-03,20,oos,train,0.0,0.0,-0.0,0.0,28.96073111,9.5570412663,19.403689843699997,0.1084899999999999,0.1584899999999999,0.12679199999999993
2020-12-03 21:00:00,2020-12-03,21,oos,train,0.0,0.0,-0.0,0.0,21.91168222,7.2308551326,14.680827087399997,0.10796,0.15796,0.126368
2020-12-03 22:00:00,2020-12-03,22,oos,train,0.0,0.0,-0.0,0.0,15.67684111,5.1733575663,10.503483543699998,0.10721,0.15721000000000002,0.12576800000000002
2020-12-03 23:00:00,2020-12-03,23,oos,train,0.0,0.0,-0.01,0.0,16.72046,5.5177518,11.202708199999998,0.11746,0.16746,0.133968
2020-12-04 00:00:00,2020-12-04,0,oos,train,0.0,0.0,-0.07,0.0,12.58244,4.1522052,8.4302348,0.11425,0.16425,0.13140000000000002
2020-12-04 01:00:00,2020-12-04,1,oos,train,0.0,0.0,-0.1,0.0,17.55408111,5.792846766299999,11.761234343699998,0.11265,0.16265000000000002,0.13012
2020-12-04 02:00:00,2020-12-04,2,oos,train,0.0,0.0,-0.12,0.0,18.53801,6.1175433,12.420466699999999,0.11233,0.16233,0.129864
2020-12-04 03:00:00,2020-12-04,3,oos,train,0.0,0.0,-0.07,0.0,18.02003222,5.946610632600001,12.073421587399999,0.11275,0.16275,0.1302
2020-12-04 04:00:00,2020-12-04,4,oos,train,0.0,0.0,-0.06,0.0,15.54676,5.1304308,10.4163292,0.11907,0.16907,0.13525600000000002
2020-12-04 05:00:00,2020-12-04,5,oos,train,0.0,0.0,-0.03,0.0,15.73355,5.1920715,10.541478499999998,0.11864,0.16864,0.134912
2020-12-04 06:00:00,2020-12-04,6,oos,train,0.0,0.0,-0.06,0.0,16.12041111,5.3197356663,10.800675443699998,0.12163,0.17163,0.137304
2020-12-04 07:00:00,2020-12-04,7,oos,train,0.0,0.0,-0.06,0.0,25.89913111,8.5467132663,17.352417843699996,0.1292299999999999,0.1792299999999999,0.14338399999999993
2020-12-04 08:00:00,2020-12-04,8,oos,train,0.2157272999999999,0.2157272999999999,22.07,22.07,23.84707333,7.8695341989,15.977539131099999,0.12966,0.17966,0.143728
2020-12-04 09:00:00,2020-12-04,9,oos,train,2.3443334,2.3443334,32.0,32.0,25.59097111,8.4450204663,17.1459506437,0.13137,0.18136999999999998,0.14509599999999997
2020-12-04 10:00:00,2020-12-04,10,oos,train,6.968333299999999,6.968333299999999,38.9,38.9,19.37618667,6.3941416011,12.982045068899998,0.13201,0.18201,0.14560800000000002
2020-12-04 11:00:00,2020-12-04,11,oos,train,8.8371666,8.8371666,47.39,47.39,17.65831556,5.8272441348,11.831071425199998,0.13276,0.18275999999999998,0.14620799999999998
2020-12-04 12:00:00,2020-12-04,12,oos,train,11.232,11.232,48.04,48.04,19.31536889,6.3740717337,12.941297156299997,0.13319,0.18319000000000002,0.14655200000000002
2020-12-04 13:00:00,2020-12-04,13,oos,train,0.375,0.375,47.98,47.98,20.78473111,6.8589612663,13.925769843699998,0.13447,0.18447000000000002,0.147576
2020-12-04 14:00:00,2020-12-04,14,oos,train,0.0,0.0,3.93,3.93,25.60508444,8.4496778652,17.155406574799997,0.13222,0.18222,0.145776
2020-12-04 15:00:00,2020-12-04,15,oos,train,0.0,0.0,-0.25,0.0,22.32132222,7.3660363326,14.955285887399997,0.13394,0.18394,0.147152
2020-12-04 16:00:00,2020-12-04,16,oos,train,0.0,0.0,-0.27,0.0,21.35786889,7.0480967337,14.309772156299998,0.13394,0.18394,0.147152
2020-12-04 17:00:00,2020-12-04,17,oos,train,0.0,0.0,-0.27,0.0,22.25715111,7.3448598663,14.912291243699997,0.13105,0.18105,0.14484
2020-12-04 18:00:00,2020-12-04,18,oos,train,0.0,0.0,-0.27,0.0,23.46501778,7.743455867400001,15.721561912599999,0.1290099999999999,0.1790099999999999,0.14320799999999992
2020-12-04 19:00:00,2020-12-04,19,oos,train,0.0,0.0,-0.14,0.0,22.83192,7.5345336000000005,15.297386399999999,0.12805,0.17804999999999999,0.14243999999999998
2020-12-04 20:00:00,2020-12-04,20,oos,train,0.0,0.0,-0.06,0.0,23.38157111,7.7159184663,15.665652643699998,0.13704,0.18703999999999998,0.149632
2020-12-04 21:00:00,2020-12-04,21,oos,train,0.0,0.0,-0.02,0.0,23.20035778,7.6561180674000004,15.5442397126,0.13543,0.18542999999999998,0.148344
2020-12-04 22:00:00,2020-12-04,22,oos,train,0.0,0.0,-0.01,0.0,24.10139556,7.9534605348000005,16.1479350252,0.13372,0.18372,0.146976
2020-12-04 23:00:00,2020-12-04,23,oos,train,0.0,0.0,-0.03,0.0,22.27839111,7.351869066300001,14.926522043699999,0.13945,0.18945,0.15156000000000003
2020-12-05 00:00:00,2020-12-05,0,oos,train,0.0,0.0,-0.06,0.0,22.00063333,7.2602089989000005,14.740424331099998,0.14031,0.19030999999999998,0.152248
2020-12-05 01:00:00,2020-12-05,1,oos,train,0.0,0.0,-0.16,0.0,19.99160444,6.5972294652,13.394374974799998,0.1418,0.19180000000000003,0.15344000000000002
2020-12-05 02:00:00,2020-12-05,2,oos,train,0.0,0.0,-0.18,0.0,16.15951778,5.332640867400001,10.8268769126,0.14436,0.19435999999999998,0.155488
2020-12-05 03:00:00,2020-12-05,3,oos,train,0.0,0.0,-0.22,0.0,16.92617778,5.5856386674000005,11.340539112599998,0.14862,0.19862000000000002,0.15889600000000004
2020-12-05 04:00:00,2020-12-05,4,oos,train,0.0,0.0,-0.24,0.0,15.43212444,5.0926010652,10.339523374799999,0.15608,0.20607999999999999,0.164864
2020-12-05 05:00:00,2020-12-05,5,oos,train,0.0,0.0,-0.19,0.0,17.66084889,5.8280801337,11.832768756299998,0.14926,0.19926,0.159408
2020-12-05 06:00:00,2020-12-05,6,oos,train,0.0,0.0,-0.23,0.0,17.72292111,5.8485639663,11.8743571437,0.1434,0.19340000000000002,0.15472000000000002
2020-12-05 07:00:00,2020-12-05,7,oos,train,0.0,0.0,0.29,0.29,26.69105333,8.8080475989,17.8830057311,0.1467,0.19669999999999999,0.15736
2020-12-05 08:00:00,2020-12-05,8,oos,train,0.0,0.0,7.14,7.14,24.71453111,8.1557952663,16.5587358437,0.1564,0.20640000000000003,0.16512000000000004
2020-12-05 09:00:00,2020-12-05,9,oos,train,0.5464167,0.5464167,4.28,4.28,21.19777333,6.9952651989,14.202508131099998,0.16707,0.21706999999999999,0.173656
2020-12-05 10:00:00,2020-12-05,10,oos,train,2.7480833,2.7480833,7.27,7.27,20.56294222,6.7857709326,13.777171287399998,0.17037,0.22037,0.176296
2020-12-05 11:00:00,2020-12-05,11,oos,train,7.764083299999999,7.764083299999999,-0.21,0.0,20.81533556,6.869060734800001,13.9462748252,0.16856,0.21855999999999998,0.174848
2020-12-05 12:00:00,2020-12-05,12,oos,train,12.0234165,12.0234165,-0.28,0.0,19.14944889,6.3193181336999995,12.830130756299997,0.16547,0.21547,0.172376
2020-12-05 13:00:00,2020-12-05,13,oos,train,0.6544167,0.6544167,-0.34,0.0,26.04376,8.5944408,17.449319199999998,0.16472,0.21472000000000002,0.17177600000000004
2020-12-05 14:00:00,2020-12-05,14,oos,train,0.0,0.0,4.46,4.46,23.95232,7.9042656000000004,16.048054399999998,0.17485,0.22485,0.17988
2020-12-05 15:00:00,2020-12-05,15,oos,train,0.0,0.0,2.56,2.56,25.57202667,8.4387688011,17.1332578689,0.1837,0.23370000000000002,0.18696000000000002
2020-12-05 16:00:00,2020-12-05,16,oos,train,0.0,0.0,1.36,1.36,20.68267111,6.825281466300001,13.8573896437,0.1820999999999999,0.23209999999999992,0.18567999999999996
2020-12-05 17:00:00,2020-12-05,17,oos,train,0.0,0.0,3.1,3.1,24.85708222,8.2028371326,16.654245087399996,0.16003,0.21003,0.168024
2020-12-05 18:00:00,2020-12-05,18,oos,train,0.0,0.0,2.84,2.84,23.91611556,7.892318134800001,16.023797425199998,0.15022,0.20022,0.160176
2020-12-05 19:00:00,2020-12-05,19,oos,train,0.0,0.0,3.44,3.44,26.945,8.89185,18.05315,0.14414,0.19413999999999998,0.155312
2020-12-05 20:00:00,2020-12-05,20,oos,train,0.0,0.0,12.43,12.43,17.17621222,5.668150032600001,11.508062187399998,0.1595,0.20950000000000002,0.16760000000000003
2020-12-05 21:00:00,2020-12-05,21,oos,train,0.0,0.0,9.73,9.73,22.00866222,7.262858532600001,14.745803687399999,0.1497899999999999,0.1997899999999999,0.15983199999999995
2020-12-05 22:00:00,2020-12-05,22,oos,train,0.0,0.0,-0.34,0.0,16.94171778,5.590766867400001,11.3509509126,0.14148,0.19147999999999998,0.153184
2020-12-05 23:00:00,2020-12-05,23,oos,train,0.0,0.0,-0.36,0.0,18.05297333,5.9574811989,12.095492131099999,0.15242,0.20242,0.161936
2020-12-06 00:00:00,2020-12-06,0,oos,train,0.0,0.0,-0.38,0.0,21.17614667,6.988128401100001,14.188018268899999,0.14599,0.19599,0.15679200000000001
2020-12-06 01:00:00,2020-12-06,1,oos,train,0.0,0.0,-0.47,0.0,22.82306,7.531609800000001,15.2914502,0.14042,0.19041999999999998,0.152336
2020-12-06 02:00:00,2020-12-06,2,oos,train,0.0,0.0,-0.42,0.0,21.69760889,7.160210933700001,14.5373979563,0.13346,0.18346,0.146768
2020-12-06 03:00:00,2020-12-06,3,oos,train,0.0,0.0,-0.39,0.0,22.93701778,7.5692158674000005,15.3678019126,0.1326,0.18259999999999998,0.14608
2020-12-06 04:00:00,2020-12-06,4,oos,train,0.0,0.0,-0.41,0.0,21.13755556,6.9753933348,14.162162225199998,0.1336699999999999,0.1836699999999999,0.14693599999999993
2020-12-06 05:00:00,2020-12-06,5,oos,train,0.0,0.0,-0.33,0.0,21.28622889,7.0244555337,14.261773356299999,0.12286,0.17286,0.13828800000000002
2020-12-06 06:00:00,2020-12-06,6,oos,train,0.0,0.0,-0.33,0.0,21.75743778,7.1799544674,14.577483312599998,0.11921,0.16921,0.13536800000000002
2020-12-06 07:00:00,2020-12-06,7,oos,train,0.0,0.0,-0.39,0.0,29.60213333,9.768703998900001,19.8334293311,0.1265,0.1765,0.1412
2020-12-06 08:00:00,2020-12-06,8,oos,train,0.0,0.0,-0.33,0.0,27.02486667,8.918206001100002,18.1066606689,0.1376399999999999,0.18763999999999992,0.15011199999999994
2020-12-06 09:00:00,2020-12-06,9,oos,train,2.11425,2.11425,-0.43,0.0,24.93440222,8.2283527326,16.706049487399998,0.14321,0.19321,0.154568
2020-12-06 10:00:00,2020-12-06,10,oos,train,5.274833500000001,5.274833500000001,2.27,2.27,22.72844667,7.5003874011,15.2280592689,0.14653,0.19652999999999998,0.157224
2020-12-06 11:00:00,2020-12-06,11,oos,train,2.3814167,2.3814167,8.18,8.18,20.16254444,6.653639665200001,13.5089047748,0.14824,0.19824000000000003,0.15859200000000004
2020-12-06 12:00:00,2020-12-06,12,oos,train,5.5022501,5.5022501,-0.4,0.0,22.07662667,7.2852868011,14.791339868899998,0.1492,0.1992,0.15936
2020-12-06 13:00:00,2020-12-06,13,oos,train,0.65525,0.65525,0.92,0.92,6.379576667,2.1052603001100003,4.27431636689,0.1505999999999999,0.2005999999999999,0.16047999999999993
2020-12-06 14:00:00,2020-12-06,14,oos,train,0.0,0.0,-0.41,0.0,33.24719333,10.971573798900002,22.2756195311,0.1566999999999999,0.20669999999999988,0.16535999999999992
2020-12-06 15:00:00,2020-12-06,15,oos,train,0.0,0.0,-0.49,0.0,26.69840889,8.8104749337,17.8879339563,0.1574499999999999,0.2074499999999999,0.16595999999999994
2020-12-06 16:00:00,2020-12-06,16,oos,train,0.0,0.0,0.96,0.96,25.39894,8.381650200000001,17.017289799999997,0.15777,0.20777,0.16621600000000003
2020-12-06 17:00:00,2020-12-06,17,oos,train,0.0,0.0,10.75,10.75,23.67157778,7.811620667400001,15.859957112599998,0.1569199999999999,0.20691999999999988,0.1655359999999999
2020-12-06 18:00:00,2020-12-06,18,oos,train,0.0,0.0,16.1,16.1,25.64645556,8.4633303348,17.183125225199998,0.15638,0.20638,0.16510400000000003
2020-12-06 19:00:00,2020-12-06,19,oos,train,0.0,0.0,6.03,6.03,27.77604,9.1660932,18.609946799999996,0.15456,0.20456000000000002,0.16364800000000002
2020-12-06 20:00:00,2020-12-06,20,oos,train,0.0,0.0,15.71,15.71,21.82179111,7.2011910663,14.620600043699998,0.2004,0.2504,0.20032000000000003
2020-12-06 21:00:00,2020-12-06,21,oos,train,0.0,0.0,7.37,7.37,26.99856667,8.9095270011,18.089039668899996,0.18637,0.23637000000000002,0.18909600000000004
2020-12-06 22:00:00,2020-12-06,22,oos,train,0.0,0.0,-0.3,0.0,28.3432,9.353256,18.989943999999998,0.17138,0.22138000000000002,0.17710400000000004
2020-12-06 23:00:00,2020-12-06,23,oos,train,0.0,0.0,-0.29,0.0,23.76197556,7.8414519348,15.920523625199998,0.14524,0.19524000000000002,0.15619200000000003
2020-12-07 00:00:00,2020-12-07,0,oos,train,0.0,0.0,-0.31,0.0,19.83058889,6.5440943337,13.2864945563,0.13175,0.18175000000000002,0.14540000000000003
2020-12-07 01:00:00,2020-12-07,1,oos,train,0.0,0.0,-0.33,0.0,21.00871556,6.9328761348,14.075839425199998,0.12543,0.17543000000000003,0.14034400000000002
2020-12-07 02:00:00,2020-12-07,2,oos,train,0.0,0.0,-0.36,0.0,23.18778444,7.651968865200001,15.535815574799999,0.12178,0.17178,0.137424
2020-12-07 03:00:00,2020-12-07,3,oos,train,0.0,0.0,-0.45,0.0,21.42015556,7.068651334800001,14.3515042252,0.12757,0.17757,0.14205600000000002
2020-12-07 04:00:00,2020-12-07,4,oos,train,0.0,0.0,-0.45,0.0,21.08399556,6.957718534800001,14.1262770252,0.14706,0.19706,0.157648
2020-12-07 05:00:00,2020-12-07,5,oos,train,0.0,0.0,-0.33,0.0,19.95712444,6.585851065200001,13.3712733748,0.14974,0.19974000000000003,0.15979200000000005
2020-12-07 06:00:00,2020-12-07,6,oos,train,0.0,0.0,-0.32,0.0,22.92838667,7.5663676011,15.362019068899997,0.14931,0.19931,0.159448
2020-12-07 07:00:00,2020-12-07,7,oos,train,0.0,0.0,-0.41,0.0,29.21723111,9.6416862663,19.575544843699998,0.14995,0.19995000000000002,0.15996000000000002
2020-12-07 08:00:00,2020-12-07,8,oos,train,0.0,0.0,-0.34,0.0,31.21820222,10.3020067326,20.916195487399996,0.1481299999999999,0.19812999999999992,0.15850399999999995
2020-12-07 09:00:00,2020-12-07,9,oos,train,0.0768334,0.0768334,-0.37,0.0,29.15029333,9.6195967989,19.5306965311,0.14599,0.19599,0.15679200000000001
2020-12-07 10:00:00,2020-12-07,10,oos,train,0.8080833000000001,0.8080833000000001,-0.34,0.0,22.20316444,7.3270442652,14.876120174799997,0.14513,0.19513000000000003,0.15610400000000002
2020-12-07 11:00:00,2020-12-07,11,oos,train,1.1173333,1.1173333,-0.33,0.0,22.77254444,7.514939665200001,15.257604774799999,0.14417,0.19417,0.15533600000000003
2020-12-07 12:00:00,2020-12-07,12,oos,train,1.0666667,1.0666667,-0.33,0.0,22.31090222,7.3625977326,14.948304487399998,0.14181,0.19180999999999998,0.153448
2020-12-07 13:00:00,2020-12-07,13,oos,train,0.0063333,0.0063333,-0.31,0.0,26.86769111,8.8663380663,18.001353043699996,0.13956,0.18956,0.151648
2020-12-07 14:00:00,2020-12-07,14,oos,train,0.0,0.0,-0.3,0.0,24.62364667,8.1258034011,16.4978432689,0.13924,0.18924000000000002,0.15139200000000003
2020-12-07 15:00:00,2020-12-07,15,oos,train,0.0,0.0,12.22,12.22,26.73290222,8.8218577326,17.911044487399998,0.13892,0.18891999999999998,0.151136
2020-12-07 16:00:00,2020-12-07,16,oos,train,0.0,0.0,44.6,44.6,25.98855556,8.576223334800002,17.4123322252,0.13817,0.18817,0.150536
2020-12-07 17:00:00,2020-12-07,17,oos,train,0.0,0.0,22.78,22.78,20.91680444,6.9025454652,14.014258974799999,0.13571,0.18571,0.148568
2020-12-07 18:00:00,2020-12-07,18,oos,train,0.0,0.0,20.38,20.38,25.32394444,8.3569016652,16.967042774799996,0.1325,0.1825,0.146
2020-12-07 19:00:00,2020-12-07,19,oos,train,0.0,0.0,30.36,30.36,29.69607556,9.799704934800001,19.8963706252,0.1306699999999999,0.1806699999999999,0.14453599999999991
2020-12-07 20:00:00,2020-12-07,20,oos,train,0.0,0.0,0.03,0.03,25.76298222,8.501784132600001,17.2611980874,0.13721,0.18721,0.14976799999999998
2020-12-07 21:00:00,2020-12-07,21,oos,train,0.0,0.0,8.87,8.87,23.08811111,7.619076666300001,15.469034443699998,0.13207,0.18207,0.145656
2020-12-07 22:00:00,2020-12-07,22,oos,train,0.0,0.0,28.81,28.81,21.98487556,7.2550089348,14.729866625199998,0.12114,0.17114000000000001,0.136912
2020-12-07 23:00:00,2020-12-07,23,oos,train,0.0,0.0,32.19,32.19,18.35816,6.0581928000000005,12.2999672,0.12766,0.17765999999999998,0.142128
2020-12-08 00:00:00,2020-12-08,0,oos,train,0.0,0.0,-0.24,0.0,15.18916667,5.0124250011,10.1767416689,0.12393,0.17393,0.13914400000000002
2020-12-08 01:00:00,2020-12-08,1,oos,train,0.0,0.0,-0.27,0.0,19.83094444,6.544211665200001,13.286732774799999,0.12371,0.17371,0.138968
2020-12-08 02:00:00,2020-12-08,2,oos,train,0.0,0.0,-0.26,0.0,21.97848444,7.2528998652,14.725584574799997,0.12371,0.17371,0.138968
2020-12-08 03:00:00,2020-12-08,3,oos,train,0.0,0.0,-0.27,0.0,19.88584222,6.562327932600001,13.323514287399998,0.12425,0.17425000000000002,0.13940000000000002
2020-12-08 04:00:00,2020-12-08,4,oos,train,0.0,0.0,-0.25,0.0,17.65578444,5.8264088652,11.8293755748,0.12809,0.17809000000000003,0.14247200000000002
2020-12-08 05:00:00,2020-12-08,5,oos,train,0.0,0.0,-0.27,0.0,17.50907111,5.777993466300001,11.731077643699999,0.1294799999999999,0.17947999999999992,0.14358399999999993
2020-12-08 06:00:00,2020-12-08,6,oos,train,0.0,0.0,-0.27,0.0,21.52624889,7.103662133700001,14.4225867563,0.13258,0.18258000000000002,0.14606400000000003
2020-12-08 07:00:00,2020-12-08,7,oos,train,0.0,0.0,-0.25,0.0,26.03785333,8.5924915989,17.4453617311,0.13824,0.18824000000000002,0.15059200000000003
2020-12-08 08:00:00,2020-12-08,8,oos,train,0.0,0.0,-0.24,0.0,28.42116444,9.3789842652,19.0421801748,0.13813,0.18813000000000002,0.15050400000000003
2020-12-08 09:00:00,2020-12-08,9,oos,train,0.0570001,0.0570001,8.36,8.36,24.36513111,8.0404932663,16.3246378437,0.13867,0.18867,0.15093600000000001
2020-12-08 10:00:00,2020-12-08,10,oos,train,0.3365833,0.3365833,37.11,37.11,21.00651333,6.932149398900001,14.074363931099999,0.14016,0.19016,0.152128
2020-12-08 11:00:00,2020-12-08,11,oos,train,0.9975833,0.9975833,18.47,18.47,17.78084222,5.8676779326,11.913164287399999,0.1423,0.19230000000000003,0.15384000000000003
2020-12-08 12:00:00,2020-12-08,12,oos,train,0.99625,0.99625,32.56,32.56,18.97654889,6.2622611337,12.7142877563,0.14433,0.19433,0.15546400000000002
2020-12-08 13:00:00,2020-12-08,13,oos,train,0.1015832999999999,0.1015832999999999,32.26,32.26,24.6162,8.123346,16.492853999999998,0.14508,0.19507999999999998,0.15606399999999998
2020-12-08 14:00:00,2020-12-08,14,oos,train,0.0,0.0,32.01,32.01,32.09470222,10.591251732600002,21.5034504874,0.14657,0.19657000000000002,0.15725600000000003
2020-12-08 15:00:00,2020-12-08,15,oos,train,0.0,0.0,24.2,24.2,27.4113,9.045729000000001,18.365571,0.14732,0.19732,0.157856
2020-12-08 16:00:00,2020-12-08,16,oos,train,0.0,0.0,16.9,16.9,24.96848444,8.2395998652,16.7288845748,0.147,0.197,0.15760000000000002
2020-12-08 17:00:00,2020-12-08,17,oos,train,0.0,0.0,23.98,23.98,23.51713333,7.7606539989000005,15.756479331099998,0.14561,0.19561,0.15648800000000002
2020-12-08 18:00:00,2020-12-08,18,oos,train,0.0,0.0,45.29,45.29,23.53249778,7.7657242674,15.766773512599999,0.14283,0.19283,0.154264
2020-12-08 19:00:00,2020-12-08,19,oos,train,0.0,0.0,43.45,43.45,27.81641333,9.1794163989,18.636996931099997,0.13835,0.18835000000000002,0.15068000000000004
2020-12-08 20:00:00,2020-12-08,20,oos,train,0.0,0.0,39.08,39.08,28.29822667,9.338414801099999,18.959811868899997,0.14657,0.19657000000000002,0.15725600000000003
2020-12-08 21:00:00,2020-12-08,21,oos,train,0.0,0.0,16.02,16.02,27.74747111,9.1566654663,18.590805643699998,0.14187,0.19186999999999999,0.153496
2020-12-08 22:00:00,2020-12-08,22,oos,train,0.0,0.0,5.61,5.61,22.42682444,7.4008520652000005,15.025972374799998,0.13418,0.18418,0.147344
2020-12-08 23:00:00,2020-12-08,23,oos,train,0.0,0.0,1.46,1.46,20.75802222,6.850147332600001,13.907874887399998,0.13728,0.18728,0.149824
2020-12-09 00:00:00,2020-12-09,0,oos,train,0.0,0.0,22.63,22.63,15.08503556,4.9780617348,10.106973825199999,0.13537,0.18536999999999998,0.14829599999999998
2020-12-09 01:00:00,2020-12-09,1,oos,train,0.0,0.0,36.18,36.18,18.33908333,6.051897498900001,12.287185831099999,0.1344199999999999,0.18441999999999992,0.14753599999999994
2020-12-09 02:00:00,2020-12-09,2,oos,train,0.0,0.0,3.59,3.59,18.96338667,6.2579176011,12.705469068899998,0.13431,0.18431000000000003,0.14744800000000002
2020-12-09 03:00:00,2020-12-09,3,oos,train,0.0,0.0,-0.26,0.0,22.60755778,7.460494067400001,15.147063712599998,0.1344199999999999,0.18441999999999992,0.14753599999999994
2020-12-09 04:00:00,2020-12-09,4,oos,train,0.0,0.0,-0.25,0.0,17.61925889,5.8143554337,11.8049034563,0.13675,0.18675000000000003,0.14940000000000003
2020-12-09 05:00:00,2020-12-09,5,oos,train,0.0,0.0,-0.24,0.0,22.55751778,7.4439808674000005,15.113536912599999,0.13633,0.18633,0.149064
2020-12-09 06:00:00,2020-12-09,6,oos,train,0.0,0.0,10.38,10.38,20.21102,6.6696366000000005,13.541383399999999,0.13973,0.18973,0.15178400000000003
2020-12-09 07:00:00,2020-12-09,7,oos,train,0.0,0.0,38.59,38.59,27.61817333,9.113997198900002,18.5041761311,0.14843,0.19843,0.158744
2020-12-09 08:00:00,2020-12-09,8,oos,train,0.0,0.0,22.06,22.06,27.35782667,9.0280828011,18.3297438689,0.15268,0.20268000000000003,0.16214400000000004
2020-12-09 09:00:00,2020-12-09,9,oos,train,0.0223333999999999,0.0223333999999999,26.83,26.83,30.39652,10.0308516,20.365668399999997,0.15427,0.20427,0.163416
2020-12-09 10:00:00,2020-12-09,10,oos,train,0.67625,0.67625,18.58,18.58,22.38179333,7.385991798900001,14.9958015311,0.15502,0.20501999999999998,0.164016
2020-12-09 11:00:00,2020-12-09,11,oos,train,0.9010001,0.9010001,12.28,12.28,19.14618,6.3182394,12.8279406,0.1562899999999999,0.20628999999999992,0.16503199999999996
2020-12-09 12:00:00,2020-12-09,12,oos,train,1.8521666,1.8521666,38.52,38.52,21.68915556,7.1574213348,14.531734225199997,0.1576699999999999,0.2076699999999999,0.16613599999999995
2020-12-09 13:00:00,2020-12-09,13,oos,train,0.1243333,0.1243333,39.48,39.48,27.25592667,8.9944558011,18.2614708689,0.16383,0.21383000000000002,0.17106400000000002
2020-12-09 14:00:00,2020-12-09,14,oos,train,0.0,0.0,10.58,10.58,30.86139778,10.1842612674,20.677136512599997,0.15693,0.20693,0.16554400000000002
2020-12-09 15:00:00,2020-12-09,15,oos,train,0.0,0.0,10.37,10.37,23.50326667,7.7560780011,15.747188668899998,0.1576699999999999,0.2076699999999999,0.16613599999999995
2020-12-09 16:00:00,2020-12-09,16,oos,train,0.0,0.0,11.25,11.25,24.01431111,7.924722666300001,16.0895884437,0.15756,0.20756000000000002,0.16604800000000003
2020-12-09 17:00:00,2020-12-09,17,oos,train,0.0,0.0,37.4,37.4,25.96112,8.567169600000001,17.393950399999998,0.15671,0.20671,0.16536800000000001
2020-12-09 18:00:00,2020-12-09,18,oos,train,0.0,0.0,-0.28,0.0,28.52021556,9.4116711348,19.108544425199998,0.15597,0.20597,0.164776
2020-12-09 19:00:00,2020-12-09,19,oos,train,0.0,0.0,-0.24,0.0,32.58525111,10.753132866300001,21.8321182437,0.15512,0.20512000000000002,0.16409600000000002
2020-12-09 20:00:00,2020-12-09,20,oos,train,0.0,0.0,-0.28,0.0,30.3531,10.016523000000001,20.336577,0.17275,0.22275,0.17820000000000003
2020-12-09 21:00:00,2020-12-09,21,oos,train,0.0,0.0,-0.26,0.0,25.82417556,8.5219779348,17.302197625199998,0.16946,0.21946,0.175568
2020-12-09 22:00:00,2020-12-09,22,oos,train,0.0,0.0,-0.27,0.0,19.92481556,6.5751891348,13.349626425199999,0.15703,0.20703,0.165624
2020-12-09 23:00:00,2020-12-09,23,oos,train,0.0,0.0,-0.33,0.0,17.50817333,5.777697198900001,11.7304761311,0.15871,0.20871,0.166968
2020-12-10 00:00:00,2020-12-10,0,oos,train,0.0,0.0,-0.32,0.0,15.51688111,5.1205707663,10.396310343699998,0.1561699999999999,0.2061699999999999,0.16493599999999994
2020-12-10 01:00:00,2020-12-10,1,oos,train,0.0,0.0,1.36,1.36,22.14942667,7.3093108011000005,14.840115868899998,0.15437,0.20437,0.163496
2020-12-10 02:00:00,2020-12-10,2,oos,train,0.0,0.0,35.26,35.26,21.24313333,7.0102339989,14.232899331099999,0.1539499999999999,0.2039499999999999,0.16315999999999994
2020-12-10 03:00:00,2020-12-10,3,oos,train,0.0,0.0,28.26,28.26,19.61011556,6.471338134800001,13.138777425199999,0.1525699999999999,0.20256999999999992,0.16205599999999995
2020-12-10 04:00:00,2020-12-10,4,oos,train,0.0,0.0,15.89,15.89,18.67947111,6.1642254663000005,12.5152456437,0.15363,0.20362999999999998,0.162904
2020-12-10 05:00:00,2020-12-10,5,oos,train,0.0,0.0,2.44,2.44,20.61021333,6.8013703989000005,13.8088429311,0.15131,0.20131,0.161048
2020-12-10 06:00:00,2020-12-10,6,oos,train,0.0,0.0,13.61,13.61,22.68413556,7.485764734800001,15.1983708252,0.15427,0.20427,0.163416
2020-12-10 07:00:00,2020-12-10,7,oos,train,0.0,0.0,22.63,22.63,30.22651333,9.9747493989,20.251763931099998,0.1561699999999999,0.2061699999999999,0.16493599999999994
2020-12-10 08:00:00,2020-12-10,8,oos,train,0.0,0.0,20.62,20.62,24.28540444,8.0141834652,16.2712209748,0.15353,0.20353,0.162824
2020-12-10 09:00:00,2020-12-10,9,oos,train,0.7449167000000001,0.7449167000000001,22.04,22.04,26.83601778,8.8558858674,17.980131912599997,0.1525699999999999,0.20256999999999992,0.16205599999999995
2020-12-10 10:00:00,2020-12-10,10,oos,train,1.8455833,1.8455833,11.34,11.34,25.74937778,8.4972946674,17.252083112599998,0.15342,0.20342,0.162736
2020-12-10 11:00:00,2020-12-10,11,oos,train,5.0689166,5.0689166,-0.25,0.0,21.89372222,7.2249283326,14.6687938874,0.153,0.203,0.16240000000000002
2020-12-10 12:00:00,2020-12-10,12,oos,train,2.3350833,2.3350833,-0.26,0.0,22.57371333,7.4493253989,15.1243879311,0.15427,0.20427,0.163416
2020-12-10 13:00:00,2020-12-10,13,oos,train,0.0481667,0.0481667,-0.25,0.0,27.86482222,9.1953913326,18.669430887399997,0.15247,0.20246999999999998,0.161976
2020-12-10 14:00:00,2020-12-10,14,oos,train,0.0,0.0,-0.25,0.0,29.30823333,9.671716998900001,19.636516331099998,0.15183,0.20183,0.16146400000000002
2020-12-10 15:00:00,2020-12-10,15,oos,train,0.0,0.0,-0.25,0.0,28.19172222,9.3032683326,18.888453887399997,0.15025,0.20024999999999998,0.1602
2020-12-10 16:00:00,2020-12-10,16,oos,train,0.0,0.0,-0.26,0.0,25.2614,8.336262,16.925137999999997,0.14887,0.19887,0.15909600000000002
2020-12-10 17:00:00,2020-12-10,17,oos,train,0.0,0.0,-0.25,0.0,23.71431333,7.8257233989,15.888589931099999,0.1475999999999999,0.1975999999999999,0.15807999999999992
2020-12-10 18:00:00,2020-12-10,18,oos,train,0.0,0.0,-0.24,0.0,22.66033111,7.477909266300001,15.182421843699998,0.14676,0.19676,0.157408
2020-12-10 19:00:00,2020-12-10,19,oos,train,0.0,0.0,-0.25,0.0,32.71041556,10.7944371348,21.9159784252,0.1438,0.19380000000000003,0.15504000000000004
2020-12-10 20:00:00,2020-12-10,20,oos,train,0.0,0.0,-0.28,0.0,26.06107556,8.6001549348,17.460920625199996,0.14887,0.19887,0.15909600000000002
2020-12-10 21:00:00,2020-12-10,21,oos,train,0.0,0.0,-0.26,0.0,26.62979333,8.7878317989,17.841961531099997,0.14486,0.19485999999999998,0.155888
2020-12-10 22:00:00,2020-12-10,22,oos,train,0.0,0.0,-0.26,0.0,25.17095333,8.3064145989,16.864538731099998,0.13809,0.18808999999999998,0.150472
2020-12-10 23:00:00,2020-12-10,23,oos,train,0.0,0.0,34.15,34.15,23.72590444,7.8295484652,15.896355974799999,0.14462,0.19462000000000002,0.15569600000000003
2020-12-11 00:00:00,2020-12-11,0,oos,train,0.0,0.0,8.19,8.19,17.40200444,5.7426614652,11.659342974799998,0.1412,0.19119999999999998,0.15295999999999998
2020-12-11 01:00:00,2020-12-11,1,oos,train,0.0,0.0,17.02,17.02,21.05694222,6.948790932600001,14.108151287399998,0.13886,0.18886000000000003,0.15108800000000003
2020-12-11 02:00:00,2020-12-11,2,oos,train,0.0,0.0,-0.27,0.0,20.20834667,6.668754401100001,13.5395922689,0.13747,0.18747000000000003,0.14997600000000003
2020-12-11 03:00:00,2020-12-11,3,oos,train,0.0,0.0,-0.26,0.0,20.90136889,6.8974517337000005,14.003917156299998,0.13758,0.18758000000000002,0.15006400000000003
2020-12-11 04:00:00,2020-12-11,4,oos,train,0.0,0.0,-0.27,0.0,23.18760222,7.6519087326,15.535693487399998,0.14024,0.19024000000000002,0.15219200000000002
2020-12-11 05:00:00,2020-12-11,5,oos,train,0.0,0.0,-0.26,0.0,24.51422222,8.089693332600001,16.424528887399998,0.14184,0.19184,0.15347200000000003
2020-12-11 06:00:00,2020-12-11,6,oos,train,0.0,0.0,-0.31,0.0,21.19458444,6.994212865200001,14.200371574799998,0.14472,0.19472,0.15577600000000003
2020-12-11 07:00:00,2020-12-11,7,oos,train,0.0,0.0,-0.33,0.0,28.74123778,9.4846084674,19.256629312599998,0.14952,0.19951999999999998,0.15961599999999998
2020-12-11 08:00:00,2020-12-11,8,oos,train,0.0,0.0,-0.33,0.0,27.82681333,9.182848398900001,18.643964931099998,0.14931,0.19931,0.159448
2020-12-11 09:00:00,2020-12-11,9,oos,train,1.4051666,1.4051666,33.84,33.84,28.45255556,9.389343334800001,19.063212225199997,0.1492,0.1992,0.15936
2020-12-11 10:00:00,2020-12-11,10,oos,train,6.702999999999999,6.702999999999999,37.91,37.91,24.42753778,8.0610874674,16.366450312599998,0.1492,0.1992,0.15936
2020-12-11 11:00:00,2020-12-11,11,oos,train,8.617833300000001,8.617833300000001,-0.26,0.0,21.61561556,7.1331531348,14.482462425199998,0.14942,0.19942,0.159536
2020-12-11 12:00:00,2020-12-11,12,oos,train,11.0835835,11.0835835,-0.28,0.0,23.8624,7.874592000000001,15.987808,0.14974,0.19974000000000003,0.15979200000000005
2020-12-11 13:00:00,2020-12-11,13,oos,train,0.2240832999999999,0.2240832999999999,21.23,21.23,26.35233333,8.6962699989,17.656063331099997,0.15048,0.20048,0.160384
2020-12-11 14:00:00,2020-12-11,14,oos,train,0.0,0.0,44.45,44.45,28.81151556,9.5078001348,19.303715425199997,0.14974,0.19974000000000003,0.15979200000000005
2020-12-11 15:00:00,2020-12-11,15,oos,train,0.0,0.0,18.96,18.96,30.02024444,9.9066806652,20.113563774799996,0.1496299999999999,0.19962999999999992,0.15970399999999996
2020-12-11 16:00:00,2020-12-11,16,oos,train,0.0,0.0,16.7,16.7,26.766140000000004,8.832826200000001,17.9333138,0.14942,0.19942,0.159536
2020-12-11 17:00:00,2020-12-11,17,oos,train,0.0,0.0,37.69,37.69,25.48248222,8.4092191326,17.0732630874,0.14824,0.19824000000000003,0.15859200000000004
2020-12-11 18:00:00,2020-12-11,18,oos,train,0.0,0.0,-0.38,0.0,21.09424,6.9610992000000005,14.133140799999998,0.14686,0.19685999999999998,0.157488
2020-12-11 19:00:00,2020-12-11,19,oos,train,0.0,0.0,6.45,6.45,26.48751111,8.7408786663,17.746632443699998,0.14462,0.19462000000000002,0.15569600000000003
2020-12-11 20:00:00,2020-12-11,20,oos,train,0.0,0.0,8.68,8.68,27.74020889,9.154268933700001,18.5859399563,0.14952,0.19951999999999998,0.15961599999999998
2020-12-11 21:00:00,2020-12-11,21,oos,train,0.0,0.0,27.2,27.2,27.96409778,9.2281522674,18.735945512599997,0.1475,0.1975,0.15800000000000003
2020-12-11 22:00:00,2020-12-11,22,oos,train,0.0,0.0,12.27,12.27,23.67115111,7.8114798663,15.8596712437,0.14462,0.19462000000000002,0.15569600000000003
2020-12-11 23:00:00,2020-12-11,23,oos,train,0.0,0.0,19.35,19.35,17.81175222,5.8778782326,11.933873987399998,0.14496,0.19496000000000002,0.15596800000000002
2020-12-12 00:00:00,2020-12-12,0,oos,train,0.0,0.0,11.83,11.83,20.30678222,6.7012381326,13.605544087399998,0.144,0.194,0.1552
2020-12-12 01:00:00,2020-12-12,1,oos,train,0.0,0.0,8.06,8.06,21.93084667,7.237179401100001,14.693667268899999,0.14346,0.19346000000000002,0.15476800000000002
2020-12-12 02:00:00,2020-12-12,2,oos,train,0.0,0.0,14.74,14.74,19.72690222,6.509877732600001,13.217024487399998,0.14346,0.19346000000000002,0.15476800000000002
2020-12-12 03:00:00,2020-12-12,3,oos,train,0.0,0.0,28.63,28.63,21.77647333,7.1862361989000005,14.5902371311,0.14367,0.19367,0.15493600000000002
2020-12-12 04:00:00,2020-12-12,4,oos,train,0.0,0.0,1.45,1.45,21.50852222,7.0978123326,14.410709887399998,0.14443,0.19443,0.15554400000000002
2020-12-12 05:00:00,2020-12-12,5,oos,train,0.0,0.0,-0.27,0.0,19.90004889,6.5670161337,13.3330327563,0.14282,0.19282,0.154256
2020-12-12 06:00:00,2020-12-12,6,oos,train,0.0,0.0,-0.33,0.0,23.20944889,7.659118133700001,15.5503307563,0.14271,0.19271,0.154168
2020-12-12 07:00:00,2020-12-12,7,oos,train,0.0,0.0,-0.3,0.0,27.38364667,9.0366034011,18.3470432689,0.14475,0.19474999999999998,0.1558
2020-12-12 08:00:00,2020-12-12,8,oos,train,0.0,0.0,-0.34,0.0,28.48756,9.4008948,19.086665199999995,0.14646,0.19646000000000002,0.15716800000000003
2020-12-12 09:00:00,2020-12-12,9,oos,train,0.5135834,0.5135834,-0.31,0.0,28.54115111,9.4185798663,19.122571243699998,0.14968,0.19968000000000002,0.15974400000000002
2020-12-12 10:00:00,2020-12-12,10,oos,train,2.0115455,2.0115455,-0.34,0.0,21.82952,7.2037416,14.625778399999998,0.15119,0.20118999999999998,0.16095199999999998
2020-12-12 11:00:00,2020-12-12,11,oos,train,2.088,2.088,3.2,3.2,26.14205778,8.626879067399999,17.515178712599997,0.1514,0.20140000000000002,0.16112000000000004
2020-12-12 12:00:00,2020-12-12,12,oos,train,8.803,8.803,41.45,41.45,27.45620667,9.060548201100001,18.3956584689,0.15237,0.20237,0.161896
2020-12-12 13:00:00,2020-12-12,13,oos,train,0.3185,0.3185,27.63,27.63,27.31590222,9.014247732600001,18.3016544874,0.15355,0.20355,0.16284
2020-12-12 14:00:00,2020-12-12,14,oos,train,0.0,0.0,23.18,23.18,27.01244222,8.9141059326,18.0983362874,0.15537,0.20537,0.164296
2020-12-12 15:00:00,2020-12-12,15,oos,train,0.0,0.0,19.16,19.16,28.8114,9.507762,19.303637999999996,0.15752,0.20751999999999998,0.166016
2020-12-12 16:00:00,2020-12-12,16,oos,train,0.0,0.0,3.6,3.6,25.28401778,8.3437258674,16.9402919126,0.16074,0.21073999999999998,0.168592
2020-12-12 17:00:00,2020-12-12,17,oos,train,0.0,0.0,-0.01,0.0,29.76804444,9.8234546652,19.944589774799997,0.1616999999999999,0.2116999999999999,0.16935999999999993
2020-12-12 18:00:00,2020-12-12,18,oos,train,0.0,0.0,-0.31,0.0,31.76800667,10.4834422011,21.284564468899998,0.16202,0.21202,0.169616
2020-12-12 19:00:00,2020-12-12,19,oos,train,0.0,0.0,2.86,2.86,33.69352444,11.1188630652,22.574661374799994,0.15644,0.20644,0.16515200000000002
2020-12-12 20:00:00,2020-12-12,20,oos,train,0.0,0.0,3.56,3.56,25.36022444,8.3688740652,16.9913503748,0.17018,0.22018,0.176144
2020-12-12 21:00:00,2020-12-12,21,oos,train,0.0,0.0,-0.36,0.0,24.66795556,8.1404253348,16.527530225199996,0.1688899999999999,0.21888999999999992,0.17511199999999993
2020-12-12 22:00:00,2020-12-12,22,oos,train,0.0,0.0,-0.42,0.0,19.97128222,6.5905231326000004,13.380759087399998,0.16674,0.21674,0.173392
2020-12-12 23:00:00,2020-12-12,23,oos,train,0.0,0.0,-0.44,0.0,20.89847111,6.8964954663,14.001975643699998,0.18134,0.23134,0.18507200000000001
2020-12-13 00:00:00,2020-12-13,0,oos,train,0.0,0.0,-0.43,0.0,19.49957333,6.434859198900001,13.064714131099999,0.1789099999999999,0.2289099999999999,0.18312799999999993
2020-12-13 01:00:00,2020-12-13,1,oos,train,0.0,0.0,0.2,0.2,24.84172667,8.1977698011,16.6439568689,0.17827,0.22827000000000003,0.18261600000000003
2020-12-13 02:00:00,2020-12-13,2,oos,train,0.0,0.0,1.31,1.31,24.94923778,8.233248467400001,16.715989312599998,0.17806,0.22805999999999998,0.182448
2020-12-13 03:00:00,2020-12-13,3,oos,train,0.0,0.0,0.04,0.04,25.42177333,8.3891851989,17.0325881311,0.17796,0.22796,0.182368
2020-12-13 04:00:00,2020-12-13,4,oos,train,0.0,0.0,-0.39,0.0,22.21763111,7.3318182663,14.885812843699998,0.17827,0.22827000000000003,0.18261600000000003
2020-12-13 05:00:00,2020-12-13,5,oos,train,0.0,0.0,-0.43,0.0,20.8696,6.8869679999999995,13.982631999999997,0.16599,0.21599000000000002,0.17279200000000003
2020-12-13 06:00:00,2020-12-13,6,oos,train,0.0,0.0,-0.43,0.0,24.06470222,7.9413517326,16.1233504874,0.16165,0.21165,0.16932000000000003
2020-12-13 07:00:00,2020-12-13,7,oos,train,0.0,0.0,-0.43,0.0,29.69146444,9.7981832652,19.8932811748,0.16144,0.21144000000000002,0.16915200000000002
2020-12-13 08:00:00,2020-12-13,8,oos,train,0.0,0.0,-0.45,0.0,24.80963778,8.1871804674,16.622457312599998,0.16451,0.21450999999999998,0.17160799999999998
2020-12-13 09:00:00,2020-12-13,9,oos,train,2.5669166,2.5669166,-0.44,0.0,29.17006,9.6261198,19.543940199999998,0.16853,0.21853,0.174824
2020-12-13 10:00:00,2020-12-13,10,oos,train,10.831916500000002,10.831916500000002,-0.44,0.0,26.32622667,8.6876548011,17.638571868899998,0.1697,0.2197,0.17576000000000003
2020-12-13 11:00:00,2020-12-13,11,oos,train,15.2080835,15.2080835,-0.45,0.0,25.93060889,8.5571009337,17.373507956299996,0.1698,0.2198,0.17584
2020-12-13 12:00:00,2020-12-13,12,oos,train,1.7741667,1.7741667,-0.44,0.0,24.65422444,8.1358940652,16.518330374799998,0.16991,0.21991,0.175928
2020-12-13 13:00:00,2020-12-13,13,oos,train,0.0956665999999999,0.0956665999999999,-0.46,0.0,25.40924889,8.3850521337,17.0241967563,0.17118,0.22118,0.176944
2020-12-13 14:00:00,2020-12-13,14,oos,train,0.0,0.0,-0.5,0.0,29.39428444,9.7001138652,19.694170574799998,0.17404,0.22404000000000002,0.17923200000000003
2020-12-13 15:00:00,2020-12-13,15,oos,train,0.0,0.0,3.57,3.57,30.09433333,9.931129998900001,20.1632033311,0.17774,0.22774,0.18219200000000002
2020-12-13 16:00:00,2020-12-13,16,oos,train,0.0,0.0,-0.45,0.0,30.5512,10.081896,20.469303999999998,0.17436,0.22436,0.179488
2020-12-13 17:00:00,2020-12-13,17,oos,train,0.0,0.0,-0.48,0.0,26.24959556,8.6623665348,17.5872290252,0.17256,0.22255999999999998,0.17804799999999998
2020-12-13 18:00:00,2020-12-13,18,oos,train,0.0,0.0,-0.44,0.0,23.61453556,7.7927967348000005,15.821738825199999,0.1698,0.2198,0.17584
2020-12-13 19:00:00,2020-12-13,19,oos,train,0.0,0.0,-0.45,0.0,27.68892889,9.1373465337,18.5515823563,0.16515,0.21515,0.17212000000000002
2020-12-13 20:00:00,2020-12-13,20,oos,train,0.0,0.0,-0.42,0.0,29.03002667,9.5799088011,19.450117868899998,0.19309,0.24309000000000003,0.19447200000000003
2020-12-13 21:00:00,2020-12-13,21,oos,train,0.0,0.0,-0.43,0.0,32.34011111,10.672236666300002,21.6678744437,0.17245,0.22244999999999998,0.17796
2020-12-13 22:00:00,2020-12-13,22,oos,train,0.0,0.0,-0.42,0.0,24.34089111,8.0324940663,16.308397043699998,0.16335,0.21334999999999998,0.17068
2020-12-13 23:00:00,2020-12-13,23,oos,train,0.0,0.0,-0.43,0.0,23.21776,7.6618607999999995,15.555899199999997,0.16165,0.21165,0.16932000000000003
2020-12-14 00:00:00,2020-12-14,0,oos,train,0.0,0.0,-0.5,0.0,19.26252444,6.3566330652000005,12.9058913748,0.1579499999999999,0.2079499999999999,0.16635999999999995
2020-12-14 01:00:00,2020-12-14,1,oos,train,0.0,0.0,-0.49,0.0,25.02163556,8.2571397348,16.764495825199997,0.15213,0.20212999999999998,0.161704
2020-12-14 02:00:00,2020-12-14,2,oos,train,0.0,0.0,15.37,15.37,21.16457111,6.984308466300001,14.180262643699999,0.14937,0.19937,0.159496
2020-12-14 03:00:00,2020-12-14,3,oos,train,0.0,0.0,24.26,24.26,23.04497111,7.6048404663,15.440130643699998,0.14842,0.19841999999999999,0.158736
2020-12-14 04:00:00,2020-12-14,4,oos,train,0.0,0.0,31.61,31.61,21.66448444,7.1492798652,14.515204574799998,0.15033,0.20033,0.16026400000000002
2020-12-14 05:00:00,2020-12-14,5,oos,train,0.0,0.0,43.61,43.61,20.94217333,6.9109171989,14.031256131099997,0.14874,0.19874000000000003,0.15899200000000002
2020-12-14 06:00:00,2020-12-14,6,oos,train,0.0,0.0,39.82,39.82,21.33272889,7.0398005337,14.292928356299997,0.1551999999999999,0.20519999999999988,0.16415999999999992
2020-12-14 07:00:00,2020-12-14,7,oos,train,0.0,0.0,-0.24,0.0,24.99179333,8.247291798900001,16.7445015311,0.15954,0.20954,0.167632
2020-12-14 08:00:00,2020-12-14,8,oos,train,0.0,0.0,-0.28,0.0,28.27366,9.3303078,18.943352199999996,0.15837,0.20837,0.166696
2020-12-14 09:00:00,2020-12-14,9,oos,train,0.3076666999999999,0.3076666999999999,-0.3,0.0,27.81232889,9.178068533700001,18.634260356299997,0.15668,0.20668000000000003,0.16534400000000005
2020-12-14 10:00:00,2020-12-14,10,oos,train,0.5895832999999999,0.5895832999999999,-0.3,0.0,22.29196,7.3563468,14.935613199999999,0.15594,0.20594,0.164752
2020-12-14 11:00:00,2020-12-14,11,oos,train,0.9456667,0.9456667,-0.28,0.0,19.78455778,6.5289040674,13.2556537126,0.1553,0.20529999999999998,0.16424
2020-12-14 12:00:00,2020-12-14,12,oos,train,0.0656364,0.0656364,-0.16,0.0,20.64380444,6.8124554652,13.8313489748,0.1555099999999999,0.20550999999999991,0.16440799999999994
2020-12-14 13:00:00,2020-12-14,13,oos,train,0.0,0.0,67.94,67.94,26.52021333,8.7516703989,17.768542931099997,0.15509,0.20509,0.164072
2020-12-14 14:00:00,2020-12-14,14,oos,train,0.0,0.0,54.51,54.51,32.89425556,10.8551043348,22.039151225199998,0.1555099999999999,0.20550999999999991,0.16440799999999994
2020-12-14 15:00:00,2020-12-14,15,oos,train,0.0,0.0,12.36,12.36,30.20388222,9.9672811326,20.236601087399997,0.1551999999999999,0.20519999999999988,0.16415999999999992
2020-12-14 16:00:00,2020-12-14,16,oos,train,0.0,0.0,-0.28,0.0,22.04528889,7.2749453337,14.770343556299997,0.15361,0.20361,0.16288800000000003
2020-12-14 17:00:00,2020-12-14,17,oos,train,0.0,0.0,-0.25,0.0,22.43387556,7.4031789348000006,15.0306966252,0.1522299999999999,0.2022299999999999,0.16178399999999993
2020-12-14 18:00:00,2020-12-14,18,oos,train,0.0,0.0,-0.25,0.0,29.39167333,9.6992521989,19.692421131099998,0.15117,0.20117000000000002,0.16093600000000002
2020-12-14 19:00:00,2020-12-14,19,oos,train,0.0,0.0,-0.27,0.0,29.81455333,9.838802598900001,19.975750731099996,0.1499,0.19990000000000002,0.15992000000000003
2020-12-14 20:00:00,2020-12-14,20,oos,train,0.0,0.0,-0.24,0.0,28.11497556,9.277941934800001,18.8370336252,0.15583,0.20583,0.16466400000000003
2020-12-14 21:00:00,2020-12-14,21,oos,train,0.0,0.0,-0.25,0.0,31.53705778,10.407229067400001,21.1298287126,0.1551999999999999,0.20519999999999988,0.16415999999999992
2020-12-14 22:00:00,2020-12-14,22,oos,train,0.0,0.0,-0.25,0.0,26.47026889,8.735188733700001,17.735080156299997,0.1515999999999999,0.2015999999999999,0.16127999999999992
2020-12-14 23:00:00,2020-12-14,23,oos,train,0.0,0.0,-0.26,0.0,19.63540222,6.479682732600001,13.155719487399999,0.1471599999999999,0.1971599999999999,0.15772799999999992
2020-12-15 00:00:00,2020-12-15,0,oos,train,0.0,0.0,-0.26,0.0,16.39865556,5.411556334800001,10.9870992252,0.14631,0.19630999999999998,0.157048
2020-12-15 01:00:00,2020-12-15,1,oos,train,0.0,0.0,-0.26,0.0,21.1652,6.984516,14.180683999999998,0.14673,0.19673000000000002,0.15738400000000002
2020-12-15 02:00:00,2020-12-15,2,oos,train,0.0,0.0,-0.26,0.0,24.69650444,8.1498464652,16.5466579748,0.14758,0.19757999999999998,0.15806399999999998
2020-12-15 03:00:00,2020-12-15,3,oos,train,0.0,0.0,8.74,8.74,21.50061333,7.095202398900001,14.405410931099999,0.14875,0.19874999999999998,0.159
2020-12-15 04:00:00,2020-12-15,4,oos,train,0.0,0.0,38.92,38.92,23.71409111,7.8256500663,15.888441043699997,0.15924,0.20923999999999998,0.16739199999999999
2020-12-15 05:00:00,2020-12-15,5,oos,train,0.0,0.0,12.19,12.19,19.02392889,6.277896533700001,12.746032356299999,0.1607299999999999,0.21072999999999992,0.16858399999999996
2020-12-15 06:00:00,2020-12-15,6,oos,train,0.0,0.0,2.51,2.51,21.42285111,7.069540866300001,14.353310243699998,0.1656,0.2156,0.17248000000000002
2020-12-15 07:00:00,2020-12-15,7,oos,train,0.0,0.0,-0.24,0.0,26.47472444,8.7366590652,17.738065374799998,0.17939,0.22938999999999998,0.183512
2020-12-15 08:00:00,2020-12-15,8,oos,train,0.0,0.0,-0.26,0.0,24.02992,7.9298736000000005,16.1000464,0.20207,0.25207,0.20165600000000003
2020-12-15 09:00:00,2020-12-15,9,oos,train,0.9235833,0.9235833,-0.28,0.0,30.25316,9.9835428,20.2696172,0.20886,0.25886,0.207088
2020-12-15 10:00:00,2020-12-15,10,oos,train,2.41775,2.41775,-0.28,0.0,28.35752222,9.3579823326,18.999539887399997,0.20822,0.25822,0.206576
2020-12-15 11:00:00,2020-12-15,11,oos,train,1.845,1.845,-0.3,0.0,21.79710222,7.1930437326000005,14.604058487399998,0.2008,0.2508,0.20064000000000004
2020-12-15 12:00:00,2020-12-15,12,oos,train,0.0779166999999999,0.0779166999999999,0.13,0.13,20.87990667,6.8903692011,13.989537468899998,0.2007,0.2507,0.20056
2020-12-15 13:00:00,2020-12-15,13,oos,train,0.0,0.0,0.19,0.19,24.03661778,7.9320838674,16.104533912599997,0.20123,0.25123,0.20098400000000002
2020-12-15 14:00:00,2020-12-15,14,oos,train,0.0,0.0,-0.27,0.0,27.93375333,9.2181385989,18.715614731099997,0.21183,0.26183,0.209464
2020-12-15 15:00:00,2020-12-15,15,oos,train,0.0,0.0,-0.24,0.0,29.93172222,9.877468332600001,20.054253887399998,0.21978,0.26978,0.21582400000000002
2020-12-15 16:00:00,2020-12-15,16,oos,train,0.0,0.0,-0.35,0.0,27.41577556,9.047205934800001,18.3685696252,0.21077,0.26077,0.20861600000000002
2020-12-15 17:00:00,2020-12-15,17,oos,train,0.0,0.0,-0.31,0.0,21.59582222,7.1266213326,14.469200887399998,0.20642,0.25642,0.20513599999999999
2020-12-15 18:00:00,2020-12-15,18,oos,train,0.0,0.0,-0.29,0.0,21.99389111,7.257984066300001,14.735907043699997,0.20123,0.25123,0.20098400000000002
2020-12-15 19:00:00,2020-12-15,19,oos,train,0.0,0.0,1.31,1.31,28.61803111,9.4439502663,19.174080843699997,0.19179,0.24179,0.19343200000000002
2020-12-15 20:00:00,2020-12-15,20,oos,train,0.0,0.0,-0.28,0.0,25.94186,8.5608138,17.381046199999997,0.24978,0.29978,0.239824
2020-12-15 21:00:00,2020-12-15,21,oos,train,0.0,0.0,-0.29,0.0,32.47210444,10.715794465200002,21.7563099748,0.23865,0.28865,0.23092000000000001
2020-12-15 22:00:00,2020-12-15,22,oos,train,0.0,0.0,0.2,0.2,24.91211111,8.220996666300001,16.6911144437,0.21193,0.26193,0.209544
2020-12-15 23:00:00,2020-12-15,23,oos,train,0.0,0.0,-0.22,0.0,18.83581778,6.2158198674000005,12.619997912599999,0.2116299999999999,0.2616299999999999,0.20930399999999993
2020-12-16 00:00:00,2020-12-16,0,oos,train,0.0,0.0,11.96,11.96,15.54657333,5.1303691989,10.416204131099999,0.1988899999999999,0.2488899999999999,0.19911199999999993
2020-12-16 01:00:00,2020-12-16,1,oos,train,0.0,0.0,20.65,20.65,20.05430222,6.617919732600001,13.4363824874,0.18327,0.23326999999999998,0.186616
2020-12-16 02:00:00,2020-12-16,2,oos,train,0.0,0.0,29.19,29.19,17.88260667,5.9012602011,11.9813464689,0.17445,0.22444999999999998,0.17956
2020-12-16 03:00:00,2020-12-16,3,oos,train,0.0,0.0,24.67,24.67,19.80557556,6.535839934800001,13.2697356252,0.17137,0.22137,0.17709600000000003
2020-12-16 04:00:00,2020-12-16,4,oos,train,0.0,0.0,28.55,28.55,15.56036444,5.134920265200001,10.425444174799999,0.17201,0.22200999999999999,0.177608
2020-12-16 05:00:00,2020-12-16,5,oos,train,0.0,0.0,21.84,21.84,20.16872222,6.6556783326,13.513043887399999,0.16807,0.21806999999999999,0.174456
2020-12-16 06:00:00,2020-12-16,6,oos,train,0.0,0.0,18.78,18.78,18.96365778,6.2580070673999995,12.705650712599997,0.1866699999999999,0.23666999999999988,0.18933599999999992
2020-12-16 07:00:00,2020-12-16,7,oos,train,0.0,0.0,8.85,8.85,27.3216,9.016128,18.305471999999998,0.21089,0.26089,0.208712
2020-12-16 08:00:00,2020-12-16,8,oos,train,0.0,0.0,11.02,11.02,27.18431556,8.9708241348,18.2134914252,0.25838,0.30838,0.246704
2020-12-16 09:00:00,2020-12-16,9,oos,train,0.2154167,0.2154167,-582.2,0.0,22.55610444,7.4435144652,15.112589974799997,0.2579599999999999,0.3079599999999999,0.24636799999999992
2020-12-16 10:00:00,2020-12-16,10,oos,train,0.0919166999999999,0.0919166999999999,9.28,9.28,16.93531556,5.5886541348,11.346661425199999,0.25785,0.30785,0.24628000000000003
2020-12-16 11:00:00,2020-12-16,11,oos,train,0.0033334,0.0033334,8.01,8.01,17.53879889,5.7878036337,11.750995256299998,0.2408499999999999,0.2908499999999999,0.23267999999999991
2020-12-16 12:00:00,2020-12-16,12,oos,train,0.1640833,0.1640833,5.83,5.83,19.24967111,6.3523914663,12.8972796437,0.25774,0.30774,0.24619200000000002
2020-12-16 13:00:00,2020-12-16,13,oos,train,0.0,0.0,-0.3,0.0,24.60336222,8.119109532600001,16.484252687399998,0.23734,0.28734,0.229872
2020-12-16 14:00:00,2020-12-16,14,oos,train,0.0,0.0,0.49,0.49,22.85296444,7.5414782652,15.311486174799999,0.26231,0.31231,0.249848
2020-12-16 15:00:00,2020-12-16,15,oos,train,0.0,0.0,-0.06,0.0,27.01752,8.9157816,18.1017384,0.20101,0.25101,0.20080800000000001
2020-12-16 16:00:00,2020-12-16,16,oos,train,0.0,0.0,-0.26,0.0,24.80156444,8.184516265200001,16.617048174799997,0.19973,0.24973,0.19978400000000002
2020-12-16 17:00:00,2020-12-16,17,oos,train,0.0,0.0,0.07,0.07,19.85734889,6.5529251337000005,13.304423756299999,0.19623,0.24623,0.19698400000000002
2020-12-16 18:00:00,2020-12-16,18,oos,train,0.0,0.0,1.83,1.83,19.82146889,6.5410847337,13.280384156299997,0.19559,0.24559000000000003,0.19647200000000004
2020-12-16 19:00:00,2020-12-16,19,oos,train,0.0,0.0,3.33,3.33,27.12413556,8.9509647348,18.173170825199996,0.19102,0.24102,0.19281600000000002
2020-12-16 20:00:00,2020-12-16,20,oos,train,0.0,0.0,-0.28,0.0,29.63452222,9.7793923326,19.855129887399997,0.23267,0.28267,0.226136
2020-12-16 21:00:00,2020-12-16,21,oos,train,0.0,0.0,-0.25,0.0,27.48329778,9.0694882674,18.4138095126,0.22778,0.27778,0.22222400000000003
2020-12-16 22:00:00,2020-12-16,22,oos,train,0.0,0.0,-0.27,0.0,27.40316667,9.043045001100001,18.3601216689,0.21641,0.26641,0.21312799999999998
2020-12-16 23:00:00,2020-12-16,23,oos,train,0.0,0.0,-0.31,0.0,21.97013333,7.2501439989000005,14.719989331099999,0.20466,0.25466,0.20372800000000002
2020-12-17 00:00:00,2020-12-17,0,oos,train,0.0,0.0,-0.33,0.0,17.31376111,5.713541166300001,11.600219943699999,0.19122,0.24122,0.192976
2020-12-17 01:00:00,2020-12-17,1,oos,train,0.0,0.0,-0.31,0.0,18.83914667,6.216918401100001,12.622228268899999,0.18709,0.23709000000000002,0.18967200000000004
2020-12-17 02:00:00,2020-12-17,2,oos,train,0.0,0.0,-0.38,0.0,18.6002,6.138066,12.462133999999999,0.1745,0.22449999999999998,0.17959999999999998
2020-12-17 03:00:00,2020-12-17,3,oos,train,0.0,0.0,-0.36,0.0,20.31304889,6.703306133700001,13.6097427563,0.16286,0.21286,0.170288
2020-12-17 04:00:00,2020-12-17,4,oos,train,0.0,0.0,-0.4,0.0,22.75573778,7.509393467400001,15.246344312599998,0.1581999999999999,0.20819999999999989,0.16655999999999993
2020-12-17 05:00:00,2020-12-17,5,oos,train,0.0,0.0,-0.38,0.0,20.93497778,6.908542667400001,14.0264351126,0.1576699999999999,0.2076699999999999,0.16613599999999995
2020-12-17 06:00:00,2020-12-17,6,oos,train,0.0,0.0,-0.43,0.0,23.19776667,7.655263001100001,15.542503668899998,0.16021,0.21021,0.168168
2020-12-17 07:00:00,2020-12-17,7,oos,train,0.0,0.0,-0.32,0.0,26.94336889,8.8913117337,18.0520571563,0.16878,0.21878000000000003,0.17502400000000004
2020-12-17 08:00:00,2020-12-17,8,oos,train,0.0,0.0,-0.35,0.0,27.53228444,9.085653865200001,18.4466305748,0.16561,0.21561000000000002,0.17248800000000003
2020-12-17 09:00:00,2020-12-17,9,oos,train,0.0,0.0,24.41,24.41,24.64589778,8.133146267399999,16.512751512599998,0.16455,0.21455000000000002,0.17164000000000001
2020-12-17 10:00:00,2020-12-17,10,oos,train,0.0831667,0.0831667,13.03,13.03,21.03600667,6.9418822011,14.094124468899999,0.16434,0.21434000000000003,0.17147200000000004
2020-12-17 11:00:00,2020-12-17,11,oos,train,0.1125833,0.1125833,-0.27,0.0,19.33819333,6.3816037989,12.956589531099999,0.16423,0.21422999999999998,0.17138399999999998
2020-12-17 12:00:00,2020-12-17,12,oos,train,0.0,0.0,-0.24,0.0,20.32927111,6.7086594663,13.620611643699998,0.16497,0.21497,0.17197600000000002
2020-12-17 13:00:00,2020-12-17,13,oos,train,0.0,0.0,-0.26,0.0,25.90822444,8.549714065200002,17.358510374799998,0.16836,0.21836,0.174688
2020-12-17 14:00:00,2020-12-17,14,oos,train,0.0,0.0,-0.25,0.0,29.39165778,9.6992470674,19.692410712599997,0.1672,0.2172,0.17376000000000003
2020-12-17 15:00:00,2020-12-17,15,oos,train,0.0,0.0,-0.26,0.0,27.19602,8.9746866,18.2213334,0.16868,0.21867999999999999,0.174944
2020-12-17 16:00:00,2020-12-17,16,oos,train,0.0,0.0,-0.33,0.0,25.67425111,8.472502866300001,17.2017482437,0.16857,0.21857,0.174856
2020-12-17 17:00:00,2020-12-17,17,oos,train,0.0,0.0,-0.25,0.0,20.11415333,6.637670598900001,13.476482731099999,0.16783,0.21783000000000002,0.17426400000000003
2020-12-17 18:00:00,2020-12-17,18,oos,train,0.0,0.0,-0.26,0.0,23.01372444,7.594529065200001,15.4191953748,0.16561,0.21561000000000002,0.17248800000000003
2020-12-17 19:00:00,2020-12-17,19,oos,train,0.0,0.0,-0.24,0.0,25.60974889,8.4512171337,17.158531756299997,0.16656,0.21656000000000003,0.17324800000000004
2020-12-17 20:00:00,2020-12-17,20,oos,train,0.0,0.0,-0.28,0.0,25.86953778,8.536947467400001,17.3325903126,0.1904799999999999,0.24047999999999992,0.19238399999999994
2020-12-17 21:00:00,2020-12-17,21,oos,train,0.0,0.0,-0.28,0.0,25.18113111,8.3097732663,16.871357843699997,0.1891,0.23909999999999998,0.19128
2020-12-17 22:00:00,2020-12-17,22,oos,train,0.0,0.0,-0.28,0.0,18.795,6.202350000000001,12.592649999999999,0.18688,0.23687999999999998,0.189504
2020-12-17 23:00:00,2020-12-17,23,oos,train,0.0,0.0,-0.29,0.0,16.42872111,5.4214779663,11.0072431437,0.16716,0.21716000000000002,0.17372800000000002
2020-12-18 00:00:00,2020-12-18,0,oos,train,0.0,0.0,-0.34,0.0,15.02306222,4.9576105326,10.0654516874,0.16716,0.21716000000000002,0.17372800000000002
2020-12-18 01:00:00,2020-12-18,1,oos,train,0.0,0.0,-0.25,0.0,20.8864,6.892512,13.993887999999997,0.16768,0.21767999999999998,0.174144
2020-12-18 02:00:00,2020-12-18,2,oos,train,0.0,0.0,-0.25,0.0,20.81590667,6.869249201100001,13.946657468899998,0.17031,0.22031,0.17624800000000002
2020-12-18 03:00:00,2020-12-18,3,oos,train,0.0,0.0,-0.24,0.0,19.87655111,6.559261866300001,13.3172892437,0.17493,0.22493000000000002,0.17994400000000002
2020-12-18 04:00:00,2020-12-18,4,oos,train,0.0,0.0,-0.27,0.0,17.40260333,5.742859098900001,11.6597442311,0.17954,0.22954000000000002,0.18363200000000002
2020-12-18 05:00:00,2020-12-18,5,oos,train,0.0,0.0,-0.28,0.0,16.51153444,5.448806365199999,11.062728074799997,0.17912,0.22912,0.18329600000000001
2020-12-18 06:00:00,2020-12-18,6,oos,train,0.0,0.0,-0.31,0.0,19.10343111,6.3041322663,12.799298843699997,0.18091,0.23091,0.184728
2020-12-18 07:00:00,2020-12-18,7,oos,train,0.0,0.0,-0.31,0.0,25.76526667,8.5025380011,17.262728668899996,0.17839,0.22838999999999998,0.18271199999999999
2020-12-18 08:00:00,2020-12-18,8,oos,train,0.0,0.0,-0.36,0.0,22.55451556,7.4429901348,15.111525425199998,0.1765,0.22649999999999998,0.1812
2020-12-18 09:00:00,2020-12-18,9,oos,train,1.1535,1.1535,-0.36,0.0,26.82011111,8.8506366663,17.969474443699998,0.16915,0.21915,0.17532000000000003
2020-12-18 10:00:00,2020-12-18,10,oos,train,7.089,7.089,-0.44,0.0,29.90539778,9.868781267400001,20.0366165126,0.16527,0.21527000000000002,0.17221600000000004
2020-12-18 11:00:00,2020-12-18,11,oos,train,2.12425,2.12425,-0.41,0.0,24.81677111,8.189534466300001,16.627236643699998,0.16159,0.21159,0.169272
2020-12-18 12:00:00,2020-12-18,12,oos,train,0.72925,0.72925,-0.5,0.0,22.76079333,7.5110617989,15.249731531099997,0.16086,0.21086,0.168688
2020-12-18 13:00:00,2020-12-18,13,oos,train,0.0123333,0.0123333,-0.5,0.0,24.78150667,8.1778972011,16.603609468899997,0.16096,0.21095999999999998,0.168768
2020-12-18 14:00:00,2020-12-18,14,oos,train,0.0,0.0,-0.43,0.0,28.83014222,9.5139469326,19.316195287399996,0.16096,0.21095999999999998,0.168768
2020-12-18 15:00:00,2020-12-18,15,oos,train,0.0,0.0,-0.42,0.0,25.95300889,8.5644929337,17.388515956299997,0.16075,0.21075,0.1686
2020-12-18 16:00:00,2020-12-18,16,oos,train,0.0,0.0,-0.4,0.0,25.00212889,8.2507025337,16.751426356299998,0.16149,0.21149,0.169192
2020-12-18 17:00:00,2020-12-18,17,oos,train,0.0,0.0,-0.36,0.0,22.83495111,7.5355338663,15.299417243699997,0.1611699999999999,0.2111699999999999,0.16893599999999995
2020-12-18 18:00:00,2020-12-18,18,oos,train,0.0,0.0,-0.45,0.0,25.64080667,8.4614662011,17.179340468899998,0.16348,0.21348,0.17078400000000002
2020-12-18 19:00:00,2020-12-18,19,oos,train,0.0,0.0,-0.34,0.0,30.35549111,10.0173120663,20.3381790437,0.1631699999999999,0.21316999999999992,0.17053599999999994
2020-12-18 20:00:00,2020-12-18,20,oos,train,0.0,0.0,-0.37,0.0,29.14566222,9.6180685326,19.527593687399996,0.1701,0.22010000000000002,0.17608000000000001
2020-12-18 21:00:00,2020-12-18,21,oos,train,0.0,0.0,-0.33,0.0,28.35470444,9.3570524652,18.997651974799997,0.1701,0.22010000000000002,0.17608000000000001
2020-12-18 22:00:00,2020-12-18,22,oos,train,0.0,0.0,-0.39,0.0,24.93953333,8.2300459989,16.709487331099997,0.16632,0.21632,0.17305600000000002
2020-12-18 23:00:00,2020-12-18,23,oos,train,0.0,0.0,-0.32,0.0,19.97105111,6.590446866300001,13.380604243699999,0.15841,0.20840999999999998,0.166728
2020-12-19 00:00:00,2020-12-19,0,oos,train,0.0,0.0,-0.33,0.0,20.09644889,6.631828133700001,13.464620756299999,0.15314,0.20314,0.162512
2020-12-19 01:00:00,2020-12-19,1,oos,train,0.0,0.0,-0.33,0.0,22.78091333,7.517701398900001,15.263211931099999,0.14535,0.19535000000000002,0.15628000000000003
2020-12-19 02:00:00,2020-12-19,2,oos,train,0.0,0.0,-0.35,0.0,19.84667556,6.549402934800001,13.2972726252,0.14314,0.19313999999999998,0.15451199999999998
2020-12-19 03:00:00,2020-12-19,3,oos,train,0.0,0.0,-0.44,0.0,19.67488444,6.4927118652,13.1821725748,0.1423,0.19230000000000003,0.15384000000000003
2020-12-19 04:00:00,2020-12-19,4,oos,train,0.0,0.0,-0.39,0.0,21.64263111,7.1420682663,14.5005628437,0.14324,0.19324000000000002,0.15459200000000003
2020-12-19 05:00:00,2020-12-19,5,oos,train,0.0,0.0,-0.34,0.0,19.43437111,6.4133424663000005,13.0210286437,0.14187,0.19186999999999999,0.153496
2020-12-19 06:00:00,2020-12-19,6,oos,train,0.0,0.0,-0.31,0.0,21.06996889,6.9530897337,14.116879156299998,0.14198,0.19197999999999998,0.153584
2020-12-19 07:00:00,2020-12-19,7,oos,train,0.0,0.0,-0.27,0.0,22.68814444,7.4870876652,15.201056774799998,0.14535,0.19535000000000002,0.15628000000000003
2020-12-19 08:00:00,2020-12-19,8,oos,train,0.0,0.0,-0.27,0.0,27.92573778,9.2154934674,18.710244312599997,0.15515,0.20515,0.16412000000000002
2020-12-19 09:00:00,2020-12-19,9,oos,train,0.0,0.0,-0.26,0.0,27.48452444,9.0698930652,18.4146313748,0.15736,0.20736,0.165888
2020-12-19 10:00:00,2020-12-19,10,oos,train,0.2755834,0.2755834,-0.31,0.0,24.36467556,8.0403429348,16.324332625199997,0.15746,0.20745999999999998,0.165968
2020-12-19 11:00:00,2020-12-19,11,oos,train,3.79625,3.79625,-0.41,0.0,24.86473778,8.2053634674,16.659374312599997,0.15515,0.20515,0.16412000000000002
2020-12-19 12:00:00,2020-12-19,12,oos,train,1.94625,1.94625,31.19,31.19,24.57235556,8.108877334799999,16.463478225199996,0.15388,0.20388,0.16310400000000003
2020-12-19 13:00:00,2020-12-19,13,oos,train,0.257,0.257,46.43,46.43,23.89735556,7.886127334800001,16.0112282252,0.1541999999999999,0.20419999999999988,0.16335999999999992
2020-12-19 14:00:00,2020-12-19,14,oos,train,0.0,0.0,48.08,48.08,25.26951778,8.338940867400002,16.9305769126,0.1563,0.20629999999999998,0.16504
2020-12-19 15:00:00,2020-12-19,15,oos,train,0.0,0.0,43.97,43.97,24.14903333,7.969180998900001,16.1798523311,0.1565099999999999,0.20650999999999992,0.16520799999999994
2020-12-19 16:00:00,2020-12-19,16,oos,train,0.0,0.0,22.87,22.87,27.94965111,9.223384866300002,18.7262662437,0.15441,0.20440999999999998,0.163528
2020-12-19 17:00:00,2020-12-19,17,oos,train,0.0,0.0,-0.24,0.0,18.05311333,5.9575273989,12.095585931099997,0.15293,0.20293,0.16234400000000002
2020-12-19 18:00:00,2020-12-19,18,oos,train,0.0,0.0,-0.26,0.0,25.49911556,8.4147081348,17.0844074252,0.14535,0.19535000000000002,0.15628000000000003
2020-12-19 19:00:00,2020-12-19,19,oos,train,0.0,0.0,-0.25,0.0,29.52858667,9.7444336011,19.784153068899997,0.14251,0.19251000000000001,0.15400800000000003
2020-12-19 20:00:00,2020-12-19,20,oos,train,0.0,0.0,-0.26,0.0,23.55436889,7.7729417337,15.781427156299998,0.1458799999999999,0.1958799999999999,0.15670399999999993
2020-12-19 21:00:00,2020-12-19,21,oos,train,0.0,0.0,-0.25,0.0,20.95266667,6.9143800011000005,14.038286668899998,0.14356,0.19356,0.154848
2020-12-19 22:00:00,2020-12-19,22,oos,train,0.0,0.0,-0.26,0.0,18.68391111,6.165690666300001,12.518220443699999,0.14219,0.19219000000000003,0.15375200000000003
2020-12-19 23:00:00,2020-12-19,23,oos,train,0.0,0.0,-0.27,0.0,18.52188222,6.112221132599999,12.409661087399998,0.13916,0.18916,0.15132800000000002
2020-12-20 00:00:00,2020-12-20,0,oos,train,0.0,0.0,-0.25,0.0,18.39811111,6.0713766663,12.326734443699998,0.1290099999999999,0.1790099999999999,0.14320799999999992
2020-12-20 01:00:00,2020-12-20,1,oos,train,0.0,0.0,-0.27,0.0,19.97960222,6.5932687326,13.386333487399998,0.12623,0.17623,0.140984
2020-12-20 02:00:00,2020-12-20,2,oos,train,0.0,0.0,-0.25,0.0,20.37283556,6.7230357348,13.649799825199997,0.12495,0.17495,0.13996
2020-12-20 03:00:00,2020-12-20,3,oos,train,0.0,0.0,-0.25,0.0,21.24807111,7.011863466300001,14.2362076437,0.12623,0.17623,0.140984
2020-12-20 04:00:00,2020-12-20,4,oos,train,0.0,0.0,-0.27,0.0,18.45135222,6.088946232600001,12.362405987399999,0.12837,0.17837000000000003,0.14269600000000002
2020-12-20 05:00:00,2020-12-20,5,oos,train,0.0,0.0,-0.26,0.0,15.48971222,5.1116050326,10.378107187399998,0.13168,0.18168,0.145344
2020-12-20 06:00:00,2020-12-20,6,oos,train,0.0,0.0,-0.26,0.0,16.670279999999998,5.5011924,11.169087599999997,0.13553,0.18553000000000003,0.14842400000000003
2020-12-20 07:00:00,2020-12-20,7,oos,train,0.0,0.0,-0.27,0.0,23.71631333,7.8263833989,15.889929931099998,0.14162,0.19162,0.15329600000000002
2020-12-20 08:00:00,2020-12-20,8,oos,train,0.0,0.0,-0.25,0.0,27.83747333,9.186366198900002,18.651107131099998,0.14312,0.19312,0.15449600000000002
2020-12-20 09:00:00,2020-12-20,9,oos,train,2.2715833,2.2715833,-0.24,0.0,23.46837333,7.7445631989,15.723810131099997,0.14408,0.19408000000000003,0.15526400000000004
2020-12-20 10:00:00,2020-12-20,10,oos,train,15.2369168,15.2369168,-0.29,0.0,23.4896,7.751568,15.738031999999999,0.14472,0.19472,0.15577600000000003
2020-12-20 11:00:00,2020-12-20,11,oos,train,14.890583,14.890583,18.62,18.62,25.39945333,8.3818195989,17.0176337311,0.14515,0.19515,0.15612
2020-12-20 12:00:00,2020-12-20,12,oos,train,9.702499800000002,9.702499800000002,49.87,49.87,20.75045111,6.8476488663,13.902802243699998,0.14739,0.19739,0.15791200000000002
2020-12-20 13:00:00,2020-12-20,13,oos,train,0.11075,0.11075,0.16,0.16,22.21482222,7.3308913326,14.883930887399998,0.15156,0.20156000000000002,0.16124800000000003
2020-12-20 14:00:00,2020-12-20,14,oos,train,0.0,0.0,-0.24,0.0,23.90620222,7.889046732600001,16.0171554874,0.1498499999999999,0.19984999999999992,0.15987999999999994
2020-12-20 15:00:00,2020-12-20,15,oos,train,0.0,0.0,-0.24,0.0,25.89721778,8.5460818674,17.351135912599997,0.14814,0.19813999999999998,0.158512
2020-12-20 16:00:00,2020-12-20,16,oos,train,0.0,0.0,-0.24,0.0,30.50211556,10.0656981348,20.4364174252,0.14953,0.19952999999999999,0.159624
2020-12-20 17:00:00,2020-12-20,17,oos,train,0.0,0.0,-0.25,0.0,28.12322889,9.2806655337,18.842563356299998,0.14526,0.19526,0.156208
2020-12-20 18:00:00,2020-12-20,18,oos,train,0.0,0.0,-0.27,0.0,27.56702667,9.0971188011,18.4699078689,0.1444,0.19440000000000002,0.15552000000000002
2020-12-20 19:00:00,2020-12-20,19,oos,train,0.0,0.0,-0.28,0.0,21.19473556,6.994262734800001,14.2004728252,0.14408,0.19408000000000003,0.15526400000000004
2020-12-20 20:00:00,2020-12-20,20,oos,train,0.0,0.0,-0.29,0.0,26.84607778,8.859205667400001,17.9868721126,0.15637,0.20637,0.16509600000000002
2020-12-20 21:00:00,2020-12-20,21,oos,train,0.0,0.0,-0.25,0.0,26.70939333,8.814099798900001,17.8952935311,0.1559499999999999,0.2059499999999999,0.16475999999999993
2020-12-20 22:00:00,2020-12-20,22,oos,train,0.0,0.0,-0.26,0.0,23.92378889,7.894850333700001,16.028938556299998,0.13884,0.18884,0.151072
2020-12-20 23:00:00,2020-12-20,23,oos,train,0.0,0.0,-0.25,0.0,18.87263111,6.2279682663,12.644662843699999,0.12794,0.17794,0.142352
2020-12-21 00:00:00,2020-12-21,0,oos,train,0.0,0.0,-0.28,0.0,15.18649556,5.0115435348,10.174952025199998,0.12046,0.17046,0.13636800000000002
2020-12-21 01:00:00,2020-12-21,1,oos,train,0.0,0.0,-0.24,0.0,19.25039778,6.3526312674000005,12.897766512599999,0.12367,0.17367,0.138936
2020-12-21 02:00:00,2020-12-21,2,oos,train,0.0,0.0,-0.28,0.0,20.46686667,6.754066001100001,13.7128006689,0.12612,0.17612,0.140896
2020-12-21 03:00:00,2020-12-21,3,oos,train,0.0,0.0,-0.26,0.0,21.48995778,7.0916860674,14.3982717126,0.13735,0.18735000000000002,0.14988
2020-12-21 04:00:00,2020-12-21,4,oos,train,0.0,0.0,17.98,17.98,16.82977778,5.5538266674,11.2759511126,0.146,0.196,0.15680000000000002
2020-12-21 05:00:00,2020-12-21,5,oos,train,0.0,0.0,33.11,33.11,18.04830444,5.9559404652,12.092363974799998,0.14804,0.19804,0.15843200000000002
2020-12-21 06:00:00,2020-12-21,6,oos,train,0.0,0.0,35.9,35.9,21.50976,7.0982208,14.411539199999998,0.15081,0.20081,0.160648
2020-12-21 07:00:00,2020-12-21,7,oos,train,0.0,0.0,25.4,25.4,20.42144444,6.7390766652,13.682367774799998,0.15424,0.20423999999999998,0.16339199999999998
2020-12-21 08:00:00,2020-12-21,8,oos,train,0.0,0.0,32.35,32.35,23.17688222,7.6483711326,15.528511087399998,0.1544499999999999,0.2044499999999999,0.16355999999999993
2020-12-21 09:00:00,2020-12-21,9,oos,train,1.23125,1.23125,36.42,36.42,26.53990667,8.758169201100001,17.781737468899998,0.15456,0.20456000000000002,0.16364800000000002
2020-12-21 10:00:00,2020-12-21,10,oos,train,1.857,1.857,39.48,39.48,23.53297778,7.7658826674000005,15.767095112599998,0.15424,0.20423999999999998,0.16339199999999998
2020-12-21 11:00:00,2020-12-21,11,oos,train,0.9290833,0.9290833,42.55,42.55,25.83553333,8.5257259989,17.3098073311,0.1529499999999999,0.2029499999999999,0.16235999999999995
2020-12-21 12:00:00,2020-12-21,12,oos,train,4.4366668,4.4366668,42.8,42.8,35.81841111,11.820075666300001,23.998335443699997,0.1522,0.2022,0.16176000000000001
2020-12-21 13:00:00,2020-12-21,13,oos,train,0.0,0.0,35.72,35.72,33.55454444,11.072999665200001,22.4815447748,0.15188,0.20188,0.161504
2020-12-21 14:00:00,2020-12-21,14,oos,train,0.0,0.0,38.08,38.08,22.28967333,7.3555921989,14.934081131099997,0.15199,0.20199,0.161592
2020-12-21 15:00:00,2020-12-21,15,oos,train,0.0,0.0,48.88,48.88,24.72294222,8.1585709326,16.564371287399997,0.15338,0.20338,0.16270400000000002
2020-12-21 16:00:00,2020-12-21,16,oos,train,0.0,0.0,49.58,49.58,21.06921111,6.952839666300001,14.116371443699999,0.15306,0.20306000000000002,0.16244800000000004
2020-12-21 17:00:00,2020-12-21,17,oos,train,0.0,0.0,47.09,47.09,19.80964889,6.537184133699999,13.272464756299998,0.15402,0.20401999999999998,0.163216
2020-12-21 18:00:00,2020-12-21,18,oos,train,0.0,0.0,37.14,37.14,25.24291333,8.330161398900001,16.912751931099997,0.15391,0.20390999999999998,0.163128
2020-12-21 19:00:00,2020-12-21,19,oos,train,0.0,0.0,37.97,37.97,51.47005778,16.9851190674,34.4849387126,0.15552,0.20551999999999998,0.164416
2020-12-21 20:00:00,2020-12-21,20,oos,train,0.0,0.0,47.21,47.21,26.92484444,8.8851986652,18.0396457748,0.1570099999999999,0.20700999999999992,0.16560799999999995
2020-12-21 21:00:00,2020-12-21,21,oos,train,0.0,0.0,48.76,48.76,29.35640667,9.6876142011,19.668792468899998,0.14216,0.19216,0.153728
2020-12-21 22:00:00,2020-12-21,22,oos,train,0.0,0.0,46.18,46.18,22.77960889,7.5172709337,15.262337956299998,0.10517,0.15517,0.12413600000000001
2020-12-21 23:00:00,2020-12-21,23,oos,train,0.0,0.0,34.51,34.51,18.87658222,6.2292721326,12.647310087399998,0.08596,0.13596,0.108768
2020-12-22 00:00:00,2020-12-22,0,oos,train,0.0,0.0,46.61,46.61,17.64982556,5.8244424348,11.825383125199998,0.07933,0.12933,0.103464
2020-12-22 01:00:00,2020-12-22,1,oos,train,0.0,0.0,38.18,38.18,19.55534,6.453262200000001,13.1020778,0.06565,0.11565,0.09252
2020-12-22 02:00:00,2020-12-22,2,oos,train,0.0,0.0,42.32,42.32,22.46231111,7.412562666300001,15.0497484437,0.0616899999999999,0.1116899999999999,0.08935199999999993
2020-12-22 03:00:00,2020-12-22,3,oos,train,0.0,0.0,33.46,33.46,19.28407778,6.363745667400001,12.920332112599999,0.0649,0.1149,0.09192
2020-12-22 04:00:00,2020-12-22,4,oos,train,0.0,0.0,-0.25,0.0,16.61264,5.4821712,11.130468799999997,0.10093,0.15093,0.12074400000000002
2020-12-22 05:00:00,2020-12-22,5,oos,train,0.0,0.0,0.23,0.23,16.54444556,5.4596670348,11.084778525199999,0.13568,0.18568,0.148544
2020-12-22 06:00:00,2020-12-22,6,oos,train,0.0,0.0,20.94,20.94,20.11459556,6.637816534800001,13.476779025199999,0.14338,0.19338,0.154704
2020-12-22 07:00:00,2020-12-22,7,oos,train,0.0,0.0,-0.25,0.0,29.97753111,9.892585266300001,20.084945843699998,0.14413,0.19413000000000002,0.15530400000000003
2020-12-22 08:00:00,2020-12-22,8,oos,train,0.0,0.0,-0.25,0.0,26.04062222,8.5934053326,17.447216887399996,0.14573,0.19573000000000002,0.15658400000000003
2020-12-22 09:00:00,2020-12-22,9,oos,train,0.0,0.0,-0.25,0.0,28.26523111,9.3275262663,18.937704843699997,0.14595,0.19595,0.15676
2020-12-22 10:00:00,2020-12-22,10,oos,train,0.0,0.0,-0.27,0.0,24.75628222,8.1695731326,16.5867090874,0.1456299999999999,0.19562999999999992,0.15650399999999995
2020-12-22 11:00:00,2020-12-22,11,oos,train,0.0,0.0,-0.26,0.0,21.55003556,7.1115117348000005,14.438523825199999,0.1476599999999999,0.1976599999999999,0.15812799999999994
2020-12-22 12:00:00,2020-12-22,12,oos,train,0.0,0.0,-0.26,0.0,17.42643222,5.7507226326,11.675709587399998,0.14926,0.19926,0.159408
2020-12-22 13:00:00,2020-12-22,13,oos,train,0.0,0.0,-0.28,0.0,39.51327111,13.0393794663,26.473891643699996,0.15439,0.20439000000000002,0.16351200000000002
2020-12-22 14:00:00,2020-12-22,14,oos,train,0.0,0.0,-0.28,0.0,31.25199778,10.3131592674,20.938838512599997,0.15674,0.20673999999999998,0.16539199999999998
2020-12-22 15:00:00,2020-12-22,15,oos,train,0.0,0.0,-0.26,0.0,22.63034222,7.4680129326,15.162329287399999,0.15899,0.20899,0.167192
2020-12-22 16:00:00,2020-12-22,16,oos,train,0.0,0.0,-0.29,0.0,22.66946222,7.4809225326,15.188539687399999,0.15931,0.20931,0.167448
2020-12-22 17:00:00,2020-12-22,17,oos,train,0.0,0.0,-0.27,0.0,33.72625111,11.1296628663,22.596588243699998,0.15781,0.20781,0.166248
2020-12-22 18:00:00,2020-12-22,18,oos,train,0.0,0.0,-0.25,0.0,40.82932,13.473675600000002,27.3556444,0.1555699999999999,0.20556999999999992,0.16445599999999994
2020-12-22 19:00:00,2020-12-22,19,oos,train,0.0,0.0,-0.28,0.0,24.74542667,8.165990801100001,16.5794358689,0.1540699999999999,0.20406999999999992,0.16325599999999996
2020-12-22 20:00:00,2020-12-22,20,oos,train,0.0,0.0,-0.26,0.0,24.80000889,8.1840029337,16.6160059563,0.1558899999999999,0.2058899999999999,0.16471199999999994
2020-12-22 21:00:00,2020-12-22,21,oos,train,0.0,0.0,-0.31,0.0,27.22811778,8.985278867400002,18.2428389126,0.14873,0.19873000000000002,0.15898400000000001
2020-12-22 22:00:00,2020-12-22,22,oos,train,0.0,0.0,-0.29,0.0,21.45533111,7.080259266300001,14.375071843699999,0.14402,0.19402000000000003,0.15521600000000002
2020-12-22 23:00:00,2020-12-22,23,oos,train,0.0,0.0,-0.34,0.0,20.07411111,6.6244566663,13.449654443699998,0.14141,0.19141000000000002,0.15312800000000004
2020-12-23 00:00:00,2020-12-23,0,oos,train,0.0,0.0,-0.31,0.0,17.06593111,5.6317572663,11.4341738437,0.1395,0.1895,0.1516
2020-12-23 01:00:00,2020-12-23,1,oos,train,0.0,0.0,-0.32,0.0,20.77892,6.8570436,13.921876399999999,0.13727,0.18727,0.149816
2020-12-23 02:00:00,2020-12-23,2,oos,train,0.0,0.0,-0.29,0.0,21.78744222,7.1898559326,14.597586287399999,0.13758,0.18758000000000002,0.15006400000000003
2020-12-23 03:00:00,2020-12-23,3,oos,train,0.0,0.0,-0.3,0.0,21.17113333,6.9864739989,14.184659331099999,0.13769,0.18769000000000002,0.15015200000000004
2020-12-23 04:00:00,2020-12-23,4,oos,train,0.0,0.0,-0.31,0.0,19.28640889,6.364514933700001,12.921893956299998,0.13748,0.18747999999999998,0.14998399999999998
2020-12-23 05:00:00,2020-12-23,5,oos,train,0.0,0.0,-0.32,0.0,19.27574444,6.360995665200001,12.9147487748,0.13897,0.18897000000000003,0.15117600000000003
2020-12-23 06:00:00,2020-12-23,6,oos,train,0.0,0.0,-0.33,0.0,20.54968444,6.7813958652,13.768288574799998,0.14099,0.19099,0.152792
2020-12-23 07:00:00,2020-12-23,7,oos,train,0.0,0.0,-0.34,0.0,26.48583778,8.740326467400001,17.745511312599998,0.14152,0.19152000000000002,0.15321600000000002
2020-12-23 08:00:00,2020-12-23,8,oos,train,0.0,0.0,-0.29,0.0,26.89582,8.875620600000001,18.0201994,0.14184,0.19184,0.15347200000000003
2020-12-23 09:00:00,2020-12-23,9,oos,train,0.0,0.0,-0.33,0.0,28.00149556,9.2404935348,18.761002025199996,0.14237,0.19236999999999999,0.153896
2020-12-23 10:00:00,2020-12-23,10,oos,train,0.59775,0.59775,-0.3,0.0,25.49242889,8.4125015337,17.079927356299997,0.14237,0.19236999999999999,0.153896
2020-12-23 11:00:00,2020-12-23,11,oos,train,0.8255000000000001,0.8255000000000001,-0.25,0.0,23.48376222,7.7496415326,15.734120687399997,0.14226,0.19226,0.153808
2020-12-23 12:00:00,2020-12-23,12,oos,train,0.0019167,0.0019167,-0.3,0.0,21.58120889,7.1217989337,14.459409956299998,0.14248,0.19247999999999998,0.153984
2020-12-23 13:00:00,2020-12-23,13,oos,train,0.0,0.0,-0.32,0.0,26.63414667,8.789268401100001,17.844878268899997,0.14269,0.19269000000000003,0.15415200000000004
2020-12-23 14:00:00,2020-12-23,14,oos,train,0.0,0.0,-0.32,0.0,28.45106444,9.3888512652,19.062213174799997,0.1429,0.19290000000000002,0.15432
2020-12-23 15:00:00,2020-12-23,15,oos,train,0.0,0.0,-0.34,0.0,29.28600889,9.6643829337,19.621625956299997,0.1429,0.19290000000000002,0.15432
2020-12-23 16:00:00,2020-12-23,16,oos,train,0.0,0.0,-0.29,0.0,24.56673111,8.1070212663,16.459709843699997,0.14279,0.19279000000000002,0.15423200000000004
2020-12-23 17:00:00,2020-12-23,17,oos,train,0.0,0.0,-0.34,0.0,21.84091556,7.2075021348,14.633413425199997,0.14269,0.19269000000000003,0.15415200000000004
2020-12-23 18:00:00,2020-12-23,18,oos,train,0.0,0.0,-0.32,0.0,32.874959999999994,10.8487368,22.026223199999993,0.14248,0.19247999999999998,0.153984
2020-12-23 19:00:00,2020-12-23,19,oos,train,0.0,0.0,-0.35,0.0,63.52510667,20.9632852011,42.56182146889999,0.14216,0.19216,0.153728
2020-12-23 20:00:00,2020-12-23,20,oos,train,0.0,0.0,-0.28,0.0,31.28517333,10.3241071989,20.961066131099997,0.14162,0.19162,0.15329600000000002
2020-12-23 21:00:00,2020-12-23,21,oos,train,0.0,0.0,-0.35,0.0,28.72705333,9.4799275989,19.2471257311,0.14099,0.19099,0.152792
2020-12-23 22:00:00,2020-12-23,22,oos,train,0.0,0.0,-0.32,0.0,21.11494222,6.9679309326,14.147011287399998,0.13992,0.18991999999999998,0.151936
2020-12-23 23:00:00,2020-12-23,23,oos,train,0.0,0.0,-0.34,0.0,21.12223111,6.9703362663,14.1518948437,0.13926,0.18925999999999998,0.151408
2020-12-24 00:00:00,2020-12-24,0,oos,train,0.0,0.0,-0.39,0.0,21.94136222,7.2406495326,14.700712687399998,0.1329,0.1829,0.14632
2020-12-24 01:00:00,2020-12-24,1,oos,train,0.0,0.0,-0.36,0.0,25.75032222,8.4976063326,17.252715887399997,0.11529,0.16529,0.132232
2020-12-24 02:00:00,2020-12-24,2,oos,train,0.0,0.0,-0.38,0.0,24.89529111,8.2154460663,16.6798450437,0.10787,0.15787,0.12629600000000002
2020-12-24 03:00:00,2020-12-24,3,oos,train,0.0,0.0,-0.38,0.0,20.03586889,6.611836733700001,13.4240321563,0.10013,0.15012999999999999,0.12010399999999999
2020-12-24 04:00:00,2020-12-24,4,oos,train,0.0,0.0,-0.34,0.0,19.31766889,6.3748307337000005,12.942838156299999,0.11529,0.16529,0.132232
2020-12-24 05:00:00,2020-12-24,5,oos,train,0.0,0.0,-0.31,0.0,17.07547444,5.6349065652000005,11.4405678748,0.1233499999999999,0.1733499999999999,0.13867999999999991
2020-12-24 06:00:00,2020-12-24,6,oos,train,0.0,0.0,-0.37,0.0,21.19680222,6.9949447326,14.201857487399998,0.14054,0.19054,0.152432
2020-12-24 07:00:00,2020-12-24,7,oos,train,0.0,0.0,-0.34,0.0,27.78804889,9.1700561337,18.617992756299998,0.13979,0.18979000000000001,0.15183200000000002
2020-12-24 08:00:00,2020-12-24,8,oos,train,0.0,0.0,-0.38,0.0,30.83637778,10.1760046674,20.6603731126,0.14308,0.19308000000000003,0.15446400000000005
2020-12-24 09:00:00,2020-12-24,9,oos,train,0.0013333,0.0013333,-0.38,0.0,30.75336889,10.148611733700001,20.6047571563,0.14754,0.19754,0.158032
2020-12-24 10:00:00,2020-12-24,10,oos,train,0.2807501,0.2807501,-0.36,0.0,28.54354222,9.4193689326,19.124173287399998,0.14828,0.19828,0.15862400000000001
2020-12-24 11:00:00,2020-12-24,11,oos,train,0.6596667,0.6596667,12.43,12.43,24.03764667,7.9324234011,16.105223268899998,0.14849,0.19849,0.15879200000000002
2020-12-24 12:00:00,2020-12-24,12,oos,train,0.0,0.0,1.92,1.92,24.51734,8.0907222,16.4266178,0.14828,0.19828,0.15862400000000001
2020-12-24 13:00:00,2020-12-24,13,oos,train,0.0,0.0,-0.39,0.0,27.12649333,8.9517427989,18.1747505311,0.1483799999999999,0.1983799999999999,0.15870399999999993
2020-12-24 14:00:00,2020-12-24,14,oos,train,0.0,0.0,-0.38,0.0,25.77994667,8.507382401100001,17.2725642689,0.15072,0.20072,0.16057600000000002
2020-12-24 15:00:00,2020-12-24,15,oos,train,0.0,0.0,-0.37,0.0,41.07015111,13.5531498663,27.517001243699994,0.14902,0.19902000000000003,0.15921600000000002
2020-12-24 16:00:00,2020-12-24,16,oos,train,0.0,0.0,-0.44,0.0,61.71667556,20.3665029348,41.350172625199995,0.14732,0.19732,0.157856
2020-12-24 17:00:00,2020-12-24,17,oos,train,0.0,0.0,-0.35,0.0,54.90957333,18.1201591989,36.789414131099996,0.1451,0.1951,0.15608
2020-12-24 18:00:00,2020-12-24,18,oos,train,0.0,0.0,-0.33,0.0,31.59992444,10.4279750652,21.171949374799997,0.1452,0.19519999999999998,0.15616
2020-12-24 19:00:00,2020-12-24,19,oos,train,0.0,0.0,-0.34,0.0,28.45276889,9.389413733700001,19.0633551563,0.14637,0.19637,0.157096
2020-12-24 20:00:00,2020-12-24,20,oos,train,0.0,0.0,-0.34,0.0,26.63416,8.7892728,17.8448872,0.14467,0.19467,0.155736
2020-12-24 21:00:00,2020-12-24,21,oos,train,0.0,0.0,-0.36,0.0,22.70644889,7.493128133700001,15.213320756299998,0.14626,0.19626,0.157008
2020-12-24 22:00:00,2020-12-24,22,oos,train,0.0,0.0,-0.38,0.0,20.69089111,6.8279940663,13.862897043699999,0.14467,0.19467,0.155736
2020-12-24 23:00:00,2020-12-24,23,oos,train,0.0,0.0,-0.35,0.0,20.24804889,6.6818561337,13.566192756299998,0.14521,0.19521,0.156168
2020-12-25 00:00:00,2020-12-25,0,oos,train,0.0,0.0,-0.33,0.0,22.00812,7.262679600000001,14.7454404,0.14172,0.19172,0.153376
2020-12-25 01:00:00,2020-12-25,1,oos,train,0.0,0.0,-0.39,0.0,24.63549333,8.1297127989,16.505780531099997,0.13908,0.18908000000000003,0.15126400000000004
2020-12-25 02:00:00,2020-12-25,2,oos,train,0.0,0.0,-0.36,0.0,20.15114444,6.6498776652,13.501266774799998,0.13275,0.18275000000000002,0.14620000000000002
2020-12-25 03:00:00,2020-12-25,3,oos,train,0.0,0.0,-0.38,0.0,21.09978889,6.9629303337,14.136858556299998,0.13665,0.18664999999999998,0.14931999999999998
2020-12-25 04:00:00,2020-12-25,4,oos,train,0.0,0.0,-0.38,0.0,20.79959333,6.8638657989,13.9357275311,0.14288,0.19288,0.154304
2020-12-25 05:00:00,2020-12-25,5,oos,train,0.0,0.0,-0.41,0.0,19.49123556,6.432107734800001,13.0591278252,0.1375,0.1875,0.15000000000000002
2020-12-25 06:00:00,2020-12-25,6,oos,train,0.0,0.0,-0.41,0.0,21.59304444,7.125704665200001,14.4673397748,0.1515399999999999,0.20153999999999989,0.16123199999999993
2020-12-25 07:00:00,2020-12-25,7,oos,train,0.0,0.0,-0.38,0.0,29.05604444,9.5884946652,19.4675497748,0.1695,0.21950000000000003,0.17560000000000003
2020-12-25 08:00:00,2020-12-25,8,oos,train,0.0,0.0,-0.44,0.0,25.60737333,8.4504331989,17.1569401311,0.17171,0.22171000000000002,0.17736800000000003
2020-12-25 09:00:00,2020-12-25,9,oos,train,0.0,0.0,-0.41,0.0,28.27643556,9.3312237348,18.945211825199998,0.17224,0.22224,0.177792
2020-12-25 10:00:00,2020-12-25,10,oos,train,0.0,0.0,-0.43,0.0,29.66328667,9.788884601100001,19.8744020689,0.17277,0.22277000000000002,0.17821600000000004
2020-12-25 11:00:00,2020-12-25,11,oos,train,0.0,0.0,-0.42,0.0,23.90602667,7.8889888011,16.017037868899997,0.17361,0.22360999999999998,0.178888
2020-12-25 12:00:00,2020-12-25,12,oos,train,0.0,0.0,-0.44,0.0,21.32722444,7.0379840652,14.289240374799997,0.1715,0.22150000000000003,0.17720000000000002
2020-12-25 13:00:00,2020-12-25,13,oos,train,0.0,0.0,-0.38,0.0,24.15344444,7.970636665200001,16.1828077748,0.17024,0.22024,0.17619200000000002
2020-12-25 14:00:00,2020-12-25,14,oos,train,0.0,0.0,-0.39,0.0,27.60957556,9.1111599348,18.498415625199996,0.17076,0.22076,0.17660800000000001
2020-12-25 15:00:00,2020-12-25,15,oos,train,0.0,0.0,-0.42,0.0,23.60512,7.7896896,15.815430399999999,0.16686,0.21686,0.173488
2020-12-25 16:00:00,2020-12-25,16,oos,train,0.0,0.0,-0.41,0.0,37.84052889,12.4873745337,25.3531543563,0.15334,0.20334000000000002,0.16267200000000004
2020-12-25 17:00:00,2020-12-25,17,oos,train,0.0,0.0,-0.41,0.0,68.54701333,22.6205143989,45.92649893109999,0.14848,0.19848,0.158784
2020-12-25 18:00:00,2020-12-25,18,oos,train,0.0,0.0,-0.39,0.0,39.35573333,12.9873919989,26.368341331099998,0.14447,0.19446999999999998,0.155576
2020-12-25 19:00:00,2020-12-25,19,oos,train,0.0,0.0,-0.4,0.0,23.71652667,7.8264538011,15.890072868899999,0.14352,0.19352000000000003,0.15481600000000004
2020-12-25 20:00:00,2020-12-25,20,oos,train,0.0,0.0,-0.39,0.0,24.38997778,8.0486926674,16.341285112599998,0.13982,0.18982,0.151856
2020-12-25 21:00:00,2020-12-25,21,oos,train,0.0,0.0,-0.44,0.0,21.56287111,7.1157474663,14.447123643699998,0.13781,0.18780999999999998,0.150248
2020-12-25 22:00:00,2020-12-25,22,oos,train,0.0,0.0,-0.39,0.0,20.55568,6.7833744,13.772305599999997,0.13655,0.18655,0.14924
2020-12-25 23:00:00,2020-12-25,23,oos,train,0.0,0.0,-0.42,0.0,19.51476444,6.439872265200001,13.074892174799999,0.13834,0.18834,0.15067200000000003
2020-12-26 00:00:00,2020-12-26,0,oos,train,0.0,0.0,-0.45,0.0,22.67456222,7.4826055326,15.191956687399998,0.13771,0.18771,0.150168
2020-12-26 01:00:00,2020-12-26,1,oos,train,0.0,0.0,-0.42,0.0,21.23839333,7.008669798900001,14.2297235311,0.13708,0.18708000000000002,0.14966400000000002
2020-12-26 02:00:00,2020-12-26,2,oos,train,0.0,0.0,-0.38,0.0,22.63220667,7.4686282011,15.163578468899997,0.1373899999999999,0.1873899999999999,0.1499119999999999
2020-12-26 03:00:00,2020-12-26,3,oos,train,0.0,0.0,-0.39,0.0,21.56338889,7.1159183337,14.447470556299997,0.13845,0.18845,0.15076
2020-12-26 04:00:00,2020-12-26,4,oos,train,0.0,0.0,-0.39,0.0,21.89946,7.226821800000001,14.6726382,0.14067,0.19067,0.152536
2020-12-26 05:00:00,2020-12-26,5,oos,train,0.0,0.0,-0.36,0.0,23.89070889,7.8839339337,16.0067749563,0.14288,0.19288,0.154304
2020-12-26 06:00:00,2020-12-26,6,oos,train,0.0,0.0,-0.35,0.0,23.18626889,7.651468733700001,15.5348001563,0.14373,0.19373,0.154984
2020-12-26 07:00:00,2020-12-26,7,oos,train,0.0,0.0,-0.37,0.0,32.32893778,10.6685494674,21.660388312599995,0.14246,0.19246000000000002,0.15396800000000002
2020-12-26 08:00:00,2020-12-26,8,oos,train,0.0,0.0,-0.39,0.0,53.22079111,17.5628610663,35.6579300437,0.147,0.197,0.15760000000000002
2020-12-26 09:00:00,2020-12-26,9,oos,train,0.0,0.0,-0.37,0.0,32.97392667,10.8813958011,22.092530868899996,0.1483799999999999,0.1983799999999999,0.15870399999999993
2020-12-26 10:00:00,2020-12-26,10,oos,train,0.0,0.0,-0.38,0.0,30.52954222,10.0747489326,20.454793287399998,0.1488,0.19879999999999998,0.15904
2020-12-26 11:00:00,2020-12-26,11,oos,train,0.0,0.0,-0.32,0.0,25.19192889,8.313336533700001,16.878592356299997,0.14869,0.19868999999999998,0.15895199999999998
2020-12-26 12:00:00,2020-12-26,12,oos,train,0.0,0.0,-0.4,0.0,21.90229556,7.2277575348,14.674538025199997,0.14827,0.19827,0.158616
2020-12-26 13:00:00,2020-12-26,13,oos,train,0.0,0.0,-0.38,0.0,23.54291111,7.7691606662999995,15.773750443699997,0.14795,0.19795000000000001,0.15836000000000003
2020-12-26 14:00:00,2020-12-26,14,oos,train,0.0,0.0,-0.56,0.0,27.45754444,9.060989665200001,18.3965547748,0.14816,0.19816,0.158528
2020-12-26 15:00:00,2020-12-26,15,oos,train,0.0,0.0,-0.45,0.0,31.17848444,10.2888998652,20.889584574799997,0.14774,0.19774000000000003,0.15819200000000003
2020-12-26 16:00:00,2020-12-26,16,oos,train,0.0,0.0,-0.42,0.0,24.49245778,8.0825110674,16.409946712599996,0.14573,0.19573000000000002,0.15658400000000003
2020-12-26 17:00:00,2020-12-26,17,oos,train,0.0,0.0,-0.47,0.0,20.07346222,6.6242425326,13.449219687399998,0.14816,0.19816,0.158528
2020-12-26 18:00:00,2020-12-26,18,oos,train,0.0,0.0,-0.47,0.0,48.86262667,16.1246668011,32.73795986889999,0.14595,0.19595,0.15676
2020-12-26 19:00:00,2020-12-26,19,oos,train,0.0,0.0,-0.47,0.0,51.86877778,17.116696667400003,34.752081112599996,0.12134,0.17134,0.137072
2020-12-26 20:00:00,2020-12-26,20,oos,train,0.0,0.0,-0.44,0.0,26.681520000000003,8.8049016,17.876618399999998,0.11976,0.16976000000000002,0.135808
2020-12-26 21:00:00,2020-12-26,21,oos,train,0.0,0.0,-0.39,0.0,24.02642667,7.9287208011,16.097705868899997,0.10603,0.15603,0.124824
2020-12-26 22:00:00,2020-12-26,22,oos,train,0.0,0.0,-0.34,0.0,26.54835111,8.7609558663,17.787395243699997,0.0959899999999999,0.1459899999999999,0.11679199999999992
2020-12-26 23:00:00,2020-12-26,23,oos,train,0.0,0.0,-0.33,0.0,22.21776444,7.331862265200001,14.885902174799998,0.08385,0.13385,0.10708000000000001
2020-12-27 00:00:00,2020-12-27,0,oos,train,0.0,0.0,-0.31,0.0,19.57079333,6.4583617989,13.112431531099999,0.05418,0.10418,0.083344
2020-12-27 01:00:00,2020-12-27,1,oos,train,0.0,0.0,-0.28,0.0,21.70084444,7.1612786652,14.5395657748,0.04383,0.09383,0.075064
2020-12-27 02:00:00,2020-12-27,2,oos,train,0.0,0.0,-0.28,0.0,20.05076889,6.6167537337,13.4340151563,0.03263,0.08263000000000001,0.06610400000000001
2020-12-27 03:00:00,2020-12-27,3,oos,train,0.0,0.0,-0.36,0.0,21.67219778,7.1518252674000005,14.5203725126,0.032,0.082,0.0656
2020-12-27 04:00:00,2020-12-27,4,oos,train,0.0,0.0,-0.27,0.0,22.91810667,7.5629752011,15.355131468899998,0.03865,0.08865,0.07092000000000001
2020-12-27 05:00:00,2020-12-27,5,oos,train,0.0,0.0,-0.26,0.0,16.99133333,5.6071399989,11.384193331099999,0.04129,0.09129000000000001,0.07303200000000001
2020-12-27 06:00:00,2020-12-27,6,oos,train,0.0,0.0,-0.29,0.0,18.13907778,5.9858956674,12.1531821126,0.04298,0.09298000000000001,0.074384
2020-12-27 07:00:00,2020-12-27,7,oos,train,0.0,0.0,-0.27,0.0,22.41304667,7.3963054011,15.016741268899999,0.0509,0.1009,0.08072000000000001
2020-12-27 08:00:00,2020-12-27,8,oos,train,0.0,0.0,-0.29,0.0,25.72474222,8.4891649326,17.235577287399998,0.06157,0.11157,0.089256
2020-12-27 09:00:00,2020-12-27,9,oos,train,0.0,0.0,-0.27,0.0,29.82642667,9.8427208011,19.9837058689,0.09515,0.14515,0.11612
2020-12-27 10:00:00,2020-12-27,10,oos,train,0.0,0.0,-0.27,0.0,25.88966889,8.5435907337,17.3460781563,0.09758,0.14758,0.118064
2020-12-27 11:00:00,2020-12-27,11,oos,train,0.0,0.0,-0.27,0.0,24.26439333,8.0072497989,16.2571435311,0.09779,0.14779,0.118232
2020-12-27 12:00:00,2020-12-27,12,oos,train,0.0,0.0,-0.28,0.0,23.35431111,7.706922666300001,15.647388443699999,0.09811,0.14811000000000002,0.11848800000000002
2020-12-27 13:00:00,2020-12-27,13,oos,train,0.0,0.0,-0.24,0.0,23.24608222,7.671207132600001,15.574875087399999,0.10117,0.15117,0.120936
2020-12-27 14:00:00,2020-12-27,14,oos,train,0.0,0.0,-0.26,0.0,23.35569333,7.707378798900001,15.648314531099999,0.11078,0.16078,0.12862400000000002
2020-12-27 15:00:00,2020-12-27,15,oos,train,0.0,0.0,-0.33,0.0,24.05102222,7.936837332600001,16.114184887399997,0.11384,0.16383999999999999,0.131072
2020-12-27 16:00:00,2020-12-27,16,oos,train,0.0,0.0,-0.26,0.0,24.79457778,8.182210667400001,16.612367112599998,0.11553,0.16553,0.13242400000000001
2020-12-27 17:00:00,2020-12-27,17,oos,train,0.0,0.0,-0.25,0.0,23.02027556,7.596690934800001,15.4235846252,0.11543,0.16543000000000002,0.13234400000000002
2020-12-27 18:00:00,2020-12-27,18,oos,train,0.0,0.0,-0.28,0.0,33.54674,11.0704242,22.4763158,0.1037,0.1537,0.12296000000000001
2020-12-27 19:00:00,2020-12-27,19,oos,train,0.0,0.0,-0.27,0.0,56.77877778,18.7369966674,38.04178111259999,0.10254,0.15254,0.12203200000000002
2020-12-27 20:00:00,2020-12-27,20,oos,train,0.0,0.0,-0.27,0.0,39.01435111,12.8747358663,26.139615243699996,0.10128,0.15128,0.121024
2020-12-27 21:00:00,2020-12-27,21,oos,train,0.0,0.0,-0.3,0.0,23.97445333,7.9115695989,16.062883731099998,0.1067699999999999,0.1567699999999999,0.12541599999999994
2020-12-27 22:00:00,2020-12-27,22,oos,train,0.0,0.0,-0.28,0.0,20.82138,6.8710554,13.9503246,0.06769,0.11769,0.09415200000000001
2020-12-27 23:00:00,2020-12-27,23,oos,train,0.0,0.0,-0.28,0.0,19.99143333,6.5971729989000005,13.394260331099998,0.06727,0.11727,0.09381600000000001
2020-12-28 00:00:00,2020-12-28,0,oos,train,0.0,0.0,-0.35,0.0,22.51337111,7.4294124663000005,15.083958643699999,0.04245,0.09245,0.07396000000000001
2020-12-28 01:00:00,2020-12-28,1,oos,train,0.0,0.0,-0.33,0.0,23.94832889,7.9029485337,16.045380356299997,0.05808,0.10808000000000001,0.08646400000000001
2020-12-28 02:00:00,2020-12-28,2,oos,train,0.0,0.0,-0.28,0.0,23.28062222,7.682605332600001,15.5980168874,0.0624099999999999,0.1124099999999999,0.08992799999999992
2020-12-28 03:00:00,2020-12-28,3,oos,train,0.0,0.0,-0.26,0.0,21.31689778,7.034576267400001,14.2823215126,0.0959899999999999,0.1459899999999999,0.11679199999999992
2020-12-28 04:00:00,2020-12-28,4,oos,train,0.0,0.0,-0.26,0.0,21.21843111,7.0020822663,14.216348843699999,0.1356,0.1856,0.14848
2020-12-28 05:00:00,2020-12-28,5,oos,train,0.0,0.0,-0.24,0.0,18.57251333,6.1289293989,12.4435839311,0.14331,0.19330999999999998,0.154648
2020-12-28 06:00:00,2020-12-28,6,oos,train,0.0,0.0,-0.25,0.0,17.80059111,5.8741950663,11.926396043699999,0.14584,0.19584000000000001,0.15667200000000003
2020-12-28 07:00:00,2020-12-28,7,oos,train,0.0,0.0,-0.26,0.0,21.65634222,7.1465929326,14.509749287399998,0.14964,0.19963999999999998,0.159712
2020-12-28 08:00:00,2020-12-28,8,oos,train,0.0,0.0,-0.27,0.0,37.90426222,12.5084065326,25.395855687399997,0.15049,0.20049,0.160392
2020-12-28 09:00:00,2020-12-28,9,oos,train,0.0,0.0,-0.25,0.0,24.62936889,8.1276917337,16.501677156299998,0.15059,0.20059,0.160472
2020-12-28 10:00:00,2020-12-28,10,oos,train,0.0,0.0,-0.29,0.0,27.12699111,8.9519070663,18.175084043699997,0.15239,0.20239000000000001,0.16191200000000003
2020-12-28 11:00:00,2020-12-28,11,oos,train,0.0,0.0,-0.29,0.0,26.44353333,8.7263659989,17.717167331099997,0.15186,0.20185999999999998,0.161488
2020-12-28 12:00:00,2020-12-28,12,oos,train,0.0,0.0,-0.25,0.0,27.72922,9.150642600000001,18.5785774,0.15133,0.20133,0.161064
2020-12-28 13:00:00,2020-12-28,13,oos,train,0.0,0.0,-0.26,0.0,25.30878222,8.3518981326,16.9568840874,0.15186,0.20185999999999998,0.161488
2020-12-28 14:00:00,2020-12-28,14,oos,train,0.0,0.0,-0.28,0.0,26.10403778,8.6143324674,17.489705312599998,0.1515399999999999,0.20153999999999989,0.16123199999999993
2020-12-28 15:00:00,2020-12-28,15,oos,train,0.0,0.0,-0.26,0.0,27.64410667,9.1225552011,18.521551468899997,0.15144,0.20144,0.16115200000000002
2020-12-28 16:00:00,2020-12-28,16,oos,train,0.0,0.0,-0.28,0.0,25.49831333,8.4144433989,17.083869931099997,0.14975,0.19974999999999998,0.1598
2020-12-28 17:00:00,2020-12-28,17,oos,train,0.0,0.0,-0.32,0.0,27.0434,8.924322,18.119078,0.15281,0.20281,0.162248
2020-12-28 18:00:00,2020-12-28,18,oos,train,0.0,0.0,-0.28,0.0,37.47579111,12.367011066300002,25.108780043699998,0.15239,0.20239000000000001,0.16191200000000003
2020-12-28 19:00:00,2020-12-28,19,oos,train,0.0,0.0,-0.26,0.0,49.12375556,16.2108393348,32.91291622519999,0.15028,0.20028,0.16022400000000003
2020-12-28 20:00:00,2020-12-28,20,oos,train,0.0,0.0,-0.27,0.0,27.08440222,8.937852732600001,18.146549487399998,0.15123,0.20123000000000002,0.16098400000000002
2020-12-28 21:00:00,2020-12-28,21,oos,train,0.0,0.0,-0.26,0.0,27.00854667,8.912820401100001,18.0957262689,0.14859,0.19859,0.158872
2020-12-28 22:00:00,2020-12-28,22,oos,train,0.0,0.0,-0.28,0.0,23.30045556,7.6891503348,15.611305225199999,0.14595,0.19595,0.15676
2020-12-28 23:00:00,2020-12-28,23,oos,train,0.0,0.0,-0.26,0.0,22.26945778,7.3489210674,14.920536712599999,0.14858,0.19857999999999998,0.158864
2020-12-29 00:00:00,2020-12-29,0,oos,train,0.0,0.0,-0.28,0.0,19.48581333,6.4303183989,13.055494931099998,0.14816,0.19816,0.158528
2020-12-29 01:00:00,2020-12-29,1,oos,train,0.0,0.0,-0.27,0.0,19.90256889,6.567847733700001,13.334721156299999,0.1476299999999999,0.19762999999999992,0.15810399999999994
2020-12-29 02:00:00,2020-12-29,2,oos,train,0.0,0.0,-0.24,0.0,20.09559111,6.6315450663,13.4640460437,0.147,0.197,0.15760000000000002
2020-12-29 03:00:00,2020-12-29,3,oos,train,0.0,0.0,-0.26,0.0,20.78544889,6.8591981337000005,13.9262507563,0.14805,0.19805,0.15844000000000003
2020-12-29 04:00:00,2020-12-29,4,oos,train,0.0,0.0,-0.27,0.0,19.55785111,6.4540908663000005,13.1037602437,0.14901,0.19901000000000002,0.15920800000000002
2020-12-29 05:00:00,2020-12-29,5,oos,train,0.0,0.0,-0.26,0.0,21.95738444,7.2459368652,14.711447574799998,0.15197,0.20196999999999998,0.161576
2020-12-29 06:00:00,2020-12-29,6,oos,train,0.0,0.0,-0.26,0.0,19.16304444,6.3238046652,12.8392397748,0.15334,0.20334000000000002,0.16267200000000004
2020-12-29 07:00:00,2020-12-29,7,oos,train,0.0,0.0,-0.26,0.0,21.35277111,7.0464144663,14.306356643699997,0.1673,0.2173,0.17384
2020-12-29 08:00:00,2020-12-29,8,oos,train,0.0,0.0,-0.28,0.0,28.55886,9.4244238,19.134436199999996,0.16646,0.21645999999999999,0.173168
2020-12-29 09:00:00,2020-12-29,9,oos,train,0.0,0.0,-0.29,0.0,29.37544667,9.6938974011,19.681549268899996,0.1673,0.2173,0.17384
2020-12-29 10:00:00,2020-12-29,10,oos,train,0.0,0.0,-0.27,0.0,24.68672222,8.146618332600001,16.540103887399997,0.16868,0.21867999999999999,0.174944
2020-12-29 11:00:00,2020-12-29,11,oos,train,0.0,0.0,-0.31,0.0,21.06019111,6.949863066300001,14.1103280437,0.16646,0.21645999999999999,0.173168
2020-12-29 12:00:00,2020-12-29,12,oos,train,0.0,0.0,-0.35,0.0,24.94755556,8.2326933348,16.714862225199997,0.18094,0.23093999999999998,0.184752
2020-12-29 13:00:00,2020-12-29,13,oos,train,0.0,0.0,-0.26,0.0,43.07406667,14.2144420011,28.859624668899997,0.18031,0.23031000000000001,0.18424800000000002
2020-12-29 14:00:00,2020-12-29,14,oos,train,0.0,0.0,-0.32,0.0,28.01645778,9.2454310674,18.771026712599998,0.18316,0.23315999999999998,0.186528
2020-12-29 15:00:00,2020-12-29,15,oos,train,0.0,0.0,-0.31,0.0,25.28995556,8.3456853348,16.944270225199997,0.18105,0.23104999999999998,0.18484
2020-12-29 16:00:00,2020-12-29,16,oos,train,0.0,0.0,-0.3,0.0,25.17643556,8.3082237348,16.8682118252,0.1795699999999999,0.22956999999999989,0.18365599999999993
2020-12-29 17:00:00,2020-12-29,17,oos,train,0.0,0.0,-0.33,0.0,26.50088222,8.7452911326,17.7555910874,0.1783,0.2283,0.18264000000000002
2020-12-29 18:00:00,2020-12-29,18,oos,train,0.0,0.0,-0.32,0.0,43.18530667,14.2511512011,28.9341554689,0.17809,0.22809000000000001,0.18247200000000002
2020-12-29 19:00:00,2020-12-29,19,oos,train,0.0,0.0,-0.31,0.0,23.43644222,7.734025932600001,15.702416287399998,0.1765,0.22649999999999998,0.1812
2020-12-29 20:00:00,2020-12-29,20,oos,train,0.0,0.0,-0.3,0.0,26.43539556,8.7236805348,17.711715025199997,0.1747,0.2247,0.17976000000000003
2020-12-29 21:00:00,2020-12-29,21,oos,train,0.0,0.0,-0.26,0.0,18.59188778,6.1353229674000005,12.456564812599998,0.16677,0.21677000000000002,0.17341600000000001
2020-12-29 22:00:00,2020-12-29,22,oos,train,0.0,0.0,-0.26,0.0,17.90243111,5.9078022663,11.994628843699997,0.15821,0.20821,0.16656800000000002
2020-12-29 23:00:00,2020-12-29,23,oos,train,0.0,0.0,-0.24,0.0,17.39940667,5.741804201100001,11.6576024689,0.1859199999999999,0.2359199999999999,0.18873599999999993
2020-12-30 00:00:00,2020-12-30,0,oos,train,0.0,0.0,-0.26,0.0,18.35943111,6.0586122663,12.300818843699998,0.18212,0.23212,0.185696
2020-12-30 01:00:00,2020-12-30,1,oos,train,0.0,0.0,-0.34,0.0,23.71125556,7.824714334800001,15.886541225199998,0.17727,0.22727000000000003,0.18181600000000003
2020-12-30 02:00:00,2020-12-30,2,oos,train,0.0,0.0,-0.27,0.0,19.25259778,6.3533572674,12.899240512599997,0.17579,0.22579,0.18063200000000001
2020-12-30 03:00:00,2020-12-30,3,oos,train,0.0,0.0,-0.34,0.0,20.50935111,6.768085866300001,13.7412652437,0.17727,0.22727000000000003,0.18181600000000003
2020-12-30 04:00:00,2020-12-30,4,oos,train,0.0,0.0,-0.38,0.0,20.00772667,6.6025498011,13.405176868899998,0.18455,0.23454999999999998,0.18764
2020-12-30 05:00:00,2020-12-30,5,oos,train,0.0,0.0,-0.32,0.0,17.31680556,5.7145458348,11.602259725199998,0.18824,0.23824,0.190592
2020-12-30 06:00:00,2020-12-30,6,oos,train,0.0,0.0,-0.36,0.0,19.12262,6.3104646,12.8121554,0.1855,0.2355,0.1884
2020-12-30 07:00:00,2020-12-30,7,oos,train,0.0,0.0,-0.3,0.0,25.59184667,8.4453094011,17.146537268899998,0.19172,0.24172,0.193376
2020-12-30 08:00:00,2020-12-30,8,oos,train,0.0,0.0,-0.33,0.0,23.02830222,7.599339732600001,15.428962487399998,0.19804,0.24803999999999998,0.198432
2020-12-30 09:00:00,2020-12-30,9,oos,train,0.0,0.0,-0.34,0.0,26.13072222,8.6231383326,17.5075838874,0.2008899999999999,0.2508899999999999,0.20071199999999992
2020-12-30 10:00:00,2020-12-30,10,oos,train,0.0,0.0,-0.35,0.0,28.84965333,9.5203855989,19.329267731099996,0.205,0.255,0.20400000000000001
2020-12-30 11:00:00,2020-12-30,11,oos,train,0.0,0.0,-0.34,0.0,25.58286,8.4423438,17.140516199999997,0.2174499999999999,0.2674499999999999,0.21395999999999993
2020-12-30 12:00:00,2020-12-30,12,oos,train,0.0,0.0,-0.37,0.0,43.94528444,14.501943865200001,29.443340574799997,0.21386,0.26386,0.211088
2020-12-30 13:00:00,2020-12-30,13,oos,train,0.0,0.0,-0.36,0.0,24.45893111,8.071447266300002,16.3874838437,0.21755,0.26755,0.21404
2020-12-30 14:00:00,2020-12-30,14,oos,train,0.0,0.0,-0.38,0.0,25.00126222,8.250416532600001,16.7508456874,0.22399,0.27399,0.21919200000000003
2020-12-30 15:00:00,2020-12-30,15,oos,train,0.0,0.0,-0.34,0.0,26.37816444,8.7047942652,17.6733701748,0.22008,0.27008,0.216064
2020-12-30 16:00:00,2020-12-30,16,oos,train,0.0,0.0,-0.3,0.0,22.155520000000003,7.311321600000001,14.8441984,0.2191399999999999,0.2691399999999999,0.21531199999999992
2020-12-30 17:00:00,2020-12-30,17,oos,train,0.0,0.0,-0.31,0.0,23.47297778,7.7460826674000005,15.7268951126,0.21882,0.26882,0.21505600000000002
2020-12-30 18:00:00,2020-12-30,18,oos,train,0.0,0.0,-0.34,0.0,26.9104,8.880432,18.029967999999997,0.21471,0.26471,0.211768
2020-12-30 19:00:00,2020-12-30,19,oos,train,0.0,0.0,-0.33,0.0,50.72934667,16.7406844011,33.98866226889999,0.21734,0.26734,0.21387200000000003
2020-12-30 20:00:00,2020-12-30,20,oos,train,0.0,0.0,-0.32,0.0,53.47593778,17.647059467400002,35.8288783126,0.21059,0.26059,0.208472
2020-12-30 21:00:00,2020-12-30,21,oos,train,0.0,0.0,-0.43,0.0,30.87366667,10.1883100011,20.685356668899995,0.2168199999999999,0.2668199999999999,0.21345599999999992
2020-12-30 22:00:00,2020-12-30,22,oos,train,0.0,0.0,-0.5,0.0,22.97666222,7.582298532600001,15.394363687399998,0.20785,0.25785,0.20628000000000002
2020-12-30 23:00:00,2020-12-30,23,oos,train,0.0,0.0,-0.38,0.0,18.28153444,6.032906365200001,12.2486280748,0.20628,0.25628,0.205024
2020-12-31 00:00:00,2020-12-31,0,oos,train,0.0,0.0,-0.45,0.0,19.21737778,6.3417346674,12.875643112599999,0.20512,0.25512,0.20409600000000003
2020-12-31 01:00:00,2020-12-31,1,oos,train,0.0,0.0,-0.43,0.0,22.46999111,7.4150970662999995,15.054894043699997,0.20418,0.25418,0.20334400000000002
2020-12-31 02:00:00,2020-12-31,2,oos,train,0.0,0.0,-0.44,0.0,21.19228667,6.993454601100001,14.1988320689,0.20397,0.25397000000000003,0.20317600000000002
2020-12-31 03:00:00,2020-12-31,3,oos,train,0.0,0.0,-0.4,0.0,24.96521778,8.238521867400001,16.726695912599997,0.20344,0.25344,0.20275200000000002
2020-12-31 04:00:00,2020-12-31,4,oos,train,0.0,0.0,-0.4,0.0,21.83739556,7.206340534800001,14.631055025199998,0.2047,0.2547,0.20376
2020-12-31 05:00:00,2020-12-31,5,oos,train,0.0,0.0,-0.37,0.0,21.95126,7.243915800000001,14.7073442,0.2125,0.2625,0.21000000000000002
2020-12-31 06:00:00,2020-12-31,6,oos,train,0.0,0.0,-0.36,0.0,21.48979111,7.0916310663,14.398160043699997,0.21271,0.26271,0.21016800000000002
2020-12-31 07:00:00,2020-12-31,7,oos,train,0.0,0.0,-0.38,0.0,28.57120889,9.4284989337,19.1427099563,0.24767,0.29767,0.23813600000000001
2020-12-31 08:00:00,2020-12-31,8,oos,train,0.0,0.0,-0.37,0.0,29.42463111,9.7101282663,19.714502843699997,0.26525,0.31525,0.2522
2020-12-31 09:00:00,2020-12-31,9,oos,train,0.0,0.0,-0.4,0.0,31.26492444,10.3174250652,20.9474993748,0.26715,0.31715,0.25372
2020-12-31 10:00:00,2020-12-31,10,oos,train,0.0,0.0,-0.39,0.0,31.10522667,10.2647248011,20.8405018689,0.27073,0.32073,0.25658400000000003
2020-12-31 11:00:00,2020-12-31,11,oos,train,0.0,0.0,-0.39,0.0,27.37674444,9.0343256652,18.3424187748,0.27231,0.32231,0.257848
2020-12-31 12:00:00,2020-12-31,12,oos,train,0.0,0.0,-0.44,0.0,21.83494222,7.205530932599999,14.629411287399998,0.2751499999999999,0.3251499999999999,0.2601199999999999
2020-12-31 13:00:00,2020-12-31,13,oos,train,0.0,0.0,-0.46,0.0,26.34105556,8.692548334800001,17.6485072252,0.27999,0.32999,0.263992
2020-12-31 14:00:00,2020-12-31,14,oos,train,0.0,0.0,-0.42,0.0,29.05829778,9.5892382674,19.469059512599998,0.29631,0.34631,0.277048
2020-12-31 15:00:00,2020-12-31,15,oos,train,0.0,0.0,-0.42,0.0,26.89395778,8.875006067400001,18.0189517126,0.33254,0.38254,0.306032
2020-12-31 16:00:00,2020-12-31,16,oos,train,0.0,0.0,-0.46,0.0,31.68597778,10.456372667400002,21.229605112599998,0.312,0.362,0.2896
2020-12-31 17:00:00,2020-12-31,17,oos,train,0.0,0.0,-0.46,0.0,56.72068444,18.717825865200002,38.002858574799994,0.28631,0.33631,0.269048
2020-12-31 18:00:00,2020-12-31,18,oos,train,0.0,0.0,-0.49,0.0,48.91018222,16.1403601326,32.7698220874,0.2708299999999999,0.3208299999999999,0.25666399999999995
2020-12-31 19:00:00,2020-12-31,19,oos,train,0.0,0.0,-0.5,0.0,30.70484667,10.1325994011,20.572247268899996,0.2615699999999999,0.3115699999999999,0.24925599999999992
2020-12-31 20:00:00,2020-12-31,20,oos,train,0.0,0.0,-0.5,0.0,24.76944444,8.1739166652,16.595527774799997,0.26083,0.31083,0.248664
2020-12-31 21:00:00,2020-12-31,21,oos,train,0.0,0.0,-0.56,0.0,24.20275556,7.9869093348,16.2158462252,0.25914,0.30913999999999997,0.24731199999999998
2020-12-31 22:00:00,2020-12-31,22,oos,train,0.0,0.0,-0.51,0.0,23.87922667,7.880144801100001,15.9990818689,0.2448199999999999,0.2948199999999999,0.23585599999999995
2020-12-31 23:00:00,2020-12-31,23,oos,train,0.0,0.0,-0.51,0.0,20.90328222,6.898083132600001,14.0051990874,0.24827,0.29827,0.238616
2021-01-01 00:00:00,2021-01-01,0,oos,train,0.0,0.0,-0.53,0.0,22.04736,7.275628800000001,14.7717312,0.23949,0.28949,0.23159200000000002
2021-01-01 01:00:00,2021-01-01,1,oos,train,0.0,0.0,-0.55,0.0,22.70565778,7.4928670674,15.212790712599999,0.24733,0.29733,0.237864
2021-01-01 02:00:00,2021-01-01,2,oos,train,0.0,0.0,-0.56,0.0,25.86093333,8.534107998900001,17.3268253311,0.2468,0.2968,0.23744
2021-01-01 03:00:00,2021-01-01,3,oos,train,0.0,0.0,-0.57,0.0,24.34834222,8.0349529326,16.313389287399996,0.24764,0.29764,0.23811200000000002
2021-01-01 04:00:00,2021-01-01,4,oos,train,0.0,0.0,-0.58,0.0,23.48276222,7.749311532600001,15.7334506874,0.24952,0.29952,0.23961600000000002
2021-01-01 05:00:00,2021-01-01,5,oos,train,0.0,0.0,-0.58,0.0,22.38343778,7.386534467400001,14.996903312599999,0.25443,0.30443,0.24354399999999998
2021-01-01 06:00:00,2021-01-01,6,oos,train,0.0,0.0,-0.57,0.0,23.94305333,7.901207598900001,16.0418457311,0.26038,0.31038,0.248304
2021-01-01 07:00:00,2021-01-01,7,oos,train,0.0,0.0,-0.58,0.0,25.00051333,8.2501693989,16.750343931099998,0.2600699999999999,0.3100699999999999,0.24805599999999994
2021-01-01 08:00:00,2021-01-01,8,oos,train,0.0,0.0,-0.61,0.0,40.14404,13.2475332,26.896506799999994,0.2618399999999999,0.3118399999999999,0.24947199999999992
2021-01-01 09:00:00,2021-01-01,9,oos,train,0.0,0.0,-0.59,0.0,50.06707111,16.5221334663,33.544937643699996,0.26769,0.31769,0.254152
2021-01-01 10:00:00,2021-01-01,10,oos,train,0.0,0.0,-0.63,0.0,40.68141778,13.4248678674,27.256549912599993,0.27072,0.32072,0.256576
2021-01-01 11:00:00,2021-01-01,11,oos,train,0.0,0.0,-0.57,0.0,28.17151333,9.2965993989,18.874913931099996,0.27291,0.32291,0.258328
2021-01-01 12:00:00,2021-01-01,12,oos,train,0.0,0.0,-0.55,0.0,25.41853556,8.3881167348,17.030418825199998,0.27751,0.32750999999999997,0.26200799999999996
2021-01-01 13:00:00,2021-01-01,13,oos,train,0.0,0.0,-0.55,0.0,28.45661556,9.3906831348,19.065932425199996,0.28513,0.33513,0.268104
2021-01-01 14:00:00,2021-01-01,14,oos,train,0.0,0.0,-0.57,0.0,27.46428,9.0632124,18.401067599999998,0.29882,0.34881999999999996,0.27905599999999997
2021-01-01 15:00:00,2021-01-01,15,oos,train,0.0,0.0,-0.57,0.0,27.37261333,9.0329623989,18.3396509311,0.31595,0.36595,0.29276
2021-01-01 16:00:00,2021-01-01,16,oos,train,0.0,0.0,-0.57,0.0,27.43102444,9.052238065200001,18.3787863748,0.31532,0.36532,0.292256
2021-01-01 17:00:00,2021-01-01,17,oos,train,0.0,0.0,-0.58,0.0,45.63468889,15.059447333700001,30.575241556299996,0.30101,0.35101,0.280808
2021-01-01 18:00:00,2021-01-01,18,oos,train,0.0,0.0,-0.51,0.0,59.66244,19.6886052,39.97383479999999,0.29506,0.34506,0.276048
2021-01-01 19:00:00,2021-01-01,19,oos,train,0.0,0.0,-0.53,0.0,29.14019556,9.6162645348,19.523931025199996,0.28534,0.33533999999999997,0.268272
2021-01-01 20:00:00,2021-01-01,20,oos,train,0.0,0.0,-0.51,0.0,28.767,9.49311,19.273889999999998,0.2610099999999999,0.3110099999999999,0.24880799999999992
2021-01-01 21:00:00,2021-01-01,21,oos,train,0.0,0.0,-0.51,0.0,34.65162889,11.4350375337,23.216591356299997,0.23939,0.28939,0.231512
2021-01-01 22:00:00,2021-01-01,22,oos,train,0.0,0.0,-0.57,0.0,28.92462444,9.5451260652,19.379498374799997,0.22779,0.27779,0.22223199999999999
2021-01-01 23:00:00,2021-01-01,23,oos,train,0.0,0.0,-0.51,0.0,26.57474222,8.769664932600001,17.8050772874,0.23009,0.28009,0.22407200000000002
2021-01-02 00:00:00,2021-01-02,0,oos,train,0.0,0.0,-0.49,0.0,26.11983778,8.619546467400001,17.500291312599998,0.23072,0.28072,0.22457600000000003
2021-01-02 01:00:00,2021-01-02,1,oos,train,0.0,0.0,-0.47,0.0,26.33228444,8.6896538652,17.6426305748,0.22978,0.27978000000000003,0.22382400000000002
2021-01-02 02:00:00,2021-01-02,2,oos,train,0.0,0.0,-0.62,0.0,28.56783778,9.427386467400002,19.1404513126,0.23009,0.28009,0.22407200000000002
2021-01-02 03:00:00,2021-01-02,3,oos,train,0.0,0.0,-0.53,0.0,25.96317556,8.5678479348,17.395327625199997,0.23072,0.28072,0.22457600000000003
2021-01-02 04:00:00,2021-01-02,4,oos,train,0.0,0.0,-0.49,0.0,24.42996667,8.0618890011,16.368077668899996,0.2460699999999999,0.2960699999999999,0.23685599999999993
2021-01-02 05:00:00,2021-01-02,5,oos,train,0.0,0.0,-0.48,0.0,25.68309556,8.4754215348,17.2076740252,0.25495,0.30495,0.24396
2021-01-02 06:00:00,2021-01-02,6,oos,train,0.0,0.0,-0.45,0.0,23.60597556,7.7899719348000005,15.816003625199999,0.2688399999999999,0.3188399999999999,0.2550719999999999
2021-01-02 07:00:00,2021-01-02,7,oos,train,0.0,0.0,-0.48,0.0,27.32653333,9.0177559989,18.3087773311,0.2702,0.3202,0.25616
2021-01-02 08:00:00,2021-01-02,8,oos,train,0.0,0.0,-0.53,0.0,27.55471333,9.0930553989,18.461657931099996,0.28085,0.33085,0.26467999999999997
2021-01-02 09:00:00,2021-01-02,9,oos,train,0.0,0.0,-0.49,0.0,29.93508444,9.8785778652,20.056506574799997,0.28931,0.33931,0.271448
2021-01-02 10:00:00,2021-01-02,10,oos,train,0.0,0.0,-0.48,0.0,27.08813778,8.9390854674,18.1490523126,0.31083,0.36083,0.288664
2021-01-02 11:00:00,2021-01-02,11,oos,train,0.0,0.0,-0.45,0.0,24.61298222,8.1222841326,16.4906980874,0.29892,0.34892,0.279136
2021-01-02 12:00:00,2021-01-02,12,oos,train,0.0,0.0,-0.41,0.0,20.33914,6.7119162,13.6272238,0.29997,0.34997,0.279976
2021-01-02 13:00:00,2021-01-02,13,oos,train,0.0,0.0,-0.4,0.0,53.27423111,17.580496266300003,35.6937348437,0.30174,0.35174,0.28139200000000003
2021-01-02 14:00:00,2021-01-02,14,oos,train,0.0,0.0,-0.43,0.0,27.25129778,8.992928267400002,18.258369512599998,0.41506,0.46506,0.372048
2021-01-02 15:00:00,2021-01-02,15,oos,train,0.0,0.0,-0.46,0.0,27.20038889,8.9761283337,18.2242605563,0.61497,0.6649700000000001,0.5319760000000001
2021-01-02 16:00:00,2021-01-02,16,oos,train,0.0,0.0,-0.49,0.0,25.54391778,8.4294928674,17.1144249126,0.632,0.682,0.5456000000000001
2021-01-02 17:00:00,2021-01-02,17,oos,train,0.0,0.0,-0.48,0.0,39.65516889,13.0862057337,26.568963156299997,0.625,0.675,0.54
2021-01-02 18:00:00,2021-01-02,18,oos,train,0.0,0.0,-0.51,0.0,61.59875556,20.327589334800003,41.2711662252,0.31271,0.36271,0.290168
2021-01-02 19:00:00,2021-01-02,19,oos,train,0.0,0.0,-0.48,0.0,38.47885778,12.6980230674,25.780834712599997,0.28597,0.33597,0.268776
2021-01-02 20:00:00,2021-01-02,20,oos,train,0.0,0.0,-0.5,0.0,26.50055333,8.7451825989,17.755370731099998,0.28158,0.33158,0.265264
2021-01-02 21:00:00,2021-01-02,21,oos,train,0.0,0.0,-0.53,0.0,27.05487333,8.9281081989,18.126765131099997,0.28043,0.33043,0.264344
2021-01-02 22:00:00,2021-01-02,22,oos,train,0.0,0.0,-0.56,0.0,22.77400444,7.5154214652,15.258582974799998,0.27093,0.32093,0.256744
2021-01-02 23:00:00,2021-01-02,23,oos,train,0.0,0.0,-0.58,0.0,21.86701778,7.216115867400001,14.650901912599998,0.26393,0.31393,0.251144
2021-01-03 00:00:00,2021-01-03,0,oos,train,0.0,0.0,-0.55,0.0,24.13659778,7.9650772674,16.171520512599997,0.25683,0.30683,0.24546400000000002
2021-01-03 01:00:00,2021-01-03,1,oos,train,0.0,0.0,-0.56,0.0,27.45226222,9.059246532600001,18.3930156874,0.24921,0.29921,0.239368
2021-01-03 02:00:00,2021-01-03,2,oos,train,0.0,0.0,-0.61,0.0,24.37446444,8.043573265200001,16.330891174799998,0.24618,0.29618,0.23694400000000002
2021-01-03 03:00:00,2021-01-03,3,oos,train,0.0,0.0,-0.58,0.0,25.65218444,8.465220865200001,17.186963574799996,0.24534,0.29534,0.236272
2021-01-03 04:00:00,2021-01-03,4,oos,train,0.0,0.0,-0.57,0.0,24.60456667,8.1195070011,16.4850596689,0.2491,0.2991,0.23928
2021-01-03 05:00:00,2021-01-03,5,oos,train,0.0,0.0,-0.6,0.0,22.94001111,7.5702036663,15.3698074437,0.25119,0.30119,0.24095200000000003
2021-01-03 06:00:00,2021-01-03,6,oos,train,0.0,0.0,-0.62,0.0,22.09211333,7.290397398900001,14.801715931099999,0.25902,0.30901999999999996,0.247216
2021-01-03 07:00:00,2021-01-03,7,oos,train,0.0,0.0,-0.63,0.0,28.80402889,9.505329533700001,19.2986993563,0.2608,0.31079999999999997,0.24863999999999997
2021-01-03 08:00:00,2021-01-03,8,oos,train,0.0,0.0,-0.6,0.0,28.22317556,9.3136479348,18.9095276252,0.2678999999999999,0.3178999999999999,0.25431999999999994
2021-01-03 09:00:00,2021-01-03,9,oos,train,0.0,0.0,-0.59,0.0,30.38993556,10.028678734800001,20.361256825199998,0.27156,0.32156,0.25724800000000003
2021-01-03 10:00:00,2021-01-03,10,oos,train,0.0,0.0,-0.61,0.0,26.13494667,8.624532401100002,17.5104142689,0.27229,0.32228999999999997,0.257832
2021-01-03 11:00:00,2021-01-03,11,oos,train,0.0,0.0,-0.6,0.0,26.25441778,8.6639578674,17.5904599126,0.2702,0.3202,0.25616
2021-01-03 12:00:00,2021-01-03,12,oos,train,0.0,0.0,-0.6,0.0,27.53621111,9.0869496663,18.4492614437,0.2697799999999999,0.3197799999999999,0.25582399999999994
2021-01-03 13:00:00,2021-01-03,13,oos,train,0.0,0.0,-0.58,0.0,49.14986222,16.2194545326,32.9304076874,0.2717699999999999,0.3217699999999999,0.2574159999999999
2021-01-03 14:00:00,2021-01-03,14,oos,train,0.0,0.0,-0.58,0.0,38.56325778,12.7258750674,25.837382712599997,0.2767799999999999,0.3267799999999999,0.26142399999999993
2021-01-03 15:00:00,2021-01-03,15,oos,train,0.0,0.0,-0.59,0.0,33.5249,11.063217000000002,22.461683,0.29297,0.34297,0.274376
2021-01-03 16:00:00,2021-01-03,16,oos,train,0.0,0.0,-0.63,0.0,30.24055111,9.9793818663,20.261169243699996,0.29798,0.34798,0.278384
2021-01-03 17:00:00,2021-01-03,17,oos,train,0.0,0.0,-0.64,0.0,29.30010222,9.6690337326,19.631068487399997,0.29422,0.34421999999999997,0.275376
2021-01-03 18:00:00,2021-01-03,18,oos,train,0.0,0.0,-0.62,0.0,68.43847111,22.584695466299998,45.85377564369999,0.29161,0.34160999999999997,0.273288
2021-01-03 19:00:00,2021-01-03,19,oos,train,0.0,0.0,-0.63,0.0,36.41738222,12.017736132600001,24.399646087399997,0.28785,0.33785,0.27028
2021-01-03 20:00:00,2021-01-03,20,oos,train,0.0,0.0,-0.65,0.0,30.92387333,10.2048781989,20.718995131099998,0.28242,0.33242,0.265936
2021-01-03 21:00:00,2021-01-03,21,oos,train,0.0,0.0,-0.64,0.0,28.77082889,9.494373533700001,19.276455356299998,0.27344,0.32344,0.25875200000000004
2021-01-03 22:00:00,2021-01-03,22,oos,train,0.0,0.0,-0.63,0.0,29.11493778,9.607929467400002,19.5070083126,0.2602799999999999,0.3102799999999999,0.24822399999999992
2021-01-03 23:00:00,2021-01-03,23,oos,train,0.0,0.0,-0.65,0.0,23.88344444,7.8815366652000005,16.0019077748,0.25756,0.30756,0.24604800000000002
2021-01-04 00:00:00,2021-01-04,0,oos,train,0.0,0.0,-0.64,0.0,22.81627111,7.5293694663,15.286901643699998,0.25119,0.30119,0.24095200000000003
2021-01-04 01:00:00,2021-01-04,1,oos,train,0.0,0.0,-0.64,0.0,24.54102,8.098536600000001,16.442483399999997,0.24941,0.29941,0.23952800000000002
2021-01-04 02:00:00,2021-01-04,2,oos,train,0.0,0.0,-0.61,0.0,25.30529778,8.3507482674,16.9545495126,0.25098,0.30097999999999997,0.240784
2021-01-04 03:00:00,2021-01-04,3,oos,train,0.0,0.0,-0.63,0.0,27.28798444,9.0050348652,18.282949574799996,0.25673,0.30673,0.24538400000000002
2021-01-04 04:00:00,2021-01-04,4,oos,train,0.0,0.0,-0.63,0.0,24.41446222,8.0567725326,16.357689687399997,0.2698899999999999,0.3198899999999999,0.2559119999999999
2021-01-04 05:00:00,2021-01-04,5,oos,train,0.0,0.0,-0.66,0.0,22.26353111,7.3469652663,14.916565843699997,0.29464,0.34464,0.275712
2021-01-04 06:00:00,2021-01-04,6,oos,train,0.0,0.0,-0.68,0.0,26.030520000000003,8.590071600000002,17.4404484,0.32221,0.37221,0.297768
2021-01-04 07:00:00,2021-01-04,7,oos,train,0.0,0.0,-0.63,0.0,29.84704667,9.849525401100001,19.997521268899998,0.51387,0.5638700000000001,0.4510960000000001
2021-01-04 08:00:00,2021-01-04,8,oos,train,0.0,0.0,-0.66,0.0,29.244640000000004,9.650731200000001,19.5939088,0.52243,0.57243,0.457944
2021-01-04 09:00:00,2021-01-04,9,oos,train,0.0,0.0,-0.66,0.0,31.09988444,10.262961865200001,20.8369225748,0.57863,0.62863,0.502904
2021-01-04 10:00:00,2021-01-04,10,oos,train,0.0,0.0,-0.66,0.0,29.22824667,9.6453214011,19.5829252689,0.5904299999999999,0.6404299999999999,0.512344
2021-01-04 11:00:00,2021-01-04,11,oos,train,0.0,0.0,-0.61,0.0,28.06036444,9.2599202652,18.8004441748,0.5438500000000001,0.5938500000000001,0.4750800000000001
2021-01-04 12:00:00,2021-01-04,12,oos,train,0.0,0.0,-0.59,0.0,25.92227333,8.5543501989,17.3679231311,0.5904299999999999,0.6404299999999999,0.512344
2021-01-04 13:00:00,2021-01-04,13,oos,train,0.0,0.0,-0.62,0.0,30.07948444,9.926229865200002,20.1532545748,0.60568,0.65568,0.524544
2021-01-04 14:00:00,2021-01-04,14,oos,train,0.0,0.0,-0.68,0.0,49.26383111,16.2570642663,33.00676684369999,0.60609,0.6560900000000001,0.5248720000000001
2021-01-04 15:00:00,2021-01-04,15,oos,train,0.0,0.0,-0.68,0.0,43.31202222,14.292967332600002,29.0190548874,0.63189,0.68189,0.545512
2021-01-04 16:00:00,2021-01-04,16,oos,train,0.0,0.0,-0.63,0.0,28.44125111,9.3856128663,19.0556382437,0.6811900000000001,0.7311900000000001,0.5849520000000001
2021-01-04 17:00:00,2021-01-04,17,oos,train,0.0,0.0,-0.63,0.0,24.25057333,8.0026891989,16.2478841311,0.62719,0.6771900000000001,0.5417520000000001
2021-01-04 18:00:00,2021-01-04,18,oos,train,0.0,0.0,-0.65,0.0,36.33175556,11.9894793348,24.342276225199996,0.5611799999999999,0.61118,0.488944
2021-01-04 19:00:00,2021-01-04,19,oos,train,0.0,0.0,-0.63,0.0,61.89983111,20.4269442663,41.472886843699996,0.39355,0.44355,0.35484000000000004
2021-01-04 20:00:00,2021-01-04,20,oos,train,0.0,0.0,-0.68,0.0,48.93447556,16.1483769348,32.7860986252,0.36368,0.41368,0.330944
2021-01-04 21:00:00,2021-01-04,21,oos,train,0.0,0.0,-0.64,0.0,33.39313333,11.0197339989,22.373399331099996,0.32326,0.37326,0.298608
2021-01-04 22:00:00,2021-01-04,22,oos,train,0.0,0.0,-0.61,0.0,28.52353333,9.4127659989,19.110767331099996,0.28566,0.33566,0.26852800000000004
2021-01-04 23:00:00,2021-01-04,23,oos,train,0.0,0.0,-0.63,0.0,23.751,7.837830000000001,15.91317,0.29023,0.34023,0.272184
2021-01-05 00:00:00,2021-01-05,0,oos,train,0.0,0.0,-0.58,0.0,21.39157111,7.059218466300001,14.332352643699998,0.28647,0.33647,0.269176
2021-01-05 01:00:00,2021-01-05,1,oos,train,0.0,0.0,-0.65,0.0,25.75981333,8.500738398900001,17.2590749311,0.28261,0.33260999999999996,0.266088
2021-01-05 02:00:00,2021-01-05,2,oos,train,0.0,0.0,-0.63,0.0,26.58316889,8.7724457337,17.810723156299996,0.28323,0.33322999999999997,0.266584
2021-01-05 03:00:00,2021-01-05,3,oos,train,0.0,0.0,-0.59,0.0,25.77679333,8.506341798900001,17.270451531099997,0.29002,0.34002,0.272016
2021-01-05 04:00:00,2021-01-05,4,oos,train,0.0,0.0,-0.65,0.0,24.68148,8.144888400000001,16.536591599999998,0.3111,0.3611,0.28887999999999997
2021-01-05 05:00:00,2021-01-05,5,oos,train,0.0,0.0,-0.61,0.0,23.91436,7.8917388,16.022621199999996,0.3733999999999999,0.4233999999999999,0.3387199999999999
2021-01-05 06:00:00,2021-01-05,6,oos,train,0.0,0.0,-0.52,0.0,23.56656667,7.7769670011,15.7895996689,0.55979,0.60979,0.48783200000000004
2021-01-05 07:00:00,2021-01-05,7,oos,train,0.0,0.0,-0.48,0.0,28.98267111,9.5642814663,19.418389643699996,0.6261599999999999,0.67616,0.540928
2021-01-05 08:00:00,2021-01-05,8,oos,train,0.0,0.0,-0.59,0.0,31.19449556,10.2941835348,20.900312025199998,0.62741,0.6774100000000001,0.5419280000000001
2021-01-05 09:00:00,2021-01-05,9,oos,train,0.0,0.0,-0.1,0.0,25.25680667,8.3347462011,16.922060468899996,0.63847,0.68847,0.550776
2021-01-05 10:00:00,2021-01-05,10,oos,train,0.0,0.0,6.99,6.99,27.44171556,9.0557661348,18.385949425199996,0.65183,0.7018300000000001,0.5614640000000001
2021-01-05 11:00:00,2021-01-05,11,oos,train,0.0,0.0,-0.55,0.0,22.74213778,7.5049054674,15.237232312599998,0.64161,0.6916100000000001,0.5532880000000001
2021-01-05 12:00:00,2021-01-05,12,oos,train,0.0,0.0,-0.5,0.0,25.29373556,8.3469327348,16.946802825199995,0.65006,0.70006,0.560048
2021-01-05 13:00:00,2021-01-05,13,oos,train,0.0,0.0,-0.51,0.0,31.88321333,10.5214603989,21.361752931099996,0.6474500000000001,0.6974500000000001,0.5579600000000001
2021-01-05 14:00:00,2021-01-05,14,oos,train,0.0,0.0,-0.5,0.0,21.14836222,6.9789595326,14.169402687399998,0.65235,0.70235,0.56188
2021-01-05 15:00:00,2021-01-05,15,oos,train,0.0,0.0,-0.5,0.0,24.26539556,8.0075805348,16.2578150252,0.67062,0.72062,0.576496
2021-01-05 16:00:00,2021-01-05,16,oos,train,0.0,0.0,-0.39,0.0,36.27883333,11.9720149989,24.306818331099997,0.6846,0.7346,0.5876800000000001
2021-01-05 17:00:00,2021-01-05,17,oos,train,0.0,0.0,-0.4,0.0,62.00016889,20.4600557337,41.540113156299995,0.62752,0.67752,0.542016
2021-01-05 18:00:00,2021-01-05,18,oos,train,0.0,0.0,-0.43,0.0,67.38611999999999,22.2374196,45.14870039999999,0.57043,0.62043,0.49634400000000006
2021-01-05 19:00:00,2021-01-05,19,oos,train,0.0,0.0,-0.42,0.0,53.41400444,17.6266214652,35.787382974799996,0.4255799999999999,0.4755799999999999,0.3804639999999999
2021-01-05 20:00:00,2021-01-05,20,oos,train,0.0,0.0,-0.43,0.0,33.18920889,10.952438933700002,22.236769956299998,0.4132699999999999,0.4632699999999999,0.37061599999999995
2021-01-05 21:00:00,2021-01-05,21,oos,train,0.0,0.0,3.41,3.41,28.80793333,9.506617998900001,19.3013153311,0.33458,0.38458,0.307664
2021-01-05 22:00:00,2021-01-05,22,oos,train,0.0,0.0,-0.52,0.0,28.15722222,9.291883332600001,18.8653388874,0.30484,0.35484,0.283872
2021-01-05 23:00:00,2021-01-05,23,oos,train,0.0,0.0,-0.57,0.0,18.59764556,6.137223034800001,12.460422525199998,0.31239,0.36239,0.289912
2021-01-06 00:00:00,2021-01-06,0,oos,train,0.0,0.0,-0.52,0.0,20.21325778,6.6703750674,13.542882712599997,0.3007599999999999,0.3507599999999999,0.2806079999999999
2021-01-06 01:00:00,2021-01-06,1,oos,train,0.0,0.0,0.77,0.77,23.62432444,7.7960270652,15.828297374799998,0.29438,0.34437999999999996,0.27550399999999997
2021-01-06 02:00:00,2021-01-06,2,oos,train,0.0,0.0,1.65,1.65,24.40639111,8.0541090663,16.3522820437,0.29301,0.34301,0.274408
2021-01-06 03:00:00,2021-01-06,3,oos,train,0.0,0.0,0.19,0.19,25.8394,8.527002000000001,17.312397999999998,0.2949,0.3449,0.27592
2021-01-06 04:00:00,2021-01-06,4,oos,train,0.0,0.0,9.21,9.21,22.03397556,7.2712119348,14.762763625199998,0.3036999999999999,0.3536999999999999,0.28295999999999993
2021-01-06 05:00:00,2021-01-06,5,oos,train,0.0,0.0,4.83,4.83,23.56152444,7.7753030652,15.786221374799998,0.32171,0.37171,0.297368
2021-01-06 06:00:00,2021-01-06,6,oos,train,0.0,0.0,12.86,12.86,23.06591333,7.611751398900001,15.454161931099998,0.37219,0.42219,0.33775200000000005
2021-01-06 07:00:00,2021-01-06,7,oos,train,0.0,0.0,15.78,15.78,26.00903111,8.5829802663,17.426050843699997,0.4103,0.4603,0.36824
2021-01-06 08:00:00,2021-01-06,8,oos,train,0.0,0.0,18.75,18.75,33.49807778,11.0543656674,22.4437121126,0.4385799999999999,0.4885799999999999,0.39086399999999993
2021-01-06 09:00:00,2021-01-06,9,oos,train,0.0,0.0,24.07,24.07,30.61118444,10.1016908652,20.509493574799997,0.48246,0.53246,0.42596800000000007
2021-01-06 10:00:00,2021-01-06,10,oos,train,0.0,0.0,16.66,16.66,25.54248889,8.429021333700002,17.113467556299998,0.47408,0.52408,0.419264
2021-01-06 11:00:00,2021-01-06,11,oos,train,0.0,0.0,5.66,5.66,23.99149778,7.9171942674,16.074303512599997,0.48392,0.5339200000000001,0.42713600000000007
2021-01-06 12:00:00,2021-01-06,12,oos,train,0.0,0.0,4.63,4.63,27.65408222,9.1258471326,18.5282350874,0.49586,0.54586,0.436688
2021-01-06 13:00:00,2021-01-06,13,oos,train,0.0,0.0,14.57,14.57,64.11504889,21.1579661337,42.9570827563,0.5373300000000001,0.5873300000000001,0.4698640000000001
2021-01-06 14:00:00,2021-01-06,14,oos,train,0.0,0.0,14.28,14.28,33.13882444,10.9358120652,22.203012374799997,0.5749299999999999,0.62493,0.499944
2021-01-06 15:00:00,2021-01-06,15,oos,train,0.0,0.0,15.92,15.92,32.60208,10.7586864,21.8433936,0.61158,0.6615800000000001,0.5292640000000001
2021-01-06 16:00:00,2021-01-06,16,oos,train,0.0,0.0,13.3,13.3,30.43493778,10.0435294674,20.391408312599996,0.6276,0.6776000000000001,0.5420800000000001
2021-01-06 17:00:00,2021-01-06,17,oos,train,0.0,0.0,10.19,10.19,32.80513333,10.8256939989,21.979439331099996,0.58299,0.63299,0.5063920000000001
2021-01-06 18:00:00,2021-01-06,18,oos,train,0.0,0.0,-0.48,0.0,68.86083111,22.724074266300004,46.1367568437,0.52623,0.57623,0.46098400000000006
2021-01-06 19:00:00,2021-01-06,19,oos,train,0.0,0.0,0.93,0.93,68.42701778,22.5809158674,45.8461019126,0.41722,0.46721999999999997,0.373776
2021-01-06 20:00:00,2021-01-06,20,oos,train,0.0,0.0,-0.64,0.0,43.77479556,14.445682534800001,29.329113025199998,0.41816,0.46815999999999997,0.37452799999999997
2021-01-06 21:00:00,2021-01-06,21,oos,train,0.0,0.0,-0.58,0.0,27.04621333,8.925250398900001,18.1209629311,0.40528,0.45527999999999996,0.364224
2021-01-06 22:00:00,2021-01-06,22,oos,train,0.0,0.0,-0.61,0.0,21.61600889,7.1332829337,14.482725956299998,0.34035,0.39035,0.31228
2021-01-06 23:00:00,2021-01-06,23,oos,train,0.0,0.0,0.88,0.88,21.67274,7.1520042,14.520735799999999,0.44702,0.49701999999999996,0.39761599999999997
2021-01-07 00:00:00,2021-01-07,0,oos,train,0.0,0.0,-0.64,0.0,25.41945556,8.388420334800001,17.031035225199997,0.4244,0.4744,0.37952
2021-01-07 01:00:00,2021-01-07,1,oos,train,0.0,0.0,1.08,1.08,27.77360889,9.1652909337,18.6083179563,0.40666,0.45666,0.36532800000000004
2021-01-07 02:00:00,2021-01-07,2,oos,train,0.0,0.0,7.97,7.97,23.07188,7.6137204,15.458159599999998,0.41278,0.46277999999999997,0.370224
2021-01-07 03:00:00,2021-01-07,3,oos,train,0.0,0.0,20.04,20.04,22.19030444,7.3228004652,14.867503974799998,0.42834,0.47834,0.382672
2021-01-07 04:00:00,2021-01-07,4,oos,train,0.0,0.0,4.17,4.17,26.65868444,8.7973658652,17.8613185748,0.47255,0.5225500000000001,0.4180400000000001
2021-01-07 05:00:00,2021-01-07,5,oos,train,0.0,0.0,9.57,9.57,24.60146444,8.1184832652,16.4829811748,0.58077,0.63077,0.5046160000000001
2021-01-07 06:00:00,2021-01-07,6,oos,train,0.0,0.0,17.45,17.45,25.60815778,8.4506920674,17.157465712599997,0.70353,0.75353,0.602824
2021-01-07 07:00:00,2021-01-07,7,oos,train,0.0,0.0,30.12,30.12,25.27377556,8.3403459348,16.9334296252,0.87609,0.9260900000000001,0.7408720000000001
2021-01-07 08:00:00,2021-01-07,8,oos,train,0.0028889,0.0028889,31.53,31.53,27.28559556,9.0042465348,18.281349025199997,0.87017,0.92017,0.7361360000000001
2021-01-07 09:00:00,2021-01-07,9,oos,train,5.6665001,5.6665001,18.72,18.72,33.07166667,10.9136500011,22.158016668899997,0.8554400000000001,0.9054400000000001,0.7243520000000001
2021-01-07 10:00:00,2021-01-07,10,oos,train,20.4967495,20.4967495,22.48,22.48,27.79922444,9.173744065200001,18.6254803748,0.89228,0.94228,0.753824
2021-01-07 11:00:00,2021-01-07,11,oos,train,23.0233335,23.0233335,13.81,13.81,23.9524,7.904292000000001,16.048108,0.87899,0.9289900000000001,0.7431920000000001
2021-01-07 12:00:00,2021-01-07,12,oos,train,18.7360835,18.7360835,9.06,9.06,46.44678222,15.327438132600001,31.1193440874,0.85388,0.90388,0.7231040000000001
2021-01-07 13:00:00,2021-01-07,13,oos,train,3.0987499,3.0987499,5.45,5.45,30.81907333,10.1702941989,20.648779131099996,0.8158,0.8658,0.69264
2021-01-07 14:00:00,2021-01-07,14,oos,train,0.0002,0.0002,-0.55,0.0,26.77042889,8.8342415337,17.9361873563,0.84641,0.89641,0.7171280000000001
2021-01-07 15:00:00,2021-01-07,15,oos,train,0.0,0.0,5.85,5.85,25.32940667,8.3587042011,16.970702468899997,0.93056,0.9805600000000001,0.7844480000000001
2021-01-07 16:00:00,2021-01-07,16,oos,train,0.0,0.0,15.92,15.92,27.97673333,9.2323219989,18.744411331099997,1.03672,1.0867200000000001,0.8693760000000001
2021-01-07 17:00:00,2021-01-07,17,oos,train,0.0,0.0,10.99,10.99,28.50855111,9.4078218663,19.1007292437,0.87806,0.92806,0.742448
2021-01-07 18:00:00,2021-01-07,18,oos,train,0.0,0.0,16.06,16.06,58.08011556,19.166438134800003,38.9136774252,0.8071900000000001,0.8571900000000001,0.6857520000000001
2021-01-07 19:00:00,2021-01-07,19,oos,train,0.0,0.0,13.6,13.6,67.10757778,22.1455006674,44.96207711259999,0.67655,0.72655,0.5812400000000001
2021-01-07 20:00:00,2021-01-07,20,oos,train,0.0,0.0,9.7,9.7,33.03974889,10.9031171337,22.136631756299998,0.61564,0.66564,0.532512
2021-01-07 21:00:00,2021-01-07,21,oos,train,0.0,0.0,3.55,3.55,29.35598444,9.6874748652,19.668509574799998,0.60453,0.6545300000000001,0.5236240000000001
2021-01-07 22:00:00,2021-01-07,22,oos,train,0.0,0.0,6.22,6.22,27.75429556,9.1589175348,18.5953780252,0.5291,0.5791000000000001,0.4632800000000001
2021-01-07 23:00:00,2021-01-07,23,oos,train,0.0,0.0,10.22,10.22,26.21029778,8.6493982674,17.5608995126,0.5113,0.5613,0.44904000000000005
2021-01-08 00:00:00,2021-01-08,0,oos,train,0.0,0.0,9.09,9.09,27.04872,8.926077600000001,18.122642399999997,0.49128,0.54128,0.433024
2021-01-08 01:00:00,2021-01-08,1,oos,train,0.0,0.0,13.59,13.59,28.71801778,9.476945867400001,19.2410719126,0.47469,0.52469,0.419752
2021-01-08 02:00:00,2021-01-08,2,oos,train,0.0,0.0,11.21,11.21,24.37577333,8.0440051989,16.3317681311,0.46152,0.51152,0.409216
2021-01-08 03:00:00,2021-01-08,3,oos,train,0.0,0.0,7.52,7.52,27.11538444,8.948076865200001,18.1673075748,0.47376,0.52376,0.41900800000000005
2021-01-08 04:00:00,2021-01-08,4,oos,train,0.0,0.0,5.05,5.05,23.28588444,7.6843418652,15.601542574799998,0.5218700000000001,0.5718700000000001,0.4574960000000001
2021-01-08 05:00:00,2021-01-08,5,oos,train,0.0,0.0,4.71,4.71,25.29437333,8.3471431989,16.947230131099996,0.61913,0.66913,0.535304
2021-01-08 06:00:00,2021-01-08,6,oos,train,0.0,0.0,0.16,0.16,24.10041333,7.9531363989,16.1472769311,0.82496,0.8749600000000001,0.6999680000000001
2021-01-08 07:00:00,2021-01-08,7,oos,train,0.0,0.0,15.37,15.37,28.776,9.496080000000001,19.279919999999997,1.07361,1.12361,0.898888
2021-01-08 08:00:00,2021-01-08,8,oos,train,0.0,0.0,20.72,20.72,35.90526889,11.848738733700001,24.0565301563,1.11778,1.16778,0.934224
2021-01-08 09:00:00,2021-01-08,9,oos,train,1.8839167,1.8839167,7.97,7.97,27.83191556,9.1845321348,18.647383425199997,1.1128,1.1628,0.9302400000000001
2021-01-08 10:00:00,2021-01-08,10,oos,train,2.2360834,2.2360834,9.87,9.87,27.10522889,8.9447255337,18.160503356299998,1.08107,1.13107,0.9048560000000001
2021-01-08 11:00:00,2021-01-08,11,oos,train,2.1270833,2.1270833,4.66,4.66,23.91059333,7.890495798900001,16.0200975311,1.03597,1.08597,0.8687760000000001
2021-01-08 12:00:00,2021-01-08,12,oos,train,1.724,1.724,2.29,2.29,27.69040889,9.1378349337,18.552573956299998,0.98785,1.03785,0.83028
2021-01-08 13:00:00,2021-01-08,13,oos,train,0.2334167,0.2334167,-0.53,0.0,43.10467111,14.2245414663,28.880129643699995,0.96141,1.01141,0.809128
2021-01-08 14:00:00,2021-01-08,14,oos,train,0.0,0.0,-0.57,0.0,40.54469778,13.3797502674,27.164947512599998,0.98941,1.03941,0.831528
2021-01-08 15:00:00,2021-01-08,15,oos,train,0.0,0.0,-0.56,0.0,25.34347556,8.363346934800001,16.9801286252,0.98506,1.03506,0.8280480000000001
2021-01-08 16:00:00,2021-01-08,16,oos,train,0.0,0.0,-0.54,0.0,26.49819556,8.744404534800001,17.753791025199998,1.14059,1.19059,0.9524720000000001
2021-01-08 17:00:00,2021-01-08,17,oos,train,0.0,0.0,-0.54,0.0,43.99939556,14.519800534800002,29.4795950252,1.03638,1.0863800000000001,0.8691040000000001
2021-01-08 18:00:00,2021-01-08,18,oos,train,0.0,0.0,-0.57,0.0,62.38826222,20.5881265326,41.800135687399994,0.8307599999999999,0.88076,0.704608
2021-01-08 19:00:00,2021-01-08,19,oos,train,0.0,0.0,-0.55,0.0,67.86708444,22.3961378652,45.470946574799996,0.63749,0.68749,0.549992
2021-01-08 20:00:00,2021-01-08,20,oos,train,0.0,0.0,-0.58,0.0,29.15233556,9.6202707348,19.5320648252,0.61623,0.6662300000000001,0.5329840000000001
2021-01-08 21:00:00,2021-01-08,21,oos,train,0.0,0.0,0.22,0.22,26.03485778,8.5915030674,17.443354712599998,0.5829500000000001,0.6329500000000001,0.5063600000000001
2021-01-08 22:00:00,2021-01-08,22,oos,train,0.0,0.0,5.06,5.06,23.14788444,7.6388018652,15.509082574799997,0.52343,0.57343,0.45874400000000004
2021-01-08 23:00:00,2021-01-08,23,oos,train,0.0,0.0,-0.6,0.0,23.85908,7.8734964,15.985583599999998,0.49057,0.54057,0.432456
2021-01-09 00:00:00,2021-01-09,0,oos,train,0.0,0.0,-0.6,0.0,27.57639333,9.1002097989,18.4761835311,0.48501,0.53501,0.428008
2021-01-09 01:00:00,2021-01-09,1,oos,train,0.0,0.0,3.7,3.7,27.31581556,9.014219134800001,18.3015964252,0.47923,0.52923,0.423384
2021-01-09 02:00:00,2021-01-09,2,oos,train,0.0,0.0,-0.29,0.0,21.97625778,7.252165067400001,14.7240927126,0.4915,0.5415,0.43320000000000003
2021-01-09 03:00:00,2021-01-09,3,oos,train,0.0,0.0,-0.62,0.0,23.86467111,7.8753414663,15.989329643699998,0.49532,0.54532,0.43625600000000003
2021-01-09 04:00:00,2021-01-09,4,oos,train,0.0,0.0,-0.59,0.0,26.52818222,8.754300132600001,17.7738820874,0.44407,0.49407,0.39525600000000005
2021-01-09 05:00:00,2021-01-09,5,oos,train,0.0,0.0,-0.67,0.0,27.85537778,9.192274667400001,18.663103112599998,0.43799,0.48799,0.390392
2021-01-09 06:00:00,2021-01-09,6,oos,train,0.0,0.0,-0.63,0.0,22.13077556,7.3031559348,14.827619625199999,0.4201499999999999,0.4701499999999999,0.37611999999999995
2021-01-09 07:00:00,2021-01-09,7,oos,train,0.0,0.0,-0.62,0.0,25.81318444,8.5183508652,17.2948335748,0.4245899999999999,0.4745899999999999,0.37967199999999995
2021-01-09 08:00:00,2021-01-09,8,oos,train,0.0083636,0.0083636,-0.61,0.0,28.85991778,9.5237728674,19.3361449126,0.43191,0.48191,0.38552800000000004
2021-01-09 09:00:00,2021-01-09,9,oos,train,0.9768333,0.9768333,-0.62,0.0,28.27742222,9.3315493326,18.945872887399997,0.42778,0.47778,0.382224
2021-01-09 10:00:00,2021-01-09,10,oos,train,2.669,2.669,-0.56,0.0,30.52449111,10.0730820663,20.451409043699996,0.4122099999999999,0.4622099999999999,0.36976799999999993
2021-01-09 11:00:00,2021-01-09,11,oos,train,5.2125,5.2125,-0.56,0.0,34.55532667,11.4032578011,23.1520688689,0.40118,0.45117999999999997,0.360944
2021-01-09 12:00:00,2021-01-09,12,oos,train,2.3263333,2.3263333,-0.44,0.0,30.24390222,9.9804877326,20.2634144874,0.39097,0.44097,0.352776
2021-01-09 13:00:00,2021-01-09,13,oos,train,0.246,0.246,-0.57,0.0,31.96470667,10.548353201100001,21.4163534689,0.38788,0.43788,0.350304
2021-01-09 14:00:00,2021-01-09,14,oos,train,0.0,0.0,-0.54,0.0,28.29195556,9.3363453348,18.955610225199997,0.3951,0.4451,0.35608
2021-01-09 15:00:00,2021-01-09,15,oos,train,0.0,0.0,-0.52,0.0,35.53235111,11.725675866300001,23.8066752437,0.40242,0.45242,0.36193600000000004
2021-01-09 16:00:00,2021-01-09,16,oos,train,0.0,0.0,0.91,0.91,46.9228,15.484524000000002,31.438276,0.40634,0.45633999999999997,0.365072
2021-01-09 17:00:00,2021-01-09,17,oos,train,0.0,0.0,-0.53,0.0,55.29497778,18.2473426674,37.0476351126,0.4117,0.4617,0.36936
2021-01-09 18:00:00,2021-01-09,18,oos,train,0.0,0.0,29.64,29.64,47.78751556,15.769880134800001,32.0176354252,0.40551,0.45550999999999997,0.364408
2021-01-09 19:00:00,2021-01-09,19,oos,train,0.0,0.0,3.91,3.91,31.14256889,10.2770477337,20.865521156299998,0.3987099999999999,0.4487099999999999,0.35896799999999995
2021-01-09 20:00:00,2021-01-09,20,oos,train,0.0,0.0,9.4,9.4,29.75057333,9.817689198900002,19.9328841311,0.39716,0.44716,0.35772800000000005
2021-01-09 21:00:00,2021-01-09,21,oos,train,0.0,0.0,-0.38,0.0,27.04976444,8.926422265200001,18.123342174799998,0.40974,0.45974,0.367792
2021-01-09 22:00:00,2021-01-09,22,oos,train,0.0,0.0,3.9,3.9,26.38744667,8.7078574011,17.6795892689,0.3777799999999999,0.4277799999999999,0.3422239999999999
2021-01-09 23:00:00,2021-01-09,23,oos,train,0.0,0.0,13.37,13.37,23.55947111,7.774625466300001,15.784845643699999,0.36877,0.41877,0.335016
2021-01-10 00:00:00,2021-01-10,0,oos,train,0.0,0.0,13.34,13.34,24.53638889,8.097008333700002,16.439380556299998,0.33722,0.38722,0.30977600000000005
2021-01-10 01:00:00,2021-01-10,1,oos,train,0.0,0.0,24.05,24.05,24.71463111,8.1558282663,16.558802843699997,0.32325,0.37324999999999997,0.2986
2021-01-10 02:00:00,2021-01-10,2,oos,train,0.0,0.0,31.11,31.11,23.96393778,7.9080994674,16.0558383126,0.3128999999999999,0.3628999999999999,0.2903199999999999
2021-01-10 03:00:00,2021-01-10,3,oos,train,0.0,0.0,39.92,39.92,29.00440667,9.571454201100002,19.432952468899998,0.30235,0.35235,0.28188
2021-01-10 04:00:00,2021-01-10,4,oos,train,0.0,0.0,47.71,47.71,22.38094444,7.3857116652000006,14.995232774799998,0.307,0.357,0.2856
2021-01-10 05:00:00,2021-01-10,5,oos,train,0.0,0.0,46.24,46.24,21.35806667,7.048162001100001,14.309904668899998,0.31362,0.36362,0.290896
2021-01-10 06:00:00,2021-01-10,6,oos,train,0.0,0.0,40.34,40.34,21.52814667,7.104288401100001,14.4238582689,0.3128,0.3628,0.29024
2021-01-10 07:00:00,2021-01-10,7,oos,train,0.0,0.0,40.52,40.52,26.07873556,8.6059827348,17.472752825199997,0.33359,0.38359,0.30687200000000003
2021-01-10 08:00:00,2021-01-10,8,oos,train,0.0,0.0,26.16,26.16,31.03278,10.240817400000001,20.791962599999998,0.36081,0.41081,0.32864800000000005
2021-01-10 09:00:00,2021-01-10,9,oos,train,0.0,0.0,26.38,26.38,32.00533333,10.5617599989,21.443573331099998,0.40157,0.45156999999999997,0.361256
2021-01-10 10:00:00,2021-01-10,10,oos,train,0.0,0.0,32.73,32.73,25.20657556,8.3181699348,16.888405625199997,0.41378,0.46377999999999997,0.371024
2021-01-10 11:00:00,2021-01-10,11,oos,train,0.0144166,0.0144166,21.62,21.62,24.26215111,8.0065098663,16.255641243699998,0.41378,0.46377999999999997,0.371024
2021-01-10 12:00:00,2021-01-10,12,oos,train,0.0026211999999999,0.0026211999999999,13.5,13.5,21.73042667,7.1710408011,14.559385868899998,0.41627,0.46626999999999996,0.373016
2021-01-10 13:00:00,2021-01-10,13,oos,train,0.0,0.0,16.45,16.45,50.23412,16.5772596,33.65686039999999,0.44493,0.49493,0.395944
2021-01-10 14:00:00,2021-01-10,14,oos,train,0.0,0.0,18.47,18.47,38.39255556,12.6695433348,25.723012225199994,0.48011,0.53011,0.424088
2021-01-10 15:00:00,2021-01-10,15,oos,train,0.0,0.0,17.19,17.19,25.52475111,8.4231678663,17.1015832437,0.51664,0.56664,0.45331200000000005
2021-01-10 16:00:00,2021-01-10,16,oos,train,0.0,0.0,19.18,19.18,23.30790444,7.691608465200001,15.6162959748,0.5685800000000001,0.6185800000000001,0.49486400000000014
2021-01-10 17:00:00,2021-01-10,17,oos,train,0.0,0.0,33.35,33.35,21.47329111,7.086186066300001,14.3871050437,0.55192,0.60192,0.481536
2021-01-10 18:00:00,2021-01-10,18,oos,train,0.0,0.0,34.98,34.98,32.62993556,10.7678787348,21.862056825199996,0.51105,0.56105,0.4488400000000001
2021-01-10 19:00:00,2021-01-10,19,oos,train,0.0,0.0,42.4,42.4,64.43156,21.262414800000002,43.169145199999996,0.48042,0.53042,0.42433600000000005
2021-01-10 20:00:00,2021-01-10,20,oos,train,0.0,0.0,32.01,32.01,66.13434667,21.8243344011,44.310012268899996,0.46035,0.51035,0.40828
2021-01-10 21:00:00,2021-01-10,21,oos,train,0.0,0.0,-0.31,0.0,50.47254667,16.6559404011,33.816606268899996,0.41461,0.46460999999999997,0.371688
2021-01-10 22:00:00,2021-01-10,22,oos,train,0.0,0.0,-0.45,0.0,27.77263111,9.1649682663,18.6076628437,0.37126,0.42125999999999997,0.337008
2021-01-10 23:00:00,2021-01-10,23,oos,train,0.0,0.0,-0.5,0.0,25.14690444,8.2984784652,16.848425974799998,0.4201,0.47009999999999996,0.37607999999999997
2021-01-11 00:00:00,2021-01-11,0,oos,train,0.0,0.0,-0.54,0.0,22.23657333,7.3380691988999995,14.898504131099997,0.4096499999999999,0.4596499999999999,0.36771999999999994
2021-01-11 01:00:00,2021-01-11,1,oos,train,0.0,0.0,-0.5,0.0,25.19674667,8.314926401100001,16.881820268899997,0.39092,0.44092,0.352736
2021-01-11 02:00:00,2021-01-11,2,oos,train,0.0,0.0,-0.51,0.0,25.53369778,8.4261202674,17.1075775126,0.3666,0.41659999999999997,0.33328
2021-01-11 03:00:00,2021-01-11,3,oos,train,0.0,0.0,-0.54,0.0,27.92173111,9.214171266300001,18.707559843699997,0.38585,0.43585,0.34868000000000005
2021-01-11 04:00:00,2021-01-11,4,oos,train,0.0,0.0,-0.55,0.0,23.31421778,7.6936918674,15.620525912599998,0.42848,0.47848,0.382784
2021-01-11 05:00:00,2021-01-11,5,oos,train,0.0,0.0,11.6,11.6,22.23518889,7.3376123337,14.897576556299999,0.44265,0.49265,0.39412
2021-01-11 06:00:00,2021-01-11,6,oos,train,0.0,0.0,18.21,18.21,23.31254667,7.6931404011,15.619406268899999,0.51477,0.56477,0.451816
2021-01-11 07:00:00,2021-01-11,7,oos,train,0.0,0.0,15.78,15.78,28.35192,9.3561336,18.995786399999997,0.5320499999999999,0.58205,0.46564
2021-01-11 08:00:00,2021-01-11,8,oos,train,0.0,0.0,15.28,15.28,31.19932,10.2957756,20.903544399999998,0.5134299999999999,0.56343,0.45074400000000003
2021-01-11 09:00:00,2021-01-11,9,oos,train,0.0,0.0,-0.43,0.0,30.64026889,10.1112887337,20.528980156299998,0.49222,0.54222,0.43377600000000005
2021-01-11 10:00:00,2021-01-11,10,oos,train,0.0,0.0,-0.4,0.0,25.32304667,8.356605401100001,16.9664412689,0.4619,0.5119,0.40952000000000005
2021-01-11 11:00:00,2021-01-11,11,oos,train,0.0,0.0,-0.34,0.0,27.55108444,9.0918578652,18.4592265748,0.4483399999999999,0.4983399999999999,0.3986719999999999
2021-01-11 12:00:00,2021-01-11,12,oos,train,0.0,0.0,-0.41,0.0,21.48246667,7.0892140011,14.393252668899999,0.44089,0.49089,0.392712
2021-01-11 13:00:00,2021-01-11,13,oos,train,0.0,0.0,-0.48,0.0,26.85226889,8.8612487337,17.9910201563,0.4351,0.4851,0.38808
2021-01-11 14:00:00,2021-01-11,14,oos,train,0.0,0.0,-0.48,0.0,27.80181778,9.174599867400001,18.6272179126,0.43779,0.48779,0.390232
2021-01-11 15:00:00,2021-01-11,15,oos,train,0.0,0.0,-0.5,0.0,44.56182667,14.705402801100002,29.8564238689,0.44783,0.49783,0.398264
2021-01-11 16:00:00,2021-01-11,16,oos,train,0.0,0.0,-0.45,0.0,25.05526222,8.2682365326,16.787025687399996,0.44017,0.49017,0.39213600000000004
2021-01-11 17:00:00,2021-01-11,17,oos,train,0.0,0.0,-0.51,0.0,30.13978444,9.9461288652,20.193655574799998,0.43489,0.48489,0.38791200000000003
2021-01-11 18:00:00,2021-01-11,18,oos,train,0.0,0.0,-0.47,0.0,59.893640000000005,19.764901200000004,40.1287388,0.41089,0.46088999999999997,0.368712
2021-01-11 19:00:00,2021-01-11,19,oos,train,0.0,0.0,-0.49,0.0,33.89648,11.1858384,22.710641599999995,0.38398,0.43398,0.347184
2021-01-11 20:00:00,2021-01-11,20,oos,train,0.0,0.0,-0.52,0.0,35.19819333,11.615403798900001,23.582789531099998,0.35429,0.40429,0.323432
2021-01-11 21:00:00,2021-01-11,21,oos,train,0.0,0.0,-0.49,0.0,32.84622444,10.8392540652,22.006970374799998,0.34363,0.39363,0.314904
2021-01-11 22:00:00,2021-01-11,22,oos,train,0.0,0.0,-0.6,0.0,30.91599111,10.2022770663,20.713714043699998,0.28341,0.33341,0.266728
2021-01-11 23:00:00,2021-01-11,23,oos,train,0.0,0.0,-0.58,0.0,26.12463556,8.6211297348,17.503505825199998,0.2707799999999999,0.3207799999999999,0.2566239999999999
2021-01-12 00:00:00,2021-01-12,0,oos,train,0.0,0.0,-0.6,0.0,24.97458222,8.2416121326,16.7329700874,0.26323,0.31323,0.25058400000000003
2021-01-12 01:00:00,2021-01-12,1,oos,train,0.0,0.0,-0.61,0.0,27.06990667,8.9330692011,18.136837468899998,0.25805,0.30805,0.24644
2021-01-12 02:00:00,2021-01-12,2,oos,train,0.0,0.0,10.89,10.89,24.93539556,8.2286805348,16.706715025199998,0.25112,0.30112,0.240896
2021-01-12 03:00:00,2021-01-12,3,oos,train,0.0,0.0,10.64,10.64,28.08655111,9.2685618663,18.817989243699998,0.27948,0.32948,0.263584
2021-01-12 04:00:00,2021-01-12,4,oos,train,0.0,0.0,28.95,28.95,23.86858444,7.8766328652,15.991951574799998,0.3626,0.41259999999999997,0.33008
2021-01-12 05:00:00,2021-01-12,5,oos,train,0.0,0.0,34.79,34.79,22.81292444,7.5282650652,15.284659374799999,0.34831,0.39831,0.31864800000000004
2021-01-12 06:00:00,2021-01-12,6,oos,train,0.0,0.0,32.25,32.25,24.48601111,8.0803836663,16.4056274437,0.34728,0.39727999999999997,0.317824
2021-01-12 07:00:00,2021-01-12,7,oos,train,0.0,0.0,39.42,39.42,27.55936889,9.0945917337,18.4647771563,0.35028,0.40027999999999997,0.320224
2021-01-12 08:00:00,2021-01-12,8,oos,train,0.0,0.0,38.52,38.52,32.41000222,10.695300732600002,21.7147014874,0.34914,0.39914,0.31931200000000004
2021-01-12 09:00:00,2021-01-12,9,oos,train,0.0,0.0,44.57,44.57,31.16656,10.284964800000001,20.8815952,0.35235,0.40235,0.32188
2021-01-12 10:00:00,2021-01-12,10,oos,train,0.0,0.0,46.37,46.37,27.30944,9.0121152,18.2973248,0.35514,0.40514,0.324112
2021-01-12 11:00:00,2021-01-12,11,oos,train,0.0,0.0,28.13,28.13,23.63728444,7.8003038652,15.836980574799997,0.35877,0.40876999999999997,0.327016
2021-01-12 12:00:00,2021-01-12,12,oos,train,0.0,0.0,35.33,35.33,23.90088444,7.8872918652,16.013592574799997,0.3611499999999999,0.4111499999999999,0.32891999999999993
2021-01-12 13:00:00,2021-01-12,13,oos,train,0.0,0.0,48.5,48.5,45.14246222,14.8970125326,30.245449687399997,0.36384,0.41384,0.33107200000000003
2021-01-12 14:00:00,2021-01-12,14,oos,train,0.0,0.0,31.53,31.53,26.82403556,8.8519317348,17.972103825199998,0.36373,0.41373,0.330984
2021-01-12 15:00:00,2021-01-12,15,oos,train,0.0,0.0,13.19,13.19,33.12253556,10.9304367348,22.1920988252,0.36384,0.41384,0.33107200000000003
2021-01-12 16:00:00,2021-01-12,16,oos,train,0.0,0.0,27.59,27.59,30.08887111,9.9293274663,20.159543643699998,0.36363,0.41363,0.33090400000000003
2021-01-12 17:00:00,2021-01-12,17,oos,train,0.0,0.0,23.1,23.1,24.98546667,8.245204001100001,16.740262668899998,0.36456,0.41456,0.331648
2021-01-12 18:00:00,2021-01-12,18,oos,train,0.0,0.0,39.51,39.51,47.49056889,15.6718877337,31.818681156299995,0.36663,0.41663,0.33330400000000004
2021-01-12 19:00:00,2021-01-12,19,oos,train,0.0,0.0,18.86,18.86,44.42297333,14.6595811989,29.763392131099994,0.3656999999999999,0.4156999999999999,0.33255999999999997
2021-01-12 20:00:00,2021-01-12,20,oos,train,0.0,0.0,-0.29,0.0,34.20647333,11.2881361989,22.9183371311,0.36467,0.41467,0.33173600000000003
2021-01-12 21:00:00,2021-01-12,21,oos,train,0.0,0.0,-0.35,0.0,34.25023111,11.302576266300001,22.947654843699997,0.36239,0.41239,0.329912
2021-01-12 22:00:00,2021-01-12,22,oos,train,0.0,0.0,4.31,4.31,28.2771,9.331443,18.945656999999997,0.35835,0.40835,0.32668
2021-01-12 23:00:00,2021-01-12,23,oos,train,0.0,0.0,17.82,17.82,28.95612444,9.5555210652,19.4006033748,0.3425,0.3925,0.31400000000000006
2021-01-13 00:00:00,2021-01-13,0,oos,train,0.0,0.0,13.07,13.07,26.9929,8.907657,18.085243,0.3362799999999999,0.3862799999999999,0.30902399999999997
2021-01-13 01:00:00,2021-01-13,1,oos,train,0.0,0.0,28.06,28.06,28.75032444,9.4876070652,19.262717374799998,0.32747,0.37746999999999997,0.301976
2021-01-13 02:00:00,2021-01-13,2,oos,train,0.0,0.0,40.8,40.8,28.30936889,9.3420917337,18.967277156299996,0.3198,0.36979999999999996,0.29584
2021-01-13 03:00:00,2021-01-13,3,oos,train,0.0,0.0,39.35,39.35,25.08887333,8.2793281989,16.8095451311,0.3285099999999999,0.3785099999999999,0.30280799999999997
2021-01-13 04:00:00,2021-01-13,4,oos,train,0.0,0.0,22.01,22.01,23.58315556,7.7824413348000006,15.8007142252,0.3817,0.4317,0.34536
2021-01-13 05:00:00,2021-01-13,5,oos,train,0.0,0.0,-0.39,0.0,22.74775333,7.506758598899999,15.240994731099997,0.37704,0.42704,0.341632
2021-01-13 06:00:00,2021-01-13,6,oos,train,0.0,0.0,-0.51,0.0,24.6716,8.141628,16.529972,0.38087,0.43087,0.344696
2021-01-13 07:00:00,2021-01-13,7,oos,train,0.0,0.0,5.79,5.79,29.49531556,9.7334541348,19.7618614252,0.45761,0.50761,0.406088
2021-01-13 08:00:00,2021-01-13,8,oos,train,0.0,0.0,4.67,4.67,29.21277111,9.6402144663,19.572556643699997,0.4372799999999999,0.4872799999999999,0.38982399999999995
2021-01-13 09:00:00,2021-01-13,9,oos,train,0.6765,0.6765,-0.54,0.0,28.94102222,9.550537332600001,19.3904848874,0.46746,0.51746,0.41396800000000006
2021-01-13 10:00:00,2021-01-13,10,oos,train,1.5724167,1.5724167,-0.54,0.0,33.07259778,10.9139572674,22.158640512599998,0.4543899999999999,0.5043899999999999,0.4035119999999999
2021-01-13 11:00:00,2021-01-13,11,oos,train,1.8379167,1.8379167,-0.55,0.0,29.22159778,9.6431272674,19.5784705126,0.42743,0.47742999999999997,0.381944
2021-01-13 12:00:00,2021-01-13,12,oos,train,5.5048333,5.5048333,-0.43,0.0,30.11457778,9.9378106674,20.1767671126,0.41519,0.46519,0.37215200000000004
2021-01-13 13:00:00,2021-01-13,13,oos,train,3.6908333,3.6908333,-0.77,0.0,27.61854889,9.1141211337,18.504427756299997,0.40928,0.45927999999999997,0.367424
2021-01-13 14:00:00,2021-01-13,14,oos,train,0.0031667,0.0031667,-0.64,0.0,36.25998889,11.965796333700002,24.2941925563,0.42691,0.47691,0.38152800000000003
2021-01-13 15:00:00,2021-01-13,15,oos,train,0.0,0.0,-0.62,0.0,32.42810889,10.7012759337,21.726832956299997,0.47606,0.52606,0.420848
2021-01-13 16:00:00,2021-01-13,16,oos,train,0.0,0.0,-0.64,0.0,32.96133333,10.8772399989,22.0840933311,0.5754,0.6254000000000001,0.5003200000000001
2021-01-13 17:00:00,2021-01-13,17,oos,train,0.0,0.0,-0.64,0.0,32.09759556,10.5922065348,21.5053890252,0.56524,0.61524,0.492192
2021-01-13 18:00:00,2021-01-13,18,oos,train,0.0,0.0,12.8,12.8,44.94469778,14.8317502674,30.112947512599995,0.49877,0.54877,0.439016
2021-01-13 19:00:00,2021-01-13,19,oos,train,0.0,0.0,7.87,7.87,70.02765778,23.1091270674,46.918530712599996,0.48882,0.53882,0.431056
2021-01-13 20:00:00,2021-01-13,20,oos,train,0.0,0.0,18.79,18.79,50.6608,16.718064000000002,33.942736,0.42391,0.47391,0.379128
2021-01-13 21:00:00,2021-01-13,21,oos,train,0.0,0.0,15.44,15.44,36.91200889,12.180962933700002,24.7310459563,0.41499,0.46499,0.37199200000000004
2021-01-13 22:00:00,2021-01-13,22,oos,train,0.0,0.0,23.05,23.05,38.58204,12.7320732,25.849966799999997,0.39435,0.44434999999999997,0.35548
2021-01-13 23:00:00,2021-01-13,23,oos,train,0.0,0.0,18.96,18.96,35.87891111,11.8400406663,24.038870443699995,0.3852,0.4352,0.34816
2021-01-14 00:00:00,2021-01-14,0,oos,train,0.0,0.0,24.05,24.05,29.95285556,9.884442334800001,20.068413225199997,0.38117,0.43117,0.344936
2021-01-14 01:00:00,2021-01-14,1,oos,train,0.0,0.0,22.79,22.79,31.27304222,10.3201039326,20.9529382874,0.38189,0.43189,0.34551200000000004
2021-01-14 02:00:00,2021-01-14,2,oos,train,0.0,0.0,26.8,26.8,31.04902444,10.2461780652,20.802846374799998,0.4073,0.4573,0.36584
2021-01-14 03:00:00,2021-01-14,3,oos,train,0.0,0.0,29.1,29.1,32.65500889,10.7761529337,21.878855956299997,0.43539,0.48539,0.388312
2021-01-14 04:00:00,2021-01-14,4,oos,train,0.0,0.0,29.37,29.37,29.09811111,9.602376666300001,19.495734443699998,0.46823,0.51823,0.414584
2021-01-14 05:00:00,2021-01-14,5,oos,train,0.0,0.0,22.87,22.87,29.73456444,9.8124062652,19.922158174799996,0.56778,0.61778,0.494224
2021-01-14 06:00:00,2021-01-14,6,oos,train,0.0,0.0,20.51,20.51,30.27284222,9.990037932600002,20.282804287399998,0.84,0.89,0.7120000000000001
2021-01-14 07:00:00,2021-01-14,7,oos,train,0.0,0.0,29.89,29.89,34.80887333,11.4869281989,23.321945131099994,0.93976,0.9897600000000001,0.7918080000000001
2021-01-14 08:00:00,2021-01-14,8,oos,train,0.0013637,0.0013637,28.25,28.25,38.39088,12.668990400000002,25.7218896,0.92189,0.97189,0.7775120000000001
2021-01-14 09:00:00,2021-01-14,9,oos,train,3.9514166,3.9514166,19.88,19.88,43.76766222,14.4433285326,29.324333687399996,0.92561,0.9756100000000001,0.7804880000000001
2021-01-14 10:00:00,2021-01-14,10,oos,train,9.5279998,9.5279998,15.8,15.8,37.83896889,12.4868597337,25.352109156299996,0.94027,0.9902700000000001,0.7922160000000001
2021-01-14 11:00:00,2021-01-14,11,oos,train,11.7954167,11.7954167,16.46,16.46,38.17288889,12.597053333700002,25.5758355563,0.91817,0.9681700000000001,0.7745360000000001
2021-01-14 12:00:00,2021-01-14,12,oos,train,10.1873332,10.1873332,17.17,17.17,30.24652222,9.9813523326,20.2651698874,0.92158,0.97158,0.7772640000000001
2021-01-14 13:00:00,2021-01-14,13,oos,train,4.3634166,4.3634166,15.68,15.68,30.07121556,9.9235011348,20.147714425199997,0.88854,0.93854,0.750832
2021-01-14 14:00:00,2021-01-14,14,oos,train,0.0185,0.0185,18.06,18.06,47.57492,15.6997236,31.875196399999997,0.94193,0.9919300000000001,0.7935440000000001
2021-01-14 15:00:00,2021-01-14,15,oos,train,0.0,0.0,14.27,14.27,51.93640444,17.1390134652,34.797390974799995,1.03208,1.0820800000000002,0.8656640000000002
2021-01-14 16:00:00,2021-01-14,16,oos,train,0.0,0.0,18.69,18.69,36.05382667,11.8977628011,24.1560638689,1.06513,1.11513,0.892104
2021-01-14 17:00:00,2021-01-14,17,oos,train,0.0,0.0,26.17,26.17,35.68774667,11.776956401100001,23.910790268899998,0.95401,1.00401,0.8032080000000001
2021-01-14 18:00:00,2021-01-14,18,oos,train,0.0,0.0,25.09,25.09,61.41515556,20.267001334800003,41.148154225199995,0.90568,0.9556800000000001,0.7645440000000001
2021-01-14 19:00:00,2021-01-14,19,oos,train,0.0,0.0,14.39,14.39,67.08902222,22.139377332600002,44.9496448874,0.77019,0.8201900000000001,0.6561520000000001
2021-01-14 20:00:00,2021-01-14,20,oos,train,0.0,0.0,22.26,22.26,42.98977778,14.1866266674,28.803151112599995,0.60589,0.6558900000000001,0.5247120000000001
2021-01-14 21:00:00,2021-01-14,21,oos,train,0.0,0.0,19.88,19.88,34.03258889,11.2307543337,22.801834556299998,0.48774,0.53774,0.430192
2021-01-14 22:00:00,2021-01-14,22,oos,train,0.0,0.0,27.13,27.13,32.07887778,10.5860296674,21.492848112599997,0.4358,0.4858,0.38864000000000004
2021-01-14 23:00:00,2021-01-14,23,oos,train,0.0,0.0,24.61,24.61,31.03674889,10.2421271337,20.794621756299996,0.47079,0.52079,0.416632
2021-01-15 00:00:00,2021-01-15,0,oos,train,0.0,0.0,25.47,25.47,32.49379333,10.7229517989,21.7708415311,0.47223,0.52223,0.417784
2021-01-15 01:00:00,2021-01-15,1,oos,train,0.0,0.0,20.07,20.07,32.37070222,10.6823317326,21.688370487399997,0.47007,0.52007,0.41605600000000004
2021-01-15 02:00:00,2021-01-15,2,oos,train,0.0,0.0,27.12,27.12,32.50842,10.7277786,21.780641399999997,0.46738,0.5173800000000001,0.41390400000000005
2021-01-15 03:00:00,2021-01-15,3,oos,train,0.0,0.0,26.28,26.28,30.00342222,9.9011293326,20.102292887399997,0.46872,0.5187200000000001,0.41497600000000007
2021-01-15 04:00:00,2021-01-15,4,oos,train,0.0,0.0,26.58,26.58,29.42701111,9.7109136663,19.716097443699997,0.46769,0.51769,0.414152
2021-01-15 05:00:00,2021-01-15,5,oos,train,0.0,0.0,16.71,16.71,30.88892667,10.193345801100001,20.6955808689,0.42549,0.47548999999999997,0.380392
2021-01-15 06:00:00,2021-01-15,6,oos,train,0.0,0.0,10.78,10.78,30.70753556,10.1334867348,20.5740488252,0.46687,0.51687,0.4134960000000001
2021-01-15 07:00:00,2021-01-15,7,oos,train,0.0,0.0,21.55,21.55,34.59882667,11.4176128011,23.1812138689,0.46893,0.51893,0.415144
2021-01-15 08:00:00,2021-01-15,8,oos,train,0.0009091,0.0009091,16.17,16.17,38.46920889,12.6948389337,25.774369956299996,0.468,0.518,0.41440000000000005
2021-01-15 09:00:00,2021-01-15,9,oos,train,1.9463333,1.9463333,20.27,20.27,35.42528667,11.6903446011,23.734942068899997,0.46614,0.51614,0.41291200000000006
2021-01-15 10:00:00,2021-01-15,10,oos,train,0.988,0.988,33.15,33.15,36.81386222,12.1485745326,24.665287687399996,0.46532,0.51532,0.412256
2021-01-15 11:00:00,2021-01-15,11,oos,train,1.241,1.241,38.03,38.03,35.91673111,11.8525212663,24.0642098437,0.43757,0.48757,0.390056
2021-01-15 12:00:00,2021-01-15,12,oos,train,0.6600833,0.6600833,2.3,2.3,35.06030889,11.5699019337,23.4904069563,0.43478,0.48478,0.387824
2021-01-15 13:00:00,2021-01-15,13,oos,train,0.0493333,0.0493333,-0.61,0.0,35.26514,11.637496200000001,23.627643799999998,0.43251,0.48251,0.386008
2021-01-15 14:00:00,2021-01-15,14,oos,train,0.0,0.0,-0.64,0.0,37.43872,12.354777600000002,25.083942399999998,0.43241,0.48241,0.38592800000000005
2021-01-15 15:00:00,2021-01-15,15,oos,train,0.0,0.0,-0.61,0.0,44.53012889,14.6949425337,29.835186356299996,0.42921,0.47920999999999997,0.383368
2021-01-15 16:00:00,2021-01-15,16,oos,train,0.0,0.0,-0.63,0.0,49.01452889,16.174794533700002,32.8397343563,0.42622,0.47622,0.380976
2021-01-15 17:00:00,2021-01-15,17,oos,train,0.0,0.0,10.21,10.21,31.54185778,10.4088130674,21.133044712599997,0.42333,0.47333,0.378664
2021-01-15 18:00:00,2021-01-15,18,oos,train,0.0,0.0,3.54,3.54,31.42428222,10.3700131326,21.054269087399998,0.41394,0.46393999999999996,0.371152
2021-01-15 19:00:00,2021-01-15,19,oos,train,0.0,0.0,3.86,3.86,58.55258222,19.3223521326,39.230230087399995,0.41105,0.46105,0.36884000000000006
2021-01-15 20:00:00,2021-01-15,20,oos,train,0.0,0.0,-0.52,0.0,39.33903111,12.981880266300001,26.357150843699998,0.40991,0.45991,0.36792800000000003
2021-01-15 21:00:00,2021-01-15,21,oos,train,0.0,0.0,-0.54,0.0,37.31831111,12.315042666300002,25.003268443699998,0.41146,0.46146,0.369168
2021-01-15 22:00:00,2021-01-15,22,oos,train,0.0,0.0,-0.54,0.0,36.09017111,11.909756466300001,24.180414643699997,0.4096,0.4596,0.36768
2021-01-15 23:00:00,2021-01-15,23,oos,train,0.0,0.0,-0.55,0.0,32.01553556,10.5651267348,21.450408825199997,0.4041499999999999,0.4541499999999999,0.3633199999999999
2021-01-16 00:00:00,2021-01-16,0,oos,train,0.0,0.0,-0.55,0.0,29.28906889,9.665392733700001,19.623676156299997,0.40725,0.45725,0.3658
2021-01-16 01:00:00,2021-01-16,1,oos,train,0.0,0.0,-0.54,0.0,32.23404889,10.6372361337,21.596812756299997,0.40797,0.45797,0.36637600000000003
2021-01-16 02:00:00,2021-01-16,2,oos,train,0.0,0.0,-0.52,0.0,30.73725333,10.143293598900001,20.5939597311,0.409,0.45899999999999996,0.36719999999999997
2021-01-16 03:00:00,2021-01-16,3,oos,train,0.0,0.0,-0.56,0.0,30.50677778,10.067236667400001,20.439541112599997,0.41034,0.46033999999999997,0.368272
2021-01-16 04:00:00,2021-01-16,4,oos,train,0.0,0.0,-0.48,0.0,29.84049556,9.847363534800001,19.993132025199998,0.4092099999999999,0.4592099999999999,0.3673679999999999
2021-01-16 05:00:00,2021-01-16,5,oos,train,0.0,0.0,-0.53,0.0,28.98178667,9.563989601100001,19.4177970689,0.40405,0.45405,0.36324
2021-01-16 06:00:00,2021-01-16,6,oos,train,0.0,0.0,-0.48,0.0,27.655520000000003,9.1263216,18.5291984,0.40291,0.45291,0.362328
2021-01-16 07:00:00,2021-01-16,7,oos,train,0.0,0.0,6.74,6.74,32.74437556,10.8056439348,21.9387316252,0.40828,0.45827999999999997,0.366624
2021-01-16 08:00:00,2021-01-16,8,oos,train,0.00175,0.00175,5.81,5.81,32.85282444,10.8414320652,22.011392374799996,0.41045,0.46044999999999997,0.36836
2021-01-16 09:00:00,2021-01-16,9,oos,train,6.6829167,6.6829167,13.67,13.67,42.43869333,14.0047687989,28.433924531099997,0.4218,0.4718,0.37744
2021-01-16 10:00:00,2021-01-16,10,oos,train,20.210084,20.210084,1.98,1.98,32.28410222,10.6537537326,21.6303484874,0.42985,0.47985,0.38388
2021-01-16 11:00:00,2021-01-16,11,oos,train,29.836417,29.836417,4.17,4.17,27.22526222,8.9843365326,18.240925687399997,0.42046,0.47046,0.37636800000000004
2021-01-16 12:00:00,2021-01-16,12,oos,train,26.442167,26.442167,-0.5,0.0,28.99568889,9.5685773337,19.427111556299998,0.4155,0.46549999999999997,0.3724
2021-01-16 13:00:00,2021-01-16,13,oos,train,13.7848335,13.7848335,-0.51,0.0,30.27048889,9.9892613337,20.281227556299996,0.41654,0.46654,0.373232
2021-01-16 14:00:00,2021-01-16,14,oos,train,0.0901364,0.0901364,-0.53,0.0,30.01585556,9.9052323348,20.110623225199998,0.42128,0.47128,0.377024
2021-01-16 15:00:00,2021-01-16,15,oos,train,0.0,0.0,-0.54,0.0,29.78659556,9.8295765348,19.957019025199997,0.43955,0.48955,0.39164
2021-01-16 16:00:00,2021-01-16,16,oos,train,0.0,0.0,-0.56,0.0,60.78113778,20.057775467400003,40.723362312599996,0.45008,0.50008,0.400064
2021-01-16 17:00:00,2021-01-16,17,oos,train,0.0,0.0,-0.6,0.0,49.39501778,16.3003558674,33.094661912599996,0.45472,0.5047200000000001,0.4037760000000001
2021-01-16 18:00:00,2021-01-16,18,oos,train,0.0,0.0,-0.61,0.0,36.07431333,11.904523398900002,24.1697899311,0.44038,0.49038,0.392304
2021-01-16 19:00:00,2021-01-16,19,oos,train,0.0,0.0,-0.2,0.0,34.92483111,11.5251942663,23.399636843699998,0.42025,0.47025,0.37620000000000003
2021-01-16 20:00:00,2021-01-16,20,oos,train,0.0,0.0,1.44,1.44,29.57554444,9.759929665200001,19.8156147748,0.44977,0.49977,0.399816
2021-01-16 21:00:00,2021-01-16,21,oos,train,0.0,0.0,-0.6,0.0,25.28531333,8.344153398900001,16.9411599311,0.45214,0.50214,0.40171200000000007
2021-01-16 22:00:00,2021-01-16,22,oos,train,0.0,0.0,-0.62,0.0,25.24569333,8.3310787989,16.9146145311,0.4464599999999999,0.4964599999999999,0.39716799999999997
2021-01-16 23:00:00,2021-01-16,23,oos,train,0.0,0.0,-0.6,0.0,25.27602444,8.341088065200001,16.9349363748,0.40929,0.45929,0.367432
2021-01-17 00:00:00,2021-01-17,0,oos,train,0.0,0.0,3.4,3.4,28.87990444,9.5303684652,19.3495359748,0.4007799999999999,0.4507799999999999,0.36062399999999994
2021-01-17 01:00:00,2021-01-17,1,oos,train,0.0,0.0,-0.56,0.0,27.27109333,8.9994607989,18.271632531099996,0.39756,0.44756,0.35804800000000003
2021-01-17 02:00:00,2021-01-17,2,oos,train,0.0,0.0,-0.59,0.0,27.58094667,9.1017124011,18.479234268899997,0.40493,0.45493,0.36394400000000005
2021-01-17 03:00:00,2021-01-17,3,oos,train,0.0,0.0,5.06,5.06,29.47789333,9.727704798900001,19.750188531099997,0.41179,0.46179,0.369432
2021-01-17 04:00:00,2021-01-17,4,oos,train,0.0,0.0,-0.66,0.0,27.67318667,9.1321516011,18.541035068899998,0.4225899999999999,0.4725899999999999,0.37807199999999996
2021-01-17 05:00:00,2021-01-17,5,oos,train,0.0,0.0,-0.59,0.0,26.92690889,8.8858799337,18.041028956299996,0.41064,0.46064,0.368512
2021-01-17 06:00:00,2021-01-17,6,oos,train,0.0,0.0,-0.63,0.0,24.59854222,8.1175189326,16.481023287399996,0.39455,0.44455,0.35564
2021-01-17 07:00:00,2021-01-17,7,oos,train,0.0,0.0,-0.58,0.0,29.66099556,9.7881285348,19.872867025199998,0.40722,0.45722,0.36577600000000005
2021-01-17 08:00:00,2021-01-17,8,oos,train,0.0774166999999999,0.0774166999999999,-0.58,0.0,41.48100444,13.6887314652,27.792272974799996,0.4175,0.46749999999999997,0.374
2021-01-17 09:00:00,2021-01-17,9,oos,train,5.1513334,5.1513334,-0.6,0.0,35.13002889,11.5929095337,23.537119356299996,0.4527,0.5027,0.4021600000000001
2021-01-17 10:00:00,2021-01-17,10,oos,train,20.0645,20.0645,-0.65,0.0,32.18053556,10.6195767348,21.5609588252,0.45229,0.50229,0.401832
2021-01-17 11:00:00,2021-01-17,11,oos,train,25.5394165,25.5394165,-0.6,0.0,27.18363778,8.9706004674,18.213037312599997,0.45198,0.50198,0.401584
2021-01-17 12:00:00,2021-01-17,12,oos,train,3.9116666,3.9116666,-0.63,0.0,26.4573,8.730909,17.726391,0.45343,0.50343,0.40274400000000005
2021-01-17 13:00:00,2021-01-17,13,oos,train,1.59825,1.59825,-0.6,0.0,33.32681778,10.9978498674,22.328967912599996,0.45862,0.5086200000000001,0.4068960000000001
2021-01-17 14:00:00,2021-01-17,14,oos,train,0.1106667,0.1106667,-0.64,0.0,28.19636667,9.3048010011,18.891565668899997,0.46018,0.51018,0.408144
2021-01-17 15:00:00,2021-01-17,15,oos,train,0.0,0.0,0.31,0.31,30.46023556,10.051877734800001,20.4083578252,0.47763,0.52763,0.42210400000000003
2021-01-17 16:00:00,2021-01-17,16,oos,train,0.0,0.0,-0.59,0.0,27.31141333,9.0127663989,18.2986469311,0.49425,0.54425,0.4354
2021-01-17 17:00:00,2021-01-17,17,oos,train,0.0,0.0,-0.62,0.0,28.25052222,9.3226723326,18.927849887399997,0.4715,0.5215,0.4172
2021-01-17 18:00:00,2021-01-17,18,oos,train,0.0,0.0,-0.35,0.0,25.86027778,8.5338916674,17.326386112599998,0.46672,0.5167200000000001,0.4133760000000001
2021-01-17 19:00:00,2021-01-17,19,oos,train,0.0,0.0,-0.57,0.0,56.37721333,18.604480398899998,37.772732931099995,0.46184,0.51184,0.409472
2021-01-17 20:00:00,2021-01-17,20,oos,train,0.0,0.0,0.89,0.89,41.47182222,13.6857013326,27.786120887399996,0.46579,0.51579,0.412632
2021-01-17 21:00:00,2021-01-17,21,oos,train,0.0,0.0,0.29,0.29,30.26057778,9.9859906674,20.274587112599995,0.49342,0.54342,0.434736
2021-01-17 22:00:00,2021-01-17,22,oos,train,0.0,0.0,-0.59,0.0,29.354440000000004,9.686965200000001,19.6674748,0.46662,0.51662,0.413296
2021-01-17 23:00:00,2021-01-17,23,oos,train,0.0,0.0,-0.52,0.0,25.95827556,8.5662309348,17.392044625199997,0.4553999999999999,0.5054,0.40432
2021-01-18 00:00:00,2021-01-18,0,oos,train,0.0,0.0,-0.54,0.0,24.72475778,8.1591700674,16.5655877126,0.4608,0.5108,0.40864000000000006
2021-01-18 01:00:00,2021-01-18,1,oos,train,0.0,0.0,-0.51,0.0,28.45599556,9.390478534800001,19.0655170252,0.45831,0.50831,0.40664800000000006
2021-01-18 02:00:00,2021-01-18,2,oos,train,0.0,0.0,-0.51,0.0,27.34643778,9.0243244674,18.322113312599996,0.46184,0.51184,0.409472
2021-01-18 03:00:00,2021-01-18,3,oos,train,0.0,0.0,-0.51,0.0,27.35679556,9.0277425348,18.329053025199997,0.46558,0.51558,0.41246400000000005
2021-01-18 04:00:00,2021-01-18,4,oos,train,0.0,0.0,-0.55,0.0,24.88036889,8.2105217337,16.669847156299998,0.4820899999999999,0.53209,0.425672
2021-01-18 05:00:00,2021-01-18,5,oos,train,0.0,0.0,-0.56,0.0,28.1224,9.280392,18.842007999999996,0.49071,0.54071,0.43256800000000006
2021-01-18 06:00:00,2021-01-18,6,oos,train,0.0,0.0,-0.57,0.0,24.48879556,8.0813025348,16.407493025199997,0.54462,0.59462,0.47569600000000006
2021-01-18 07:00:00,2021-01-18,7,oos,train,0.0,0.0,-0.54,0.0,30.90475556,10.1985693348,20.7061862252,0.6723600000000001,0.7223600000000001,0.5778880000000001
2021-01-18 08:00:00,2021-01-18,8,oos,train,0.1864167,0.1864167,5.43,5.43,33.22663111,10.964788266300001,22.2618428437,0.63424,0.6842400000000001,0.5473920000000001
2021-01-18 09:00:00,2021-01-18,9,oos,train,6.069833300000001,6.069833300000001,3.31,3.31,28.89398444,9.5350148652,19.3589695748,0.62209,0.6720900000000001,0.537672
2021-01-18 10:00:00,2021-01-18,10,oos,train,21.049667,21.049667,-0.52,0.0,24.47320444,8.0761574652,16.3970469748,0.60319,0.65319,0.522552
2021-01-18 11:00:00,2021-01-18,11,oos,train,23.1735,23.1735,-0.43,0.0,23.73134,7.8313422,15.899997799999998,0.5828300000000001,0.6328300000000001,0.5062640000000002
2021-01-18 12:00:00,2021-01-18,12,oos,train,23.965417,23.965417,6.95,6.95,26.10268,8.6138844,17.488795599999996,0.51979,0.56979,0.455832
2021-01-18 13:00:00,2021-01-18,13,oos,train,16.4804165,16.4804165,-0.41,0.0,32.63977778,10.7711266674,21.8686511126,0.4688,0.5188,0.4150400000000001
2021-01-18 14:00:00,2021-01-18,14,oos,train,0.39625,0.39625,-0.49,0.0,31.4293,10.371669,21.057630999999997,0.48448,0.5344800000000001,0.4275840000000001
2021-01-18 15:00:00,2021-01-18,15,oos,train,0.0,0.0,-0.54,0.0,32.52332222,10.7326963326,21.790625887399997,0.5091,0.5591,0.44728000000000007
2021-01-18 16:00:00,2021-01-18,16,oos,train,0.0,0.0,-0.54,0.0,33.46362222,11.0429953326,22.420626887399997,0.47161,0.52161,0.41728800000000005
2021-01-18 17:00:00,2021-01-18,17,oos,train,0.0,0.0,-0.54,0.0,26.10857111,8.6158284663,17.492742643699998,0.46029,0.51029,0.40823200000000004
2021-01-18 18:00:00,2021-01-18,18,oos,train,0.0,0.0,-0.63,0.0,44.46965778,14.6749870674,29.794670712599995,0.49466,0.54466,0.43572800000000006
2021-01-18 19:00:00,2021-01-18,19,oos,train,0.0,0.0,-0.62,0.0,68.88248444,22.7312198652,46.151264574799995,0.48781,0.53781,0.430248
2021-01-18 20:00:00,2021-01-18,20,oos,train,0.0,0.0,-0.56,0.0,40.88305333,13.491407598900002,27.3916457311,0.47389,0.52389,0.419112
2021-01-18 21:00:00,2021-01-18,21,oos,train,0.0,0.0,0.31,0.31,35.95261778,11.8643638674,24.088253912599995,0.44606,0.49606,0.39684800000000003
2021-01-18 22:00:00,2021-01-18,22,oos,train,0.0,0.0,-0.69,0.0,28.69634444,9.469793665200001,19.2265507748,0.39288,0.44288,0.354304
2021-01-18 23:00:00,2021-01-18,23,oos,train,0.0,0.0,-0.56,0.0,28.84126889,9.517618733699999,19.323650156299998,0.3818999999999999,0.4318999999999999,0.34551999999999994
2021-01-19 00:00:00,2021-01-19,0,oos,train,0.0,0.0,-0.6,0.0,27.21862,8.982144600000002,18.2364754,0.37348,0.42347999999999997,0.338784
2021-01-19 01:00:00,2021-01-19,1,oos,train,0.0,0.0,-0.55,0.0,28.65192889,9.455136533700001,19.196792356299998,0.36101,0.41101,0.328808
2021-01-19 02:00:00,2021-01-19,2,oos,train,0.0,0.0,-0.55,0.0,30.57104222,10.0884439326,20.4825982874,0.37369,0.42369,0.33895200000000003
2021-01-19 03:00:00,2021-01-19,3,oos,train,0.0,0.0,-0.57,0.0,29.21667111,9.641501466300001,19.575169643699997,0.38138,0.43138,0.345104
2021-01-19 04:00:00,2021-01-19,4,oos,train,0.0,0.0,-0.59,0.0,25.68899111,8.477367066300001,17.2116240437,0.39635,0.44634999999999997,0.35708
2021-01-19 05:00:00,2021-01-19,5,oos,train,0.0,0.0,-0.55,0.0,25.30025333,8.3490835989,16.9511697311,0.43012,0.48012,0.384096
2021-01-19 06:00:00,2021-01-19,6,oos,train,0.0,0.0,-0.57,0.0,25.82119778,8.5209952674,17.3002025126,0.4562,0.5062,0.40496
2021-01-19 07:00:00,2021-01-19,7,oos,train,0.0,0.0,-0.58,0.0,29.65265333,9.7853755989,19.867277731099996,0.57311,0.62311,0.49848800000000004
2021-01-19 08:00:00,2021-01-19,8,oos,train,0.1990832999999999,0.1990832999999999,-0.57,0.0,36.65201111,12.0951636663,24.556847443699994,0.56636,0.61636,0.493088
2021-01-19 09:00:00,2021-01-19,9,oos,train,5.6759167,5.6759167,-0.53,0.0,39.57335556,13.059207334800002,26.5141482252,0.52022,0.5702200000000001,0.4561760000000001
2021-01-19 10:00:00,2021-01-19,10,oos,train,17.983083,17.983083,-0.56,0.0,30.87184,10.1877072,20.684132799999997,0.46275,0.51275,0.41020000000000006
2021-01-19 11:00:00,2021-01-19,11,oos,train,4.04225,4.04225,-0.54,0.0,26.48901778,8.7413758674,17.7476419126,0.4403,0.4903,0.39224000000000003
2021-01-19 12:00:00,2021-01-19,12,oos,train,2.9360833,2.9360833,-0.54,0.0,27.44729333,9.0576067989,18.389686531099997,0.4482,0.4982,0.39856
2021-01-19 13:00:00,2021-01-19,13,oos,train,1.2418333,1.2418333,-0.45,0.0,30.42091111,10.0389006663,20.382010443699997,0.42867,0.47867,0.382936
2021-01-19 14:00:00,2021-01-19,14,oos,train,0.0876666,0.0876666,-0.58,0.0,38.61769778,12.743840267400001,25.873857512599997,0.51222,0.56222,0.44977600000000006
2021-01-19 15:00:00,2021-01-19,15,oos,train,0.0,0.0,1.25,1.25,31.48085333,10.3886815989,21.092171731099995,0.4500699999999999,0.5000699999999999,0.40005599999999997
2021-01-19 16:00:00,2021-01-19,16,oos,train,0.0,0.0,30.87,30.87,34.12994667,11.2628824011,22.8670642689,0.4160899999999999,0.4660899999999999,0.3728719999999999
2021-01-19 17:00:00,2021-01-19,17,oos,train,0.0,0.0,18.93,18.93,44.01342667,14.524430801100001,29.4889958689,0.3997799999999999,0.4497799999999999,0.3598239999999999
2021-01-19 18:00:00,2021-01-19,18,oos,train,0.0,0.0,30.19,30.19,50.24549333,16.5810127989,33.6644805311,0.39468,0.44467999999999996,0.355744
2021-01-19 19:00:00,2021-01-19,19,oos,train,0.0,0.0,15.26,15.26,34.12017333,11.259657198900001,22.8605161311,0.38512,0.43512,0.348096
2021-01-19 20:00:00,2021-01-19,20,oos,train,0.0,0.0,20.57,20.57,34.69002222,11.447707332600002,23.2423148874,0.39354,0.44354,0.35483200000000004
2021-01-19 21:00:00,2021-01-19,21,oos,train,0.0,0.0,39.6,39.6,31.65108444,10.444857865200001,21.2062265748,0.38097,0.43096999999999996,0.34477599999999997
2021-01-19 22:00:00,2021-01-19,22,oos,train,0.0,0.0,30.69,30.69,27.163840000000004,8.964067200000002,18.1997728,0.32454,0.37454,0.299632
2021-01-19 23:00:00,2021-01-19,23,oos,train,0.0,0.0,11.53,11.53,25.64919111,8.4642330663,17.1849580437,0.31381,0.36380999999999997,0.291048
2021-01-20 00:00:00,2021-01-20,0,oos,train,0.0,0.0,0.74,0.74,23.75686,7.8397638,15.917096199999998,0.29384,0.34384,0.275072
2021-01-20 01:00:00,2021-01-20,1,oos,train,0.0,0.0,3.29,3.29,27.89016889,9.203755733700001,18.6864131563,0.2821499999999999,0.3321499999999999,0.2657199999999999
2021-01-20 02:00:00,2021-01-20,2,oos,train,0.0,0.0,16.16,16.16,26.60410667,8.779355201100001,17.824751468899997,0.27698,0.32698,0.261584
2021-01-20 03:00:00,2021-01-20,3,oos,train,0.0,0.0,34.4,34.4,28.05155111,9.2570118663,18.794539243699997,0.2985,0.3485,0.2788
2021-01-20 04:00:00,2021-01-20,4,oos,train,0.0,0.0,39.07,39.07,26.98593333,8.905357998900001,18.0805753311,0.33016,0.38016,0.304128
2021-01-20 05:00:00,2021-01-20,5,oos,train,0.0,0.0,37.17,37.17,25.08272444,8.277299065200001,16.8054253748,0.36937,0.41936999999999997,0.335496
2021-01-20 06:00:00,2021-01-20,6,oos,train,0.0,0.0,24.97,24.97,22.96968889,7.579997333700001,15.389691556299999,0.38799,0.43799,0.35039200000000004
2021-01-20 07:00:00,2021-01-20,7,oos,train,0.0,0.0,7.72,7.72,25.74769778,8.4967402674,17.2509575126,0.41841,0.46841,0.374728
2021-01-20 08:00:00,2021-01-20,8,oos,train,0.0185,0.0185,21.7,21.7,33.59123111,11.085106266300002,22.5061248437,0.40248,0.45248,0.36198400000000003
2021-01-20 09:00:00,2021-01-20,9,oos,train,1.897,1.897,12.74,12.74,33.75777778,11.1400666674,22.617711112599995,0.39327,0.44327,0.35461600000000004
2021-01-20 10:00:00,2021-01-20,10,oos,train,5.0939166,5.0939166,0.08,0.08,29.76540444,9.822583465200001,19.9428209748,0.39265,0.44265,0.35412
2021-01-20 11:00:00,2021-01-20,11,oos,train,2.4232500000000003,2.4232500000000003,0.21,0.21,30.36528444,10.0205438652,20.3447405748,0.3923399999999999,0.4423399999999999,0.35387199999999996
2021-01-20 12:00:00,2021-01-20,12,oos,train,2.6503333,2.6503333,13.64,13.64,29.03507333,9.5815741989,19.4534991311,0.38117,0.43117,0.344936
2021-01-20 13:00:00,2021-01-20,13,oos,train,0.9634166,0.9634166,26.73,26.73,33.66839556,11.1105705348,22.5578250252,0.38075,0.43074999999999997,0.3446
2021-01-20 14:00:00,2021-01-20,14,oos,train,0.0164167,0.0164167,40.99,40.99,44.88563111,14.8122582663,30.073372843699996,0.38623,0.43623,0.348984
2021-01-20 15:00:00,2021-01-20,15,oos,train,0.0,0.0,79.45,79.45,27.34693556,9.0244887348,18.322446825199997,0.38199,0.43199,0.345592
2021-01-20 16:00:00,2021-01-20,16,oos,train,0.0,0.0,127.57,127.57,25.00912889,8.2530125337,16.756116356299998,0.3761,0.4261,0.34088
2021-01-20 17:00:00,2021-01-20,17,oos,train,0.0,0.0,133.95,133.95,28.83621778,9.5159518674,19.320265912599996,0.37651,0.42651,0.341208
2021-01-20 18:00:00,2021-01-20,18,oos,train,0.0,0.0,170.14,170.14,55.11016,18.1863528,36.9238072,0.3680299999999999,0.4180299999999999,0.33442399999999994
2021-01-20 19:00:00,2021-01-20,19,oos,train,0.0,0.0,59.49,59.49,59.18376,19.5306408,39.65311919999999,0.36761,0.41761,0.334088
2021-01-20 20:00:00,2021-01-20,20,oos,train,0.0,0.0,4.65,4.65,31.10080222,10.2632647326,20.837537487399995,0.33305,0.38305,0.30644000000000005
2021-01-20 21:00:00,2021-01-20,21,oos,train,0.0,0.0,-0.0,0.0,21.04338889,6.9443183337,14.099070556299997,0.30512,0.35512,0.284096
2021-01-20 22:00:00,2021-01-20,22,oos,train,0.0,0.0,-0.0,0.0,23.63738444,7.800336865200001,15.8370475748,0.26177,0.31177,0.249416
2021-01-20 23:00:00,2021-01-20,23,oos,train,0.0,0.0,-0.05,0.0,20.51566222,6.7701685326000005,13.745493687399998,0.2566,0.3066,0.24528
2021-01-21 00:00:00,2021-01-21,0,oos,train,0.0,0.0,-0.19,0.0,20.34891778,6.715142867400001,13.6337749126,0.22191,0.27191,0.217528
2021-01-21 01:00:00,2021-01-21,1,oos,train,0.0,0.0,-0.2,0.0,26.22544222,8.654395932600002,17.571046287399998,0.2153,0.2653,0.21223999999999998
2021-01-21 02:00:00,2021-01-21,2,oos,train,0.0,0.0,-0.18,0.0,24.77955556,8.1772533348,16.6023022252,0.20621,0.25621,0.204968
2021-01-21 03:00:00,2021-01-21,3,oos,train,0.0,0.0,-0.19,0.0,23.39269111,7.719588066300001,15.6731030437,0.22211,0.27211,0.21768800000000002
2021-01-21 04:00:00,2021-01-21,4,oos,train,0.0,0.0,-0.2,0.0,23.48662667,7.7505868011,15.736039868899999,0.25381,0.30380999999999997,0.243048
2021-01-21 05:00:00,2021-01-21,5,oos,train,0.0,0.0,-0.24,0.0,21.76147778,7.1812876674,14.580190112599999,0.28366,0.33366,0.266928
2021-01-21 06:00:00,2021-01-21,6,oos,train,0.0,0.0,-0.22,0.0,24.66839778,8.1405712674,16.527826512599997,0.30606,0.35606,0.284848
2021-01-21 07:00:00,2021-01-21,7,oos,train,0.0,0.0,-0.24,0.0,28.47603333,9.3970909989,19.0789423311,0.30513,0.35513,0.284104
2021-01-21 08:00:00,2021-01-21,8,oos,train,0.0,0.0,-0.24,0.0,29.38110667,9.6957652011,19.6853414689,0.30699,0.35699,0.285592
2021-01-21 09:00:00,2021-01-21,9,oos,train,0.4238332999999999,0.4238332999999999,-0.15,0.0,32.27609333,10.651110798900001,21.6249825311,0.3050299999999999,0.3550299999999999,0.28402399999999994
2021-01-21 10:00:00,2021-01-21,10,oos,train,0.8788332999999999,0.8788332999999999,-0.2,0.0,30.92239556,10.2043905348,20.718005025199997,0.30441,0.35441,0.283528
2021-01-21 11:00:00,2021-01-21,11,oos,train,2.10725,2.10725,28.53,28.53,27.41502,9.0469566,18.368063399999997,0.30173,0.35173,0.281384
2021-01-21 12:00:00,2021-01-21,12,oos,train,1.0407499,1.0407499,23.38,23.38,34.97607111,11.5421034663,23.433967643699997,0.30131,0.35131,0.281048
2021-01-21 13:00:00,2021-01-21,13,oos,train,0.1052727,0.1052727,28.29,28.29,26.98550889,8.9052179337,18.080290956299997,0.29935,0.34935,0.27948
2021-01-21 14:00:00,2021-01-21,14,oos,train,0.0,0.0,29.98,29.98,24.83975556,8.1971193348,16.642636225199997,0.29563,0.34563,0.276504
2021-01-21 15:00:00,2021-01-21,15,oos,train,0.0,0.0,34.59,34.59,26.66072222,8.798038332600001,17.8626838874,0.2946999999999999,0.3446999999999999,0.27575999999999995
2021-01-21 16:00:00,2021-01-21,16,oos,train,0.0,0.0,24.2,24.2,26.94096,8.8905168,18.0504432,0.28913,0.33913,0.271304
2021-01-21 17:00:00,2021-01-21,17,oos,train,0.0,0.0,33.76,33.76,24.74748889,8.1666713337,16.580817556299998,0.2914,0.3414,0.27312
2021-01-21 18:00:00,2021-01-21,18,oos,train,0.0,0.0,16.41,16.41,25.91792444,8.5529150652,17.3650093748,0.29161,0.34160999999999997,0.273288
2021-01-21 19:00:00,2021-01-21,19,oos,train,0.0,0.0,0.81,0.81,44.75622667,14.7695548011,29.986671868899993,0.29099,0.34099,0.27279200000000003
2021-01-21 20:00:00,2021-01-21,20,oos,train,0.0,0.0,29.37,29.37,45.69109333,15.078060798900001,30.613032531099996,0.29377,0.34376999999999996,0.275016
2021-01-21 21:00:00,2021-01-21,21,oos,train,0.0,0.0,42.6,42.6,28.24839111,9.321969066300001,18.926422043699997,0.28324,0.33324,0.266592
2021-01-21 22:00:00,2021-01-21,22,oos,train,0.0,0.0,43.25,43.25,26.73944444,8.8240166652,17.915427774799998,0.24875,0.29875,0.23900000000000002
2021-01-21 23:00:00,2021-01-21,23,oos,train,0.0,0.0,4.68,4.68,25.52002444,8.421608065200001,17.0984163748,0.22052,0.27052,0.216416
2021-01-22 00:00:00,2021-01-22,0,oos,train,0.0,0.0,15.51,15.51,21.65091556,7.144802134800001,14.506113425199999,0.21683,0.26683,0.21346400000000001
2021-01-22 01:00:00,2021-01-22,1,oos,train,0.0,0.0,32.06,32.06,25.2745,8.340585,16.933915,0.20219,0.25219,0.20175200000000004
2021-01-22 02:00:00,2021-01-22,2,oos,train,0.0,0.0,8.07,8.07,21.84972444,7.2104090652,14.639315374799997,0.20229,0.25229,0.201832
2021-01-22 03:00:00,2021-01-22,3,oos,train,0.0,0.0,17.66,17.66,21.00306667,6.9310120011,14.072054668899998,0.20782,0.25782,0.206256
2021-01-22 04:00:00,2021-01-22,4,oos,train,0.0,0.0,28.8,28.8,19.07257778,6.2939506674,12.778627112599999,0.2758299999999999,0.3258299999999999,0.26066399999999995
2021-01-22 05:00:00,2021-01-22,5,oos,train,0.0,0.0,22.62,22.62,20.64422222,6.8125933326000006,13.831628887399999,0.28454,0.33454,0.26763200000000004
2021-01-22 06:00:00,2021-01-22,6,oos,train,0.0,0.0,43.04,43.04,19.62155111,6.4751118663,13.146439243699998,0.28597,0.33597,0.268776
2021-01-22 07:00:00,2021-01-22,7,oos,train,0.0,0.0,15.32,15.32,24.38741111,8.0478456663,16.339565443699996,0.2865899999999999,0.3365899999999999,0.2692719999999999
2021-01-22 08:00:00,2021-01-22,8,oos,train,0.21525,0.21525,35.9,35.9,27.01615111,8.9153298663,18.100821243699997,0.28884,0.33884,0.271072
2021-01-22 09:00:00,2021-01-22,9,oos,train,5.8494999000000005,5.8494999000000005,45.75,45.75,26.18141111,8.6398656663,17.5415454437,0.29201,0.34201,0.273608
2021-01-22 10:00:00,2021-01-22,10,oos,train,2.7241667,2.7241667,43.67,43.67,21.84706222,7.2095305326000005,14.6375316874,0.29713,0.34713,0.277704
2021-01-22 11:00:00,2021-01-22,11,oos,train,2.2744167,2.2744167,59.91,59.91,22.29244889,7.3565081337,14.935940756299997,0.29734,0.34734,0.277872
2021-01-22 12:00:00,2021-01-22,12,oos,train,1.4005833,1.4005833,150.6,150.6,21.18598889,6.991376333700001,14.1946125563,0.30031,0.35031,0.280248
2021-01-22 13:00:00,2021-01-22,13,oos,train,0.7285833,0.7285833,154.22,154.22,22.90265333,7.5578755989,15.344777731099999,0.30277,0.35277,0.28221599999999997
2021-01-22 14:00:00,2021-01-22,14,oos,train,0.1157499999999999,0.1157499999999999,47.45,47.45,25.12434,8.2910322,16.8333078,0.30287,0.35286999999999996,0.282296
2021-01-22 15:00:00,2021-01-22,15,oos,train,0.0,0.0,52.61,52.61,26.09578667,8.6116096011,17.484177068899996,0.30021,0.35020999999999997,0.280168
2021-01-22 16:00:00,2021-01-22,16,oos,train,0.0,0.0,15.13,15.13,20.85197111,6.8811504663,13.9708206437,0.29355,0.34354999999999997,0.27484
2021-01-22 17:00:00,2021-01-22,17,oos,train,0.0,0.0,28.88,28.88,19.75277556,6.5184159348,13.234359625199998,0.2872,0.3372,0.26976
2021-01-22 18:00:00,2021-01-22,18,oos,train,0.0,0.0,20.53,20.53,29.56275556,9.7557093348,19.807046225199997,0.2885299999999999,0.3385299999999999,0.2708239999999999
2021-01-22 19:00:00,2021-01-22,19,oos,train,0.0,0.0,9.41,9.41,45.47368444,15.006315865200001,30.467368574799995,0.28648,0.33648,0.26918400000000003
2021-01-22 20:00:00,2021-01-22,20,oos,train,0.0,0.0,6.89,6.89,28.44553333,9.3870259989,19.0585073311,0.28505,0.33505,0.26804
2021-01-22 21:00:00,2021-01-22,21,oos,train,0.0,0.0,4.56,4.56,21.46540889,7.0835849337,14.381823956299998,0.27419,0.32419,0.25935199999999997
2021-01-22 22:00:00,2021-01-22,22,oos,train,0.0,0.0,5.92,5.92,19.03263333,6.2807689989,12.751864331099998,0.26016,0.31016,0.24812800000000002
2021-01-22 23:00:00,2021-01-22,23,oos,train,0.0,0.0,19.34,19.34,21.14867556,6.979062934800001,14.1696126252,0.26707,0.31706999999999996,0.253656
2021-01-23 00:00:00,2021-01-23,0,oos,train,0.0,0.0,10.71,10.71,22.06412444,7.281161065200001,14.7829633748,0.25798,0.30798,0.246384
2021-01-23 01:00:00,2021-01-23,1,oos,train,0.0,0.0,14.54,14.54,21.78214,7.1881062,14.594033799999997,0.25767,0.30767,0.24613600000000002
2021-01-23 02:00:00,2021-01-23,2,oos,train,0.0,0.0,8.83,8.83,21.93790444,7.2395084652,14.698395974799999,0.26872,0.31872,0.25497600000000004
2021-01-23 03:00:00,2021-01-23,3,oos,train,0.0,0.0,12.46,12.46,20.33665778,6.7110970674,13.625560712599999,0.28102,0.33102,0.264816
2021-01-23 04:00:00,2021-01-23,4,oos,train,0.0,0.0,2.57,2.57,19.31678444,6.3745388652,12.942245574799998,0.31377,0.36377,0.291016
2021-01-23 05:00:00,2021-01-23,5,oos,train,0.0,0.0,-0.26,0.0,19.04833556,6.285950734800001,12.7623848252,0.31893,0.36893,0.295144
2021-01-23 06:00:00,2021-01-23,6,oos,train,0.0,0.0,-0.14,0.0,19.11257111,6.307148466300001,12.8054226437,0.34951,0.39951,0.319608
2021-01-23 07:00:00,2021-01-23,7,oos,train,0.0,0.0,-0.38,0.0,22.11592667,7.298255801100001,14.817670868899999,0.36677,0.41677,0.333416
2021-01-23 08:00:00,2021-01-23,8,oos,train,0.0,0.0,-0.37,0.0,34.05209333,11.2371907989,22.814902531099996,0.374,0.424,0.3392
2021-01-23 09:00:00,2021-01-23,9,oos,train,1.1695833,1.1695833,-0.45,0.0,36.93769333,12.189438798900001,24.7482545311,0.37607,0.42607,0.34085600000000005
2021-01-23 10:00:00,2021-01-23,10,oos,train,0.374,0.374,-0.37,0.0,27.74382667,9.1554628011,18.5883638689,0.36956,0.41956,0.335648
2021-01-23 11:00:00,2021-01-23,11,oos,train,0.1295833,0.1295833,-0.36,0.0,24.23082889,7.996173533700001,16.2346553563,0.37193,0.42192999999999997,0.337544
2021-01-23 12:00:00,2021-01-23,12,oos,train,0.0068333,0.0068333,-0.36,0.0,25.64080444,8.4614654652,17.179338974799997,0.36191,0.41191,0.32952800000000004
2021-01-23 13:00:00,2021-01-23,13,oos,train,0.0,0.0,-0.35,0.0,28.31935556,9.345387334800002,18.9739682252,0.35251,0.40251,0.322008
2021-01-23 14:00:00,2021-01-23,14,oos,train,0.0,0.0,-0.33,0.0,26.70222889,8.8117355337,17.8904933563,0.3616,0.41159999999999997,0.32928
2021-01-23 15:00:00,2021-01-23,15,oos,train,0.0,0.0,-0.33,0.0,30.64046444,10.1113532652,20.529111174799997,0.3715199999999999,0.4215199999999999,0.33721599999999996
2021-01-23 16:00:00,2021-01-23,16,oos,train,0.0,0.0,-0.35,0.0,31.51809111,10.400970066300001,21.1171210437,0.37245,0.42245,0.33796000000000004
2021-01-23 17:00:00,2021-01-23,17,oos,train,0.0,0.0,-0.37,0.0,27.01731556,8.9157141348,18.1016014252,0.35623,0.40623,0.324984
2021-01-23 18:00:00,2021-01-23,18,oos,train,0.0,0.0,-0.33,0.0,53.08920444,17.519437465200003,35.5697669748,0.36801,0.41801,0.33440800000000004
2021-01-23 19:00:00,2021-01-23,19,oos,train,0.0,0.0,-0.37,0.0,49.55614222,16.3535269326,33.20261528739999,0.37503,0.42502999999999996,0.340024
2021-01-23 20:00:00,2021-01-23,20,oos,train,0.0,0.0,-0.38,0.0,29.64163111,9.7817382663,19.859892843699996,0.37669,0.42669,0.34135200000000004
2021-01-23 21:00:00,2021-01-23,21,oos,train,0.0,0.0,-0.41,0.0,29.46365778,9.7230070674,19.740650712599997,0.38619,0.43618999999999997,0.348952
2021-01-23 22:00:00,2021-01-23,22,oos,train,0.0,0.0,0.05,0.05,23.71584667,7.826229401100001,15.889617268899999,0.37689,0.42689,0.34151200000000004
2021-01-23 23:00:00,2021-01-23,23,oos,train,0.0,0.0,7.24,7.24,21.88381778,7.2216598674000005,14.6621579126,0.39061,0.44061,0.352488
2021-01-24 00:00:00,2021-01-24,0,oos,train,0.0,0.0,8.67,8.67,22.40496222,7.393637532600001,15.0113246874,0.39102,0.44101999999999997,0.352816
2021-01-24 01:00:00,2021-01-24,1,oos,train,0.0,0.0,15.99,15.99,25.31442667,8.3537608011,16.960665868899998,0.39009,0.44009,0.352072
2021-01-24 02:00:00,2021-01-24,2,oos,train,0.0,0.0,14.07,14.07,25.68005333,8.4744175989,17.2056357311,0.39071,0.44071,0.352568
2021-01-24 03:00:00,2021-01-24,3,oos,train,0.0,0.0,6.01,6.01,27.9526,9.224358,18.728241999999998,0.39319,0.44319,0.354552
2021-01-24 04:00:00,2021-01-24,4,oos,train,0.0,0.0,10.93,10.93,24.95117778,8.2338886674,16.717289112599996,0.39958,0.44958,0.359664
2021-01-24 05:00:00,2021-01-24,5,oos,train,0.0,0.0,10.87,10.87,21.49932889,7.0947785337000004,14.4045503563,0.4002,0.4502,0.36016000000000004
2021-01-24 06:00:00,2021-01-24,6,oos,train,0.0,0.0,10.9,10.9,23.18714667,7.6517584011,15.535388268899998,0.39463,0.44462999999999997,0.355704
2021-01-24 07:00:00,2021-01-24,7,oos,train,0.0,0.0,9.47,9.47,30.13297333,9.9438811989,20.189092131099997,0.3927799999999999,0.4427799999999999,0.35422399999999993
2021-01-24 08:00:00,2021-01-24,8,oos,train,0.1119999999999999,0.1119999999999999,8.89,8.89,38.58034667,12.7315144011,25.848832268899997,0.3992699999999999,0.4492699999999999,0.35941599999999996
2021-01-24 09:00:00,2021-01-24,9,oos,train,1.8836667,1.8836667,6.75,6.75,30.68910222,10.1274037326,20.561698487399998,0.41949,0.46948999999999996,0.375592
2021-01-24 10:00:00,2021-01-24,10,oos,train,5.43875,5.43875,14.82,14.82,27.32524889,9.0173321337,18.3079167563,0.4396,0.4896,0.39168000000000003
2021-01-24 11:00:00,2021-01-24,11,oos,train,13.3445832,13.3445832,13.23,13.23,26.732940000000003,8.821870200000001,17.9110698,0.40639,0.45638999999999996,0.365112
2021-01-24 12:00:00,2021-01-24,12,oos,train,14.6224165,14.6224165,7.81,7.81,26.37006,8.7021198,17.667940199999997,0.42145,0.47145,0.37716
2021-01-24 13:00:00,2021-01-24,13,oos,train,10.6234165,10.6234165,15.52,15.52,27.49190889,9.0723299337,18.4195789563,0.4573399999999999,0.5073399999999999,0.40587199999999996
2021-01-24 14:00:00,2021-01-24,14,oos,train,0.8948334,0.8948334,21.78,21.78,39.12692,12.9118836,26.215036399999995,0.47374,0.52374,0.41899200000000003
2021-01-24 15:00:00,2021-01-24,15,oos,train,0.0,0.0,28.05,28.05,28.88574889,9.5322971337,19.353451756299997,0.53635,0.58635,0.46908000000000005
2021-01-24 16:00:00,2021-01-24,16,oos,train,0.0,0.0,31.07,31.07,28.26075556,9.3260493348,18.9347062252,0.6392899999999999,0.68929,0.551432
2021-01-24 17:00:00,2021-01-24,17,oos,train,0.0,0.0,31.14,31.14,25.80100444,8.5143314652,17.2866729748,0.67044,0.7204400000000001,0.5763520000000001
2021-01-24 18:00:00,2021-01-24,18,oos,train,0.0,0.0,41.44,41.44,30.11518222,9.9380101326,20.1771720874,0.64889,0.69889,0.559112
2021-01-24 19:00:00,2021-01-24,19,oos,train,0.0,0.0,49.63,49.63,30.48342889,10.0595315337,20.423897356299996,0.61165,0.6616500000000001,0.5293200000000001
2021-01-24 20:00:00,2021-01-24,20,oos,train,0.0,0.0,49.66,49.66,44.19492444,14.584325065200002,29.610599374799996,0.5662699999999999,0.61627,0.493016
2021-01-24 21:00:00,2021-01-24,21,oos,train,0.0,0.0,48.21,48.21,42.52703556,14.033921734800002,28.4931138252,0.53532,0.5853200000000001,0.46825600000000006
2021-01-24 22:00:00,2021-01-24,22,oos,train,0.0,0.0,42.1,42.1,31.88258222,10.5212521326,21.3613300874,0.45446,0.50446,0.40356800000000004
2021-01-24 23:00:00,2021-01-24,23,oos,train,0.0,0.0,42.82,42.82,27.58966889,9.1045907337,18.4850781563,0.46931,0.51931,0.41544800000000004
2021-01-25 00:00:00,2021-01-25,0,oos,train,0.0,0.0,38.87,38.87,24.98323111,8.2444662663,16.738764843699997,0.43073,0.48073,0.38458400000000004
2021-01-25 01:00:00,2021-01-25,1,oos,train,0.0,0.0,37.6,37.6,26.13349556,8.6240535348,17.5094420252,0.42516,0.47515999999999997,0.380128
2021-01-25 02:00:00,2021-01-25,2,oos,train,0.0,0.0,31.18,31.18,24.86767778,8.206333667400001,16.6613441126,0.41836,0.46836,0.374688
2021-01-25 03:00:00,2021-01-25,3,oos,train,0.0,0.0,36.73,36.73,25.31810222,8.354973732600001,16.9631284874,0.42661,0.47661,0.381288
2021-01-25 04:00:00,2021-01-25,4,oos,train,0.0,0.0,36.61,36.61,23.95691556,7.9057821348,16.051133425199996,0.47096,0.52096,0.416768
2021-01-25 05:00:00,2021-01-25,5,oos,train,0.0,0.0,42.08,42.08,26.31873778,8.6851834674,17.633554312599998,0.63898,0.68898,0.551184
2021-01-25 06:00:00,2021-01-25,6,oos,train,0.0,0.0,42.19,42.19,24.50124444,8.085410665200001,16.4158337748,0.72202,0.77202,0.617616
2021-01-25 07:00:00,2021-01-25,7,oos,train,0.0,0.0,36.81,36.81,29.81160222,9.8378287326,19.9737734874,0.77998,0.82998,0.6639840000000001
2021-01-25 08:00:00,2021-01-25,8,oos,train,1.74825,1.74825,41.81,41.81,30.10700222,9.9353107326,20.171691487399997,0.82176,0.8717600000000001,0.6974080000000001
2021-01-25 09:00:00,2021-01-25,9,oos,train,20.870333,20.870333,29.51,29.51,33.75630889,11.1395819337,22.6167269563,0.77307,0.8230700000000001,0.6584560000000002
2021-01-25 10:00:00,2021-01-25,10,oos,train,31.681083,31.681083,24.89,24.89,25.83856222,8.5267255326,17.3118366874,0.58875,0.63875,0.511
2021-01-25 11:00:00,2021-01-25,11,oos,train,38.679,38.679,26.25,26.25,26.36014889,8.698849133700001,17.6612997563,0.7119099999999999,0.76191,0.6095280000000001
2021-01-25 12:00:00,2021-01-25,12,oos,train,35.52375,35.52375,19.5,19.5,29.85952222,9.8536423326,20.005879887399995,0.6910700000000001,0.7410700000000001,0.5928560000000002
2021-01-25 13:00:00,2021-01-25,13,oos,train,23.6323335,23.6323335,12.42,12.42,28.76280889,9.4917269337,19.271081956299998,0.58328,0.6332800000000001,0.5066240000000001
2021-01-25 14:00:00,2021-01-25,14,oos,train,1.2618333,1.2618333,9.92,9.92,33.15243333,10.9403029989,22.2121303311,0.4951,0.5451,0.43608
2021-01-25 15:00:00,2021-01-25,15,oos,train,0.0,0.0,11.06,11.06,33.61791556,11.0939121348,22.524003425199997,0.4426,0.4926,0.39408
2021-01-25 16:00:00,2021-01-25,16,oos,train,0.0,0.0,16.42,16.42,24.54215778,8.0989120674,16.4432457126,0.42083,0.47082999999999997,0.376664
2021-01-25 17:00:00,2021-01-25,17,oos,train,0.0,0.0,28.85,28.85,26.54796667,8.760829001100001,17.787137668899998,0.39896,0.44895999999999997,0.359168
2021-01-25 18:00:00,2021-01-25,18,oos,train,0.0,0.0,42.08,42.08,28.6201,9.444633000000001,19.175466999999998,0.38473,0.43473,0.34778400000000004
2021-01-25 19:00:00,2021-01-25,19,oos,train,0.0,0.0,29.18,29.18,55.19083111,18.2129742663,36.977856843699996,0.37957,0.42957,0.343656
2021-01-25 20:00:00,2021-01-25,20,oos,train,0.0,0.0,24.6,24.6,43.53147556,14.3653869348,29.166088625199993,0.37947,0.42946999999999996,0.343576
2021-01-25 21:00:00,2021-01-25,21,oos,train,0.0,0.0,15.04,15.04,31.92909111,10.536600066300002,21.392491043699998,0.38999,0.43999,0.351992
2021-01-25 22:00:00,2021-01-25,22,oos,train,0.0,0.0,19.31,19.31,33.64799556,11.1038385348,22.544157025199997,0.38298,0.43298,0.346384
2021-01-25 23:00:00,2021-01-25,23,oos,train,0.0,0.0,14.77,14.77,29.59442889,9.7661615337,19.828267356299996,0.4393999999999999,0.4893999999999999,0.3915199999999999
2021-01-26 00:00:00,2021-01-26,0,oos,train,0.0,0.0,26.03,26.03,25.93781556,8.5594791348,17.378336425199997,0.43672,0.48672,0.389376
2021-01-26 01:00:00,2021-01-26,1,oos,train,0.0,0.0,33.93,33.93,26.45520444,8.7302174652,17.724986974799997,0.43548,0.48547999999999997,0.388384
2021-01-26 02:00:00,2021-01-26,2,oos,train,0.0,0.0,22.35,22.35,27.36145111,9.0292788663,18.332172243699997,0.43115,0.48114999999999997,0.38492
2021-01-26 03:00:00,2021-01-26,3,oos,train,0.0,0.0,26.63,26.63,26.11704889,8.6186261337,17.4984227563,0.4547799999999999,0.5047799999999999,0.40382399999999996
2021-01-26 04:00:00,2021-01-26,4,oos,train,0.0,0.0,27.55,27.55,24.47914667,8.0781184011,16.401028268899996,0.51391,0.56391,0.45112800000000003
2021-01-26 05:00:00,2021-01-26,5,oos,train,0.0,0.0,47.98,47.98,22.27365333,7.3503055988999995,14.923347731099998,0.39957,0.44956999999999997,0.359656
2021-01-26 06:00:00,2021-01-26,6,oos,train,0.0,0.0,47.59,47.59,25.85537778,8.532274667400001,17.3231031126,0.46469,0.51469,0.411752
2021-01-26 07:00:00,2021-01-26,7,oos,train,0.0,0.0,57.03,57.03,30.95050222,10.2136657326,20.736836487399998,0.49038,0.54038,0.432304
2021-01-26 08:00:00,2021-01-26,8,oos,train,2.1376666,2.1376666,59.44,59.44,31.56707111,10.417133466300001,21.1499376437,0.74022,0.79022,0.6321760000000001
2021-01-26 09:00:00,2021-01-26,9,oos,train,20.18,20.18,64.18,64.18,28.96331778,9.5578948674,19.4054229126,0.76271,0.81271,0.6501680000000001
2021-01-26 10:00:00,2021-01-26,10,oos,train,32.270083,32.270083,73.14,73.14,27.46797556,9.0644319348,18.403543625199998,0.49606,0.54606,0.436848
2021-01-26 11:00:00,2021-01-26,11,oos,train,29.561083,29.561083,68.44,68.44,23.07163778,7.613640467400001,15.457997312599998,0.50617,0.55617,0.44493600000000005
2021-01-26 12:00:00,2021-01-26,12,oos,train,6.107083299999999,6.107083299999999,66.93,66.93,23.79199556,7.8513585348,15.9406370252,0.61473,0.66473,0.531784
2021-01-26 13:00:00,2021-01-26,13,oos,train,3.5902502,3.5902502,29.41,29.41,26.80452222,8.8454923326,17.959029887399996,0.54002,0.59002,0.472016
2021-01-26 14:00:00,2021-01-26,14,oos,train,0.00925,0.00925,28.25,28.25,31.14731111,10.2786126663,20.868698443699998,0.51577,0.56577,0.452616
2021-01-26 15:00:00,2021-01-26,15,oos,train,0.0,0.0,21.8,21.8,31.17717333,10.2884671989,20.888706131099998,0.50947,0.55947,0.44757600000000003
2021-01-26 16:00:00,2021-01-26,16,oos,train,0.0,0.0,23.98,23.98,28.36657778,9.3609706674,19.005607112599996,0.50999,0.5599900000000001,0.4479920000000001
2021-01-26 17:00:00,2021-01-26,17,oos,train,0.0,0.0,26.98,26.98,28.30422444,9.3403940652,18.963830374799997,0.50318,0.55318,0.44254400000000005
2021-01-26 18:00:00,2021-01-26,18,oos,train,0.0,0.0,22.48,22.48,50.28101333,16.5927343989,33.688278931099994,0.49451,0.54451,0.43560800000000005
2021-01-26 19:00:00,2021-01-26,19,oos,train,0.0,0.0,14.93,14.93,32.90774222,10.859554932600002,22.0481872874,0.50586,0.55586,0.444688
2021-01-26 20:00:00,2021-01-26,20,oos,train,0.0,0.0,32.48,32.48,30.00352222,9.9011623326,20.1023598874,0.4941,0.5441,0.43528000000000006
2021-01-26 21:00:00,2021-01-26,21,oos,train,0.0,0.0,30.05,30.05,30.10312,9.9340296,20.169090399999998,0.52681,0.57681,0.4614480000000001
2021-01-26 22:00:00,2021-01-26,22,oos,train,0.0,0.0,30.92,30.92,24.82773556,8.1931527348,16.6345828252,0.46469,0.51469,0.411752
2021-01-26 23:00:00,2021-01-26,23,oos,train,0.0,0.0,27.86,27.86,21.9968,7.2589440000000005,14.737855999999999,0.47379,0.52379,0.419032
2021-01-27 00:00:00,2021-01-27,0,oos,train,0.0,0.0,29.39,29.39,21.33184444,7.0395086652000005,14.2923357748,0.45658,0.50658,0.40526400000000007
2021-01-27 01:00:00,2021-01-27,1,oos,train,0.0,0.0,32.35,32.35,29.23207778,9.6465856674,19.585492112599997,0.44175,0.49174999999999996,0.39339999999999997
2021-01-27 02:00:00,2021-01-27,2,oos,train,0.0,0.0,37.79,37.79,26.90571333,8.878885398900001,18.026827931099998,0.43107,0.48107,0.38485600000000003
2021-01-27 03:00:00,2021-01-27,3,oos,train,0.0,0.0,38.72,38.72,26.50009333,8.7450307989,17.7550625311,0.4375,0.4875,0.39
2021-01-27 04:00:00,2021-01-27,4,oos,train,0.0,0.0,44.13,44.13,24.72459778,8.159117267400001,16.565480512599997,0.46653,0.51653,0.41322400000000004
2021-01-27 05:00:00,2021-01-27,5,oos,train,0.0,0.0,37.54,37.54,24.44089333,8.065494798900001,16.3753985311,0.5125599999999999,0.56256,0.450048
2021-01-27 06:00:00,2021-01-27,6,oos,train,0.0,0.0,35.43,35.43,26.39588889,8.7106433337,17.685245556299996,0.5166000000000001,0.5666000000000001,0.4532800000000001
2021-01-27 07:00:00,2021-01-27,7,oos,train,0.0,0.0,49.63,49.63,33.34364222,11.003401932600001,22.340240287399997,0.69243,0.74243,0.593944
2021-01-27 08:00:00,2021-01-27,8,oos,train,1.93025,1.93025,54.35,54.35,32.28803111,10.6550502663,21.632980843699997,0.68549,0.7354900000000001,0.5883920000000001
2021-01-27 09:00:00,2021-01-27,9,oos,train,18.8676665,18.8676665,66.62,66.62,32.44642444,10.707320065200001,21.7391043748,0.67875,0.72875,0.5830000000000001
2021-01-27 10:00:00,2021-01-27,10,oos,train,30.320083000000004,30.320083000000004,71.42,71.42,23.85564222,7.8723619326000005,15.983280287399998,0.68362,0.73362,0.5868960000000001
2021-01-27 11:00:00,2021-01-27,11,oos,train,35.878416,35.878416,69.72,69.72,30.96922444,10.2198440652,20.749380374799998,0.68196,0.73196,0.5855680000000001
2021-01-27 12:00:00,2021-01-27,12,oos,train,17.673,17.673,67.06,67.06,24.82304,8.1916032,16.631436799999996,0.67947,0.7294700000000001,0.5835760000000001
2021-01-27 13:00:00,2021-01-27,13,oos,train,11.4915001,11.4915001,-0.26,0.0,28.95348,9.5546484,19.398831599999998,0.6825800000000001,0.7325800000000001,0.5860640000000001
2021-01-27 14:00:00,2021-01-27,14,oos,train,0.9394167,0.9394167,-0.41,0.0,31.43909778,10.374902267400001,21.064195512599998,0.6859,0.7359,0.58872
2021-01-27 15:00:00,2021-01-27,15,oos,train,0.0,0.0,53.3,53.3,34.06540667,11.2415842011,22.823822468899998,0.5532999999999999,0.6033,0.48263999999999996
2021-01-27 16:00:00,2021-01-27,16,oos,train,0.0,0.0,58.18,58.18,24.86876444,8.206692265200001,16.6620721748,0.51619,0.5661900000000001,0.4529520000000001
2021-01-27 17:00:00,2021-01-27,17,oos,train,0.0,0.0,37.2,37.2,27.6914,9.138162000000001,18.553238,0.49276,0.54276,0.43420800000000004
2021-01-27 18:00:00,2021-01-27,18,oos,train,0.0,0.0,61.69,61.69,34.48017111,11.378456466300001,23.1017146437,0.49224,0.54224,0.43379200000000007
2021-01-27 19:00:00,2021-01-27,19,oos,train,0.0,0.0,62.61,62.61,36.60838444,12.080766865200001,24.527617574799997,0.48965,0.53965,0.43172
2021-01-27 20:00:00,2021-01-27,20,oos,train,0.0,0.0,47.91,47.91,36.65253333,12.0953359989,24.557197331099996,0.48923,0.53923,0.431384
2021-01-27 21:00:00,2021-01-27,21,oos,train,0.0,0.0,31.0,31.0,32.71287556,10.7952489348,21.917626625199997,0.50064,0.55064,0.440512
2021-01-27 22:00:00,2021-01-27,22,oos,train,0.0,0.0,29.81,29.81,31.08275778,10.2573100674,20.8254477126,0.49359,0.54359,0.43487200000000004
2021-01-27 23:00:00,2021-01-27,23,oos,train,0.0,0.0,31.3,31.3,29.17389111,9.6273840663,19.546507043699997,0.48904,0.53904,0.431232
2021-01-28 00:00:00,2021-01-28,0,oos,train,0.0,0.0,30.92,30.92,21.90890222,7.229937732600001,14.6789644874,0.4688,0.5188,0.4150400000000001
2021-01-28 01:00:00,2021-01-28,1,oos,train,0.0,0.0,34.57,34.57,24.92164444,8.2241426652,16.6975017748,0.45732,0.50732,0.405856
2021-01-28 02:00:00,2021-01-28,2,oos,train,0.0,0.0,39.65,39.65,26.44507333,8.726874198900001,17.718199131099997,0.4423999999999999,0.4923999999999999,0.39391999999999994
2021-01-28 03:00:00,2021-01-28,3,oos,train,0.0,0.0,43.93,43.93,28.43077111,9.3821544663,19.048616643699997,0.4553399999999999,0.5053399999999999,0.40427199999999996
2021-01-28 04:00:00,2021-01-28,4,oos,train,0.0,0.0,45.32,45.32,26.57462,8.7696246,17.8049954,0.46337,0.51337,0.410696
2021-01-28 05:00:00,2021-01-28,5,oos,train,0.0,0.0,46.02,46.02,26.72901778,8.8205758674,17.908441912599997,0.55665,0.60665,0.48532000000000003
2021-01-28 06:00:00,2021-01-28,6,oos,train,0.0,0.0,50.36,50.36,25.82442444,8.522060065200002,17.3023643748,0.62927,0.67927,0.543416
2021-01-28 07:00:00,2021-01-28,7,oos,train,0.0,0.0,50.57,50.57,31.73428222,10.4723131326,21.261969087399997,0.74822,0.79822,0.638576
2021-01-28 08:00:00,2021-01-28,8,oos,train,1.2335001,1.2335001,49.28,49.28,30.69413111,10.129063266300001,20.5650678437,0.71817,0.76817,0.6145360000000001
2021-01-28 09:00:00,2021-01-28,9,oos,train,6.7708333,6.7708333,-0.44,0.0,33.60164889,11.088544133700001,22.5131047563,0.6997000000000001,0.7497000000000001,0.5997600000000002
2021-01-28 10:00:00,2021-01-28,10,oos,train,23.715000000000003,23.715000000000003,-0.48,0.0,30.03430222,9.9113197326,20.122982487399998,0.59234,0.64234,0.513872
2021-01-28 11:00:00,2021-01-28,11,oos,train,35.242833000000005,35.242833000000005,-0.47,0.0,26.45247556,8.7293169348,17.723158625199996,0.56312,0.61312,0.49049600000000004
2021-01-28 12:00:00,2021-01-28,12,oos,train,35.064084,35.064084,-0.46,0.0,25.21723778,8.321688467400001,16.8955493126,0.6251,0.6751,0.54008
2021-01-28 13:00:00,2021-01-28,13,oos,train,11.60825,11.60825,24.37,24.37,30.21858222,9.9721321326,20.246450087399996,0.62187,0.6718700000000001,0.5374960000000001
2021-01-28 14:00:00,2021-01-28,14,oos,train,1.0709167,1.0709167,31.28,31.28,33.12848444,10.9323998652,22.196084574799997,0.5917100000000001,0.6417100000000001,0.5133680000000002
2021-01-28 15:00:00,2021-01-28,15,oos,train,0.0,0.0,-0.34,0.0,32.27369111,10.6503180663,21.6233730437,0.6253099999999999,0.67531,0.540248
2021-01-28 16:00:00,2021-01-28,16,oos,train,0.0,0.0,18.92,18.92,27.56856889,9.097627733700001,18.4709411563,0.65275,0.7027500000000001,0.5622000000000001
2021-01-28 17:00:00,2021-01-28,17,oos,train,0.0,0.0,4.3,4.3,29.08928889,9.5994653337,19.489823556299996,0.6819700000000001,0.7319700000000001,0.5855760000000001
2021-01-28 18:00:00,2021-01-28,18,oos,train,0.0,0.0,11.15,11.15,36.96602,12.1987866,24.7672334,0.63334,0.6833400000000001,0.546672
2021-01-28 19:00:00,2021-01-28,19,oos,train,0.0,0.0,15.12,15.12,39.62914222,13.0776169326,26.551525287399997,0.58086,0.6308600000000001,0.5046880000000001
2021-01-28 20:00:00,2021-01-28,20,oos,train,0.0,0.0,10.49,10.49,34.34998889,11.3354963337,23.014492556299995,0.55613,0.6061300000000001,0.48490400000000006
2021-01-28 21:00:00,2021-01-28,21,oos,train,0.0,0.0,15.99,15.99,36.42071556,12.018836134799999,24.401879425199997,0.53234,0.5823400000000001,0.46587200000000006
2021-01-28 22:00:00,2021-01-28,22,oos,train,0.0,0.0,29.19,29.19,24.38691111,8.0476806663,16.339230443699996,0.47485,0.52485,0.41988000000000003
2021-01-28 23:00:00,2021-01-28,23,oos,train,0.0,0.0,58.53,58.53,24.33165778,8.029447067400001,16.302210712599997,0.44863,0.49862999999999996,0.398904
2021-01-29 00:00:00,2021-01-29,0,oos,train,0.0,0.0,48.5,48.5,22.87374667,7.5483364011,15.325410268899997,0.42898,0.47897999999999996,0.38318399999999997
2021-01-29 01:00:00,2021-01-29,1,oos,train,0.0,0.0,37.54,37.54,26.85570222,8.862381732600001,17.9933204874,0.41354,0.46354,0.37083200000000005
2021-01-29 02:00:00,2021-01-29,2,oos,train,0.0,0.0,54.45,54.45,28.73277556,9.4818159348,19.250959625199997,0.40735,0.45735,0.36588
2021-01-29 03:00:00,2021-01-29,3,oos,train,0.0,0.0,17.44,17.44,28.67800667,9.4637422011,19.214264468899998,0.4136499999999999,0.4636499999999999,0.3709199999999999
2021-01-29 04:00:00,2021-01-29,4,oos,train,0.0,0.0,12.14,12.14,26.88854444,8.8732196652,18.0153247748,0.45125,0.50125,0.401
2021-01-29 05:00:00,2021-01-29,5,oos,train,0.0,0.0,24.5,24.5,27.33896222,9.0218575326,18.317104687399997,0.48823,0.53823,0.430584
2021-01-29 06:00:00,2021-01-29,6,oos,train,0.0,0.0,36.7,36.7,24.95498222,8.2351441326,16.7198380874,0.58213,0.6321300000000001,0.505704
2021-01-29 07:00:00,2021-01-29,7,oos,train,0.0,0.0,61.2,61.2,32.21667556,10.6315029348,21.5851726252,0.70177,0.75177,0.6014160000000001
2021-01-29 08:00:00,2021-01-29,8,oos,train,0.0453333999999999,0.0453333999999999,44.72,44.72,31.68723333,10.4567869989,21.230446331099998,0.76973,0.8197300000000001,0.6557840000000001
2021-01-29 09:00:00,2021-01-29,9,oos,train,0.8697499999999999,0.8697499999999999,64.5,64.5,29.32553333,9.6774259989,19.648107331099997,0.67047,0.72047,0.5763760000000001
2021-01-29 10:00:00,2021-01-29,10,oos,train,2.6085833000000003,2.6085833000000003,8.93,8.93,27.64950222,9.1243357326,18.525166487399996,0.63822,0.68822,0.5505760000000001
2021-01-29 11:00:00,2021-01-29,11,oos,train,2.5668334,2.5668334,3.22,3.22,24.42342444,8.0597300652,16.363694374799998,0.5837100000000001,0.6337100000000001,0.5069680000000001
2021-01-29 12:00:00,2021-01-29,12,oos,train,3.5940001,3.5940001,29.35,29.35,24.53296,8.095876800000001,16.437083199999996,0.5544,0.6044,0.48352000000000006
2021-01-29 13:00:00,2021-01-29,13,oos,train,1.1749999999999998,1.1749999999999998,26.85,26.85,28.85990667,9.5237692011,19.3361374689,0.53507,0.5850700000000001,0.4680560000000001
2021-01-29 14:00:00,2021-01-29,14,oos,train,0.3625833,0.3625833,22.77,22.77,28.204320000000003,9.307425600000002,18.8968944,0.5324500000000001,0.5824500000000001,0.46596000000000015
2021-01-29 15:00:00,2021-01-29,15,oos,train,0.0,0.0,31.48,31.48,33.20184667,10.956609401100001,22.2452372689,0.55944,0.6094400000000001,0.4875520000000001
2021-01-29 16:00:00,2021-01-29,16,oos,train,0.0,0.0,32.16,32.16,28.79670222,9.502911732600001,19.2937904874,0.53308,0.58308,0.46646400000000005
2021-01-29 17:00:00,2021-01-29,17,oos,train,0.0,0.0,45.59,45.59,26.06801778,8.6024458674,17.465571912599998,0.5294,0.5794,0.46352000000000004
2021-01-29 18:00:00,2021-01-29,18,oos,train,0.0,0.0,57.29,57.29,42.55528444,14.043243865200001,28.512040574799997,0.50419,0.5541900000000001,0.4433520000000001
2021-01-29 19:00:00,2021-01-29,19,oos,train,0.0,0.0,92.81,92.81,34.31674,11.3245242,22.9922158,0.50146,0.5514600000000001,0.44116800000000006
2021-01-29 20:00:00,2021-01-29,20,oos,train,0.0,0.0,68.81,68.81,33.381440000000005,11.015875200000002,22.3655648,0.50199,0.5519900000000001,0.4415920000000001
2021-01-29 21:00:00,2021-01-29,21,oos,train,0.0,0.0,76.65,76.65,32.08078222,10.586658132600002,21.4941240874,0.48213,0.53213,0.425704
2021-01-29 22:00:00,2021-01-29,22,oos,train,0.0,0.0,66.84,66.84,33.15554222,10.941328932600001,22.2142132874,0.44947,0.49946999999999997,0.399576
2021-01-29 23:00:00,2021-01-29,23,oos,train,0.0,0.0,51.03,51.03,28.90529778,9.5387482674,19.3665495126,0.43754,0.48754,0.390032
2021-01-30 00:00:00,2021-01-30,0,oos,train,0.0,0.0,32.66,32.66,22.09477111,7.2912744663,14.803496643699999,0.41748,0.46748,0.37398400000000004
2021-01-30 01:00:00,2021-01-30,1,oos,train,0.0,0.0,22.27,22.27,25.26298,8.3367834,16.926196599999997,0.40363,0.45363,0.362904
2021-01-30 02:00:00,2021-01-30,2,oos,train,0.0,0.0,13.87,13.87,27.31403778,9.0136324674,18.3004053126,0.39237,0.44237,0.353896
2021-01-30 03:00:00,2021-01-30,3,oos,train,0.0,0.0,9.27,9.27,25.13916667,8.2959250011,16.8432416689,0.39361,0.44361,0.35488800000000004
2021-01-30 04:00:00,2021-01-30,4,oos,train,0.0,0.0,4.09,4.09,24.05913111,7.9395132663000005,16.1196178437,0.40735,0.45735,0.36588
2021-01-30 05:00:00,2021-01-30,5,oos,train,0.0,0.0,3.65,3.65,26.39007556,8.708724934800001,17.681350625199997,0.4295799999999999,0.4795799999999999,0.38366399999999995
2021-01-30 06:00:00,2021-01-30,6,oos,train,0.0,0.0,0.58,0.58,22.99836889,7.589461733699999,15.408907156299998,0.44808,0.49807999999999997,0.398464
2021-01-30 07:00:00,2021-01-30,7,oos,train,0.0,0.0,0.86,0.86,30.10451333,9.9344893989,20.170023931099998,0.49883,0.54883,0.43906400000000007
2021-01-30 08:00:00,2021-01-30,8,oos,train,0.0,0.0,-0.13,0.0,43.14219556,14.2369245348,28.905271025199994,0.5347000000000001,0.5847000000000001,0.4677600000000001
2021-01-30 09:00:00,2021-01-30,9,oos,train,0.0,0.0,9.25,9.25,32.58771111,10.7539446663,21.833766443699997,0.53759,0.5875900000000001,0.47007200000000005
2021-01-30 10:00:00,2021-01-30,10,oos,train,0.0329167,0.0329167,6.39,6.39,27.59015778,9.1047520674,18.4854057126,0.5502999999999999,0.6003,0.48024
2021-01-30 11:00:00,2021-01-30,11,oos,train,0.5467500000000001,0.5467500000000001,2.68,2.68,26.86243333,8.8646029989,17.997830331099998,0.5505099999999999,0.60051,0.480408
2021-01-30 12:00:00,2021-01-30,12,oos,train,0.776,0.776,2.89,2.89,25.45582667,8.400422801100001,17.055403868899997,0.5230199999999999,0.57302,0.458416
2021-01-30 13:00:00,2021-01-30,13,oos,train,0.0,0.0,-0.34,0.0,28.17196,9.2967468,18.875213199999997,0.49604,0.54604,0.436832
2021-01-30 14:00:00,2021-01-30,14,oos,train,0.0,0.0,-0.4,0.0,27.52790667,9.0842092011,18.443697468899998,0.49666,0.54666,0.43732800000000005
2021-01-30 15:00:00,2021-01-30,15,oos,train,0.0,0.0,-0.42,0.0,28.37117333,9.3624871989,19.0086861311,0.5305599999999999,0.58056,0.46444799999999997
2021-01-30 16:00:00,2021-01-30,16,oos,train,0.0,0.0,-0.38,0.0,24.1736,7.977288000000001,16.196312,0.53873,0.5887300000000001,0.47098400000000007
2021-01-30 17:00:00,2021-01-30,17,oos,train,0.0,0.0,2.52,2.52,24.87632444,8.2091870652,16.6671373748,0.54214,0.59214,0.473712
2021-01-30 18:00:00,2021-01-30,18,oos,train,0.0,0.0,4.13,4.13,49.24431111,16.2506226663,32.993688443699995,0.5365599999999999,0.58656,0.469248
2021-01-30 19:00:00,2021-01-30,19,oos,train,0.0,0.0,0.62,0.62,34.07240444,11.243893465200001,22.828510974799997,0.54555,0.59555,0.47644000000000003
2021-01-30 20:00:00,2021-01-30,20,oos,train,0.0,0.0,-0.43,0.0,29.14640444,9.618313465200002,19.528090974799998,0.48539,0.53539,0.428312
2021-01-30 21:00:00,2021-01-30,21,oos,train,0.0,0.0,0.5,0.5,26.05492889,8.5981265337,17.4568023563,0.4856,0.5356,0.42847999999999997
2021-01-30 22:00:00,2021-01-30,22,oos,train,0.0,0.0,1.71,1.71,22.06666444,7.2819992652000005,14.784665174799999,0.43723,0.48723,0.389784
2021-01-30 23:00:00,2021-01-30,23,oos,train,0.0,0.0,3.81,3.81,22.43928889,7.404965333700001,15.034323556299999,0.43715,0.48714999999999997,0.38972
2021-01-31 00:00:00,2021-01-31,0,oos,train,0.0,0.0,-0.42,0.0,24.66315778,8.1388420674,16.524315712599996,0.42572,0.47572,0.380576
2021-01-31 01:00:00,2021-01-31,1,oos,train,0.0,0.0,-0.47,0.0,23.82827778,7.863331667400001,15.964946112599998,0.42084,0.47084,0.376672
2021-01-31 02:00:00,2021-01-31,2,oos,train,0.0,0.0,1.02,1.02,23.91432667,7.891727801100001,16.022598868899998,0.41035,0.46035,0.36828
2021-01-31 03:00:00,2021-01-31,3,oos,train,0.0,0.0,1.52,1.52,25.59928889,8.447765333700001,17.1515235563,0.41087,0.46087,0.368696
2021-01-31 04:00:00,2021-01-31,4,oos,train,0.0,0.0,1.28,1.28,24.18974889,7.982617133700001,16.207131756299997,0.42198,0.47198,0.37758400000000003
2021-01-31 05:00:00,2021-01-31,5,oos,train,0.0,0.0,14.28,14.28,21.46322889,7.082865533700001,14.380363356299998,0.42406,0.47406,0.37924800000000003
2021-01-31 06:00:00,2021-01-31,6,oos,train,0.0,0.0,7.29,7.29,20.58191556,6.7920321348,13.789883425199998,0.42894,0.47894,0.383152
2021-01-31 07:00:00,2021-01-31,7,oos,train,0.0,0.0,9.22,9.22,25.66333333,8.468899998900001,17.194433331099997,0.46592,0.51592,0.41273600000000005
2021-01-31 08:00:00,2021-01-31,8,oos,train,0.0,0.0,11.22,11.22,33.68431556,11.1158241348,22.568491425199998,0.51059,0.56059,0.44847200000000004
2021-01-31 09:00:00,2021-01-31,9,oos,train,0.0,0.0,0.86,0.86,25.72413333,8.488963998900001,17.2351693311,0.52701,0.57701,0.461608
2021-01-31 10:00:00,2021-01-31,10,oos,train,0.0009167,0.0009167,2.15,2.15,31.33194667,10.339542401100001,20.9924042689,0.53127,0.5812700000000001,0.4650160000000001
2021-01-31 11:00:00,2021-01-31,11,oos,train,3.8631667,3.8631667,3.59,3.59,28.96613333,9.558823998900001,19.4073093311,0.52327,0.5732700000000001,0.4586160000000001
2021-01-31 12:00:00,2021-01-31,12,oos,train,11.41425,11.41425,16.43,16.43,30.89578667,10.195609601100001,20.700177068899997,0.48234,0.53234,0.42587200000000003
2021-01-31 13:00:00,2021-01-31,13,oos,train,0.5271665999999999,0.5271665999999999,6.63,6.63,29.25057556,9.652689934800001,19.5978856252,0.47735,0.52735,0.42188000000000003
2021-01-31 14:00:00,2021-01-31,14,oos,train,0.4583334,0.4583334,29.04,29.04,29.42145333,9.7090795989,19.712373731099998,0.49782,0.54782,0.438256
2021-01-31 15:00:00,2021-01-31,15,oos,train,0.0,0.0,18.02,18.02,32.32135556,10.6660473348,21.6553082252,0.54976,0.5997600000000001,0.47980800000000007
2021-01-31 16:00:00,2021-01-31,16,oos,train,0.0,0.0,5.83,5.83,28.82628222,9.5126731326,19.313609087399996,0.66964,0.7196400000000001,0.5757120000000001
2021-01-31 17:00:00,2021-01-31,17,oos,train,0.0,0.0,16.53,16.53,32.78185778,10.8180130674,21.9638447126,0.66362,0.71362,0.5708960000000001
2021-01-31 18:00:00,2021-01-31,18,oos,train,0.0,0.0,10.13,10.13,40.61153778,13.401807467400001,27.209730312599998,0.6477200000000001,0.6977200000000001,0.5581760000000001
2021-01-31 19:00:00,2021-01-31,19,oos,train,0.0,0.0,21.98,21.98,44.42265778,14.659477067400001,29.763180712599997,0.6024299999999999,0.65243,0.521944
2021-01-31 20:00:00,2021-01-31,20,oos,train,0.0,0.0,9.6,9.6,45.16770667,14.9053432011,30.2623634689,0.53335,0.58335,0.46668000000000004
2021-01-31 21:00:00,2021-01-31,21,oos,train,0.0,0.0,22.61,22.61,32.47619778,10.717145267400001,21.759052512599997,0.51195,0.5619500000000001,0.44956000000000007
2021-01-31 22:00:00,2021-01-31,22,oos,train,0.0,0.0,21.7,21.7,28.56179111,9.425391066300001,19.1364000437,0.47122,0.52122,0.416976
2021-01-31 23:00:00,2021-01-31,23,oos,train,0.0,0.0,20.07,20.07,27.14885778,8.9591230674,18.189734712599996,0.44203,0.49202999999999997,0.393624
2021-02-01 00:00:00,2021-02-01,0,oos,test,0.0,0.0,29.02,29.02,37.731253335000005,12.451313600550002,25.27993973445,0.42572,0.47572,0.380576
2021-02-01 01:00:00,2021-02-01,1,oos,test,0.0,0.0,27.09,27.09,39.28893333,12.9653479989,26.323585331099995,0.42531,0.47531,0.38024800000000003
2021-02-01 02:00:00,2021-02-01,2,oos,test,0.0,0.0,40.56,40.56,37.472486669999995,12.3659206011,25.106566068899994,0.41575,0.46575,0.37260000000000004
2021-02-01 03:00:00,2021-02-01,3,oos,test,0.0,0.0,37.72,37.72,37.343326665,12.32329779945,25.020028865549996,0.42344,0.47343999999999997,0.378752
2021-02-01 04:00:00,2021-02-01,4,oos,test,0.0,0.0,47.98,47.98,38.38646334,12.6675329022,25.718930437799997,0.50187,0.5518700000000001,0.4414960000000001
2021-02-01 05:00:00,2021-02-01,5,oos,test,0.0,0.0,57.48,57.48,40.32942333,13.3087096989,27.020713631099994,0.6172799999999999,0.66728,0.533824
2021-02-01 06:00:00,2021-02-01,6,oos,test,0.0,0.0,62.59,62.59,45.685833329999994,15.076324998899999,30.609508331099992,0.89559,0.94559,0.756472
2021-02-01 07:00:00,2021-02-01,7,oos,test,0.0,0.0,80.62,80.62,45.15312666,14.9005317978,30.252594862199995,2.07708,2.12708,1.701664
2021-02-01 08:00:00,2021-02-01,8,oos,test,1.0718333,1.0718333,87.56,87.56,51.12702666,16.8719187978,34.25510786219999,1.72231,1.77231,1.4178480000000002
2021-02-01 09:00:00,2021-02-01,9,oos,test,7.0032499,7.0032499,67.9,67.9,49.20076000499999,16.236250801649998,32.96450920334999,1.30417,1.35417,1.083336
2021-02-01 10:00:00,2021-02-01,10,oos,test,11.5821665,11.5821665,82.64,82.64,46.328563335,15.288425900550001,31.040137434449996,0.6979,0.7479,0.5983200000000001
2021-02-01 11:00:00,2021-02-01,11,oos,test,15.3678335,15.3678335,61.96,61.96,34.394233334999996,11.350097000549999,23.044136334449995,0.6860599999999999,0.7360599999999999,0.5888479999999999
2021-02-01 12:00:00,2021-02-01,12,oos,test,23.2015,23.2015,29.88,29.88,34.71581667,11.456219501100001,23.259597168899997,0.68928,0.73928,0.5914240000000001
2021-02-01 13:00:00,2021-02-01,13,oos,test,16.808833,16.808833,27.85,27.85,44.540299995,14.69829899835,29.842000996649997,0.81498,0.8649800000000001,0.6919840000000002
2021-02-01 14:00:00,2021-02-01,14,oos,test,6.199250000000001,6.199250000000001,26.26,26.26,48.024946665,15.848232399450001,32.17671426555,0.89424,0.9442400000000001,0.7553920000000001
2021-02-01 15:00:00,2021-02-01,15,oos,test,0.0123,0.0123,46.63,46.63,49.473613335,16.326292400550003,33.14732093445,1.4546,1.5046,1.20368
2021-02-01 16:00:00,2021-02-01,16,oos,test,0.0,0.0,50.29,50.29,46.163779995,15.23404739835,30.929732596649995,2.07708,2.12708,1.701664
2021-02-01 17:00:00,2021-02-01,17,oos,test,0.0,0.0,47.62,47.62,36.91919334,12.1833338022,24.735859537799996,1.23654,1.28654,1.0292320000000001
2021-02-01 18:00:00,2021-02-01,18,oos,test,0.0,0.0,50.86,50.86,49.790800004999994,16.43096400165,33.35983600334999,0.7320800000000001,0.7820800000000001,0.6256640000000001
2021-02-01 19:00:00,2021-02-01,19,oos,test,0.0,0.0,55.65,55.65,82.21989332999999,27.1325647989,55.087328531099985,0.6471,0.6971,0.5576800000000001
2021-02-01 20:00:00,2021-02-01,20,oos,test,0.0,0.0,45.14,45.14,47.83752,15.7863816,32.05113839999999,0.5855,0.6355000000000001,0.5084000000000001
2021-02-01 21:00:00,2021-02-01,21,oos,test,0.0,0.0,49.33,49.33,54.05682666,17.8387527978,36.218073862199994,0.57396,0.6239600000000001,0.49916800000000006
2021-02-01 22:00:00,2021-02-01,22,oos,test,0.0,0.0,40.74,40.74,40.76112333,13.4511706989,27.309952631099996,0.51319,0.5631900000000001,0.45055200000000006
2021-02-01 23:00:00,2021-02-01,23,oos,test,0.0,0.0,39.19,39.19,33.169923329999996,10.946074698899999,22.223848631099994,0.47917,0.52917,0.42333600000000005
2021-02-02 00:00:00,2021-02-02,0,oos,test,0.0,0.0,40.53,40.53,33.476673330000004,11.047302198900002,22.4293711311,0.46795,0.51795,0.41436000000000006
2021-02-02 01:00:00,2021-02-02,1,oos,test,0.0,0.0,30.59,30.59,41.724396660000004,13.769050897800001,27.9553457622,0.45279,0.5027900000000001,0.4022320000000001
2021-02-02 02:00:00,2021-02-02,2,oos,test,0.0,0.0,26.38,26.38,39.408966660000004,13.004958997800003,26.4040076622,0.4408399999999999,0.4908399999999999,0.3926719999999999
2021-02-02 03:00:00,2021-02-02,3,oos,test,0.0,0.0,23.64,23.64,40.888093335,13.49307080055,27.395022534449996,0.4568399999999999,0.50684,0.405472
2021-02-02 04:00:00,2021-02-02,4,oos,test,0.0,0.0,30.3,30.3,43.64039334,14.401329802200001,29.2390635378,0.49569,0.54569,0.43655200000000005
2021-02-02 05:00:00,2021-02-02,5,oos,test,0.0,0.0,41.39,41.39,42.20019,13.926062700000001,28.274127299999996,0.6487999999999999,0.6988,0.55904
2021-02-02 06:00:00,2021-02-02,6,oos,test,0.0,0.0,41.39,41.39,38.57160666,12.728630197800001,25.8429764622,1.21013,1.26013,1.0081040000000001
2021-02-02 07:00:00,2021-02-02,7,oos,test,0.0011429,0.0011429,26.4,26.4,50.399353335,16.63178660055,33.76756673445,1.58148,1.63148,1.3051840000000001
2021-02-02 08:00:00,2021-02-02,8,oos,test,2.9463332,2.9463332,28.49,28.49,51.676176659999996,17.0531382978,34.62303836219999,1.24057,1.29057,1.032456
2021-02-02 09:00:00,2021-02-02,9,oos,test,14.41975,14.41975,25.94,25.94,50.373293340000004,16.623186802200003,33.7501065378,1.03957,1.0895700000000001,0.8716560000000002
2021-02-02 10:00:00,2021-02-02,10,oos,test,25.6896665,25.6896665,20.92,20.92,50.565049995,16.68646649835,33.878583496649995,0.69357,0.7435700000000001,0.594856
2021-02-02 11:00:00,2021-02-02,11,oos,test,29.163084,29.163084,19.81,19.81,41.860609995,13.81400129835,28.046608696649994,0.66469,0.71469,0.571752
2021-02-02 12:00:00,2021-02-02,12,oos,test,25.6039165,25.6039165,16.24,16.24,43.09826667,14.2224280011,28.8758386689,0.65004,0.70004,0.560032
2021-02-02 13:00:00,2021-02-02,13,oos,test,14.451583,14.451583,4.66,4.66,45.361033335,14.969141000550001,30.39189233445,0.66926,0.71926,0.575408
2021-02-02 14:00:00,2021-02-02,14,oos,test,2.1948334000000003,2.1948334000000003,13.62,13.62,50.56533666,16.686561097800002,33.8787755622,0.6725800000000001,0.7225800000000001,0.5780640000000001
2021-02-02 15:00:00,2021-02-02,15,oos,test,0.0068181,0.0068181,6.51,6.51,68.03961333000001,22.453072398900005,45.586540931100004,0.81998,0.8699800000000001,0.6959840000000002
2021-02-02 16:00:00,2021-02-02,16,oos,test,0.0,0.0,8.64,8.64,54.188836665,17.88231609945,36.306520565549995,0.92739,0.9773900000000001,0.7819120000000002
2021-02-02 17:00:00,2021-02-02,17,oos,test,0.0,0.0,25.67,25.67,47.931136665,15.817275099449999,32.113861565549996,0.68567,0.73567,0.5885360000000001
2021-02-02 18:00:00,2021-02-02,18,oos,test,0.0,0.0,24.85,24.85,71.43672,23.574117599999997,47.86260239999999,0.62439,0.67439,0.5395120000000001
2021-02-02 19:00:00,2021-02-02,19,oos,test,0.0,0.0,21.83,21.83,88.150186665,29.089561599450004,59.06062506555,0.53173,0.5817300000000001,0.4653840000000001
2021-02-02 20:00:00,2021-02-02,20,oos,test,0.0,0.0,19.53,19.53,54.059129999999996,17.8395129,36.219617099999994,0.50524,0.5552400000000001,0.4441920000000001
2021-02-02 21:00:00,2021-02-02,21,oos,test,0.0,0.0,18.13,18.13,55.64186667,18.3618160011,37.280050668899996,0.48343,0.5334300000000001,0.42674400000000007
2021-02-02 22:00:00,2021-02-02,22,oos,test,0.0,0.0,23.8,23.8,53.030803335,17.500165100550003,35.530638234449995,0.43606,0.48606,0.388848
2021-02-02 23:00:00,2021-02-02,23,oos,test,0.0,0.0,21.59,21.59,45.02801667,14.8592455011,30.168771168899998,0.401,0.451,0.3608
2021-02-03 00:00:00,2021-02-03,0,oos,test,0.0,0.0,24.59,24.59,38.41764666,12.677823397800001,25.739823262199998,0.38898,0.43898,0.351184
2021-02-03 01:00:00,2021-02-03,1,oos,test,0.0,0.0,18.97,18.97,42.23639334,13.9380098022,28.298383537799996,0.38069,0.43068999999999996,0.34455199999999997
2021-02-03 02:00:00,2021-02-03,2,oos,test,0.0,0.0,14.8,14.8,44.267680005,14.608334401650001,29.659345603349998,0.38255,0.43255,0.34604
2021-02-03 03:00:00,2021-02-03,3,oos,test,0.0,0.0,19.53,19.53,42.98289666,14.184355897800002,28.7985407622,0.401,0.451,0.3608
2021-02-03 04:00:00,2021-02-03,4,oos,test,0.0,0.0,16.08,16.08,40.39332,13.329795600000002,27.0635244,0.42733,0.47733,0.381864
2021-02-03 05:00:00,2021-02-03,5,oos,test,0.0,0.0,19.09,19.09,44.53853667,14.6977171011,29.840819568899995,0.46682,0.5168200000000001,0.41345600000000005
2021-02-03 06:00:00,2021-02-03,6,oos,test,0.0,0.0,18.27,18.27,44.570026665,14.70810879945,29.861917865549998,0.51874,0.56874,0.45499200000000006
2021-02-03 07:00:00,2021-02-03,7,oos,test,0.0022857,0.0022857,20.23,20.23,52.092160005000004,17.19041280165,34.90174720335,0.52247,0.57247,0.45797600000000005
2021-02-03 08:00:00,2021-02-03,8,oos,test,4.2485,4.2485,10.4,10.4,55.05141666,18.1669674978,36.8844491622,0.51791,0.56791,0.45432800000000007
2021-02-03 09:00:00,2021-02-03,9,oos,test,17.7849165,17.7849165,11.47,11.47,52.57200333,17.348761098900003,35.223242231099995,0.51719,0.5671900000000001,0.4537520000000001
2021-02-03 10:00:00,2021-02-03,10,oos,test,25.7556665,25.7556665,7.76,7.76,46.342423335,15.29299970055,31.049423634449997,0.52496,0.57496,0.45996800000000004
2021-02-03 11:00:00,2021-02-03,11,oos,test,29.505667000000003,29.505667000000003,4.55,4.55,44.463336659999996,14.672901097799999,29.790435562199995,0.52465,0.57465,0.45972
2021-02-03 12:00:00,2021-02-03,12,oos,test,28.134417,28.134417,-0.58,0.0,45.967639995,15.16932119835,30.798318796649998,0.52144,0.5714400000000001,0.45715200000000006
2021-02-03 13:00:00,2021-02-03,13,oos,test,21.0746665,21.0746665,-0.59,0.0,44.795519999999996,14.782521599999999,30.012998399999994,0.51335,0.56335,0.45068
2021-02-03 14:00:00,2021-02-03,14,oos,test,9.1154167,9.1154167,-0.71,0.0,48.932539995,16.14773819835,32.784801796649994,0.50796,0.55796,0.44636800000000004
2021-02-03 15:00:00,2021-02-03,15,oos,test,0.0443332999999999,0.0443332999999999,-0.64,0.0,57.728833335,19.05051500055,38.67831833445,0.48993,0.53993,0.43194400000000005
2021-02-03 16:00:00,2021-02-03,16,oos,test,0.0,0.0,-0.66,0.0,52.268983335,17.248764500550003,35.02021883445,0.4627699999999999,0.51277,0.41021599999999997
2021-02-03 17:00:00,2021-02-03,17,oos,test,0.0,0.0,-0.69,0.0,44.78777334,14.779965202200001,30.007808137799998,0.45158,0.50158,0.40126400000000007
2021-02-03 18:00:00,2021-02-03,18,oos,test,0.0,0.0,-0.76,0.0,44.90861667,14.819843501100001,30.088773168899998,0.44205,0.49205,0.39364
2021-02-03 19:00:00,2021-02-03,19,oos,test,0.0,0.0,-0.73,0.0,64.70895333,21.3539545989,43.3549987311,0.44039,0.49039,0.392312
2021-02-03 20:00:00,2021-02-03,20,oos,test,0.0,0.0,-0.85,0.0,62.91835333499999,20.763056600549998,42.15529673444999,0.43313,0.48313,0.386504
2021-02-03 21:00:00,2021-02-03,21,oos,test,0.0,0.0,-0.75,0.0,56.343446670000006,18.5933374011,37.7501092689,0.41613,0.46613,0.372904
2021-02-03 22:00:00,2021-02-03,22,oos,test,0.0,0.0,-0.76,0.0,51.397870005,16.96129710165,34.43657290335,0.38276,0.43276,0.346208
2021-02-03 23:00:00,2021-02-03,23,oos,test,0.0,0.0,-0.8,0.0,41.964073335,13.848144200550001,28.11592913445,0.36198,0.41198,0.32958400000000004
2021-02-04 00:00:00,2021-02-04,0,oos,test,0.0,0.0,-0.75,0.0,42.980173335,14.183457200550002,28.796716134449998,0.35691,0.40691,0.32552800000000004
2021-02-04 01:00:00,2021-02-04,1,oos,test,0.0,0.0,-0.84,0.0,46.04523666,15.1949280978,30.8503085622,0.35152,0.40152,0.321216
2021-02-04 02:00:00,2021-02-04,2,oos,test,0.0,0.0,-0.76,0.0,46.032743339999996,15.1908053022,30.841938037799995,0.35794,0.40793999999999997,0.326352
2021-02-04 03:00:00,2021-02-04,3,oos,test,0.0,0.0,0.19,0.19,49.433696669999996,16.3131199011,33.120576768899994,0.38291,0.43290999999999996,0.34632799999999997
2021-02-04 04:00:00,2021-02-04,4,oos,test,0.0,0.0,-0.75,0.0,48.998416665,16.16947749945,32.82893916555,0.40942,0.45942,0.36753600000000003
2021-02-04 05:00:00,2021-02-04,5,oos,test,0.0,0.0,-0.76,0.0,44.69673333,14.749921998900001,29.946811331099997,0.4116,0.4616,0.36928000000000005
2021-02-04 06:00:00,2021-02-04,6,oos,test,0.0,0.0,4.4,4.4,46.878250005,15.46982250165,31.408427503349994,0.42413,0.47413,0.37930400000000003
2021-02-04 07:00:00,2021-02-04,7,oos,test,0.0025,0.0025,23.73,23.73,53.37125667000001,17.612514701100004,35.758741968900004,0.43407,0.48407,0.38725600000000004
2021-02-04 08:00:00,2021-02-04,8,oos,test,5.1255834,5.1255834,44.42,44.42,56.307319995,18.581415598350002,37.725904396649995,0.44598,0.49598,0.396784
2021-02-04 09:00:00,2021-02-04,9,oos,test,19.89575,19.89575,32.51,32.51,57.857513340000004,19.0929794022,38.764533937799996,0.44722,0.49722,0.397776
2021-02-04 10:00:00,2021-02-04,10,oos,test,27.253667,27.253667,30.43,30.43,47.723116665,15.74862849945,31.974488165549996,0.45033,0.50033,0.40026400000000006
2021-02-04 11:00:00,2021-02-04,11,oos,test,29.706000000000003,29.706000000000003,25.11,25.11,43.01369667,14.194519901100001,28.819176768899997,0.45292,0.50292,0.402336
2021-02-04 12:00:00,2021-02-04,12,oos,test,27.68125,27.68125,18.31,18.31,44.490343335,14.681813300550001,29.808530034449994,0.45427,0.50427,0.403416
2021-02-04 13:00:00,2021-02-04,13,oos,test,20.7024165,20.7024165,12.06,12.06,52.213879995,17.23058039835,34.98329959664999,0.4446299999999999,0.4946299999999999,0.39570399999999994
2021-02-04 14:00:00,2021-02-04,14,oos,test,9.0334167,9.0334167,10.0,10.0,56.947540005,18.79268820165,38.15485180335,0.44277,0.49277,0.394216
2021-02-04 15:00:00,2021-02-04,15,oos,test,0.1171667,0.1171667,3.65,3.65,58.252626660000004,19.2233667978,39.0292598622,0.43832,0.48832,0.390656
2021-02-04 16:00:00,2021-02-04,16,oos,test,0.0,0.0,20.8,20.8,49.84117333499999,16.44758720055,33.39358613444999,0.43283,0.48283,0.386264
2021-02-04 17:00:00,2021-02-04,17,oos,test,0.0,0.0,22.51,22.51,70.861966665,23.38444899945,47.477517665549996,0.42889,0.47889,0.383112
2021-02-04 18:00:00,2021-02-04,18,oos,test,0.0,0.0,25.51,25.51,76.89999333,25.3769977989,51.522995531099994,0.43738,0.48738,0.38990400000000003
2021-02-04 19:00:00,2021-02-04,19,oos,test,0.0,0.0,33.08,33.08,76.34562666,25.1940567978,51.15156986219999,0.43179,0.48179,0.385432
2021-02-04 20:00:00,2021-02-04,20,oos,test,0.0,0.0,28.42,28.42,58.52034666,19.311714397800003,39.2086322622,0.43376,0.48375999999999997,0.387008
2021-02-04 21:00:00,2021-02-04,21,oos,test,0.0,0.0,39.72,39.72,63.15531333,20.8412533989,42.3140599311,0.46628,0.51628,0.413024
2021-02-04 22:00:00,2021-02-04,22,oos,test,0.0,0.0,28.99,28.99,52.558060005,17.34415980165,35.21390020335,0.45271,0.50271,0.402168
2021-02-04 23:00:00,2021-02-04,23,oos,test,0.0,0.0,33.26,33.26,48.19244334,15.9035063022,32.2889370378,0.47099,0.5209900000000001,0.41679200000000005
2021-02-05 00:00:00,2021-02-05,0,oos,test,0.0,0.0,33.46,33.46,43.16979666,14.246032897800001,28.9237637622,0.45487,0.50487,0.40389600000000003
2021-02-05 01:00:00,2021-02-05,1,oos,test,0.0,0.0,36.68,36.68,49.634226659999996,16.3792947978,33.254931862199996,0.43657,0.48657,0.38925600000000005
2021-02-05 02:00:00,2021-02-05,2,oos,test,0.0,0.0,40.38,40.38,43.982779995,14.514317398350002,29.46846259665,0.42582,0.47581999999999997,0.380656
2021-02-05 03:00:00,2021-02-05,3,oos,test,0.0,0.0,34.74,34.74,47.897526660000004,15.806183797800003,32.0913428622,0.42892,0.47892,0.38313600000000003
2021-02-05 04:00:00,2021-02-05,4,oos,test,0.0,0.0,40.87,40.87,54.84104667,18.0975454011,36.7435012689,0.4520699999999999,0.5020699999999999,0.40165599999999996
2021-02-05 05:00:00,2021-02-05,5,oos,test,0.0,0.0,42.44,42.44,52.11375665999999,17.1975396978,34.91621696219999,0.4436,0.4936,0.39488
2021-02-05 06:00:00,2021-02-05,6,oos,test,0.0,0.0,38.69,38.69,49.690286670000006,16.397794601100003,33.2924920689,0.4448399999999999,0.4948399999999999,0.39587199999999995
2021-02-05 07:00:00,2021-02-05,7,oos,test,0.001125,0.001125,40.67,40.67,52.539889994999996,17.338163698349998,35.201726296649994,0.46179,0.51179,0.409432
2021-02-05 08:00:00,2021-02-05,8,oos,test,1.1390833,1.1390833,36.63,36.63,69.21459333,22.8408157989,46.3737775311,0.46262,0.51262,0.410096
2021-02-05 09:00:00,2021-02-05,9,oos,test,14.79475,14.79475,33.58,33.58,53.352810000000005,17.606427300000004,35.7463827,0.48091,0.53091,0.424728
2021-02-05 10:00:00,2021-02-05,10,oos,test,28.064333,28.064333,35.48,35.48,53.86176666,17.7743829978,36.0873836622,0.51006,0.56006,0.448048
2021-02-05 11:00:00,2021-02-05,11,oos,test,27.0805,27.0805,19.34,19.34,49.14634999500001,16.218295498350003,32.92805449665,0.5528500000000001,0.6028500000000001,0.4822800000000001
2021-02-05 12:00:00,2021-02-05,12,oos,test,23.42625,23.42625,8.6,8.6,45.918793335000004,15.153201800550002,30.76559153445,0.54892,0.59892,0.479136
2021-02-05 13:00:00,2021-02-05,13,oos,test,15.621417,15.621417,7.37,7.37,47.29979334,15.6089318022,31.690861537799996,0.5185299999999999,0.56853,0.454824
2021-02-05 14:00:00,2021-02-05,14,oos,test,4.6819166,4.6819166,17.35,17.35,47.110673340000005,15.546522202200002,31.5641511378,0.4991,0.5491,0.43928000000000006
2021-02-05 15:00:00,2021-02-05,15,oos,test,0.0796364,0.0796364,12.17,12.17,70.249219995,23.18224259835,47.066977396649996,0.48742,0.53742,0.42993600000000004
2021-02-05 16:00:00,2021-02-05,16,oos,test,0.0,0.0,-0.0,0.0,59.942460000000004,19.7810118,40.161448199999995,0.49889,0.54889,0.439112
2021-02-05 17:00:00,2021-02-05,17,oos,test,0.0,0.0,-0.62,0.0,69.340360005,22.882318801649998,46.45804120334999,0.48391,0.53391,0.427128
2021-02-05 18:00:00,2021-02-05,18,oos,test,0.0,0.0,1.12,1.12,64.93869332999999,21.4297687989,43.50892453109999,0.4651,0.5151,0.41208
2021-02-05 19:00:00,2021-02-05,19,oos,test,0.0,0.0,-0.6,0.0,55.699169999999995,18.3807261,37.31844389999999,0.45332,0.50332,0.402656
2021-02-05 20:00:00,2021-02-05,20,oos,test,0.0,0.0,-0.6,0.0,50.55989667,16.6847659011,33.8751307689,0.45052,0.50052,0.400416
2021-02-05 21:00:00,2021-02-05,21,oos,test,0.0,0.0,2.12,2.12,45.97596,15.172066800000001,30.803893199999997,0.50117,0.55117,0.44093600000000005
2021-02-05 22:00:00,2021-02-05,22,oos,test,0.0,0.0,-0.65,0.0,46.22901333,15.2555743989,30.9734389311,0.45042,0.50042,0.400336
2021-02-05 23:00:00,2021-02-05,23,oos,test,0.0,0.0,1.76,1.76,49.536730005,16.34712090165,33.18960910335,0.41985,0.46985,0.37588
2021-02-06 00:00:00,2021-02-06,0,oos,test,0.0,0.0,4.28,4.28,51.31584666,16.9342293978,34.381617262199995,0.41242,0.46242,0.36993600000000004
2021-02-06 01:00:00,2021-02-06,1,oos,test,0.0,0.0,9.94,9.94,50.29656666,16.5978669978,33.6986996622,0.40529,0.45529,0.364232
2021-02-06 02:00:00,2021-02-06,2,oos,test,0.0,0.0,11.04,11.04,49.865066670000004,16.455472001100002,33.4095946689,0.3989,0.44889999999999997,0.35912
2021-02-06 03:00:00,2021-02-06,3,oos,test,0.0,0.0,31.31,31.31,50.65061334000001,16.714702402200004,33.9359109378,0.40168,0.45167999999999997,0.361344
2021-02-06 04:00:00,2021-02-06,4,oos,test,0.0,0.0,30.89,30.89,45.72626667,15.089668001100002,30.636598668899996,0.4119,0.4619,0.36952
2021-02-06 05:00:00,2021-02-06,5,oos,test,0.0,0.0,30.01,30.01,45.674359995,15.072538798350001,30.60182119665,0.42077,0.47076999999999997,0.376616
2021-02-06 06:00:00,2021-02-06,6,oos,test,0.0,0.0,37.05,37.05,46.279173330000006,15.272127198900003,31.0070461311,0.43213,0.48213,0.38570400000000005
2021-02-06 07:00:00,2021-02-06,7,oos,test,0.0,0.0,39.02,39.02,55.802383334999995,18.41478650055,37.387596834449994,0.4429599999999999,0.4929599999999999,0.39436799999999994
2021-02-06 08:00:00,2021-02-06,8,oos,test,4.4805,4.4805,35.78,35.78,58.78795999500001,19.400026798350005,39.38793319665,0.51624,0.5662400000000001,0.45299200000000006
2021-02-06 09:00:00,2021-02-06,9,oos,test,14.44875,14.44875,37.41,37.41,61.705393335,20.36277980055,41.342613534449995,0.57435,0.6243500000000001,0.4994800000000001
2021-02-06 10:00:00,2021-02-06,10,oos,test,22.175333,22.175333,26.8,26.8,55.014226664999995,18.15469479945,36.85953186554999,0.54865,0.59865,0.47892
2021-02-06 11:00:00,2021-02-06,11,oos,test,24.8118335,24.8118335,26.73,26.73,76.21629333,25.1513767989,51.064916531099996,0.5171699999999999,0.56717,0.453736
2021-02-06 12:00:00,2021-02-06,12,oos,test,23.700167,23.700167,63.23,63.23,45.747430005,15.09665190165,30.650778103349996,0.49859,0.54859,0.43887200000000004
2021-02-06 13:00:00,2021-02-06,13,oos,test,15.833,15.833,-0.53,0.0,54.102286665,17.853754599450003,36.248532065549995,0.48125,0.53125,0.42500000000000004
2021-02-06 14:00:00,2021-02-06,14,oos,test,1.2396667,1.2396667,-0.59,0.0,55.67006334,18.3711209022,37.298942437799994,0.48291,0.53291,0.42632800000000004
2021-02-06 15:00:00,2021-02-06,15,oos,test,0.00125,0.00125,-0.6,0.0,59.22691333499999,19.544881400549997,39.68203193444999,0.45421,0.50421,0.40336800000000006
2021-02-06 16:00:00,2021-02-06,16,oos,test,0.0,0.0,-0.59,0.0,54.20631666,17.8880844978,36.3182321622,0.44565,0.49565,0.39652
2021-02-06 17:00:00,2021-02-06,17,oos,test,0.0,0.0,-0.57,0.0,56.889179999999996,18.7734294,38.11575059999999,0.43347,0.48347,0.386776
2021-02-06 18:00:00,2021-02-06,18,oos,test,0.0,0.0,5.53,5.53,106.12968665999999,35.022796597799996,71.10689006219998,0.4320199999999999,0.4820199999999999,0.38561599999999996
2021-02-06 19:00:00,2021-02-06,19,oos,test,0.0,0.0,10.17,10.17,70.439020005,23.244876601650002,47.19414340335,0.43326,0.48325999999999997,0.386608
2021-02-06 20:00:00,2021-02-06,20,oos,test,0.0,0.0,3.25,3.25,66.84893334,22.060148002200002,44.78878533779999,0.42821,0.47820999999999997,0.382568
2021-02-06 21:00:00,2021-02-06,21,oos,test,0.0,0.0,2.64,2.64,65.04263334,21.4640690022,43.57856433779999,0.42016,0.47015999999999997,0.376128
2021-02-06 22:00:00,2021-02-06,22,oos,test,0.0,0.0,14.3,14.3,48.621666659999995,16.0451499978,32.57651666219999,0.40901,0.45901,0.367208
2021-02-06 23:00:00,2021-02-06,23,oos,test,0.0,0.0,10.64,10.64,52.045930004999995,17.17515690165,34.87077310334999,0.4115,0.46149999999999997,0.3692
2021-02-07 00:00:00,2021-02-07,0,oos,test,0.0,0.0,17.75,17.75,52.26104667,17.2461454011,35.0149012689,0.3969,0.44689999999999996,0.35752
2021-02-07 01:00:00,2021-02-07,1,oos,test,0.0,0.0,23.01,23.01,55.424783340000005,18.290178502200003,37.1346048378,0.3900099999999999,0.4400099999999999,0.35200799999999993
2021-02-07 02:00:00,2021-02-07,2,oos,test,0.0,0.0,15.01,15.01,52.93104665999999,17.4672453978,35.46380126219999,0.38024,0.43024,0.34419200000000005
2021-02-07 03:00:00,2021-02-07,3,oos,test,0.0,0.0,13.45,13.45,54.46392,17.973093600000002,36.490826399999996,0.38301,0.43301,0.34640800000000005
2021-02-07 04:00:00,2021-02-07,4,oos,test,0.0,0.0,19.39,19.39,49.11539667,16.2080809011,32.9073157689,0.39515,0.44515,0.35612
2021-02-07 05:00:00,2021-02-07,5,oos,test,0.0,0.0,16.99,16.99,48.39060666,15.968900197800002,32.4217064622,0.39217,0.44217,0.35373600000000005
2021-02-07 06:00:00,2021-02-07,6,oos,test,0.0,0.0,15.83,15.83,48.15749334,15.891972802200002,32.2655205378,0.39803,0.44803,0.358424
2021-02-07 07:00:00,2021-02-07,7,oos,test,0.0005556,0.0005556,17.48,17.48,57.03497334,18.821541202200002,38.2134321378,0.41695,0.46695,0.37356
2021-02-07 08:00:00,2021-02-07,8,oos,test,0.6848333,0.6848333,21.04,21.04,62.54726667,20.6405980011,41.9066686689,0.42611,0.47611,0.380888
2021-02-07 09:00:00,2021-02-07,9,oos,test,3.4985,3.4985,15.44,15.44,54.38958333,17.9485624989,36.4410208311,0.42899,0.47898999999999997,0.383192
2021-02-07 10:00:00,2021-02-07,10,oos,test,5.5094168,5.5094168,8.24,8.24,55.218610005,18.22214130165,36.99646870335,0.42981,0.47981,0.383848
2021-02-07 11:00:00,2021-02-07,11,oos,test,32.518917,32.518917,8.35,8.35,58.805946660000004,19.405962397800003,39.3999842622,0.42888,0.47888,0.383104
2021-02-07 12:00:00,2021-02-07,12,oos,test,17.3835835,17.3835835,11.69,11.69,59.24036667,19.5493210011,39.691045668899996,0.4258,0.4758,0.38064000000000003
2021-02-07 13:00:00,2021-02-07,13,oos,test,7.235999999999999,7.235999999999999,14.85,14.85,55.507726665,18.31754979945,37.190176865549994,0.41983,0.46982999999999997,0.375864
2021-02-07 14:00:00,2021-02-07,14,oos,test,1.9044167,1.9044167,4.03,4.03,57.03396000000001,18.821206800000002,38.2127532,0.42107,0.47107,0.376856
2021-02-07 15:00:00,2021-02-07,15,oos,test,0.2920834,0.2920834,-0.62,0.0,67.90656,22.4091648,45.49739519999999,0.43259,0.48258999999999996,0.38607199999999997
2021-02-07 16:00:00,2021-02-07,16,oos,test,0.0,0.0,14.16,14.16,58.27940667,19.2322042011,39.0472024689,0.46036,0.51036,0.40828800000000004
2021-02-07 17:00:00,2021-02-07,17,oos,test,0.0,0.0,3.82,3.82,62.260120005,20.545839601650002,41.714280403349996,0.4583,0.5083,0.40664
2021-02-07 18:00:00,2021-02-07,18,oos,test,0.0,0.0,-0.58,0.0,111.059899995,36.64976699835,74.41013299664999,0.45336,0.50336,0.40268800000000005
2021-02-07 19:00:00,2021-02-07,19,oos,test,0.0,0.0,2.46,2.46,60.042733334999994,19.814102000549997,40.22863133444999,0.4293,0.4793,0.38344
2021-02-07 20:00:00,2021-02-07,20,oos,test,0.0,0.0,12.17,12.17,59.52423333,19.642996998900003,39.8812363311,0.42744,0.47744,0.381952
2021-02-07 21:00:00,2021-02-07,21,oos,test,0.0,0.0,24.7,24.7,56.094253335,18.51110360055,37.58314973445,0.41922,0.46921999999999997,0.375376
2021-02-07 22:00:00,2021-02-07,22,oos,test,0.0,0.0,18.4,18.4,52.874110005,17.44845630165,35.425653703349994,0.39937,0.44937,0.35949600000000004
2021-02-07 23:00:00,2021-02-07,23,oos,test,0.0,0.0,28.86,28.86,48.695573339999996,16.069539202199998,32.62603413779999,0.41202,0.46202,0.369616
2021-02-08 00:00:00,2021-02-08,0,oos,test,0.0,0.0,30.85,30.85,47.640963330000005,15.721517898900002,31.9194454311,0.40543,0.45543,0.364344
2021-02-08 01:00:00,2021-02-08,1,oos,test,0.0,0.0,30.69,30.69,55.11329667,18.1873879011,36.925908768899994,0.40112,0.45111999999999997,0.360896
2021-02-08 02:00:00,2021-02-08,2,oos,test,0.0,0.0,25.61,25.61,52.12358334,17.200782502200003,34.9228008378,0.40369,0.45369,0.362952
2021-02-08 03:00:00,2021-02-08,3,oos,test,0.0,0.0,31.38,31.38,55.55718666,18.3338715978,37.223315062199994,0.41675,0.46675,0.3734
2021-02-08 04:00:00,2021-02-08,4,oos,test,0.0,0.0,14.06,14.06,53.38057666499999,17.615590299449998,35.764986365549994,0.45923,0.5092300000000001,0.4073840000000001
2021-02-08 05:00:00,2021-02-08,5,oos,test,0.0,0.0,18.18,18.18,48.58941333,16.0345063989,32.55490693109999,0.4746499999999999,0.52465,0.41972
2021-02-08 06:00:00,2021-02-08,6,oos,test,0.0,0.0,19.24,19.24,52.024279995,17.16801239835,34.85626759665,0.47105,0.52105,0.41684000000000004
2021-02-08 07:00:00,2021-02-08,7,oos,test,0.0,0.0,16.58,16.58,59.917266659999996,19.772697997799998,40.144568662199994,0.5336900000000001,0.5836900000000002,0.46695200000000014
2021-02-08 08:00:00,2021-02-08,8,oos,test,0.4007499,0.4007499,9.67,9.67,55.29026667,18.245788001100003,37.0444786689,0.58347,0.6334700000000001,0.5067760000000001
2021-02-08 09:00:00,2021-02-08,9,oos,test,1.6056666000000002,1.6056666000000002,4.85,4.85,58.446946665,19.28749239945,39.159454265549996,0.71902,0.76902,0.6152160000000001
2021-02-08 10:00:00,2021-02-08,10,oos,test,9.9810834,9.9810834,7.22,7.22,56.086673340000004,18.508602202200002,37.5780711378,0.66873,0.7187300000000001,0.574984
2021-02-08 11:00:00,2021-02-08,11,oos,test,17.368083499999997,17.368083499999997,0.17,0.17,54.13121334,17.8633004022,36.2679129378,0.63973,0.6897300000000001,0.551784
2021-02-08 12:00:00,2021-02-08,12,oos,test,12.5508334,12.5508334,0.97,0.97,55.85043,18.4306419,37.4197881,0.60517,0.65517,0.524136
2021-02-08 13:00:00,2021-02-08,13,oos,test,23.4827495,23.4827495,-0.51,0.0,55.24706334,18.2315309022,37.0155324378,0.51507,0.5650700000000001,0.45205600000000007
2021-02-08 14:00:00,2021-02-08,14,oos,test,15.0510835,15.0510835,-0.55,0.0,60.63371334,20.009125402200002,40.624587937799994,0.57925,0.6292500000000001,0.5034000000000001
2021-02-08 15:00:00,2021-02-08,15,oos,test,1.61525,1.61525,-0.56,0.0,86.65898667,28.5974656011,58.0615210689,0.5801799999999999,0.63018,0.504144
2021-02-08 16:00:00,2021-02-08,16,oos,test,0.0,0.0,-0.63,0.0,54.79137333,18.0811531989,36.710220131099994,0.59612,0.64612,0.516896
2021-02-08 17:00:00,2021-02-08,17,oos,test,0.0,0.0,15.94,15.94,47.412940004999996,15.64627020165,31.766669803349995,0.60712,0.65712,0.525696
2021-02-08 18:00:00,2021-02-08,18,oos,test,0.0,0.0,27.91,27.91,51.99649999499999,17.15884499835,34.837654996649995,0.6380800000000001,0.6880800000000001,0.5504640000000002
2021-02-08 19:00:00,2021-02-08,19,oos,test,0.0,0.0,29.13,29.13,63.534973335000004,20.96654120055,42.56843213445,0.5134299999999999,0.56343,0.45074400000000003
2021-02-08 20:00:00,2021-02-08,20,oos,test,0.0,0.0,36.86,36.86,103.414426665,34.12676079945,69.28766586554998,0.5125,0.5625,0.45
2021-02-08 21:00:00,2021-02-08,21,oos,test,0.0,0.0,38.0,38.0,56.55606,18.6634998,37.8925602,0.4929599999999999,0.5429599999999999,0.4343679999999999
2021-02-08 22:00:00,2021-02-08,22,oos,test,0.0,0.0,33.69,33.69,59.031833340000006,19.4805050022,39.5513283378,0.46303,0.51303,0.410424
2021-02-08 23:00:00,2021-02-08,23,oos,test,0.0,0.0,37.71,37.71,59.24498667,19.5508456011,39.694141068899995,0.47893,0.52893,0.423144
2021-02-09 00:00:00,2021-02-09,0,oos,test,0.0,0.0,38.7,38.7,57.82518666,19.0823115978,38.74287506219999,0.47708,0.52708,0.42166400000000004
2021-02-09 01:00:00,2021-02-09,1,oos,test,0.0,0.0,41.29,41.29,53.213593335,17.56048580055,35.653107534449994,0.4767699999999999,0.52677,0.421416
2021-02-09 02:00:00,2021-02-09,2,oos,test,0.0,0.0,49.38,49.38,52.934980005,17.468543401650003,35.46643660335,0.47246,0.52246,0.41796800000000006
2021-02-09 03:00:00,2021-02-09,3,oos,test,0.0,0.0,32.75,32.75,53.441173334999995,17.63558720055,35.805586134449996,0.47605,0.52605,0.42084000000000005
2021-02-09 04:00:00,2021-02-09,4,oos,test,0.0,0.0,58.89,58.89,52.058329995,17.17924889835,34.87908109665,0.49216,0.54216,0.433728
2021-02-09 05:00:00,2021-02-09,5,oos,test,0.0,0.0,65.94,65.94,48.51276333,16.0092118989,32.50355143109999,0.5967100000000001,0.6467100000000001,0.5173680000000002
2021-02-09 06:00:00,2021-02-09,6,oos,test,0.0,0.0,45.63,45.63,53.81022666,17.7573747978,36.052851862199994,0.81955,0.86955,0.69564
2021-02-09 07:00:00,2021-02-09,7,oos,test,0.0297272,0.0297272,73.03,73.03,57.440080005,18.955226401650002,38.48485360335,1.12724,1.17724,0.9417920000000001
2021-02-09 08:00:00,2021-02-09,8,oos,test,9.9540833,9.9540833,38.94,38.94,65.839546665,21.72705039945,44.11249626554999,0.8926000000000001,0.9426000000000001,0.7540800000000001
2021-02-09 09:00:00,2021-02-09,9,oos,test,20.9738335,20.9738335,71.08,71.08,61.021333334999994,20.137040000549998,40.88429333444999,0.8407899999999999,0.89079,0.712632
2021-02-09 10:00:00,2021-02-09,10,oos,test,26.5046665,26.5046665,56.43,56.43,58.523713335000004,19.31282540055,39.21088793445,0.7747200000000001,0.8247200000000001,0.6597760000000001
2021-02-09 11:00:00,2021-02-09,11,oos,test,24.099,24.099,61.16,61.16,51.342043335,16.942874300550002,34.39916903445,0.7347,0.7847000000000001,0.6277600000000001
2021-02-09 12:00:00,2021-02-09,12,oos,test,10.37875,10.37875,23.17,23.17,47.987329994999996,15.835818898349999,32.15151109665,0.72085,0.77085,0.6166800000000001
2021-02-09 13:00:00,2021-02-09,13,oos,test,18.7715835,18.7715835,20.65,20.65,56.60392000499999,18.67929360165,37.92462640334999,0.68956,0.73956,0.5916480000000001
2021-02-09 14:00:00,2021-02-09,14,oos,test,16.1979165,16.1979165,44.54,44.54,51.124789995,16.871180698350003,34.25360929665,0.73686,0.78686,0.629488
2021-02-09 15:00:00,2021-02-09,15,oos,test,2.8491667,2.8491667,45.21,45.21,51.99162,17.1572346,34.834385399999995,0.74661,0.79661,0.6372880000000001
2021-02-09 16:00:00,2021-02-09,16,oos,test,0.0,0.0,17.93,17.93,55.15782,18.202080600000002,36.9557394,0.6147699999999999,0.66477,0.531816
2021-02-09 17:00:00,2021-02-09,17,oos,test,0.0,0.0,17.21,17.21,48.199969995000004,15.905990098350001,32.29397989665,0.5608,0.6108,0.48864
2021-02-09 18:00:00,2021-02-09,18,oos,test,0.0,0.0,17.11,17.11,75.41886665999999,24.8882259978,50.53064066219999,0.55372,0.60372,0.48297600000000007
2021-02-09 19:00:00,2021-02-09,19,oos,test,0.0,0.0,12.96,12.96,85.900426665,28.34714079945,57.553285865549995,0.51217,0.5621700000000001,0.4497360000000001
2021-02-09 20:00:00,2021-02-09,20,oos,test,0.0,0.0,12.15,12.15,57.985939995,19.135360198350003,38.850579796649996,0.51001,0.56001,0.448008
2021-02-09 21:00:00,2021-02-09,21,oos,test,0.0,0.0,0.53,0.53,63.284693340000004,20.883948802200003,42.4007445378,0.57116,0.62116,0.49692800000000004
2021-02-09 22:00:00,2021-02-09,22,oos,test,0.0,0.0,-0.41,0.0,52.504666665,17.326539999450002,35.178126665549996,0.51391,0.56391,0.45112800000000003
2021-02-09 23:00:00,2021-02-09,23,oos,test,0.0,0.0,-0.46,0.0,47.80140666,15.7744641978,32.0269424622,0.52849,0.5784900000000001,0.4627920000000001
2021-02-10 00:00:00,2021-02-10,0,oos,test,0.0,0.0,-0.48,0.0,45.421406669999996,14.9890642011,30.432342468899993,0.50848,0.5584800000000001,0.44678400000000007
2021-02-10 01:00:00,2021-02-10,1,oos,test,0.0,0.0,0.15,0.15,50.367153329999994,16.621160598899998,33.74599273109999,0.49617,0.54617,0.43693600000000005
2021-02-10 02:00:00,2021-02-10,2,oos,test,0.0,0.0,3.63,3.63,53.307673335,17.59153220055,35.71614113444999,0.48745,0.53745,0.42996
2021-02-10 03:00:00,2021-02-10,3,oos,test,0.0,0.0,-0.47,0.0,52.170763335000004,17.216351900550002,34.95441143445,0.48929,0.53929,0.43143200000000004
2021-02-10 04:00:00,2021-02-10,4,oos,test,0.0,0.0,-0.53,0.0,52.61151665999999,17.361800497799997,35.24971616219999,0.50489,0.55489,0.44391200000000003
2021-02-10 05:00:00,2021-02-10,5,oos,test,0.0,0.0,-0.56,0.0,52.771483335,17.41458950055,35.35689383445,0.50725,0.55725,0.44580000000000003
2021-02-10 06:00:00,2021-02-10,6,oos,test,0.0,0.0,-0.52,0.0,53.176009995,17.54808329835,35.62792669665,0.51228,0.56228,0.449824
2021-02-10 07:00:00,2021-02-10,7,oos,test,0.0,0.0,-0.5,0.0,62.40411333,20.5933573989,41.8107559311,0.97079,1.02079,0.8166320000000001
2021-02-10 08:00:00,2021-02-10,8,oos,test,0.56375,0.56375,6.21,6.21,64.60970667000001,21.321203201100005,43.288503468900004,0.54348,0.59348,0.47478400000000004
2021-02-10 09:00:00,2021-02-10,9,oos,test,2.0923334,2.0923334,-0.16,0.0,54.78144,18.0778752,36.703564799999995,0.71824,0.76824,0.614592
2021-02-10 10:00:00,2021-02-10,10,oos,test,1.5351666,1.5351666,-0.51,0.0,63.55236666,20.9722809978,42.58008566219999,0.71772,0.7677200000000001,0.614176
2021-02-10 11:00:00,2021-02-10,11,oos,test,9.5991667,9.5991667,-0.48,0.0,51.214676669999996,16.9008433011,34.31383336889999,0.69505,0.74505,0.59604
2021-02-10 12:00:00,2021-02-10,12,oos,test,18.4315,18.4315,-0.59,0.0,45.632029994999996,15.05856989835,30.573460096649995,0.77899,0.82899,0.663192
2021-02-10 13:00:00,2021-02-10,13,oos,test,17.894916000000002,17.894916000000002,2.59,2.59,48.94167,16.1507511,32.7909189,0.54553,0.59553,0.476424
2021-02-10 14:00:00,2021-02-10,14,oos,test,10.9521667,10.9521667,17.69,17.69,50.51190666000001,16.668929197800004,33.842977462200004,0.50581,0.55581,0.44464800000000004
2021-02-10 15:00:00,2021-02-10,15,oos,test,1.6669167,1.6669167,16.96,16.96,56.45736000000001,18.630928800000003,37.8264312,0.50592,0.5559200000000001,0.4447360000000001
2021-02-10 16:00:00,2021-02-10,16,oos,test,0.0,0.0,4.03,4.03,54.52249333499999,17.99242280055,36.53007053444999,0.50263,0.5526300000000001,0.44210400000000005
2021-02-10 17:00:00,2021-02-10,17,oos,test,0.0,0.0,-0.55,0.0,46.92708333,15.485937498900002,31.4411458311,0.49986,0.54986,0.43988800000000006
2021-02-10 18:00:00,2021-02-10,18,oos,test,0.0,0.0,-0.65,0.0,49.792306665,16.43146119945,33.36084546554999,0.50058,0.5505800000000001,0.4404640000000001
2021-02-10 19:00:00,2021-02-10,19,oos,test,0.0,0.0,-0.66,0.0,102.41892666,33.7982457978,68.62068086219999,0.49576,0.54576,0.43660800000000005
2021-02-10 20:00:00,2021-02-10,20,oos,test,0.0,0.0,-0.68,0.0,72.98835333,24.0861565989,48.90219673109999,0.49504,0.54504,0.436032
2021-02-10 21:00:00,2021-02-10,21,oos,test,0.0,0.0,16.36,16.36,62.053660005,20.47770780165,41.57595220334999,0.50397,0.5539700000000001,0.44317600000000007
2021-02-10 22:00:00,2021-02-10,22,oos,test,0.0,0.0,23.21,23.21,57.24074667,18.889446401100003,38.3513002689,0.49935,0.54935,0.43948000000000004
2021-02-10 23:00:00,2021-02-10,23,oos,test,0.0,0.0,38.85,38.85,54.897243329999995,18.116090298899998,36.78115303109999,0.5053500000000001,0.5553500000000001,0.4442800000000001
2021-02-11 00:00:00,2021-02-11,0,oos,test,0.0,0.0,40.98,40.98,57.482473334999995,18.969216200549997,38.513257134449994,0.50657,0.55657,0.44525600000000004
2021-02-11 01:00:00,2021-02-11,1,oos,test,0.0,0.0,47.88,47.88,51.963079995,17.147816398350002,34.81526359665,0.50442,0.55442,0.44353600000000004
2021-02-11 02:00:00,2021-02-11,2,oos,test,0.0,0.0,42.55,42.55,51.18836667,16.8921610011,34.296205668899994,0.5035,0.5535,0.4428
2021-02-11 03:00:00,2021-02-11,3,oos,test,0.0,0.0,36.22,36.22,53.313593340000004,17.593485802200004,35.7201075378,0.49972,0.54972,0.439776
2021-02-11 04:00:00,2021-02-11,4,oos,test,0.0,0.0,35.09,35.09,47.522416664999994,15.68239749945,31.840019165549993,0.49961,0.54961,0.4396880000000001
2021-02-11 05:00:00,2021-02-11,5,oos,test,0.0,0.0,38.9,38.9,49.600646669999996,16.3682134011,33.232433268899996,0.47935,0.52935,0.42348
2021-02-11 06:00:00,2021-02-11,6,oos,test,0.0,0.0,35.4,35.4,55.485479999999995,18.3102084,37.175271599999995,0.48406,0.53406,0.427248
2021-02-11 07:00:00,2021-02-11,7,oos,test,0.0457122,0.0457122,39.37,39.37,62.55618666,20.643541597800002,41.9126450622,0.50719,0.5571900000000001,0.4457520000000001
2021-02-11 08:00:00,2021-02-11,8,oos,test,9.1485835,9.1485835,32.18,32.18,61.362373335,20.249583200550003,41.112790134449995,0.52735,0.57735,0.46188000000000007
2021-02-11 09:00:00,2021-02-11,9,oos,test,17.687250499999998,17.687250499999998,31.05,31.05,58.20806667,19.208662001100002,38.9994046689,0.55703,0.6070300000000001,0.48562400000000006
2021-02-11 10:00:00,2021-02-11,10,oos,test,20.7379995,20.7379995,21.0,21.0,59.19015333,19.5327505989,39.6574027311,0.56736,0.61736,0.49388800000000005
2021-02-11 11:00:00,2021-02-11,11,oos,test,26.226749500000004,26.226749500000004,18.05,18.05,58.17094000499999,19.196410201649996,38.97452980334999,0.6133099999999999,0.66331,0.530648
2021-02-11 12:00:00,2021-02-11,12,oos,test,25.59325,25.59325,3.33,3.33,48.801106665,16.10436519945,32.69674146555,0.56378,0.61378,0.491024
2021-02-11 13:00:00,2021-02-11,13,oos,test,21.4574165,21.4574165,0.19,0.19,53.88974999999999,17.7836175,36.106132499999994,0.5140399999999999,0.56404,0.451232
2021-02-11 14:00:00,2021-02-11,14,oos,test,13.1518335,13.1518335,-0.76,0.0,56.66042667000001,18.697940801100003,37.9624858689,0.5076,0.5576000000000001,0.4460800000000001
2021-02-11 15:00:00,2021-02-11,15,oos,test,2.2825834,2.2825834,-0.72,0.0,57.820606665,19.08080019945,38.73980646555,0.5035,0.5535,0.4428
2021-02-11 16:00:00,2021-02-11,16,oos,test,0.0,0.0,13.64,13.64,58.46244,19.2926052,39.1698348,0.47966,0.52966,0.42372800000000005
2021-02-11 17:00:00,2021-02-11,17,oos,test,0.0,0.0,22.35,22.35,55.67532,18.3728556,37.3024644,0.47986,0.52986,0.42388800000000004
2021-02-11 18:00:00,2021-02-11,18,oos,test,0.0,0.0,47.34,47.34,89.13150666,29.413397197800002,59.71810946219999,0.47526,0.5252600000000001,0.4202080000000001
2021-02-11 19:00:00,2021-02-11,19,oos,test,0.0,0.0,13.26,13.26,84.65876667,27.937393001100002,56.7213736689,0.47168,0.52168,0.41734400000000005
2021-02-11 20:00:00,2021-02-11,20,oos,test,0.0,0.0,73.49,73.49,67.943353335,22.42130660055,45.522046734449994,0.46124,0.51124,0.408992
2021-02-11 21:00:00,2021-02-11,21,oos,test,0.0,0.0,63.5,63.5,54.96662334,18.1389857022,36.827637637799995,0.4596,0.5096,0.40768000000000004
2021-02-11 22:00:00,2021-02-11,22,oos,test,0.0,0.0,96.24,96.24,51.499489995000005,16.99483169835,34.50465829665,0.45182,0.50182,0.40145600000000004
2021-02-11 23:00:00,2021-02-11,23,oos,test,0.0,0.0,82.95,82.95,49.360549995,16.28898149835,33.071568496649995,0.43995,0.48995,0.39196000000000003
2021-02-12 00:00:00,2021-02-12,0,oos,test,0.0,0.0,76.23,76.23,45.86240667,15.1345942011,30.727812468899995,0.43913,0.48913,0.39130400000000004
2021-02-12 01:00:00,2021-02-12,1,oos,test,0.0,0.0,74.69,74.69,53.023303334999994,17.49769010055,35.52561323444999,0.43543,0.48543,0.388344
2021-02-12 02:00:00,2021-02-12,2,oos,test,0.0,0.0,71.56,71.56,56.525359995,18.65336879835,37.87199119665,0.43348,0.48347999999999997,0.386784
2021-02-12 03:00:00,2021-02-12,3,oos,test,0.0,0.0,78.98,78.98,51.185373330000004,16.891173198900002,34.2942001311,0.43133,0.48133,0.385064
2021-02-12 04:00:00,2021-02-12,4,oos,test,0.0,0.0,69.43,69.43,50.17980333,16.5593350989,33.6204682311,0.41387,0.46387,0.37109600000000004
2021-02-12 05:00:00,2021-02-12,5,oos,test,0.0,0.0,71.55,71.55,48.321126660000004,15.945971797800002,32.3751548622,0.38687,0.43687,0.34949600000000003
2021-02-12 06:00:00,2021-02-12,6,oos,test,0.0,0.0,73.4,73.4,51.25193334000001,16.913138002200004,34.3387953378,0.40884,0.45883999999999997,0.367072
2021-02-12 07:00:00,2021-02-12,7,oos,test,0.079,0.079,61.77,61.77,57.488326665,18.97114779945,38.51717886555,0.4151,0.4651,0.37208
2021-02-12 08:00:00,2021-02-12,8,oos,test,11.0176667,11.0176667,-0.52,0.0,63.01617333,20.7953371989,42.22083613109999,0.42239,0.47239,0.377912
2021-02-12 09:00:00,2021-02-12,9,oos,test,17.946832999999998,17.946832999999998,2.78,2.78,57.421326660000005,18.949037797800003,38.4722888622,0.42352,0.47352,0.37881600000000004
2021-02-12 10:00:00,2021-02-12,10,oos,test,26.941917,26.941917,47.25,47.25,51.622756665000004,17.035509699450003,34.58724696555,0.41592,0.46592,0.372736
2021-02-12 11:00:00,2021-02-12,11,oos,test,31.675167,31.675167,42.09,42.09,45.939840000000004,15.160147200000003,30.7796928,0.40812,0.45811999999999997,0.366496
2021-02-12 12:00:00,2021-02-12,12,oos,test,31.522999,31.522999,30.0,30.0,50.00582333999999,16.501921702199997,33.50390163779999,0.40032,0.45032,0.360256
2021-02-12 13:00:00,2021-02-12,13,oos,test,26.713249999999995,26.713249999999995,16.72,16.72,77.70186,25.6416138,52.060246199999995,0.39498,0.44498,0.355984
2021-02-12 14:00:00,2021-02-12,14,oos,test,16.656917,16.656917,19.89,19.89,50.558553329999995,16.6843225989,33.87423073109999,0.40042,0.45042,0.360336
2021-02-12 15:00:00,2021-02-12,15,oos,test,3.43775,3.43775,23.58,23.58,54.11190666,17.856929197800003,36.254977462199996,0.39991,0.44991,0.359928
2021-02-12 16:00:00,2021-02-12,16,oos,test,0.0,0.0,26.75,26.75,54.558073335,18.00416420055,36.553909134449995,0.40124,0.45124,0.360992
2021-02-12 17:00:00,2021-02-12,17,oos,test,0.0,0.0,55.28,55.28,49.397146664999994,16.30105839945,33.096088265549994,0.40186,0.45186,0.36148800000000003
2021-02-12 18:00:00,2021-02-12,18,oos,test,0.0,0.0,60.54,60.54,79.016746665,26.075526399450002,52.941220265549994,0.40022,0.45022,0.36017600000000005
2021-02-12 19:00:00,2021-02-12,19,oos,test,0.0,0.0,81.23,81.23,86.002933335,28.38096800055,57.62196533444999,0.40319,0.45319,0.362552
2021-02-12 20:00:00,2021-02-12,20,oos,test,0.0,0.0,52.29,52.29,62.545746660000006,20.640096397800004,41.9056502622,0.40022,0.45022,0.36017600000000005
2021-02-12 21:00:00,2021-02-12,21,oos,test,0.0,0.0,53.09,53.09,60.427546664999994,19.941090399449998,40.48645626554999,0.41028,0.46027999999999997,0.368224
2021-02-12 22:00:00,2021-02-12,22,oos,test,0.0,0.0,46.29,46.29,58.35348666,19.2566505978,39.0968360622,0.41028,0.46027999999999997,0.368224
2021-02-12 23:00:00,2021-02-12,23,oos,test,0.0,0.0,42.43,42.43,56.00052666,18.4801737978,37.52035286219999,0.36192,0.41192,0.32953600000000005
2021-02-13 00:00:00,2021-02-13,0,oos,test,0.0,0.0,51.51,51.51,58.455379995,19.29027539835,39.165104596649996,0.37767,0.42767,0.342136
2021-02-13 01:00:00,2021-02-13,1,oos,test,0.0,0.0,42.81,42.81,53.063433329999995,17.5109329989,35.55250033109999,0.3809599999999999,0.4309599999999999,0.34476799999999996
2021-02-13 02:00:00,2021-02-13,2,oos,test,0.0,0.0,36.59,36.59,54.132803339999995,17.8638251022,36.26897823779999,0.3858,0.43579999999999997,0.34864
2021-02-13 03:00:00,2021-02-13,3,oos,test,0.0,0.0,33.97,33.97,50.51814333,16.670987298900002,33.8471560311,0.38817,0.43817,0.350536
2021-02-13 04:00:00,2021-02-13,4,oos,test,0.0,0.0,32.33,32.33,49.042510005,16.18402830165,32.858481703349995,0.3830199999999999,0.4330199999999999,0.34641599999999995
2021-02-13 05:00:00,2021-02-13,5,oos,test,0.0,0.0,36.99,36.99,43.510180005,14.358359401650002,29.15182060335,0.37129,0.42129,0.337032
2021-02-13 06:00:00,2021-02-13,6,oos,test,0.0,0.0,21.4,21.4,49.30522333500001,16.270723700550004,33.03449963445,0.36871,0.41870999999999997,0.334968
2021-02-13 07:00:00,2021-02-13,7,oos,test,0.0153636,0.0153636,28.46,28.46,54.258516660000005,17.905310497800002,36.3532061622,0.37612,0.42612,0.34089600000000003
2021-02-13 08:00:00,2021-02-13,8,oos,test,0.7634166,0.7634166,33.41,33.41,52.956343335,17.47559330055,35.48075003445,0.38292,0.43291999999999997,0.346336
2021-02-13 09:00:00,2021-02-13,9,oos,test,1.439,1.439,22.15,22.15,60.362659995,19.91967779835,40.44298219665,0.3830199999999999,0.4330199999999999,0.34641599999999995
2021-02-13 10:00:00,2021-02-13,10,oos,test,2.6643333,2.6643333,25.43,25.43,51.666460005000005,17.049931801650004,34.61652820335,0.39074,0.44073999999999997,0.352592
2021-02-13 11:00:00,2021-02-13,11,oos,test,3.3103333,3.3103333,39.47,39.47,49.997249999999994,16.4990925,33.49815749999999,0.38487,0.43487,0.347896
2021-02-13 12:00:00,2021-02-13,12,oos,test,7.494833300000001,7.494833300000001,49.45,49.45,52.08704667,17.1887254011,34.8983212689,0.38292,0.43291999999999997,0.346336
2021-02-13 13:00:00,2021-02-13,13,oos,test,8.686250000000001,8.686250000000001,50.33,50.33,52.779793334999994,17.41733180055,35.36246153444999,0.37911,0.42911,0.34328800000000004
2021-02-13 14:00:00,2021-02-13,14,oos,test,7.947833299999999,7.947833299999999,35.12,35.12,54.164386664999995,17.874247599449998,36.290139065549994,0.38055,0.43055,0.34444
2021-02-13 15:00:00,2021-02-13,15,oos,test,1.4080833,1.4080833,46.95,46.95,54.551359995,18.00194879835,36.54941119665,0.38652,0.43651999999999996,0.34921599999999997
2021-02-13 16:00:00,2021-02-13,16,oos,test,0.0,0.0,87.97,87.97,51.703966664999996,17.06230899945,34.64165766554999,0.3893,0.43929999999999997,0.35144
2021-02-13 17:00:00,2021-02-13,17,oos,test,0.0,0.0,68.4,68.4,43.95153666,14.5040070978,29.4475295622,0.3895099999999999,0.4395099999999999,0.3516079999999999
2021-02-13 18:00:00,2021-02-13,18,oos,test,0.0,0.0,29.48,29.48,57.68376000000001,19.035640800000003,38.648119200000004,0.3893,0.43929999999999997,0.35144
2021-02-13 19:00:00,2021-02-13,19,oos,test,0.0,0.0,29.32,29.32,69.16662,22.8249846,46.341635399999994,0.38642,0.43642,0.349136
2021-02-13 20:00:00,2021-02-13,20,oos,test,0.0,0.0,18.86,18.86,47.429823330000005,15.651841698900002,31.7779816311,0.38765,0.43765,0.35012
2021-02-13 21:00:00,2021-02-13,21,oos,test,0.0,0.0,19.37,19.37,46.853920005,15.461793601650001,31.392126403349994,0.39064,0.44064,0.352512
2021-02-13 22:00:00,2021-02-13,22,oos,test,0.0,0.0,8.43,8.43,39.804553334999994,13.135502600549998,26.669050734449993,0.3923899999999999,0.4423899999999999,0.35391199999999995
2021-02-13 23:00:00,2021-02-13,23,oos,test,0.0,0.0,2.59,2.59,38.819059995,12.810289798350002,26.00877019665,0.41397,0.46397,0.371176
2021-02-14 00:00:00,2021-02-14,0,oos,test,0.0,0.0,-0.39,0.0,36.669940005,12.101080201650001,24.568859803349998,0.42491,0.47491,0.37992800000000004
2021-02-14 01:00:00,2021-02-14,1,oos,test,0.0,0.0,3.34,3.34,41.760329999999996,13.7809089,27.979421099999996,0.43094,0.48094,0.384752
2021-02-14 02:00:00,2021-02-14,2,oos,test,0.0,0.0,15.74,15.74,41.647186665,13.74357159945,27.903615065549996,0.43872,0.48872,0.390976
2021-02-14 03:00:00,2021-02-14,3,oos,test,0.0,0.0,13.5,13.5,43.99695666,14.518995697800001,29.477960962199997,0.4333,0.4833,0.38664000000000004
2021-02-14 04:00:00,2021-02-14,4,oos,test,0.0,0.0,6.9,6.9,36.61662,12.0834846,24.533135399999995,0.43094,0.48094,0.384752
2021-02-14 05:00:00,2021-02-14,5,oos,test,0.0,0.0,13.68,13.68,34.47722334,11.377483702200001,23.0997396378,0.43493,0.48492999999999997,0.387944
2021-02-14 06:00:00,2021-02-14,6,oos,test,0.0,0.0,24.62,24.62,37.57125333,12.3985135989,25.172739731099995,0.44598,0.49598,0.396784
2021-02-14 07:00:00,2021-02-14,7,oos,test,0.2825,0.2825,32.43,32.43,48.12588332999999,15.881541498899999,32.244341831099995,0.4558999999999999,0.5058999999999999,0.40471999999999997
2021-02-14 08:00:00,2021-02-14,8,oos,test,7.0803333,7.0803333,45.85,45.85,46.303399995,15.280121998350001,31.023277996649995,0.47124,0.52124,0.41699200000000003
2021-02-14 09:00:00,2021-02-14,9,oos,test,18.371083,18.371083,38.4,38.4,55.53993,18.3281769,37.211753099999996,0.47175,0.52175,0.41740000000000005
2021-02-14 10:00:00,2021-02-14,10,oos,test,41.624584,41.624584,54.84,54.84,42.27158334,13.9496225022,28.321960837799995,0.47113,0.52113,0.416904
2021-02-14 11:00:00,2021-02-14,11,oos,test,45.717833,45.717833,31.95,31.95,40.50710667,13.367345201100001,27.139761468899998,0.46152,0.51152,0.409216
2021-02-14 12:00:00,2021-02-14,12,oos,test,43.432668,43.432668,16.46,16.46,39.410419995,13.00543859835,26.404981396649998,0.44577,0.49577,0.396616
2021-02-14 13:00:00,2021-02-14,13,oos,test,32.087833,32.087833,-0.3,0.0,47.768410005,15.76357530165,32.00483470335,0.43483,0.48483,0.387864
2021-02-14 14:00:00,2021-02-14,14,oos,test,16.451583,16.451583,-0.32,0.0,44.66271333,14.738695398900001,29.9240179311,0.44833,0.49833,0.398664
2021-02-14 15:00:00,2021-02-14,15,oos,test,4.732166599999999,4.732166599999999,-0.74,0.0,53.496226664999995,17.65375479945,35.842471865549996,0.4558,0.5058,0.40464000000000006
2021-02-14 16:00:00,2021-02-14,16,oos,test,0.0,0.0,-0.44,0.0,59.372853330000005,19.5930415989,39.7798117311,0.45477,0.50477,0.40381600000000006
2021-02-14 17:00:00,2021-02-14,17,oos,test,0.0,0.0,-0.43,0.0,35.833786665,11.82514959945,24.008637065549998,0.44117,0.49117,0.392936
2021-02-14 18:00:00,2021-02-14,18,oos,test,0.0,0.0,-0.47,0.0,85.652359995,28.26527879835,57.387081196649994,0.43943,0.48943,0.391544
2021-02-14 19:00:00,2021-02-14,19,oos,test,0.0,0.0,-0.53,0.0,50.98872333,16.8262786989,34.162444631099994,0.43422,0.48422,0.387376
2021-02-14 20:00:00,2021-02-14,20,oos,test,0.0,0.0,-0.52,0.0,46.97795334,15.5027246022,31.475228737799995,0.4261399999999999,0.4761399999999999,0.3809119999999999
2021-02-14 21:00:00,2021-02-14,21,oos,test,0.0,0.0,1.3,1.3,44.166033330000005,14.574790998900003,29.5912423311,0.42,0.47,0.376
2021-02-14 22:00:00,2021-02-14,22,oos,test,0.0,0.0,20.47,20.47,45.473833335,15.006365000550002,30.467468334449997,0.41816,0.46815999999999997,0.37452799999999997
2021-02-14 23:00:00,2021-02-14,23,oos,test,0.0,0.0,8.09,8.09,40.277586660000004,13.291603597800002,26.9859830622,0.40037,0.45037,0.360296
2021-02-15 00:00:00,2021-02-15,0,oos,test,0.0,0.0,4.69,4.69,37.37970666,12.3353031978,25.044403462199995,0.3949499999999999,0.4449499999999999,0.35595999999999994
2021-02-15 01:00:00,2021-02-15,1,oos,test,0.0,0.0,5.3,5.3,40.024333335,13.208030000550002,26.816303334449998,0.3883999999999999,0.4383999999999999,0.3507199999999999
2021-02-15 02:00:00,2021-02-15,2,oos,test,0.0,0.0,20.31,20.31,38.900099999999995,12.837032999999998,26.063066999999993,0.38339,0.43339,0.346712
2021-02-15 03:00:00,2021-02-15,3,oos,test,0.0,0.0,6.88,6.88,40.377046665,13.324425399450002,27.05262126555,0.39934,0.44933999999999996,0.359472
2021-02-15 04:00:00,2021-02-15,4,oos,test,0.0,0.0,5.74,5.74,41.401519995,13.662501598350001,27.739018396649996,0.44905,0.49905,0.39924000000000004
2021-02-15 05:00:00,2021-02-15,5,oos,test,0.0,0.0,18.55,18.55,36.73059333,12.121095798899999,24.609497531099997,0.4240899999999999,0.4740899999999999,0.37927199999999994
2021-02-15 06:00:00,2021-02-15,6,oos,test,0.015,0.015,18.14,18.14,37.18202334,12.2700677022,24.9119556378,0.4221499999999999,0.4721499999999999,0.37771999999999994
2021-02-15 07:00:00,2021-02-15,7,oos,test,0.8779167,0.8779167,23.58,23.58,48.48257334,15.999249202200001,32.4833241378,0.42921,0.47920999999999997,0.383368
2021-02-15 08:00:00,2021-02-15,8,oos,test,5.5720001,5.5720001,10.41,10.41,49.163389995,16.22391869835,32.93947129665,0.4336,0.4836,0.38688
2021-02-15 09:00:00,2021-02-15,9,oos,test,6.6635834,6.6635834,2.49,2.49,47.353363335,15.62660990055,31.726753434449996,0.44311,0.49311,0.394488
2021-02-15 10:00:00,2021-02-15,10,oos,test,8.7389167,8.7389167,-0.44,0.0,39.85307334,13.151514202200001,26.701559137799997,0.45559,0.50559,0.404472
2021-02-15 11:00:00,2021-02-15,11,oos,test,11.5998335,11.5998335,-0.41,0.0,42.514210005,14.029689301650002,28.48452070335,0.49517,0.54517,0.4361360000000001
2021-02-15 12:00:00,2021-02-15,12,oos,test,16.370583,16.370583,-0.39,0.0,35.155843335,11.601428300550001,23.55441503445,0.4695,0.5195,0.41559999999999997
2021-02-15 13:00:00,2021-02-15,13,oos,test,19.2030835,19.2030835,-0.37,0.0,37.90169334,12.5075588022,25.3941345378,0.47134,0.52134,0.41707200000000005
2021-02-15 14:00:00,2021-02-15,14,oos,test,6.6979167,6.6979167,-0.39,0.0,38.893243334999994,12.834770300549998,26.058473034449992,0.48105,0.53105,0.42484000000000005
2021-02-15 15:00:00,2021-02-15,15,oos,test,0.7611667,0.7611667,-0.47,0.0,44.04833334,14.5359500022,29.512383337799996,0.49036,0.5403600000000001,0.43228800000000006
2021-02-15 16:00:00,2021-02-15,16,oos,test,0.0,0.0,-0.42,0.0,34.645600005,11.43304800165,23.212552003349998,0.5192,0.5692,0.45536000000000004
2021-02-15 17:00:00,2021-02-15,17,oos,test,0.0,0.0,-0.48,0.0,63.936580004999996,21.09907140165,42.837508603349995,0.51787,0.5678700000000001,0.4542960000000001
2021-02-15 18:00:00,2021-02-15,18,oos,test,0.0,0.0,-0.44,0.0,54.44402667,17.9665288011,36.477497868899995,0.50856,0.5585600000000001,0.4468480000000001
2021-02-15 19:00:00,2021-02-15,19,oos,test,0.0,0.0,4.42,4.42,54.391473330000004,17.9491861989,36.442287131099995,0.50151,0.5515100000000001,0.44120800000000004
2021-02-15 20:00:00,2021-02-15,20,oos,test,0.0,0.0,6.27,6.27,31.609496670000002,10.4311339011,21.178362768899998,0.49292,0.5429200000000001,0.43433600000000006
2021-02-15 21:00:00,2021-02-15,21,oos,test,0.0,0.0,4.4,4.4,35.085076665,11.578075299450001,23.50700136555,0.51143,0.5614300000000001,0.4491440000000001
2021-02-15 22:00:00,2021-02-15,22,oos,test,0.0,0.0,-0.39,0.0,33.53192334,11.0655347022,22.466388637799998,0.47154,0.52154,0.41723200000000005
2021-02-15 23:00:00,2021-02-15,23,oos,test,0.0,0.0,-0.4,0.0,33.121596659999994,10.9301268978,22.191469762199993,0.46129,0.51129,0.40903200000000006
2021-02-16 00:00:00,2021-02-16,0,oos,test,0.0,0.0,-0.39,0.0,31.562796660000004,10.415722897800002,21.1470737622,0.4521,0.5021,0.40168000000000004
2021-02-16 01:00:00,2021-02-16,1,oos,test,0.0,0.0,-0.39,0.0,39.203359995,12.93710879835,26.266251196649996,0.4443399999999999,0.4943399999999999,0.39547199999999993
2021-02-16 02:00:00,2021-02-16,2,oos,test,0.0,0.0,-0.44,0.0,33.56976,11.078020800000001,22.491739199999998,0.43107,0.48107,0.38485600000000003
2021-02-16 03:00:00,2021-02-16,3,oos,test,0.0,0.0,-0.38,0.0,36.55476333,12.0630718989,24.491691431099998,0.43239,0.48239,0.38591200000000003
2021-02-16 04:00:00,2021-02-16,4,oos,test,0.0,0.0,-0.39,0.0,32.332543335,10.669739300549999,21.662804034449994,0.45914,0.50914,0.40731200000000006
2021-02-16 05:00:00,2021-02-16,5,oos,test,0.0,0.0,-0.47,0.0,31.41395334,10.3666046022,21.047348737799997,0.47579,0.52579,0.420632
2021-02-16 06:00:00,2021-02-16,6,oos,test,0.0,0.0,-0.44,0.0,33.04605,10.9051965,22.1408535,0.5786,0.6286,0.5028800000000001
2021-02-16 07:00:00,2021-02-16,7,oos,test,0.6666667,0.6666667,-0.44,0.0,42.80306667,14.1250120011,28.678054668899996,0.5919800000000001,0.6419800000000001,0.5135840000000002
2021-02-16 08:00:00,2021-02-16,8,oos,test,6.2394167000000005,6.2394167000000005,-0.51,0.0,42.469570004999994,14.014958101649999,28.454611903349992,0.4911999999999999,0.5411999999999999,0.43295999999999996
2021-02-16 09:00:00,2021-02-16,9,oos,test,25.1888335,25.1888335,-0.54,0.0,38.095443329999995,12.5714962989,25.523947031099993,0.47987,0.5298700000000001,0.42389600000000005
2021-02-16 10:00:00,2021-02-16,10,oos,test,45.982833,45.982833,-0.43,0.0,36.867439995,12.16625519835,24.701184796649997,0.46874,0.51874,0.414992
2021-02-16 11:00:00,2021-02-16,11,oos,test,50.738834,50.738834,-0.41,0.0,35.596579995,11.74687139835,23.849708596649997,0.46956,0.51956,0.415648
2021-02-16 12:00:00,2021-02-16,12,oos,test,49.723833,49.723833,-0.45,0.0,60.516286664999996,19.97037459945,40.54591206554999,0.46772,0.5177200000000001,0.4141760000000001
2021-02-16 13:00:00,2021-02-16,13,oos,test,42.637667,42.637667,11.41,11.41,44.43170334,14.662462102200001,29.769241237799996,0.46394,0.5139400000000001,0.4111520000000001
2021-02-16 14:00:00,2021-02-16,14,oos,test,23.2666665,23.2666665,75.98,75.98,40.42841334,13.3413764022,27.087036937799997,0.45669,0.50669,0.405352
2021-02-16 15:00:00,2021-02-16,15,oos,test,1.1564167,1.1564167,42.88,42.88,43.73664333,14.4330922989,29.303551031099996,0.45802,0.50802,0.40641600000000005
2021-02-16 16:00:00,2021-02-16,16,oos,test,0.0,0.0,65.55,65.55,42.291226664999996,13.95610479945,28.335121865549993,0.45455,0.50455,0.40364000000000005
2021-02-16 17:00:00,2021-02-16,17,oos,test,0.0,0.0,34.93,34.93,38.618890005,12.74423370165,25.874656303349994,0.45087,0.50087,0.40069600000000005
2021-02-16 18:00:00,2021-02-16,18,oos,test,0.0,0.0,76.97,76.97,35.604963330000004,11.749637898900001,23.8553254311,0.45036,0.50036,0.40028800000000003
2021-02-16 19:00:00,2021-02-16,19,oos,test,0.0,0.0,156.14,156.14,72.06392667,23.7810958011,48.28283086889999,0.4480099999999999,0.4980099999999999,0.39840799999999993
2021-02-16 20:00:00,2021-02-16,20,oos,test,0.0,0.0,92.78,92.78,46.33329666,15.289987897800001,31.0433087622,0.44444,0.49444,0.395552
2021-02-16 21:00:00,2021-02-16,21,oos,test,0.0,0.0,-0.28,0.0,47.25342666,15.593630797800001,31.6597958622,0.45118,0.5011800000000001,0.4009440000000001
2021-02-16 22:00:00,2021-02-16,22,oos,test,0.0,0.0,78.76,78.76,45.51056334,15.0184859022,30.492077437799995,0.4365799999999999,0.4865799999999999,0.38926399999999994
2021-02-16 23:00:00,2021-02-16,23,oos,test,0.0,0.0,44.29,44.29,47.551466669999996,15.6919840011,31.859482668899993,0.38106,0.43106,0.34484800000000004
2021-02-17 00:00:00,2021-02-17,0,oos,test,0.0,0.0,-0.27,0.0,44.879906670000004,14.810369201100002,30.0695374689,0.3776,0.4276,0.34208
2021-02-17 01:00:00,2021-02-17,1,oos,test,0.0,0.0,115.16,115.16,45.599386665,15.04779759945,30.551589065549994,0.38086,0.43085999999999997,0.344688
2021-02-17 02:00:00,2021-02-17,2,oos,test,0.0,0.0,-0.25,0.0,39.74604,13.116193200000001,26.6298468,0.38066,0.43066,0.344528
2021-02-17 03:00:00,2021-02-17,3,oos,test,0.0,0.0,-0.3,0.0,41.64626667,13.743268001100002,27.9029986689,0.38717,0.43717,0.34973600000000005
2021-02-17 04:00:00,2021-02-17,4,oos,test,0.0,0.0,116.52,116.52,37.87922667,12.500144801100001,25.3790818689,0.39379,0.44378999999999996,0.355032
2021-02-17 05:00:00,2021-02-17,5,oos,test,0.0,0.0,-0.24,0.0,36.62342334,12.085729702200002,24.5376936378,0.4031499999999999,0.4531499999999999,0.36251999999999995
2021-02-17 06:00:00,2021-02-17,6,oos,test,0.0,0.0,-0.27,0.0,44.550919995,14.70180359835,29.849116396649997,0.40651,0.45650999999999997,0.365208
2021-02-17 07:00:00,2021-02-17,7,oos,test,0.23675,0.23675,126.56,126.56,51.539393340000004,17.0079998022,34.5313935378,0.42829,0.47829,0.382632
2021-02-17 08:00:00,2021-02-17,8,oos,test,2.9591666,2.9591666,3.36,3.36,42.137280000000004,13.905302400000002,28.2319776,0.42972,0.47972,0.383776
2021-02-17 09:00:00,2021-02-17,9,oos,test,4.6305,4.6305,-0.25,0.0,33.874353330000005,11.178536598900003,22.695816731100003,0.423,0.473,0.3784
2021-02-17 10:00:00,2021-02-17,10,oos,test,9.3175,9.3175,31.62,31.62,36.098629994999996,11.912547898349999,24.186082096649994,0.42819,0.47819,0.382552
2021-02-17 11:00:00,2021-02-17,11,oos,test,9.3679166,9.3679166,82.24,82.24,36.051086670000004,11.896858601100002,24.1542280689,0.41862,0.46862,0.374896
2021-02-17 12:00:00,2021-02-17,12,oos,test,21.1625,21.1625,2.59,2.59,34.737633329999994,11.463418998899998,23.274214331099994,0.4188199999999999,0.4688199999999999,0.37505599999999994
2021-02-17 13:00:00,2021-02-17,13,oos,test,6.2528332,6.2528332,-0.26,0.0,48.63706666499999,16.05023199945,32.58683466554999,0.42218,0.47218,0.377744
2021-02-17 14:00:00,2021-02-17,14,oos,test,1.8332501,1.8332501,-0.38,0.0,42.10100667,13.8933322011,28.207674468899995,0.4234,0.4734,0.37872
2021-02-17 15:00:00,2021-02-17,15,oos,test,3.2263334,3.2263334,-0.4,0.0,26.966179994999997,8.898839398349999,18.067340596649995,0.41994,0.46993999999999997,0.375952
2021-02-17 16:00:00,2021-02-17,16,oos,test,0.0258,0.0258,-0.35,0.0,38.68509,12.7660797,25.9190103,0.41435,0.46435,0.37148000000000003
2021-02-17 17:00:00,2021-02-17,17,oos,test,0.0,0.0,-0.25,0.0,36.004690005,11.881547701650002,24.123142303349997,0.40651,0.45650999999999997,0.365208
2021-02-17 18:00:00,2021-02-17,18,oos,test,0.0,0.0,-0.25,0.0,62.333713335,20.57012540055,41.763587934449994,0.40152,0.45152,0.361216
2021-02-17 19:00:00,2021-02-17,19,oos,test,0.0,0.0,-0.26,0.0,68.01247333500001,22.444116200550003,45.568357134450004,0.39867,0.44867,0.35893600000000003
2021-02-17 20:00:00,2021-02-17,20,oos,test,0.0,0.0,-0.33,0.0,71.787799995,23.689973998350002,48.097825996649995,0.40122,0.45122,0.360976
2021-02-17 21:00:00,2021-02-17,21,oos,test,0.0,0.0,-0.31,0.0,47.33391666,15.620192497800002,31.713724162199995,0.40173,0.45172999999999996,0.361384
2021-02-17 22:00:00,2021-02-17,22,oos,test,0.0,0.0,-0.29,0.0,39.644170005,13.08257610165,26.561593903349998,0.39694,0.44694,0.35755200000000004
2021-02-17 23:00:00,2021-02-17,23,oos,test,0.0,0.0,-0.31,0.0,30.18714,9.9617562,20.225383799999996,0.39635,0.44634999999999997,0.35708
2021-02-18 00:00:00,2021-02-18,0,oos,test,0.0,0.0,-0.31,0.0,32.59592334,10.7566547022,21.839268637799996,0.38961,0.43961,0.351688
2021-02-18 01:00:00,2021-02-18,1,oos,test,0.0,0.0,-0.3,0.0,35.543776664999996,11.729446299449998,23.814330365549996,0.3978899999999999,0.4478899999999999,0.35831199999999996
2021-02-18 02:00:00,2021-02-18,2,oos,test,0.0,0.0,-0.28,0.0,34.862263334999994,11.504546900549999,23.357716434449994,0.39615,0.44615,0.35692
2021-02-18 03:00:00,2021-02-18,3,oos,test,0.0,0.0,-0.24,0.0,34.610710005,11.42153430165,23.18917570335,0.38603,0.43603,0.348824
2021-02-18 04:00:00,2021-02-18,4,oos,test,0.0,0.0,-0.24,0.0,37.303159995,12.31004279835,24.993117196649997,0.40923,0.45922999999999997,0.367384
2021-02-18 05:00:00,2021-02-18,5,oos,test,0.0,0.0,-0.26,0.0,27.551653335,9.092045600550001,18.45960773445,0.39216,0.44216,0.35372800000000004
2021-02-18 06:00:00,2021-02-18,6,oos,test,0.0,0.0,-0.27,0.0,32.797420005,10.82314860165,21.97427140335,0.3992099999999999,0.4492099999999999,0.3593679999999999
2021-02-18 07:00:00,2021-02-18,7,oos,test,0.8974,0.8974,-0.26,0.0,28.253460000000004,9.323641800000003,18.9298182,0.40269,0.45269,0.36215200000000003
2021-02-18 08:00:00,2021-02-18,8,oos,test,19.8364546,19.8364546,0.82,0.82,31.008270000000003,10.232729100000002,20.7755409,0.4067699999999999,0.4567699999999999,0.36541599999999996
2021-02-18 09:00:00,2021-02-18,9,oos,test,18.2495,18.2495,24.59,24.59,32.64323334,10.772267002200001,21.8709663378,0.4093299999999999,0.4593299999999999,0.36746399999999996
2021-02-18 10:00:00,2021-02-18,10,oos,test,23.4181665,23.4181665,8.2,8.2,32.851633335,10.841039000550001,22.010594334449998,0.39523,0.44523,0.35618400000000006
2021-02-18 11:00:00,2021-02-18,11,oos,test,20.357833,20.357833,17.41,17.41,35.333903340000006,11.660188102200003,23.673715237800003,0.37786,0.42785999999999996,0.342288
2021-02-18 12:00:00,2021-02-18,12,oos,test,28.218584,28.218584,35.17,35.17,35.50811667,11.7176785011,23.790438168899996,0.37459,0.42458999999999997,0.339672
2021-02-18 13:00:00,2021-02-18,13,oos,test,15.03075,15.03075,58.13,58.13,32.962019999999995,10.877466599999998,22.084553399999994,0.3734599999999999,0.4234599999999999,0.33876799999999996
2021-02-18 14:00:00,2021-02-18,14,oos,test,16.35875,16.35875,-0.29,0.0,34.371213329999996,11.342500398899999,23.028712931099996,0.37357,0.42357,0.33885600000000005
2021-02-18 15:00:00,2021-02-18,15,oos,test,0.7222500000000001,0.7222500000000001,-0.27,0.0,35.193346665,11.61380439945,23.579542265549996,0.37653,0.42652999999999996,0.34122399999999997
2021-02-18 16:00:00,2021-02-18,16,oos,test,0.0,0.0,5.98,5.98,34.072546665000004,11.243940399450002,22.82860626555,0.37786,0.42785999999999996,0.342288
2021-02-18 17:00:00,2021-02-18,17,oos,test,0.0,0.0,79.9,79.9,67.53739333499999,22.287339800549997,45.25005353444999,0.39942,0.44942,0.359536
2021-02-18 18:00:00,2021-02-18,18,oos,test,0.0,0.0,95.9,95.9,44.32142334,14.626069702200002,29.6953536378,0.39952,0.44952,0.359616
2021-02-18 19:00:00,2021-02-18,19,oos,test,0.0,0.0,12.23,12.23,42.296689995,13.95790769835,28.33878229665,0.3988,0.4488,0.35904
2021-02-18 20:00:00,2021-02-18,20,oos,test,0.0,0.0,-0.28,0.0,35.41248666,11.6861205978,23.726366062199997,0.40279,0.45278999999999997,0.362232
2021-02-18 21:00:00,2021-02-18,21,oos,test,0.0,0.0,9.33,9.33,41.28512667,13.624091801099999,27.661034868899996,0.38409,0.43409,0.347272
2021-02-18 22:00:00,2021-02-18,22,oos,test,0.0,0.0,22.49,22.49,38.828666670000004,12.813460001100001,26.0152066689,0.3720299999999999,0.4220299999999999,0.3376239999999999
2021-02-18 23:00:00,2021-02-18,23,oos,test,0.0,0.0,70.4,70.4,33.63168666,11.0984565978,22.533230062199998,0.37938,0.42938,0.34350400000000003
2021-02-19 00:00:00,2021-02-19,0,oos,test,0.0,0.0,98.51,98.51,27.785203335,9.16911710055,18.616086234449998,0.37857,0.42857,0.34285600000000005
2021-02-19 01:00:00,2021-02-19,1,oos,test,0.0,0.0,-0.26,0.0,34.60856667,11.420827001100001,23.187739668899997,0.37775,0.42774999999999996,0.3422
2021-02-19 02:00:00,2021-02-19,2,oos,test,0.0,0.0,-0.28,0.0,32.760943335,10.811111300550001,21.949832034449997,0.3745799999999999,0.4245799999999999,0.33966399999999997
2021-02-19 03:00:00,2021-02-19,3,oos,test,0.0,0.0,70.45,70.45,32.788453335,10.82018960055,21.968263734449998,0.3845,0.4345,0.3476
2021-02-19 04:00:00,2021-02-19,4,oos,test,0.0,0.0,66.75,66.75,35.60796,11.750626800000001,23.857333199999996,0.38767,0.43767,0.350136
2021-02-19 05:00:00,2021-02-19,5,oos,test,0.0,0.0,-0.25,0.0,36.84096666,12.1575189978,24.683447662199995,0.38337,0.43337,0.346696
2021-02-19 06:00:00,2021-02-19,6,oos,test,0.0,0.0,-0.26,0.0,36.24644334,11.9613263022,24.285117037799996,0.38838,0.43838,0.350704
2021-02-19 07:00:00,2021-02-19,7,oos,test,0.0,0.0,-0.03,0.0,35.53982334,11.7281417022,23.811681637799996,0.4173199999999999,0.4673199999999999,0.37385599999999997
2021-02-19 08:00:00,2021-02-19,8,oos,test,0.2123333,0.2123333,-0.0,0.0,38.96669667,12.8590099011,26.107686768899995,0.45986,0.50986,0.40788800000000003
2021-02-19 09:00:00,2021-02-19,9,oos,test,0.18175,0.18175,-0.0,0.0,42.140959995,13.906516798350001,28.23444319665,0.51447,0.56447,0.45157600000000003
2021-02-19 10:00:00,2021-02-19,10,oos,test,0.0,0.0,-0.0,0.0,33.59363667,11.085900101100002,22.5077365689,0.48696,0.53696,0.429568
2021-02-19 11:00:00,2021-02-19,11,oos,test,0.0,0.0,-0.0,0.0,25.479268335,8.40815855055,17.071109784449998,0.47224,0.52224,0.41779200000000005
2021-02-19 12:00:00,2021-02-19,12,oos,test,4.2334168,4.2334168,0.35,0.35,23.075371665,7.61487264945,15.460499015549997,0.44381,0.49380999999999997,0.395048
2021-02-19 13:00:00,2021-02-19,13,oos,test,40.213083,40.213083,8.37,8.37,32.566120005,10.746819601650001,21.81930040335,0.44575,0.49574999999999997,0.3966
2021-02-19 14:00:00,2021-02-19,14,oos,test,24.8930835,24.8930835,0.18,0.18,34.54473666,11.3997630978,23.144973562199997,0.51048,0.5604800000000001,0.4483840000000001
2021-02-19 15:00:00,2021-02-19,15,oos,test,2.5254167,2.5254167,2.99,2.99,36.745166669999996,12.1259050011,24.619261668899995,0.50527,0.55527,0.44421600000000006
2021-02-19 16:00:00,2021-02-19,16,oos,test,0.0,0.0,5.33,5.33,56.074633335,18.50462900055,37.57000433445,0.4940199999999999,0.54402,0.435216
2021-02-19 17:00:00,2021-02-19,17,oos,test,0.0,0.0,9.17,9.17,46.062499994999996,15.20062499835,30.861874996649995,0.45608,0.50608,0.404864
2021-02-19 18:00:00,2021-02-19,18,oos,test,0.0,0.0,20.4,20.4,40.085260004999995,13.22813580165,26.857124203349994,0.41875,0.46875,0.375
2021-02-19 19:00:00,2021-02-19,19,oos,test,0.0,0.0,21.71,21.71,34.42995666,11.361885697800002,23.0680709622,0.40004,0.45004,0.360032
2021-02-19 20:00:00,2021-02-19,20,oos,test,0.0,0.0,12.32,12.32,28.10163,9.273537900000001,18.8280921,0.39155,0.44155,0.35324
2021-02-19 21:00:00,2021-02-19,21,oos,test,0.0,0.0,-0.29,0.0,30.561569999999996,10.085318099999999,20.476251899999994,0.38767,0.43767,0.350136
2021-02-19 22:00:00,2021-02-19,22,oos,test,0.0,0.0,-0.3,0.0,27.748435004999997,9.156983551649999,18.591451453349997,0.3801,0.4301,0.34408
2021-02-19 23:00:00,2021-02-19,23,oos,test,0.0,0.0,-0.45,0.0,30.80792667,10.1666158011,20.6413108689,0.39651,0.44650999999999996,0.35720799999999997
2021-02-20 00:00:00,2021-02-20,0,oos,test,0.0,0.0,-0.5,0.0,29.59482666,9.7662927978,19.828533862199997,0.38566,0.43566,0.348528
2021-02-20 01:00:00,2021-02-20,1,oos,test,0.0,0.0,-0.42,0.0,37.493599995,12.372887998349999,25.120711996649995,0.37224,0.42224,0.33779200000000004
2021-02-20 02:00:00,2021-02-20,2,oos,test,0.0,0.0,-0.41,0.0,32.798299995,10.823438998350001,21.974860996649998,0.36927,0.41927,0.335416
2021-02-20 03:00:00,2021-02-20,3,oos,test,0.0,0.0,-0.41,0.0,32.572036665,10.748772099450001,21.823264565549998,0.36937,0.41936999999999997,0.335496
2021-02-20 04:00:00,2021-02-20,4,oos,test,0.0,0.0,4.03,4.03,30.131410005,9.943365301650001,20.18804470335,0.34961,0.39960999999999997,0.31968799999999997
2021-02-20 05:00:00,2021-02-20,5,oos,test,0.0,0.0,13.82,13.82,29.433703335,9.71312210055,19.720581234449998,0.36999,0.41999,0.335992
2021-02-20 06:00:00,2021-02-20,6,oos,test,0.0,0.0,8.07,8.07,29.440693335000002,9.71542880055,19.725264534449998,0.37091,0.42091,0.336728
2021-02-20 07:00:00,2021-02-20,7,oos,test,0.0579166,0.0579166,7.48,7.48,39.21099,12.939626700000002,26.271363299999997,0.38555,0.43555,0.34844
2021-02-20 08:00:00,2021-02-20,8,oos,test,1.8741667,1.8741667,-0.28,0.0,35.639056665,11.76088869945,23.878167965549995,0.39047,0.44047,0.352376
2021-02-20 09:00:00,2021-02-20,9,oos,test,2.7930834,2.7930834,-0.34,0.0,29.088810000000002,9.599307300000001,19.4895027,0.37142,0.42141999999999996,0.337136
2021-02-20 10:00:00,2021-02-20,10,oos,test,2.2335000000000003,2.2335000000000003,-0.24,0.0,24.82370334,8.191822102200002,16.6318812378,0.36948,0.41947999999999996,0.335584
2021-02-20 11:00:00,2021-02-20,11,oos,test,2.8815833,2.8815833,-0.27,0.0,25.60998666,8.4512955978,17.1586910622,0.36323,0.41323,0.330584
2021-02-20 12:00:00,2021-02-20,12,oos,test,2.4415,2.4415,-0.35,0.0,26.442364995,8.72598044835,17.716384546649998,0.3575,0.4075,0.326
2021-02-20 13:00:00,2021-02-20,13,oos,test,4.5884166,4.5884166,-0.37,0.0,34.02882333,11.229511698900001,22.7993116311,0.35483,0.40482999999999997,0.323864
2021-02-20 14:00:00,2021-02-20,14,oos,test,4.4599168,4.4599168,-0.25,0.0,60.201693330000005,19.8665587989,40.335134531099996,0.35279,0.40279,0.322232
2021-02-20 15:00:00,2021-02-20,15,oos,test,0.5558333,0.5558333,-0.26,0.0,36.60269667,12.0788899011,24.5238067689,0.3782799999999999,0.4282799999999999,0.34262399999999993
2021-02-20 16:00:00,2021-02-20,16,oos,test,0.0,0.0,-0.29,0.0,32.466286665,10.71387459945,21.752412065549997,0.40972,0.45971999999999996,0.367776
2021-02-20 17:00:00,2021-02-20,17,oos,test,0.0,0.0,-0.3,0.0,49.467493335,16.324272800550002,33.143220534449995,0.42263,0.47263,0.378104
2021-02-20 18:00:00,2021-02-20,18,oos,test,0.0,0.0,-0.37,0.0,59.360246669999995,19.5888814011,39.77136526889999,0.40798,0.45798,0.36638400000000004
2021-02-20 19:00:00,2021-02-20,19,oos,test,0.0,0.0,-0.35,0.0,42.992569995000004,14.187548098350002,28.80502189665,0.3715299999999999,0.4215299999999999,0.33722399999999997
2021-02-20 20:00:00,2021-02-20,20,oos,test,0.0,0.0,-0.36,0.0,39.89744334,13.166156302200001,26.731287037799998,0.34091,0.39091,0.312728
2021-02-20 21:00:00,2021-02-20,21,oos,test,0.0,0.0,-0.29,0.0,32.790769995,10.82095409835,21.969815896649997,0.33661,0.38661,0.309288
2021-02-20 22:00:00,2021-02-20,22,oos,test,0.0,0.0,-0.34,0.0,33.322579995,10.99645139835,22.326128596649998,0.32237,0.37237,0.297896
2021-02-20 23:00:00,2021-02-20,23,oos,test,0.0,0.0,-0.38,0.0,30.818980005,10.17026340165,20.64871660335,0.30816,0.35816,0.286528
2021-02-21 00:00:00,2021-02-21,0,oos,test,0.0,0.0,-0.33,0.0,32.69402667,10.7890288011,21.904997868899997,0.30343,0.35342999999999997,0.282744
2021-02-21 01:00:00,2021-02-21,1,oos,test,0.0,0.0,-0.32,0.0,38.16057333,12.5929891989,25.567584131099995,0.29571,0.34570999999999996,0.276568
2021-02-21 02:00:00,2021-02-21,2,oos,test,0.0,0.0,11.21,11.21,42.411060000000006,13.995649800000002,28.4154102,0.2950899999999999,0.3450899999999999,0.27607199999999993
2021-02-21 03:00:00,2021-02-21,3,oos,test,0.0,0.0,9.73,9.73,38.54366334,12.719408902200001,25.824254437799997,0.29849,0.34848999999999997,0.278792
2021-02-21 04:00:00,2021-02-21,4,oos,test,0.0,0.0,24.66,24.66,33.540853335,11.068481600550001,22.47237173445,0.30631,0.35631,0.285048
2021-02-21 05:00:00,2021-02-21,5,oos,test,0.0,0.0,18.47,18.47,28.040796659999998,9.2534628978,18.787333762199996,0.30785,0.35785,0.28628000000000003
2021-02-21 06:00:00,2021-02-21,6,oos,test,0.0,0.0,-0.0,0.0,32.42664,10.7007912,21.725848799999998,0.30919,0.35919,0.287352
2021-02-21 07:00:00,2021-02-21,7,oos,test,0.3963334,0.3963334,-0.0,0.0,41.478250005,13.68782250165,27.790427503349996,0.3307,0.3807,0.30456
2021-02-21 08:00:00,2021-02-21,8,oos,test,1.7483333,1.7483333,153.68,153.68,38.77059666,12.7942968978,25.9762997622,0.35592,0.40592,0.324736
2021-02-21 09:00:00,2021-02-21,9,oos,test,4.4688332,4.4688332,95.54,95.54,34.269423329999995,11.308909698899999,22.960513631099996,0.34398,0.39398,0.315184
2021-02-21 10:00:00,2021-02-21,10,oos,test,9.0134167,9.0134167,16.77,16.77,30.21843333,9.972082998900001,20.246350331099997,0.34141,0.39141,0.313128
2021-02-21 11:00:00,2021-02-21,11,oos,test,23.1146665,23.1146665,2.25,2.25,22.481215005,7.41880095165,15.062414053349999,0.34645,0.39644999999999997,0.31716
2021-02-21 12:00:00,2021-02-21,12,oos,test,51.827334,51.827334,-0.26,0.0,21.420865005,7.06888545165,14.351979553349999,0.34593,0.39593,0.316744
2021-02-21 13:00:00,2021-02-21,13,oos,test,39.648917,39.648917,-0.26,0.0,28.48167333,9.3989521989,19.082721131099998,0.35273,0.40273,0.322184
2021-02-21 14:00:00,2021-02-21,14,oos,test,19.0388335,19.0388335,-0.28,0.0,27.551368335,9.09195155055,18.45941678445,0.3700199999999999,0.4200199999999999,0.3360159999999999
2021-02-21 15:00:00,2021-02-21,15,oos,test,3.9093334,3.9093334,1.9,1.9,31.524603329999998,10.4031190989,21.121484231099995,0.41294,0.46293999999999996,0.370352
2021-02-21 16:00:00,2021-02-21,16,oos,test,0.0576,0.0576,-0.33,0.0,33.326713335,10.997815400550001,22.328897934449998,0.4370199999999999,0.4870199999999999,0.38961599999999996
2021-02-21 17:00:00,2021-02-21,17,oos,test,0.0,0.0,-0.12,0.0,42.993013335,14.18769440055,28.805318934449996,0.45874,0.50874,0.406992
2021-02-21 18:00:00,2021-02-21,18,oos,test,0.0,0.0,3.7,3.7,50.692046669999996,16.7283754011,33.96367126889999,0.44814,0.49813999999999997,0.398512
2021-02-21 19:00:00,2021-02-21,19,oos,test,0.0,0.0,-0.3,0.0,57.470866665,18.965385999450003,38.505480665549996,0.42189,0.47189,0.377512
2021-02-21 20:00:00,2021-02-21,20,oos,test,0.0,0.0,-0.27,0.0,37.855426664999996,12.49229079945,25.363135865549996,0.4172599999999999,0.4672599999999999,0.3738079999999999
2021-02-21 21:00:00,2021-02-21,21,oos,test,0.0,0.0,-0.27,0.0,29.00418,9.571379400000001,19.4328006,0.42189,0.47189,0.377512
2021-02-21 22:00:00,2021-02-21,22,oos,test,0.0,0.0,-0.32,0.0,25.563118335,8.43582905055,17.127289284449997,0.4061499999999999,0.4561499999999999,0.3649199999999999
2021-02-21 23:00:00,2021-02-21,23,oos,test,0.0,0.0,-0.31,0.0,25.830366659999996,8.5240209978,17.306345662199995,0.40018,0.45017999999999997,0.360144
2021-02-22 00:00:00,2021-02-22,0,oos,test,0.0,0.0,-0.41,0.0,22.618066665,7.46396199945,15.15410466555,0.39307,0.44306999999999996,0.354456
2021-02-22 01:00:00,2021-02-22,1,oos,test,0.0,0.0,-0.31,0.0,30.762820005000002,10.151730601650002,20.61108940335,0.38072,0.43072,0.344576
2021-02-22 02:00:00,2021-02-22,2,oos,test,0.0,0.0,-0.33,0.0,33.41427666,11.0267112978,22.387565362199997,0.37939,0.42939,0.34351200000000004
2021-02-22 03:00:00,2021-02-22,3,oos,test,0.0,0.0,-0.38,0.0,34.30262667,11.319866801100002,22.9827598689,0.38309,0.43309,0.346472
2021-02-22 04:00:00,2021-02-22,4,oos,test,0.0,0.0,-0.35,0.0,32.773336665,10.815201099450002,21.95813556555,0.4044,0.45439999999999997,0.36352
2021-02-22 05:00:00,2021-02-22,5,oos,test,0.0,0.0,-0.39,0.0,32.62971333,10.7678053989,21.8619079311,0.43085,0.48085,0.38468
2021-02-22 06:00:00,2021-02-22,6,oos,test,0.0,0.0,-0.37,0.0,32.46603,10.713789900000002,21.7522401,0.4678,0.5178,0.41424000000000005
2021-02-22 07:00:00,2021-02-22,7,oos,test,0.7833333,0.7833333,-0.37,0.0,44.009296665,14.523067899450002,29.48622876555,0.48138,0.53138,0.425104
2021-02-22 08:00:00,2021-02-22,8,oos,test,2.8049167,2.8049167,-0.36,0.0,49.144586669999995,16.217713601099998,32.926873068899994,0.47305,0.52305,0.41844000000000003
2021-02-22 09:00:00,2021-02-22,9,oos,test,5.8649168000000005,5.8649168000000005,-0.34,0.0,39.73269333,13.1117887989,26.620904531099995,0.46296,0.51296,0.410368
2021-02-22 10:00:00,2021-02-22,10,oos,test,5.199749799999999,5.199749799999999,-0.36,0.0,39.01782333,12.8758816989,26.141941631099996,0.4540099999999999,0.50401,0.403208
2021-02-22 11:00:00,2021-02-22,11,oos,test,9.8233333,9.8233333,-0.31,0.0,40.147963335,13.248827900550001,26.89913543445,0.44495,0.49495,0.39596000000000003
2021-02-22 12:00:00,2021-02-22,12,oos,test,15.947917,15.947917,-0.41,0.0,46.38669333,15.3076087989,31.079084531099998,0.43569,0.48569,0.388552
2021-02-22 13:00:00,2021-02-22,13,oos,test,9.2532499,9.2532499,-0.33,0.0,36.94536,12.191968800000001,24.7533912,0.44721,0.49721,0.397768
2021-02-22 14:00:00,2021-02-22,14,oos,test,3.0462499,3.0462499,-0.28,0.0,66.827659995,22.05312779835,44.77453219665,0.45812,0.50812,0.406496
2021-02-22 15:00:00,2021-02-22,15,oos,test,0.2296667,0.2296667,-0.39,0.0,42.58286334,14.052344902200002,28.530518437799998,0.4675899999999999,0.5175899999999999,0.41407199999999994
2021-02-22 16:00:00,2021-02-22,16,oos,test,0.0,0.0,-0.34,0.0,35.962840005000004,11.867737201650002,24.09510280335,0.4675899999999999,0.5175899999999999,0.41407199999999994
2021-02-22 17:00:00,2021-02-22,17,oos,test,0.0,0.0,-0.28,0.0,34.732453335,11.461709600550002,23.27074373445,0.46203,0.51203,0.409624
2021-02-22 18:00:00,2021-02-22,18,oos,test,0.0,0.0,-0.35,0.0,48.321169995000005,15.945986098350003,32.37518389665,0.4490699999999999,0.4990699999999999,0.39925599999999994
2021-02-22 19:00:00,2021-02-22,19,oos,test,0.0,0.0,7.02,7.02,60.879720000000006,20.090307600000003,40.789412399999996,0.42735,0.47735,0.38188
2021-02-22 20:00:00,2021-02-22,20,oos,test,0.0,0.0,-0.48,0.0,47.058019995,15.529146598350001,31.52887339665,0.41747,0.46747,0.37397600000000003
2021-02-22 21:00:00,2021-02-22,21,oos,test,0.0,0.0,-0.33,0.0,42.12342,13.9007286,28.2226914,0.4115,0.46149999999999997,0.3692
2021-02-22 22:00:00,2021-02-22,22,oos,test,0.0,0.0,-0.27,0.0,41.711206665000006,13.764698199450002,27.94650846555,0.38659,0.43659,0.349272
2021-02-22 23:00:00,2021-02-22,23,oos,test,0.0,0.0,-0.32,0.0,33.84764334,11.1697223022,22.677921037799997,0.3734599999999999,0.4234599999999999,0.33876799999999996
2021-02-23 00:00:00,2021-02-23,0,oos,test,0.0,0.0,-0.3,0.0,30.561786659999996,10.085389597799999,20.476397062199997,0.36448,0.41448,0.33158400000000005
2021-02-23 01:00:00,2021-02-23,1,oos,test,0.0,0.0,-0.29,0.0,38.692879995,12.76865039835,25.924229596649997,0.36201,0.41201,0.329608
2021-02-23 02:00:00,2021-02-23,2,oos,test,0.0,0.0,-0.34,0.0,36.52976667,12.0548230011,24.474943668899996,0.36376,0.41375999999999996,0.33100799999999997
2021-02-23 03:00:00,2021-02-23,3,oos,test,0.0,0.0,-0.07,0.0,35.91764334,11.8528223022,24.064821037799994,0.3601499999999999,0.4101499999999999,0.32811999999999997
2021-02-23 04:00:00,2021-02-23,4,oos,test,0.0,0.0,5.96,5.96,35.323243335,11.656670300550001,23.666573034449996,0.36644,0.41644,0.333152
2021-02-23 05:00:00,2021-02-23,5,oos,test,0.0,0.0,12.79,12.79,31.37802,10.3547466,21.023273399999997,0.3847,0.4347,0.34776
2021-02-23 06:00:00,2021-02-23,6,oos,test,0.004,0.004,11.02,11.02,31.214746665,10.300866399450001,20.91388026555,0.38243,0.43243,0.34594400000000003
2021-02-23 07:00:00,2021-02-23,7,oos,test,5.6737498,5.6737498,17.03,17.03,40.178833335,13.25901500055,26.919818334449996,0.3973899999999999,0.4473899999999999,0.35791199999999995
2021-02-23 08:00:00,2021-02-23,8,oos,test,29.784083000000003,29.784083000000003,24.53,24.53,37.314619995,12.313824598350001,25.00079539665,0.40534,0.45533999999999997,0.364272
2021-02-23 09:00:00,2021-02-23,9,oos,test,44.725666,44.725666,22.92,22.92,27.73205334,9.1515776022,18.580475737799997,0.4251399999999999,0.4751399999999999,0.38011199999999995
2021-02-23 10:00:00,2021-02-23,10,oos,test,34.128916000000004,34.128916000000004,3.25,3.25,27.921430004999998,9.21407190165,18.707358103349996,0.41266,0.46266,0.370128
2021-02-23 11:00:00,2021-02-23,11,oos,test,22.12,22.12,3.53,3.53,30.861706665,10.18436319945,20.67734346555,0.4012099999999999,0.4512099999999999,0.36096799999999996
2021-02-23 12:00:00,2021-02-23,12,oos,test,14.0759165,14.0759165,-0.08,0.0,38.46638667,12.6939076011,25.772479068899997,0.39481,0.44481,0.355848
2021-02-23 13:00:00,2021-02-23,13,oos,test,13.484917,13.484917,-0.26,0.0,46.338619995,15.291744598350002,31.046875396649998,0.3973899999999999,0.4473899999999999,0.35791199999999995
2021-02-23 14:00:00,2021-02-23,14,oos,test,14.165667,14.165667,0.09,0.09,46.32204333,15.2862742989,31.035769031099996,0.40059,0.45059,0.360472
2021-02-23 15:00:00,2021-02-23,15,oos,test,2.1709999,2.1709999,10.81,10.81,35.742529995,11.79503489835,23.947495096649995,0.3913,0.44129999999999997,0.35304
2021-02-23 16:00:00,2021-02-23,16,oos,test,0.0,0.0,7.89,7.89,34.533499995,11.396054998350001,23.137444996649997,0.38233,0.43233,0.345864
2021-02-23 17:00:00,2021-02-23,17,oos,test,0.0,0.0,19.35,19.35,31.397440005,10.36115520165,21.036284803349997,0.37078,0.42078,0.33662400000000003
2021-02-23 18:00:00,2021-02-23,18,oos,test,0.0,0.0,29.13,29.13,64.19145333,21.1831795989,43.0082737311,0.36624,0.41624,0.332992
2021-02-23 19:00:00,2021-02-23,19,oos,test,0.0,0.0,38.5,38.5,48.20226000000001,15.906745800000005,32.2955142,0.36985,0.41985,0.33588
2021-02-23 20:00:00,2021-02-23,20,oos,test,0.0,0.0,65.23,65.23,36.16590333,11.9347480989,24.231155231099997,0.36943,0.41942999999999997,0.335544
2021-02-23 21:00:00,2021-02-23,21,oos,test,0.0,0.0,111.66,111.66,31.48232667,10.389167801100001,21.093158868899998,0.37047,0.42047,0.336376
2021-02-23 22:00:00,2021-02-23,22,oos,test,0.0,0.0,188.17,188.17,34.124380005,11.26104540165,22.863334603349998,0.35458,0.40458,0.323664
2021-02-23 23:00:00,2021-02-23,23,oos,test,0.0,0.0,88.33,88.33,30.862870004999998,10.18474710165,20.678122903349998,0.30859,0.35858999999999996,0.28687199999999996
2021-02-24 00:00:00,2021-02-24,0,oos,test,0.0,0.0,-0.27,0.0,25.086823335000002,8.27865170055,16.808171634449998,0.27707,0.32706999999999997,0.261656
2021-02-24 01:00:00,2021-02-24,1,oos,test,0.0,0.0,-0.26,0.0,34.485346665,11.38016439945,23.10518226555,0.24978,0.29978,0.239824
2021-02-24 02:00:00,2021-02-24,2,oos,test,0.0,0.0,93.05,93.05,29.687403330000002,9.796843098900002,19.8905602311,0.23232,0.28232,0.22585600000000003
2021-02-24 03:00:00,2021-02-24,3,oos,test,0.0,0.0,29.18,29.18,29.05326666,9.5875779978,19.465688662199998,0.26074,0.31074,0.24859200000000004
2021-02-24 04:00:00,2021-02-24,4,oos,test,0.0,0.0,-0.25,0.0,26.45690166,8.7307775478,17.726124112199997,0.28306,0.33305999999999997,0.26644799999999996
2021-02-24 05:00:00,2021-02-24,5,oos,test,0.0,0.0,-0.25,0.0,24.751303335,8.16793010055,16.583373234449997,0.32874,0.37873999999999997,0.302992
2021-02-24 06:00:00,2021-02-24,6,oos,test,0.0,0.0,69.2,69.2,23.078173335,7.61579720055,15.462376134449997,0.3336,0.3836,0.30688000000000004
2021-02-24 07:00:00,2021-02-24,7,oos,test,1.61925,1.61925,64.24,64.24,35.338723335,11.66177870055,23.676944634449995,0.3368,0.3868,0.30944
2021-02-24 08:00:00,2021-02-24,8,oos,test,6.322083300000001,6.322083300000001,-0.26,0.0,36.18758667,11.941903601100002,24.2456830689,0.33618,0.38617999999999997,0.308944
2021-02-24 09:00:00,2021-02-24,9,oos,test,17.278000499999997,17.278000499999997,-0.27,0.0,36.32784333,11.9881882989,24.339655031099998,0.33132,0.38132,0.305056
2021-02-24 10:00:00,2021-02-24,10,oos,test,29.051333,29.051333,-0.32,0.0,29.662273335000002,9.78855020055,19.87372313445,0.32647,0.37646999999999997,0.301176
2021-02-24 11:00:00,2021-02-24,11,oos,test,37.834833,37.834833,-0.32,0.0,25.441084995,8.39555804835,17.04552694665,0.32853,0.37853,0.302824
2021-02-24 12:00:00,2021-02-24,12,oos,test,48.045166,48.045166,-0.29,0.0,22.106956665,7.29529569945,14.811660965549997,0.3259499999999999,0.3759499999999999,0.3007599999999999
2021-02-24 13:00:00,2021-02-24,13,oos,test,21.617083,21.617083,-0.35,0.0,29.609680005,9.771194401650002,19.838485603349998,0.32264,0.37263999999999997,0.298112
2021-02-24 14:00:00,2021-02-24,14,oos,test,15.197417000000002,15.197417000000002,-0.25,0.0,27.418103340000002,9.047974102200001,18.3701292378,0.3259499999999999,0.3759499999999999,0.3007599999999999
2021-02-24 15:00:00,2021-02-24,15,oos,test,4.1465,4.1465,-0.32,0.0,29.718853335000002,9.807221600550001,19.911631734449998,0.3276,0.3776,0.30208
2021-02-24 16:00:00,2021-02-24,16,oos,test,0.2020834,0.2020834,11.31,11.31,25.012101660000003,8.2539935478,16.7581081122,0.33081,0.38081,0.30464800000000003
2021-02-24 17:00:00,2021-02-24,17,oos,test,0.0,0.0,0.08,0.08,58.027273335,19.14900020055,38.87827313444999,0.33143,0.38143,0.305144
2021-02-24 18:00:00,2021-02-24,18,oos,test,0.0,0.0,-0.35,0.0,41.922610005,13.834461301650002,28.088148703349997,0.32998,0.37998,0.30398400000000003
2021-02-24 19:00:00,2021-02-24,19,oos,test,0.0,0.0,-0.31,0.0,47.13566334,15.554768902200001,31.580894437799998,0.3275,0.3775,0.30200000000000005
2021-02-24 20:00:00,2021-02-24,20,oos,test,0.0,0.0,-0.26,0.0,42.765736665,14.11269309945,28.653043565549996,0.32089,0.37089,0.29671200000000003
2021-02-24 21:00:00,2021-02-24,21,oos,test,0.0,0.0,-0.3,0.0,35.29077666,11.6459562978,23.644820362199997,0.31097,0.36097,0.28877600000000003
2021-02-24 22:00:00,2021-02-24,22,oos,test,0.0,0.0,-0.26,0.0,34.85297334,11.5014812022,23.351492137799998,0.28885,0.33885,0.27108
2021-02-24 23:00:00,2021-02-24,23,oos,test,0.0,0.0,-0.0,0.0,32.465053335,10.71346760055,21.751585734449996,0.25477,0.30477,0.243816
2021-02-25 00:00:00,2021-02-25,0,oos,test,0.0,0.0,-0.3,0.0,36.20523,11.9477259,24.2575041,0.24533,0.29533,0.236264
2021-02-25 01:00:00,2021-02-25,1,oos,test,0.0,0.0,-0.29,0.0,31.197503340000004,10.295176102200003,20.9023272378,0.24317,0.29317,0.234536
2021-02-25 02:00:00,2021-02-25,2,oos,test,0.0,0.0,-0.31,0.0,28.654270005,9.45590910165,19.19836090335,0.24769,0.29769,0.23815200000000003
2021-02-25 03:00:00,2021-02-25,3,oos,test,0.0,0.0,-0.3,0.0,28.085643330000003,9.268262298900002,18.817381031100002,0.26205,0.31205,0.24964
2021-02-25 04:00:00,2021-02-25,4,oos,test,0.0,0.0,-0.32,0.0,29.151979994999998,9.62015339835,19.531826596649996,0.2848299999999999,0.3348299999999999,0.26786399999999994
2021-02-25 05:00:00,2021-02-25,5,oos,test,0.0,0.0,-0.28,0.0,26.30501667,8.6806555011,17.6243611689,0.2917099999999999,0.3417099999999999,0.27336799999999994
2021-02-25 06:00:00,2021-02-25,6,oos,test,0.0091428999999999,0.0091428999999999,-0.33,0.0,29.62629666,9.7766778978,19.8496187622,0.29673,0.34673,0.277384
2021-02-25 07:00:00,2021-02-25,7,oos,test,6.8318333,6.8318333,-0.3,0.0,41.07029334,13.5531968022,27.517096537799997,0.30443,0.35442999999999997,0.28354399999999996
2021-02-25 08:00:00,2021-02-25,8,oos,test,12.914583,12.914583,-0.26,0.0,42.95835666,14.1762576978,28.782098962199996,0.30484,0.35484,0.283872
2021-02-25 09:00:00,2021-02-25,9,oos,test,13.74375,13.74375,-0.24,0.0,47.705719995,15.742887598350002,31.962832396649997,0.30587,0.35586999999999996,0.284696
2021-02-25 10:00:00,2021-02-25,10,oos,test,23.228250000000003,23.228250000000003,-0.24,0.0,36.638296665,12.09063789945,24.547658765549997,0.3086399999999999,0.3586399999999999,0.28691199999999994
2021-02-25 11:00:00,2021-02-25,11,oos,test,32.858416,32.858416,-0.3,0.0,32.54172333,10.738768698900001,21.8029546311,0.30843,0.35842999999999997,0.286744
2021-02-25 12:00:00,2021-02-25,12,oos,test,16.867917,16.867917,-0.43,0.0,32.792103329999996,10.821394098899999,21.970709231099995,0.30823,0.35823,0.286584
2021-02-25 13:00:00,2021-02-25,13,oos,test,28.57525,28.57525,-0.34,0.0,38.795776665,12.80260629945,25.993170365549997,0.30782,0.35781999999999997,0.286256
2021-02-25 14:00:00,2021-02-25,14,oos,test,5.86525,5.86525,-0.3,0.0,32.445289995,10.706945698350001,21.73834429665,0.3086399999999999,0.3586399999999999,0.28691199999999994
2021-02-25 15:00:00,2021-02-25,15,oos,test,0.4900833,0.4900833,-0.27,0.0,37.307706659999994,12.311543197799999,24.996163462199995,0.30782,0.35781999999999997,0.286256
2021-02-25 16:00:00,2021-02-25,16,oos,test,0.0518,0.0518,-0.49,0.0,39.386350005,12.99749550165,26.388854503349997,0.30699,0.35699,0.285592
2021-02-25 17:00:00,2021-02-25,17,oos,test,0.0,0.0,2.31,2.31,38.82434667,12.8120344011,26.012312268899997,0.31038,0.36038,0.288304
2021-02-25 18:00:00,2021-02-25,18,oos,test,0.0,0.0,0.08,0.08,58.323206670000005,19.2466582011,39.0765484689,0.30699,0.35699,0.285592
2021-02-25 19:00:00,2021-02-25,19,oos,test,0.0,0.0,-0.34,0.0,50.900746665,16.79724639945,34.10350026555,0.30197,0.35197,0.281576
2021-02-25 20:00:00,2021-02-25,20,oos,test,0.0,0.0,-0.26,0.0,43.518299999999996,14.361039,29.157260999999995,0.29612,0.34612,0.276896
2021-02-25 21:00:00,2021-02-25,21,oos,test,0.0,0.0,8.38,8.38,49.053289995,16.187585698350002,32.865704296649994,0.28842,0.33842,0.27073600000000003
2021-02-25 22:00:00,2021-02-25,22,oos,test,0.0,0.0,17.74,17.74,32.217006659999996,10.631612197799999,21.585394462199996,0.26287,0.31287,0.250296
2021-02-25 23:00:00,2021-02-25,23,oos,test,0.0,0.0,30.33,30.33,26.98685334,8.9056616022,18.081191737799998,0.24497,0.29497,0.23597600000000002
2021-02-26 00:00:00,2021-02-26,0,oos,test,0.0,0.0,17.65,17.65,26.410083330000003,8.7153274989,17.6947558311,0.22633,0.27633,0.22106400000000004
2021-02-26 01:00:00,2021-02-26,1,oos,test,0.0,0.0,1.42,1.42,34.16303334,11.2738010022,22.889232337799996,0.21634,0.26634,0.21307200000000004
2021-02-26 02:00:00,2021-02-26,2,oos,test,0.0,0.0,16.24,16.24,33.71384667,11.125569401100002,22.5882772689,0.2227599999999999,0.2727599999999999,0.21820799999999993
2021-02-26 03:00:00,2021-02-26,3,oos,test,0.0,0.0,15.08,15.08,36.331636665,11.98944009945,24.342196565549997,0.24946,0.29946,0.239568
2021-02-26 04:00:00,2021-02-26,4,oos,test,0.0,0.0,6.04,6.04,29.882470005000002,9.861215101650002,20.02125490335,0.2678999999999999,0.3178999999999999,0.25431999999999994
2021-02-26 05:00:00,2021-02-26,5,oos,test,0.0,0.0,49.57,49.57,29.604976665000002,9.769642299450002,19.83533436555,0.26811,0.31811,0.254488
2021-02-26 06:00:00,2021-02-26,6,oos,test,0.0,0.0,127.81,127.81,27.984853334999997,9.23500160055,18.749851734449997,0.2678,0.31779999999999997,0.25423999999999997
2021-02-26 07:00:00,2021-02-26,7,oos,test,0.1635,0.1635,127.98,127.98,35.654530005,11.76599490165,23.888535103349994,0.27269,0.32269,0.258152
2021-02-26 08:00:00,2021-02-26,8,oos,test,8.3526666,8.3526666,140.88,140.88,40.784629994999996,13.45892789835,27.325702096649994,0.27473,0.32472999999999996,0.25978399999999996
2021-02-26 09:00:00,2021-02-26,9,oos,test,13.269416500000002,13.269416500000002,8.14,8.14,37.595350005,12.40646550165,25.188884503349996,0.27616,0.32616,0.260928
2021-02-26 10:00:00,2021-02-26,10,oos,test,39.56075,39.56075,-0.27,0.0,37.116370005,12.24840210165,24.867967903349996,0.27279,0.32278999999999997,0.25823199999999996
2021-02-26 11:00:00,2021-02-26,11,oos,test,17.749167,17.749167,-0.26,0.0,32.373373335,10.68321320055,21.690160134449997,0.27341,0.32341,0.258728
2021-02-26 12:00:00,2021-02-26,12,oos,test,20.0035005,20.0035005,-0.28,0.0,52.969626659999996,17.4799767978,35.4896498622,0.26597,0.31597,0.252776
2021-02-26 13:00:00,2021-02-26,13,oos,test,24.22575,24.22575,-0.28,0.0,44.621466659999996,14.725083997799999,29.896382662199994,0.26311,0.31311,0.250488
2021-02-26 14:00:00,2021-02-26,14,oos,test,19.5574165,19.5574165,16.09,16.09,34.059526665,11.23964379945,22.819882865549996,0.26454,0.31454,0.251632
2021-02-26 15:00:00,2021-02-26,15,oos,test,9.50825,9.50825,45.71,45.71,35.870783339999996,11.837358502199999,24.033424837799995,0.2673899999999999,0.3173899999999999,0.2539119999999999
2021-02-26 16:00:00,2021-02-26,16,oos,test,0.0368181999999999,0.0368181999999999,12.85,12.85,43.780406670000005,14.447534201100002,29.3328724689,0.2712699999999999,0.3212699999999999,0.2570159999999999
2021-02-26 17:00:00,2021-02-26,17,oos,test,0.0,0.0,19.4,19.4,37.245326670000004,12.290957801100001,24.9543688689,0.26627,0.31627,0.253016
2021-02-26 18:00:00,2021-02-26,18,oos,test,0.0,0.0,2.77,2.77,40.57476666,13.389672997800002,27.1850936622,0.26556,0.31556,0.252448
2021-02-26 19:00:00,2021-02-26,19,oos,test,0.0,0.0,8.88,8.88,57.394759995,18.940270798350003,38.454489196649995,0.26413,0.31412999999999996,0.25130399999999997
2021-02-26 20:00:00,2021-02-26,20,oos,test,0.0,0.0,9.02,9.02,89.745400005,29.61598200165,60.12941800334999,0.2626,0.3126,0.25008
2021-02-26 21:00:00,2021-02-26,21,oos,test,0.0,0.0,4.21,4.21,46.958943330000004,15.496451298900002,31.4624920311,0.25639,0.30639,0.245112
2021-02-26 22:00:00,2021-02-26,22,oos,test,0.0,0.0,11.3,11.3,41.911006665,13.830632199450001,28.080374465549998,0.24824,0.29824,0.23859200000000003
2021-02-26 23:00:00,2021-02-26,23,oos,test,0.0,0.0,16.46,16.46,44.99703333,14.8490209989,30.1480123311,0.25382,0.30382,0.243056
2021-02-27 00:00:00,2021-02-27,0,oos,test,0.0,0.0,20.55,20.55,36.40655667,12.014163701100001,24.392392968899998,0.25091,0.30091,0.24072800000000003
2021-02-27 01:00:00,2021-02-27,1,oos,test,0.0,0.0,30.64,30.64,33.997573335,11.21919920055,22.778374134449997,0.25132,0.30132,0.241056
2021-02-27 02:00:00,2021-02-27,2,oos,test,0.0,0.0,22.93,22.93,33.46928667,11.0448646011,22.4244220689,0.25382,0.30382,0.243056
2021-02-27 03:00:00,2021-02-27,3,oos,test,0.0,0.0,23.84,23.84,37.278949995,12.30205349835,24.976896496649996,0.25975,0.30974999999999997,0.2478
2021-02-27 04:00:00,2021-02-27,4,oos,test,0.0,0.0,16.33,16.33,31.871356665,10.51754769945,21.353808965549998,0.26309,0.31309,0.250472
2021-02-27 05:00:00,2021-02-27,5,oos,test,0.0,0.0,12.29,12.29,30.803353335,10.16510660055,20.638246734449996,0.27329,0.32328999999999997,0.258632
2021-02-27 06:00:00,2021-02-27,6,oos,test,0.0,0.0,19.91,19.91,32.15684667,10.6117594011,21.545087268899998,0.27537,0.32537,0.260296
2021-02-27 07:00:00,2021-02-27,7,oos,test,0.1755834,0.1755834,18.47,18.47,40.780666665,13.45761999945,27.323046665549995,0.28089,0.33088999999999996,0.264712
2021-02-27 08:00:00,2021-02-27,8,oos,test,1.4405,1.4405,21.85,21.85,42.102346665,13.89377439945,28.208572265549996,0.28797,0.33797,0.270376
2021-02-27 09:00:00,2021-02-27,9,oos,test,1.9369166,1.9369166,9.67,9.67,38.97561333,12.861952398900002,26.1136609311,0.28745,0.33744999999999997,0.26996
2021-02-27 10:00:00,2021-02-27,10,oos,test,2.8321666,2.8321666,14.61,14.61,31.459540005,10.38164820165,21.07789180335,0.2812,0.3312,0.26496000000000003
2021-02-27 11:00:00,2021-02-27,11,oos,test,13.36775,13.36775,41.15,41.15,28.388836665,9.36831609945,19.020520565549997,0.2752699999999999,0.3252699999999999,0.26021599999999995
2021-02-27 12:00:00,2021-02-27,12,oos,test,15.638,15.638,26.56,26.56,36.692009999999996,12.108363299999999,24.583646699999996,0.27173,0.32173,0.257384
2021-02-27 13:00:00,2021-02-27,13,oos,test,4.3310834,4.3310834,75.27,75.27,36.383986665,12.00671559945,24.377271065549998,0.2658999999999999,0.3158999999999999,0.25271999999999994
2021-02-27 14:00:00,2021-02-27,14,oos,test,3.3680832,3.3680832,72.31,72.31,35.183966670000004,11.610709001100002,23.5732576689,0.26204,0.31204,0.249632
2021-02-27 15:00:00,2021-02-27,15,oos,test,0.9502499,0.9502499,28.88,28.88,35.853570000000005,11.831678100000001,24.0218919,0.26111,0.31111,0.248888
2021-02-27 16:00:00,2021-02-27,16,oos,test,0.0,0.0,33.69,33.69,38.480706659999996,12.6986331978,25.782073462199996,0.26194,0.31194,0.249552
2021-02-27 17:00:00,2021-02-27,17,oos,test,0.0,0.0,62.63,62.63,33.10059333,10.923195798900002,22.1773975311,0.2643399999999999,0.3143399999999999,0.2514719999999999
2021-02-27 18:00:00,2021-02-27,18,oos,test,0.0,0.0,83.65,83.65,60.26591334,19.8877514022,40.378161937799995,0.26236,0.31235999999999997,0.249888
2021-02-27 19:00:00,2021-02-27,19,oos,test,0.0,0.0,195.57,195.57,57.473380005,18.96621540165,38.50716460335,0.26017,0.31017,0.24813600000000002
2021-02-27 20:00:00,2021-02-27,20,oos,test,0.0,0.0,44.87,44.87,49.201513335,16.236499400550002,32.96501393445,0.25892,0.30892,0.247136
2021-02-27 21:00:00,2021-02-27,21,oos,test,0.0,0.0,-0.25,0.0,35.925463334999996,11.855402900549999,24.070060434449996,0.25965,0.30965,0.24772
2021-02-27 22:00:00,2021-02-27,22,oos,test,0.0,0.0,41.42,41.42,35.522320005,11.722365601649999,23.799954403349997,0.25694,0.30694,0.245552
2021-02-27 23:00:00,2021-02-27,23,oos,test,0.0,0.0,43.71,43.71,33.960760005,11.20705080165,22.753709203349995,0.24812,0.29812,0.238496
2021-02-28 00:00:00,2021-02-28,0,oos,test,0.0,0.0,55.3,55.3,33.420730004999996,11.02884090165,22.391889103349996,0.24217,0.29217,0.233736
2021-02-28 01:00:00,2021-02-28,1,oos,test,0.0,0.0,30.91,30.91,35.3442,11.663586,23.680614,0.23206,0.28206,0.225648
2021-02-28 02:00:00,2021-02-28,2,oos,test,0.0,0.0,43.91,43.91,37.673233335000006,12.432167000550002,25.24106633445,0.22508,0.27508,0.220064
2021-02-28 03:00:00,2021-02-28,3,oos,test,0.0,0.0,15.8,15.8,34.21025334,11.289383602200001,22.920869737799997,0.23216,0.28216,0.22572800000000004
2021-02-28 04:00:00,2021-02-28,4,oos,test,0.0,0.0,7.8,7.8,35.620339994999995,11.75471219835,23.865627796649996,0.23852,0.28852,0.23081600000000002
2021-02-28 05:00:00,2021-02-28,5,oos,test,0.0,0.0,7.22,7.22,29.705946660000002,9.802962397800002,19.9029842622,0.23925,0.28925,0.23140000000000002
2021-02-28 06:00:00,2021-02-28,6,oos,test,0.0,0.0,77.72,77.72,30.43055334,10.0420826022,20.3884707378,0.2455099999999999,0.2955099999999999,0.23640799999999992
2021-02-28 07:00:00,2021-02-28,7,oos,test,0.1393333,0.1393333,47.0,47.0,40.512166665,13.369014999450002,27.143151665549997,0.25552,0.30552,0.24441600000000002
2021-02-28 08:00:00,2021-02-28,8,oos,test,0.8545,0.8545,-0.3,0.0,33.852766665,11.17141299945,22.681353665549995,0.25479,0.30479,0.24383200000000002
2021-02-28 09:00:00,2021-02-28,9,oos,test,5.146000000000001,5.146000000000001,-0.35,0.0,36.17085333,11.9363815989,24.234471731099998,0.25385,0.30385,0.24308000000000002
2021-02-28 10:00:00,2021-02-28,10,oos,test,8.7248333,8.7248333,60.25,60.25,30.198516660000003,9.965510497800002,20.2330061622,0.25322,0.30322,0.242576
2021-02-28 11:00:00,2021-02-28,11,oos,test,45.604584,45.604584,32.53,32.53,34.348303335,11.33494010055,23.013363234449997,0.25135,0.30135,0.24108000000000002
2021-02-28 12:00:00,2021-02-28,12,oos,test,30.084000000000003,30.084000000000003,5.28,5.28,25.177186665,8.30847159945,16.86871506555,0.24864,0.29864,0.238912
2021-02-28 13:00:00,2021-02-28,13,oos,test,30.232334,30.232334,-0.0,0.0,37.57704666,12.400425397800001,25.176621262199998,0.24488,0.29488,0.235904
2021-02-28 14:00:00,2021-02-28,14,oos,test,29.6215,29.6215,-0.0,0.0,39.704753339999996,13.1025686022,26.602184737799995,0.24624,0.29624,0.236992
2021-02-28 15:00:00,2021-02-28,15,oos,test,6.033583500000001,6.033583500000001,-0.0,0.0,36.417940005000005,12.017920201650002,24.400019803350002,0.25343,0.30343,0.242744
2021-02-28 16:00:00,2021-02-28,16,oos,test,0.21375,0.21375,-0.0,0.0,28.518439994999998,9.41108519835,19.107354796649997,0.25531,0.30530999999999997,0.244248
2021-02-28 17:00:00,2021-02-28,17,oos,test,0.0,0.0,-0.0,0.0,25.874924999999998,8.538725249999999,17.336199749999995,0.25677,0.30677,0.245416
2021-02-28 18:00:00,2021-02-28,18,oos,test,0.0,0.0,-0.0,0.0,35.043333329999996,11.5642999989,23.479033331099995,0.25656,0.30656,0.24524800000000002
2021-02-28 19:00:00,2021-02-28,19,oos,test,0.0,0.0,-0.0,0.0,64.48442667,21.279860801100003,43.2045658689,0.2554099999999999,0.3054099999999999,0.24432799999999993
2021-02-28 20:00:00,2021-02-28,20,oos,test,0.0,0.0,-0.0,0.0,55.901896664999995,18.44762589945,37.45427076554999,0.25416,0.30416,0.243328
2021-02-28 21:00:00,2021-02-28,21,oos,test,0.0,0.0,-0.0,0.0,32.26091667,10.646102501100001,21.614814168899997,0.25489,0.30489,0.24391200000000002
2021-02-28 22:00:00,2021-02-28,22,oos,test,0.0,0.0,-0.0,0.0,35.01696666,11.5555989978,23.461367662199997,0.25249,0.30249,0.24199199999999998
2021-02-28 23:00:00,2021-02-28,23,oos,test,0.0,0.0,-0.0,0.0,32.08680666,10.588646197800001,21.498160462199998,0.21006,0.26006,0.208048
2021-03-01 00:00:00,2021-03-01,0,oos,test,0.0,0.0,-0.0,0.0,32.193433335,10.62383300055,21.569600334449998,0.20162,0.25162,0.20129600000000003
2021-03-01 01:00:00,2021-03-01,1,oos,test,0.0,0.0,-0.0,0.0,32.515303335,10.73005010055,21.785253234449996,0.19682,0.24681999999999998,0.197456
2021-03-01 02:00:00,2021-03-01,2,oos,test,0.0,0.0,-0.0,0.0,30.795079995000002,10.162376398350002,20.63270359665,0.21048,0.26048,0.208384
2021-03-01 03:00:00,2021-03-01,3,oos,test,0.0,0.0,-0.0,0.0,30.502783335000004,10.065918500550001,20.43686483445,0.2445699999999999,0.2945699999999999,0.23565599999999992
2021-03-01 04:00:00,2021-03-01,4,oos,test,0.0,0.0,-0.0,0.0,30.179813340000003,9.959338402200002,20.2204749378,0.25531,0.30530999999999997,0.244248
2021-03-01 05:00:00,2021-03-01,5,oos,test,0.0,0.0,-0.0,0.0,24.295018335,8.017356050550001,16.27766228445,0.25354,0.30354,0.242832
2021-03-01 06:00:00,2021-03-01,6,oos,test,0.0,0.0,-0.0,0.0,24.21919167,7.992333251100001,16.226858418899997,0.25614,0.30613999999999997,0.244912
2021-03-01 07:00:00,2021-03-01,7,oos,test,0.1670834,0.1670834,-0.0,0.0,32.591403330000006,10.755163098900002,21.836240231100003,0.26115,0.31115,0.24892
2021-03-01 08:00:00,2021-03-01,8,oos,test,0.2179167,0.2179167,-0.0,0.0,35.347840005,11.664787201650002,23.683052803349998,0.26292,0.31292,0.250336
2021-03-01 09:00:00,2021-03-01,9,oos,test,1.5749167,1.5749167,-0.0,0.0,30.918943335,10.20325130055,20.715692034449997,0.26698,0.31698,0.253584
2021-03-01 10:00:00,2021-03-01,10,oos,test,2.9270834,2.9270834,-0.0,0.0,33.371353335,11.012546600550001,22.35880673445,0.26719,0.31718999999999997,0.253752
2021-03-01 11:00:00,2021-03-01,11,oos,test,5.5099166,5.5099166,-0.0,0.0,38.929860000000005,12.846853800000002,26.0830062,0.26594,0.31594,0.25275200000000003
2021-03-01 12:00:00,2021-03-01,12,oos,test,2.2940833,2.2940833,-0.0,0.0,23.158478340000002,7.642297852200001,15.5161804878,0.26605,0.31605,0.25284
2021-03-01 13:00:00,2021-03-01,13,oos,test,0.8678332999999999,0.8678332999999999,-0.0,0.0,30.047073330000003,9.915534198900001,20.1315391311,0.26761,0.31761,0.25408800000000004
2021-03-01 14:00:00,2021-03-01,14,oos,test,0.3532499,0.3532499,-0.0,0.0,39.35165334,12.9860456022,26.365607737799998,0.26782,0.31782,0.254256
2021-03-01 15:00:00,2021-03-01,15,oos,test,0.0139999,0.0139999,-0.0,0.0,37.225090005,12.28427970165,24.940810303349995,0.2683399999999999,0.3183399999999999,0.25467199999999995
2021-03-01 16:00:00,2021-03-01,16,oos,test,0.0,0.0,1.24,1.24,26.784135,8.83876455,17.94537045,0.26844,0.31844,0.25475200000000003
2021-03-01 17:00:00,2021-03-01,17,oos,test,0.0,0.0,1.06,1.06,39.21392334,12.9405947022,26.2733286378,0.26855,0.31855,0.25484
2021-03-01 18:00:00,2021-03-01,18,oos,test,0.0,0.0,16.55,16.55,67.52101333499999,22.28193440055,45.23907893444999,0.26803,0.31803,0.254424
2021-03-01 19:00:00,2021-03-01,19,oos,test,0.0,0.0,-0.34,0.0,40.9644,13.518252,27.446147999999997,0.26657,0.31656999999999996,0.253256
2021-03-01 20:00:00,2021-03-01,20,oos,test,0.0,0.0,0.34,0.34,32.675323335,10.782856700550001,21.89246663445,0.26448,0.31448,0.251584
2021-03-01 21:00:00,2021-03-01,21,oos,test,0.0,0.0,11.29,11.29,39.35492334,12.987124702200001,26.367798637799996,0.2640699999999999,0.3140699999999999,0.2512559999999999
2021-03-01 22:00:00,2021-03-01,22,oos,test,0.0,0.0,6.09,6.09,37.51985334,12.3815516022,25.138301737799996,0.2498899999999999,0.2998899999999999,0.2399119999999999
2021-03-01 23:00:00,2021-03-01,23,oos,test,0.0,0.0,28.21,28.21,30.15654,9.9516582,20.2048818,0.24913,0.29913,0.23930400000000002
2021-03-02 00:00:00,2021-03-02,0,oos,test,0.0,0.0,45.53,45.53,31.17842667,10.288880801100001,20.889545868899997,0.24528,0.29528,0.236224
2021-03-02 01:00:00,2021-03-02,1,oos,test,0.0,0.0,-0.32,0.0,33.92049333,11.1937627989,22.726730531099996,0.24132,0.29132,0.23305600000000004
2021-03-02 02:00:00,2021-03-02,2,oos,test,0.0,0.0,-0.32,0.0,26.286286665,8.67447459945,17.611812065549998,0.25403,0.30402999999999997,0.243224
2021-03-02 03:00:00,2021-03-02,3,oos,test,0.0,0.0,-0.28,0.0,30.077276670000003,9.925501301100002,20.1517753689,0.26841,0.31840999999999997,0.254728
2021-03-02 04:00:00,2021-03-02,4,oos,test,0.0,0.0,10.62,10.62,23.31793833,7.694919648900001,15.623018681099998,0.27007,0.32006999999999997,0.256056
2021-03-02 05:00:00,2021-03-02,5,oos,test,0.0,0.0,12.38,12.38,27.03593334,8.9218580022,18.1140753378,0.2702799999999999,0.3202799999999999,0.25622399999999995
2021-03-02 06:00:00,2021-03-02,6,oos,test,0.0541819,0.0541819,9.56,9.56,36.10596,11.914966800000002,24.1909932,0.27351,0.32350999999999996,0.258808
2021-03-02 07:00:00,2021-03-02,7,oos,test,7.1665,7.1665,4.08,4.08,45.043576665,14.864380299450001,30.17919636555,0.28143,0.33143,0.265144
2021-03-02 08:00:00,2021-03-02,8,oos,test,6.472,6.472,7.05,7.05,40.913110005,13.50132630165,27.411783703349997,0.28487,0.33487,0.267896
2021-03-02 09:00:00,2021-03-02,9,oos,test,23.4825,23.4825,7.21,7.21,34.486186665,11.38044159945,23.105745065549996,0.28279,0.33279,0.26623199999999997
2021-03-02 10:00:00,2021-03-02,10,oos,test,38.792166,38.792166,0.75,0.75,30.971136660000003,10.220475097800001,20.7506615622,0.27768,0.32767999999999997,0.262144
2021-03-02 11:00:00,2021-03-02,11,oos,test,16.5551665,16.5551665,-0.31,0.0,29.163266670000002,9.623878001100001,19.5393886689,0.27466,0.32466,0.259728
2021-03-02 12:00:00,2021-03-02,12,oos,test,16.025,16.025,-0.29,0.0,29.34443667,9.6836641011,19.660772568899997,0.27507,0.32506999999999997,0.260056
2021-03-02 13:00:00,2021-03-02,13,oos,test,6.151750000000001,6.151750000000001,-0.28,0.0,49.925546669999996,16.4754304011,33.4501162689,0.27549,0.32549,0.260392
2021-03-02 14:00:00,2021-03-02,14,oos,test,3.0115833,3.0115833,0.18,0.18,47.57339667,15.6992209011,31.8741757689,0.2752799999999999,0.3252799999999999,0.26022399999999996
2021-03-02 15:00:00,2021-03-02,15,oos,test,0.6963333,0.6963333,-0.03,0.0,37.715110005,12.44598630165,25.269123703349997,0.27664,0.32664,0.261312
2021-03-02 16:00:00,2021-03-02,16,oos,test,0.0,0.0,5.96,5.96,34.42545666,11.360400697800001,23.0650559622,0.27966,0.32966,0.263728
2021-03-02 17:00:00,2021-03-02,17,oos,test,0.0,0.0,12.04,12.04,38.251363335,12.622949900550001,25.628413434449996,0.28351,0.33351,0.266808
2021-03-02 18:00:00,2021-03-02,18,oos,test,0.0,0.0,11.17,11.17,66.96539334,22.098579802200003,44.8668135378,0.2806,0.3306,0.26448
2021-03-02 19:00:00,2021-03-02,19,oos,test,0.0,0.0,6.99,6.99,47.615950005,15.713263501650001,31.902686503349997,0.27903,0.32903,0.263224
2021-03-02 20:00:00,2021-03-02,20,oos,test,0.0,0.0,4.44,4.44,40.043373329999994,13.2143131989,26.829060131099993,0.27487,0.32487,0.259896
2021-03-02 21:00:00,2021-03-02,21,oos,test,0.0,0.0,13.01,13.01,47.783500005,15.76855500165,32.01494500335,0.27507,0.32506999999999997,0.260056
2021-03-02 22:00:00,2021-03-02,22,oos,test,0.0,0.0,2.24,2.24,41.504386665,13.69644759945,27.807939065549995,0.27049,0.32049,0.256392
2021-03-02 23:00:00,2021-03-02,23,oos,test,0.0,0.0,2.58,2.58,30.337093335000002,10.01124080055,20.32585253445,0.25774,0.30774,0.24619200000000002
2021-03-03 00:00:00,2021-03-03,0,oos,test,0.0,0.0,12.07,12.07,29.851069994999996,9.85085309835,20.000216896649995,0.25671,0.30671,0.245368
2021-03-03 01:00:00,2021-03-03,1,oos,test,0.0,0.0,24.09,24.09,37.377679994999994,12.334634398349998,25.043045596649993,0.24944,0.29944,0.239552
2021-03-03 02:00:00,2021-03-03,2,oos,test,0.0,0.0,46.41,46.41,33.01590666,10.8952491978,22.120657462199997,0.25446,0.30446,0.243568
2021-03-03 03:00:00,2021-03-03,3,oos,test,0.0,0.0,69.57,69.57,34.77858333,11.4769324989,23.301650831099995,0.26757,0.31756999999999996,0.254056
2021-03-03 04:00:00,2021-03-03,4,oos,test,0.0,0.0,61.46,61.46,30.185926665,9.96135579945,20.22457086555,0.26737,0.31737,0.253896
2021-03-03 05:00:00,2021-03-03,5,oos,test,0.0,0.0,84.95,84.95,36.754066664999996,12.12884199945,24.625224665549997,0.27013,0.32012999999999997,0.256104
2021-03-03 06:00:00,2021-03-03,6,oos,test,0.0,0.0,77.45,77.45,29.948230005,9.88291590165,20.065314103349998,0.27136,0.32136,0.257088
2021-03-03 07:00:00,2021-03-03,7,oos,test,0.6398333,0.6398333,129.2,129.2,37.753909995,12.458790298350001,25.295119696649998,0.27423,0.32422999999999996,0.259384
2021-03-03 08:00:00,2021-03-03,8,oos,test,1.5608333,1.5608333,64.54,64.54,38.043273330000005,12.554280198900003,25.4889931311,0.27894,0.32894,0.263152
2021-03-03 09:00:00,2021-03-03,9,oos,test,2.3605,2.3605,39.28,39.28,40.764796665,13.45238289945,27.312413765549998,0.27864,0.32864,0.262912
2021-03-03 10:00:00,2021-03-03,10,oos,test,2.20325,2.20325,-0.25,0.0,41.882500005,13.82122500165,28.061275003349994,0.27659,0.32659,0.261272
2021-03-03 11:00:00,2021-03-03,11,oos,test,5.8131667,5.8131667,-0.24,0.0,37.85655333,12.492662598899999,25.363890731099996,0.2728,0.3228,0.25823999999999997
2021-03-03 12:00:00,2021-03-03,12,oos,test,3.2626666,3.2626666,42.91,42.91,28.510199999999998,9.408366,19.101833999999997,0.27054,0.32054,0.256432
2021-03-03 13:00:00,2021-03-03,13,oos,test,2.5941667,2.5941667,84.76,84.76,36.217066665,11.951631999449999,24.265434665549996,0.2687,0.3187,0.25496
2021-03-03 14:00:00,2021-03-03,14,oos,test,4.57175,4.57175,26.96,26.96,39.35661666,12.9876834978,26.368933162199998,0.2690099999999999,0.3190099999999999,0.25520799999999993
2021-03-03 15:00:00,2021-03-03,15,oos,test,7.4236667,7.4236667,-0.31,0.0,37.835893335,12.485844800550002,25.35004853445,0.27024,0.32023999999999997,0.256192
2021-03-03 16:00:00,2021-03-03,16,oos,test,0.1791667,0.1791667,1.94,1.94,31.52774667,10.4041564011,21.123590268899996,0.27106,0.32106,0.256848
2021-03-03 17:00:00,2021-03-03,17,oos,test,0.0,0.0,38.61,38.61,36.794893335,12.14231480055,24.652578534449997,0.2732099999999999,0.3232099999999999,0.2585679999999999
2021-03-03 18:00:00,2021-03-03,18,oos,test,0.0,0.0,39.78,39.78,68.966599995,22.758977998349998,46.20762199664999,0.27126,0.32126,0.257008
2021-03-03 19:00:00,2021-03-03,19,oos,test,0.0,0.0,34.36,34.36,63.63737334,21.000333202200004,42.6370401378,0.26675,0.31675,0.2534
2021-03-03 20:00:00,2021-03-03,20,oos,test,0.0,0.0,45.85,45.85,63.198079995,20.85536639835,42.34271359664999,0.2677799999999999,0.3177799999999999,0.25422399999999995
2021-03-03 21:00:00,2021-03-03,21,oos,test,0.0,0.0,62.75,62.75,48.007256670000004,15.842394701100002,32.1648619689,0.26686,0.31686,0.253488
2021-03-03 22:00:00,2021-03-03,22,oos,test,0.0,0.0,93.98,93.98,37.72650333,12.4497460989,25.276757231099996,0.26225,0.31224999999999997,0.2498
2021-03-03 23:00:00,2021-03-03,23,oos,test,0.0,0.0,15.82,15.82,35.37896334,11.6750579022,23.703905437799996,0.25804,0.30804,0.24643199999999998
2021-03-04 00:00:00,2021-03-04,0,oos,test,0.0,0.0,38.75,38.75,35.36762667,11.6713168011,23.6963098689,0.25855,0.30855,0.24684
2021-03-04 01:00:00,2021-03-04,1,oos,test,0.0,0.0,8.41,8.41,38.254636665,12.62403009945,25.630606565549996,0.25876,0.30876,0.247008
2021-03-04 02:00:00,2021-03-04,2,oos,test,0.0,0.0,0.65,0.65,37.486570005,12.370568101649999,25.116001903349996,0.26029,0.31029,0.248232
2021-03-04 03:00:00,2021-03-04,3,oos,test,0.0,0.0,10.09,10.09,40.089730005,13.22961090165,26.860119103349998,0.2699,0.31989999999999996,0.25592
2021-03-04 04:00:00,2021-03-04,4,oos,test,0.0,0.0,13.29,13.29,38.557423335,12.723949700550001,25.833473634449998,0.26571,0.31571,0.252568
2021-03-04 05:00:00,2021-03-04,5,oos,test,0.0,0.0,23.03,23.03,30.283150005,9.99343950165,20.289710503349998,0.26959,0.31959,0.255672
2021-03-04 06:00:00,2021-03-04,6,oos,test,0.0,0.0,14.86,14.86,34.55058666,11.401693597800001,23.1488930622,0.26867,0.31867,0.254936
2021-03-04 07:00:00,2021-03-04,7,oos,test,0.00325,0.00325,9.44,9.44,40.391359995,13.329148798350001,27.062211196649997,0.26642,0.31642,0.25313599999999997
2021-03-04 08:00:00,2021-03-04,8,oos,test,0.6033333,0.6033333,5.44,5.44,42.359860005,13.97875380165,28.381106203349997,0.2648899999999999,0.3148899999999999,0.2519119999999999
2021-03-04 09:00:00,2021-03-04,9,oos,test,4.0106666,4.0106666,23.12,23.12,39.654940005,13.08613020165,26.568809803349996,0.26509,0.31509,0.252072
2021-03-04 10:00:00,2021-03-04,10,oos,test,10.34675,10.34675,11.38,11.38,38.36591334,12.6607514022,25.705161937799996,0.26458,0.31457999999999997,0.251664
2021-03-04 11:00:00,2021-03-04,11,oos,test,16.2939165,16.2939165,52.0,52.0,35.472853334999996,11.70604160055,23.766811734449995,0.26469,0.31468999999999997,0.251752
2021-03-04 12:00:00,2021-03-04,12,oos,test,4.9579168000000005,4.9579168000000005,84.05,84.05,36.05550666,11.8983171978,24.157189462199998,0.2642799999999999,0.3142799999999999,0.2514239999999999
2021-03-04 13:00:00,2021-03-04,13,oos,test,23.1977505,23.1977505,83.22,83.22,37.190353335,12.27281660055,24.917536734449996,0.27031,0.32031,0.256248
2021-03-04 14:00:00,2021-03-04,14,oos,test,27.230167,27.230167,93.84,93.84,38.01273,12.5442009,25.468529099999994,0.28349,0.33349,0.26679200000000003
2021-03-04 15:00:00,2021-03-04,15,oos,test,5.7156668,5.7156668,50.87,50.87,43.795909995,14.452650298350001,29.343259696649998,0.28564,0.33564,0.26851200000000003
2021-03-04 16:00:00,2021-03-04,16,oos,test,0.2122,0.2122,59.01,59.01,39.144499995000004,12.917684998350001,26.22681499665,0.2859399999999999,0.3359399999999999,0.26875199999999994
2021-03-04 17:00:00,2021-03-04,17,oos,test,0.0,0.0,21.9,21.9,40.761856664999996,13.45141269945,27.310443965549993,0.28645,0.33644999999999997,0.26916
2021-03-04 18:00:00,2021-03-04,18,oos,test,0.0,0.0,-0.32,0.0,55.070416665,18.173237499450003,36.89717916555,0.2838,0.3338,0.26704
2021-03-04 19:00:00,2021-03-04,19,oos,test,0.0,0.0,11.82,11.82,69.44845999500001,22.917991798350002,46.53046819665,0.27623,0.32622999999999996,0.260984
2021-03-04 20:00:00,2021-03-04,20,oos,test,0.0,0.0,5.78,5.78,46.076083335,15.205107500550001,30.870975834449997,0.27858,0.32858,0.262864
2021-03-04 21:00:00,2021-03-04,21,oos,test,0.0,0.0,0.78,0.78,53.178383339999996,17.5488665022,35.6295168378,0.27531,0.32531,0.260248
2021-03-04 22:00:00,2021-03-04,22,oos,test,0.0,0.0,20.35,20.35,39.282196665,12.963124899450001,26.319071765549996,0.28124,0.33124,0.264992
2021-03-04 23:00:00,2021-03-04,23,oos,test,0.0,0.0,17.97,17.97,30.62874333,10.1074852989,20.521258031099997,0.27866,0.32866,0.262928
2021-03-05 00:00:00,2021-03-05,0,oos,test,0.0,0.0,-0.27,0.0,31.99103667,10.5570421011,21.433994568899998,0.2813299999999999,0.3313299999999999,0.2650639999999999
2021-03-05 01:00:00,2021-03-05,1,oos,test,0.0,0.0,3.45,3.45,33.983593334999995,11.21458580055,22.769007534449994,0.28298,0.33298,0.266384
2021-03-05 02:00:00,2021-03-05,2,oos,test,0.0,0.0,1.58,1.58,34.47005667,11.3751187011,23.094937968899995,0.28596,0.33596,0.268768
2021-03-05 03:00:00,2021-03-05,3,oos,test,0.0,0.0,-0.45,0.0,42.427080000000004,14.000936400000002,28.4261436,0.28801,0.33801,0.270408
2021-03-05 04:00:00,2021-03-05,4,oos,test,0.0,0.0,10.96,10.96,33.630199995,11.09796599835,22.532233996649996,0.29048,0.34048,0.272384
2021-03-05 05:00:00,2021-03-05,5,oos,test,0.0,0.0,10.61,10.61,33.38426334,11.016806902199999,22.367456437799994,0.2876,0.3376,0.27008000000000004
2021-03-05 06:00:00,2021-03-05,6,oos,test,0.0,0.0,9.09,9.09,36.021556665,11.88711369945,24.134442965549997,0.2951,0.34509999999999996,0.27608
2021-03-05 07:00:00,2021-03-05,7,oos,test,0.0,0.0,8.93,8.93,44.93715,14.829259500000001,30.1078905,0.3020799999999999,0.3520799999999999,0.2816639999999999
2021-03-05 08:00:00,2021-03-05,8,oos,test,0.0,0.0,12.54,12.54,48.50498667000001,16.006645601100004,32.498341068900004,0.30619,0.35619,0.28495200000000004
2021-03-05 09:00:00,2021-03-05,9,oos,test,0.7255833,0.7255833,4.01,4.01,42.788206665000004,14.120108199450002,28.66809846555,0.30701,0.35701,0.28560800000000003
2021-03-05 10:00:00,2021-03-05,10,oos,test,3.28325,3.28325,0.73,0.73,40.99940667,13.529804201100001,27.469602468899996,0.30424,0.35424,0.28339200000000003
2021-03-05 11:00:00,2021-03-05,11,oos,test,8.9804167,8.9804167,23.47,23.47,31.956216660000003,10.545551497800002,21.4106651622,0.30095,0.35095,0.28076
2021-03-05 12:00:00,2021-03-05,12,oos,test,9.3443333,9.3443333,22.62,22.62,35.48922666,11.7114447978,23.777781862199998,0.29838,0.34837999999999997,0.278704
2021-03-05 13:00:00,2021-03-05,13,oos,test,5.5149167,5.5149167,22.3,22.3,36.24474,11.9607642,24.283975799999997,0.29458,0.34458,0.275664
2021-03-05 14:00:00,2021-03-05,14,oos,test,3.0380000000000003,3.0380000000000003,11.96,11.96,39.092526660000004,12.900533797800001,26.1919928622,0.2876,0.3376,0.27008000000000004
2021-03-05 15:00:00,2021-03-05,15,oos,test,1.3174166,1.3174166,24.99,24.99,36.973939994999995,12.20140019835,24.772539796649994,0.28318,0.33318,0.266544
2021-03-05 16:00:00,2021-03-05,16,oos,test,0.0,0.0,37.8,37.8,46.133650005,15.22410450165,30.909545503349996,0.27692,0.32692,0.261536
2021-03-05 17:00:00,2021-03-05,17,oos,test,0.0,0.0,44.31,44.31,72.193873335,23.823978200550002,48.36989513445,0.27404,0.32404,0.259232
2021-03-05 18:00:00,2021-03-05,18,oos,test,0.0,0.0,47.96,47.96,49.434206669999995,16.3132882011,33.120918468899994,0.26952,0.31951999999999997,0.255616
2021-03-05 19:00:00,2021-03-05,19,oos,test,0.0,0.0,67.85,67.85,39.552443339999996,13.0523063022,26.500137037799995,0.2683899999999999,0.3183899999999999,0.25471199999999994
2021-03-05 20:00:00,2021-03-05,20,oos,test,0.0,0.0,49.76,49.76,41.10978666,13.5662295978,27.543557062199994,0.26623,0.31623,0.25298400000000004
2021-03-05 21:00:00,2021-03-05,21,oos,test,0.0,0.0,54.27,54.27,37.978270005,12.53282910165,25.445440903349997,0.26336,0.31335999999999997,0.25068799999999997
2021-03-05 22:00:00,2021-03-05,22,oos,test,0.0,0.0,48.81,48.81,35.072613329999996,11.5739623989,23.498650931099995,0.26079,0.31079,0.24863200000000002
2021-03-05 23:00:00,2021-03-05,23,oos,test,0.0,0.0,28.28,28.28,35.46114333,11.7021772989,23.758966031099998,0.2541899999999999,0.3041899999999999,0.24335199999999993
2021-03-06 00:00:00,2021-03-06,0,oos,test,0.0,0.0,37.4,37.4,34.267093335,11.30814080055,22.958952534449995,0.2455999999999999,0.2955999999999999,0.23647999999999994
2021-03-06 01:00:00,2021-03-06,1,oos,test,0.0,0.0,82.96,82.96,30.004979999999996,9.9016434,20.103336599999995,0.2195099999999999,0.2695099999999999,0.21560799999999994
2021-03-06 02:00:00,2021-03-06,2,oos,test,0.0,0.0,143.94,143.94,31.998673335,10.559562200550001,21.43911113445,0.2137899999999999,0.2637899999999999,0.21103199999999994
2021-03-06 03:00:00,2021-03-06,3,oos,test,0.0,0.0,122.81,122.81,31.301933339999998,10.3296380022,20.972295337799995,0.21409,0.26409,0.21127200000000002
2021-03-06 04:00:00,2021-03-06,4,oos,test,0.0,0.0,-0.26,0.0,36.882409995,12.171195298350002,24.71121469665,0.2145999999999999,0.2645999999999999,0.21167999999999992
2021-03-06 05:00:00,2021-03-06,5,oos,test,0.0,0.0,-0.28,0.0,37.229803335,12.28583510055,24.943968234449997,0.2145999999999999,0.2645999999999999,0.21167999999999992
2021-03-06 06:00:00,2021-03-06,6,oos,test,0.0,0.0,-0.08,0.0,31.266903329999998,10.3180780989,20.948825231099995,0.2145999999999999,0.2645999999999999,0.21167999999999992
2021-03-06 07:00:00,2021-03-06,7,oos,test,0.167,0.167,-0.0,0.0,47.25117,15.592886100000001,31.658283899999997,0.24447,0.29447,0.235576
2021-03-06 08:00:00,2021-03-06,8,oos,test,2.5039167,2.5039167,-0.0,0.0,41.73431334,13.772323402200001,27.9619899378,0.24949,0.29949,0.239592
2021-03-06 09:00:00,2021-03-06,9,oos,test,1.3171667,1.3171667,-0.0,0.0,40.596109995,13.39671629835,27.199393696649995,0.2460099999999999,0.2960099999999999,0.2368079999999999
2021-03-06 10:00:00,2021-03-06,10,oos,test,1.854,1.854,-0.0,0.0,30.205506659999998,9.9678171978,20.237689462199995,0.22616,0.27616,0.220928
2021-03-06 11:00:00,2021-03-06,11,oos,test,4.3809166,4.3809166,-0.0,0.0,37.39445334,12.3401696022,25.054283737799995,0.23128,0.28128000000000003,0.22502400000000003
2021-03-06 12:00:00,2021-03-06,12,oos,test,4.9046666,4.9046666,-0.0,0.0,45.34284333,14.9631382989,30.3797050311,0.21276,0.26276,0.210208
2021-03-06 13:00:00,2021-03-06,13,oos,test,4.3443334,4.3443334,-0.0,0.0,37.72523334,12.449327002200002,25.2759063378,0.19752,0.24752000000000002,0.19801600000000003
2021-03-06 14:00:00,2021-03-06,14,oos,test,11.0666667,11.0666667,-0.0,0.0,39.07898667,12.8960656011,26.182921068899997,0.2003899999999999,0.2503899999999999,0.20031199999999993
2021-03-06 15:00:00,2021-03-06,15,oos,test,3.3084696000000005,3.3084696000000005,-0.0,0.0,36.299779995,11.97892739835,24.32085259665,0.22269,0.27269,0.218152
2021-03-06 16:00:00,2021-03-06,16,oos,test,0.4735832999999999,0.4735832999999999,-0.0,0.0,46.11821667,15.2190115011,30.8992051689,0.25685,0.30685,0.24548000000000003
2021-03-06 17:00:00,2021-03-06,17,oos,test,0.0,0.0,-0.0,0.0,88.81505334,29.308967602200003,59.5060857378,0.2541899999999999,0.3041899999999999,0.24335199999999993
2021-03-06 18:00:00,2021-03-06,18,oos,test,0.0,0.0,-0.0,0.0,73.32956666999999,24.1987570011,49.13080966889999,0.24683,0.29683,0.237464
2021-03-06 19:00:00,2021-03-06,19,oos,test,0.0,0.0,-0.0,0.0,42.45882333,14.011411698900002,28.4474116311,0.22637,0.27637,0.22109600000000001
2021-03-06 20:00:00,2021-03-06,20,oos,test,0.0,0.0,-0.0,0.0,40.3098,13.302234000000002,27.007566,0.21246,0.26246,0.20996800000000004
2021-03-06 21:00:00,2021-03-06,21,oos,test,0.0,0.0,-0.31,0.0,35.409379995,11.68509539835,23.724284596649998,0.21399,0.26399,0.21119200000000002
2021-03-06 22:00:00,2021-03-06,22,oos,test,0.0,0.0,51.79,51.79,34.75826334,11.4702269022,23.288036437799995,0.19998,0.24997999999999998,0.199984
2021-03-06 23:00:00,2021-03-06,23,oos,test,0.0,0.0,58.07,58.07,31.121083335,10.269957500550001,20.85112583445,0.17216,0.22216000000000002,0.17772800000000002
2021-03-07 00:00:00,2021-03-07,0,oos,test,0.0,0.0,-0.31,0.0,29.869666664999997,9.856989999449999,20.012676665549996,0.16778,0.21778000000000003,0.17422400000000005
2021-03-07 01:00:00,2021-03-07,1,oos,test,0.0,0.0,2.05,2.05,26.123351669999998,8.620706051099999,17.502645618899997,0.16503,0.21503,0.172024
2021-03-07 02:00:00,2021-03-07,2,oos,test,0.0,0.0,25.58,25.58,34.255979999999994,11.3044734,22.951506599999995,0.17002,0.22002,0.176016
2021-03-07 03:00:00,2021-03-07,3,oos,test,0.0,0.0,42.97,42.97,32.63369334,10.769118802200001,21.8645745378,0.18173,0.23173,0.185384
2021-03-07 04:00:00,2021-03-07,4,oos,test,0.0,0.0,39.31,39.31,32.93753667,10.869387101100001,22.068149568899997,0.20362,0.25362,0.20289600000000002
2021-03-07 05:00:00,2021-03-07,5,oos,test,0.0,0.0,-0.34,0.0,33.60228,11.0887524,22.513527599999996,0.20718,0.25718,0.20574400000000004
2021-03-07 06:00:00,2021-03-07,6,oos,test,0.0,0.0,-0.38,0.0,39.604366665,13.06944099945,26.53492566555,0.2128799999999999,0.2628799999999999,0.21030399999999994
2021-03-07 07:00:00,2021-03-07,7,oos,test,0.8381667000000002,0.8381667000000002,7.19,7.19,52.0887,17.189271,34.899429,0.23895,0.28895,0.23116
2021-03-07 08:00:00,2021-03-07,8,oos,test,6.469166700000001,6.469166700000001,1.7,1.7,47.389753335,15.638618600550002,31.751134734449998,0.24669,0.29669,0.237352
2021-03-07 09:00:00,2021-03-07,9,oos,test,38.725501,38.725501,-0.43,0.0,48.55105000500001,16.021846501650003,32.529203503350004,0.24699,0.29699,0.237592
2021-03-07 10:00:00,2021-03-07,10,oos,test,47.289333,47.289333,4.1,4.1,42.292843335,13.95663830055,28.336205034449996,0.24597,0.29597,0.23677600000000001
2021-03-07 11:00:00,2021-03-07,11,oos,test,29.677667,29.677667,8.81,8.81,31.182709994999996,10.29029429835,20.892415696649994,0.24465,0.29465,0.23572000000000004
2021-03-07 12:00:00,2021-03-07,12,oos,test,42.25325,42.25325,40.9,40.9,32.67435333,10.782536598900002,21.8918167311,0.24383,0.29383,0.235064
2021-03-07 13:00:00,2021-03-07,13,oos,test,41.050833,41.050833,27.08,27.08,46.08677334,15.208635202200002,30.878138137799997,0.24587,0.29587,0.23669600000000002
2021-03-07 14:00:00,2021-03-07,14,oos,test,2.187,2.187,53.7,53.7,36.97062333,12.200305698900001,24.7703176311,0.24984,0.29984,0.239872
2021-03-07 15:00:00,2021-03-07,15,oos,test,0.249,0.249,28.74,28.74,39.22278,12.943517400000001,26.279262599999996,0.25931,0.30931,0.247448
2021-03-07 16:00:00,2021-03-07,16,oos,test,0.0,0.0,-0.33,0.0,44.770593330000004,14.774295798900003,29.996297531099998,0.27041,0.32041,0.256328
2021-03-07 17:00:00,2021-03-07,17,oos,test,0.0,0.0,-0.63,0.0,41.972733330000004,13.851001998900003,28.1217313311,0.27499,0.32499,0.259992
2021-03-07 18:00:00,2021-03-07,18,oos,test,0.0,0.0,-0.35,0.0,38.821450005,12.811078501650002,26.010371503349997,0.27814,0.32814,0.262512
2021-03-07 19:00:00,2021-03-07,19,oos,test,0.0,0.0,-0.48,0.0,61.379599995,20.25526799835,41.12433199664999,0.2797699999999999,0.3297699999999999,0.26381599999999994
2021-03-07 20:00:00,2021-03-07,20,oos,test,0.0,0.0,-0.36,0.0,45.17468334,14.907645502200001,30.267037837799997,0.28008,0.33008,0.264064
2021-03-07 21:00:00,2021-03-07,21,oos,test,0.0,0.0,4.2,4.2,42.95657667,14.1756703011,28.780906368899995,0.28772,0.33771999999999996,0.27017599999999997
2021-03-07 22:00:00,2021-03-07,22,oos,test,0.0,0.0,13.24,13.24,33.50528667,11.0567446011,22.448542068899997,0.28761,0.33760999999999997,0.270088
2021-03-07 23:00:00,2021-03-07,23,oos,test,0.0,0.0,23.88,23.88,30.67904667,10.1240854011,20.554961268899998,0.27743,0.32743,0.261944
