time_utc	date_utc	hour_utc	split	source_file	pv_raw_kw	pv_clean_kw	wind_raw_kw	wind_clean_kw	load_kw	critical_load_kw	noncritical_load_kw	spot_price_nok_per_kwh	buy_price_nok_per_kwh	sell_price_nok_per_kwh
11/1/2020 0:00	11/1/2020	0	oos	train	0	0	164.04	164.04	15.08958	4.9795614	10.1100186	0.04762	0.09762	0.078096
11/1/2020 1:00	11/1/2020	1	oos	train	0	0	130.86	130.86	20.59540444	6.796483465	13.79892097	0.03905	0.08905	0.07124
11/1/2020 2:00	11/1/2020	2	oos	train	0	0	89.43	89.43	20.88301111	6.891393666	13.99161744	0.03939	0.08939	0.071512
11/1/2020 3:00	11/1/2020	3	oos	train	0	0	67.13	67.13	19.82614444	6.542627665	13.28351677	0.04395	0.09395	0.07516
11/1/2020 4:00	11/1/2020	4	oos	train	0	0	120.34	120.34	16.04989667	5.296465901	10.75343077	0.04873	0.09873	0.078984
11/1/2020 5:00	11/1/2020	5	oos	train	0	0	180.87	180.87	19.09098889	6.300026334	12.79096256	0.05074	0.10074	0.080592
11/1/2020 6:00	11/1/2020	6	oos	train	0	0	137.95	137.95	18.12788222	5.982201133	12.14568109	0.05363	0.10363	0.082904
11/1/2020 7:00	11/1/2020	7	oos	train	0.149	0.149	184.64	184.64	22.43251556	7.402730135	15.02978543	0.06943	0.11943	0.095544
11/1/2020 8:00	11/1/2020	8	oos	train	1.4989167	1.4989167	144.83	144.83	23.54931111	7.771272666	15.77803844	0.07822	0.12822	0.102576
11/1/2020 9:00	11/1/2020	9	oos	train	2.3552499	2.3552499	64.82	64.82	27.18836667	8.972161001	18.21620567	0.08757	0.13757	0.110056
11/1/2020 10:00	11/1/2020	10	oos	train	6.3439167	6.3439167	49.81	49.81	21.50150222	7.095495733	14.40600649	0.08523	0.13523	0.108184
11/1/2020 11:00	11/1/2020	11	oos	train	4.8768332	4.8768332	50.14	50.14	15.68743778	5.176854467	10.51058331	0.07755	0.12755	0.10204
11/1/2020 12:00	11/1/2020	12	oos	train	2.36475	2.36475	70.74	70.74	18.3961	6.070713	12.325387	0.07299	0.12299	0.098392
11/1/2020 13:00	11/1/2020	13	oos	train	0.6966667	0.6966667	57.06	57.06	19.98424889	6.594802134	13.38944676	0.06921	0.11921	0.095368
11/1/2020 14:00	11/1/2020	14	oos	train	0.0014167	0.0014167	45.63	45.63	21.41987556	7.068558935	14.35131663	0.07577	0.12577	0.100616
11/1/2020 15:00	11/1/2020	15	oos	train	0	0	62.49	62.49	22.31372444	7.363529065	14.95019537	0.08734	0.13734	0.109872
11/1/2020 16:00	11/1/2020	16	oos	train	0	0	137.71	137.71	18.84608	6.2192064	12.6268736	0.0958	0.1458	0.11664
11/1/2020 17:00	11/1/2020	17	oos	train	0	0	149.16	149.16	16.41128556	5.415724235	10.99556133	0.08957	0.13957	0.111656
11/1/2020 18:00	11/1/2020	18	oos	train	0	0	169.84	169.84	20.40175556	6.732579335	13.66917623	0.07677	0.12677	0.101416
11/1/2020 19:00	11/1/2020	19	oos	train	0	0	140.91	140.91	22.30158444	7.359522865	14.94206157	0.05563	0.10563	0.084504
11/1/2020 20:00	11/1/2020	20	oos	train	0	0	139.46	139.46	22.96769778	7.579340267	15.38835751	0.04273	0.09273	0.074184
11/1/2020 21:00	11/1/2020	21	oos	train	0	0	157.34	157.34	24.71515556	8.156001335	16.55915423	0.04784	0.09784	0.078272
11/1/2020 22:00	11/1/2020	22	oos	train	0	0	80.46	80.46	20.61977333	6.804525199	13.81524813	0.02626	0.07626	0.061008
11/1/2020 23:00	11/1/2020	23	oos	train	0	0	82.49	82.49	16.02822889	5.289315534	10.73891336	0.01591	0.06591	0.052728
11/2/2020 0:00	11/2/2020	0	oos	train	0	0	136.04	136.04	14.31577778	4.724206667	9.591571113	0.01658	0.06658	0.053264
11/2/2020 1:00	11/2/2020	1	oos	train	0	0	122	122	17.02642778	5.618721167	11.40770661	0.0188	0.0688	0.05504
11/2/2020 2:00	11/2/2020	2	oos	train	0	0	131.25	131.25	18.65302667	6.155498801	12.49752787	0.01647	0.06647	0.053176
11/2/2020 3:00	11/2/2020	3	oos	train	0	0	135.93	135.93	19.20223111	6.336736266	12.86549484	0.01591	0.06591	0.052728
11/2/2020 4:00	11/2/2020	4	oos	train	0	0	85.13	85.13	15.61809111	5.153970066	10.46412104	0.01613	0.06613	0.052904
11/2/2020 5:00	11/2/2020	5	oos	train	0	0	62.62	62.62	15.75956667	5.200657001	10.55890967	0.02737	0.07737	0.061896
11/2/2020 6:00	11/2/2020	6	oos	train	0	0	100.53	100.53	16.33675444	5.391128965	10.94562547	0.05485	0.10485	0.08388
11/2/2020 7:00	11/2/2020	7	oos	train	0.3385985	0.3385985	85.97	85.97	19.66669333	6.490008799	13.17668453	0.06086	0.11086	0.088688
11/2/2020 8:00	11/2/2020	8	oos	train	1.3793333	1.3793333	41.16	41.16	27.60657556	9.110169935	18.49640563	0.05919	0.10919	0.087352
11/2/2020 9:00	11/2/2020	9	oos	train	16.0723335	16.0723335	6.72	6.72	26.98536667	8.905171001	18.08019567	0.05942	0.10942	0.087536
11/2/2020 10:00	11/2/2020	10	oos	train	44.106917	44.106917	2.93	2.93	24.72587778	8.159539667	16.56633811	0.06008	0.11008	0.088064
11/2/2020 11:00	11/2/2020	11	oos	train	44.758583	44.758583	1.69	1.69	21.15839333	6.982269799	14.17612353	0.05841	0.10841	0.086728
11/2/2020 12:00	11/2/2020	12	oos	train	28.833167	28.833167	0.01	0.01	20.08906889	6.629392734	13.45967616	0.05508	0.10508	0.084064
11/2/2020 13:00	11/2/2020	13	oos	train	21.9615835	21.9615835	33.06	33.06	24.06208889	7.940489334	16.12159956	0.05508	0.10508	0.084064
11/2/2020 14:00	11/2/2020	14	oos	train	10.2226666	10.2226666	30.16	30.16	26.73918889	8.823932334	17.91525656	0.05986	0.10986	0.087888
11/2/2020 15:00	11/2/2020	15	oos	train	0	0	69.77	69.77	31.06174889	10.25037713	20.81137176	0.078	0.128	0.1024
11/2/2020 16:00	11/2/2020	16	oos	train	0	0	38.07	38.07	23.58073111	7.781641266	15.79908984	0.09502	0.14502	0.116016
11/2/2020 17:00	11/2/2020	17	oos	train	0	0	27.09	27.09	23.3753	7.713849	15.661451	0.09268	0.14268	0.114144
11/2/2020 18:00	11/2/2020	18	oos	train	0	0	26.15	26.15	25.58834222	8.444152933	17.14418929	0.07933	0.12933	0.103464
11/2/2020 19:00	11/2/2020	19	oos	train	0	0	21.11	21.11	27.13599333	8.954877799	18.18111553	0.06242	0.11242	0.089936
11/2/2020 20:00	11/2/2020	20	oos	train	0	0	27.26	27.26	29.79754667	9.833190401	19.96435627	0.05541	0.10541	0.084328
11/2/2020 21:00	11/2/2020	21	oos	train	0	0	1.82	1.82	26.69374222	8.808934933	17.88480729	0.05741	0.10741	0.085928
11/2/2020 22:00	11/2/2020	22	oos	train	0	0	8.06	8.06	22.47031111	7.415202666	15.05510844	0.05541	0.10541	0.084328
11/2/2020 23:00	11/2/2020	23	oos	train	0	0	12.13	12.13	17.06397222	5.631110833	11.43286139	0.01624	0.06624	0.052992
11/3/2020 0:00	11/3/2020	0	oos	train	0	0	14.46	14.46	14.17406222	4.677440533	9.496621687	0.01624	0.06624	0.052992
11/3/2020 1:00	11/3/2020	1	oos	train	0	0	11.38	11.38	17.97920667	5.933138201	12.04606847	0.01635	0.06635	0.05308
11/3/2020 2:00	11/3/2020	2	oos	train	0	0	15.06	15.06	16.75292444	5.528465065	11.22445937	0.01646	0.06646	0.053168
11/3/2020 3:00	11/3/2020	3	oos	train	0	0	12.66	12.66	16.28929222	5.375466433	10.91382579	0.01657	0.06657	0.053256
11/3/2020 4:00	11/3/2020	4	oos	train	0	0	8.89	8.89	14.81710333	4.889644099	9.927459231	0.02802	0.07802	0.062416
11/3/2020 5:00	11/3/2020	5	oos	train	0	0	13.15	13.15	16.91955	5.5834515	11.3360985	0.06139	0.11139	0.089112
11/3/2020 6:00	11/3/2020	6	oos	train	0	0	18.86	18.86	21.20281556	6.996929135	14.20588643	0.08941	0.13941	0.111528
11/3/2020 7:00	11/3/2020	7	oos	train	1.0531666	1.0531666	15.82	15.82	24.23997333	7.999191199	16.24078213	0.09331	0.14331	0.114648
11/3/2020 8:00	11/3/2020	8	oos	train	7.9719167	7.9719167	15.4	15.4	30.61955111	10.10445187	20.51509924	0.09008	0.14008	0.112064
11/3/2020 9:00	11/3/2020	9	oos	train	5.0789166	5.0789166	12.06	12.06	28.9002	9.537066	19.363134	0.08997	0.13997	0.111976
11/3/2020 10:00	11/3/2020	10	oos	train	5.0723332	5.0723332	6.52	6.52	25.02351556	8.257760135	16.76575543	0.09197	0.14197	0.113576
11/3/2020 11:00	11/3/2020	11	oos	train	13.326	13.326	15.46	15.46	23.12395333	7.630904599	15.49304873	0.08875	0.13875	0.111
11/3/2020 12:00	11/3/2020	12	oos	train	9.6699167	9.6699167	23.62	23.62	25.48967111	8.411591466	17.07807964	0.08863	0.13863	0.110904
11/3/2020 13:00	11/3/2020	13	oos	train	27.589917	27.589917	9.35	9.35	24.48206667	8.079082001	16.40298467	0.09253	0.14253	0.114024
11/3/2020 14:00	11/3/2020	14	oos	train	7.4080834	7.4080834	10.83	10.83	25.66971556	8.471006135	17.19870943	0.0952	0.1452	0.11616
11/3/2020 15:00	11/3/2020	15	oos	train	0	0	22.81	22.81	27.72248889	9.148421334	18.57406756	0.09586	0.14586	0.116688
11/3/2020 16:00	11/3/2020	16	oos	train	0	0	17.04	17.04	22.6291	7.467603	15.161497	0.09586	0.14586	0.116688
11/3/2020 17:00	11/3/2020	17	oos	train	0	0	14.68	14.68	26.66434889	8.799235134	17.86511376	0.09698	0.14698	0.117584
11/3/2020 18:00	11/3/2020	18	oos	train	0	0	16.7	16.7	26.99824444	8.909420665	18.08882377	0.0982	0.1482	0.11856
11/3/2020 19:00	11/3/2020	19	oos	train	0	0	16.24	16.24	28.25321111	9.323559666	18.92965144	0.09242	0.14242	0.113936
11/3/2020 20:00	11/3/2020	20	oos	train	0	0	15.99	15.99	26.16415556	8.634171335	17.52998423	0.08385	0.13385	0.10708
11/3/2020 21:00	11/3/2020	21	oos	train	0	0	16.24	16.24	24.92644667	8.225727401	16.70071927	0.06828	0.11828	0.094624
11/3/2020 22:00	11/3/2020	22	oos	train	0	0	17.37	17.37	19.98018444	6.593460865	13.38672357	0.0417	0.0917	0.07336
11/3/2020 23:00	11/3/2020	23	oos	train	0	0	26.83	26.83	17.68234444	5.835173665	11.84717077	0.0268	0.0768	0.06144
11/4/2020 0:00	11/4/2020	0	oos	train	0	0	25.42	25.42	14.95974	4.9367142	10.0230258	0.01643	0.06643	0.053144
11/4/2020 1:00	11/4/2020	1	oos	train	0	0	23.76	23.76	19.19069333	6.332928799	12.85776453	0.01588	0.06588	0.052704
11/4/2020 2:00	11/4/2020	2	oos	train	0	0	22.28	22.28	19.59933111	6.467779266	13.13155184	0.01566	0.06566	0.052528
11/4/2020 3:00	11/4/2020	3	oos	train	0	0	19.85	19.85	20.97496	6.9217368	14.0532232	0.0161	0.0661	0.05288
11/4/2020 4:00	11/4/2020	4	oos	train	0	0	32.18	32.18	15.90614333	5.249027299	10.65711603	0.02493	0.07493	0.059944
11/4/2020 5:00	11/4/2020	5	oos	train	0	0	30.98	30.98	15.79496444	5.212338265	10.58262617	0.05084	0.10084	0.080672
11/4/2020 6:00	11/4/2020	6	oos	train	0	0	31.32	31.32	19.57652	6.4602516	13.1162684	0.05559	0.10559	0.084472
11/4/2020 7:00	11/4/2020	7	oos	train	0.9175834	0.9175834	26.92	26.92	29.09327111	9.600779466	19.49249164	0.05746	0.10746	0.085968
11/4/2020 8:00	11/4/2020	8	oos	train	1.1145	1.1145	23.69	23.69	30.21295111	9.970273866	20.24267724	0.05923	0.10923	0.087384
11/4/2020 9:00	11/4/2020	9	oos	train	2.349	2.349	30.99	30.99	26.66056444	8.797986265	17.86257817	0.06242	0.11242	0.089936
11/4/2020 10:00	11/4/2020	10	oos	train	10.3209167	10.3209167	42.16	42.16	27.36748222	9.031269133	18.33621309	0.05724	0.10724	0.085792
11/4/2020 11:00	11/4/2020	11	oos	train	2.22275	2.22275	39.7	39.7	23.83929556	7.866967535	15.97232803	0.05481	0.10481	0.083848
11/4/2020 12:00	11/4/2020	12	oos	train	0.9275	0.9275	25.36	25.36	22.17732	7.3185156	14.8588044	0.05492	0.10492	0.083936
11/4/2020 13:00	11/4/2020	13	oos	train	0.1711667	0.1711667	35.42	35.42	30.54759333	10.0807058	20.46688753	0.05537	0.10537	0.084296
11/4/2020 14:00	11/4/2020	14	oos	train	0	0	74.99	74.99	30.63895333	10.1108546	20.52809873	0.05581	0.10581	0.084648
11/4/2020 15:00	11/4/2020	15	oos	train	0	0	52.36	52.36	31.40553556	10.36382673	21.04170883	0.05437	0.10437	0.083496
11/4/2020 16:00	11/4/2020	16	oos	train	0	0	35.49	35.49	30.17289333	9.957054799	20.21583853	0.05261	0.10261	0.082088
11/4/2020 17:00	11/4/2020	17	oos	train	0	0	68.24	68.24	27.51430444	9.079720465	18.43458397	0.05106	0.10106	0.080848
11/4/2020 18:00	11/4/2020	18	oos	train	0	0	45.23	45.23	29.01013556	9.573344735	19.43679083	0.05062	0.10062	0.080496
11/4/2020 19:00	11/4/2020	19	oos	train	0	0	15.24	15.24	34.57830444	11.41084047	23.16746397	0.04996	0.09996	0.079968
11/4/2020 20:00	11/4/2020	20	oos	train	0	0	24.39	24.39	28.08180222	9.266994733	18.81480749	0.04765	0.09765	0.07812
11/4/2020 21:00	11/4/2020	21	oos	train	0	0	25.06	25.06	25.88429111	8.541816066	17.34247504	0.03562	0.08562	0.068496
11/4/2020 22:00	11/4/2020	22	oos	train	0	0	34.23	34.23	26.12489333	8.621214799	17.50367853	0.01588	0.06588	0.052704
11/4/2020 23:00	11/4/2020	23	oos	train	0	0	64.06	64.06	22.23515778	7.337602067	14.89755571	0.0185	0.0685	0.0548
11/5/2020 0:00	11/5/2020	0	oos	train	0	0	40.47	40.47	14.93745222	4.929359233	10.00809299	0.01498	0.06498	0.051984
11/5/2020 1:00	11/5/2020	1	oos	train	0	0	48.85	48.85	17.55203333	5.792170999	11.75986233	0.01057	0.06057	0.048456
11/5/2020 2:00	11/5/2020	2	oos	train	0	0	71.05	71.05	17.34835111	5.724955866	11.62339524	0.00991	0.05991	0.047928
11/5/2020 3:00	11/5/2020	3	oos	train	0	0	33.63	33.63	19.55321778	6.452561867	13.10065591	0.01068	0.06068	0.048544
11/5/2020 4:00	11/5/2020	4	oos	train	0	0	-0.26	0	16.85173556	5.561072735	11.29066283	0.01641	0.06641	0.053128
11/5/2020 5:00	11/5/2020	5	oos	train	0	0	55.02	55.02	20.98154889	6.923911134	14.05763776	0.02544	0.07544	0.060352
11/5/2020 6:00	11/5/2020	6	oos	train	0	0	180.07	180.07	25.67060889	8.471300934	17.19930796	0.0337	0.0837	0.06696
11/5/2020 7:00	11/5/2020	7	oos	train	0.6244167	0.6244167	201.01	201.01	33.03959333	10.9030658	22.13652753	0.03282	0.08282	0.066256
11/5/2020 8:00	11/5/2020	8	oos	train	3.1202501	3.1202501	119	119	30.29584667	9.997629401	20.29821727	0.03161	0.08161	0.065288
11/5/2020 9:00	11/5/2020	9	oos	train	6.9205	6.9205	61.04	61.04	28.43097778	9.382222667	19.04875511	0.03161	0.08161	0.065288
11/5/2020 10:00	11/5/2020	10	oos	train	5.4598334	5.4598334	108.02	108.02	25.32728667	8.358004601	16.96928207	0.02907	0.07907	0.063256
11/5/2020 11:00	11/5/2020	11	oos	train	13.4250835	13.4250835	63.11	63.11	22.96356667	7.577977001	15.38558967	0.02577	0.07577	0.060616
11/5/2020 12:00	11/5/2020	12	oos	train	7.4875	7.4875	-0.28	0	24.03474667	7.931466401	16.10328027	0.02401	0.07401	0.059208
11/5/2020 13:00	11/5/2020	13	oos	train	4.62175	4.62175	-0.26	0	28.30498222	9.340644133	18.96433809	0.02621	0.07621	0.060968
11/5/2020 14:00	11/5/2020	14	oos	train	1.248	1.248	-0.27	0	28.13698667	9.285205601	18.85178107	0.0283	0.0783	0.06264
11/5/2020 15:00	11/5/2020	15	oos	train	0	0	33.82	33.82	29.00963111	9.573178266	19.43645284	0.02874	0.07874	0.062992
11/5/2020 16:00	11/5/2020	16	oos	train	0	0	114.77	114.77	25.83309333	8.524920799	17.30817253	0.02698	0.07698	0.061584
11/5/2020 17:00	11/5/2020	17	oos	train	0	0	173.47	173.47	25.97546444	8.571903265	17.40356117	0.02588	0.07588	0.060704
11/5/2020 18:00	11/5/2020	18	oos	train	0	0	55.44	55.44	25.03660444	8.262079465	16.77452497	0.02731	0.07731	0.061848
11/5/2020 19:00	11/5/2020	19	oos	train	0	0	1.55	1.55	30.84803778	10.17985247	20.66818531	0.02698	0.07698	0.061584
11/5/2020 20:00	11/5/2020	20	oos	train	0	0	0.54	0.54	29.54260222	9.749058733	19.79354349	0.02412	0.07412	0.059296
11/5/2020 21:00	11/5/2020	21	oos	train	0	0	17.89	17.89	23.90218222	7.887720133	16.01446209	0.01773	0.06773	0.054184
11/5/2020 22:00	11/5/2020	22	oos	train	0	0	81.07	81.07	18.0317	5.950461	12.081239	0.01112	0.06112	0.048896
11/5/2020 23:00	11/5/2020	23	oos	train	0	0	97.88	97.88	15.96215333	5.267510599	10.69464273	0.01024	0.06024	0.048192
11/6/2020 0:00	11/6/2020	0	oos	train	0	0	110.51	110.51	16.60904889	5.480986134	11.12806276	0.00969	0.05969	0.047752
11/6/2020 1:00	11/6/2020	1	oos	train	0	0	26.12	26.12	17.57176333	5.798681899	11.77308143	0.00959	0.05959	0.047672
11/6/2020 2:00	11/6/2020	2	oos	train	0	0	41.53	41.53	21.5868	7.123644	14.463156	0.0122	0.0622	0.04976
11/6/2020 3:00	11/6/2020	3	oos	train	0	0	111.3	111.3	19.51088889	6.438593334	13.07229556	0.01623	0.06623	0.052984
11/6/2020 4:00	11/6/2020	4	oos	train	0	0	106.32	106.32	16.03362667	5.291096801	10.74252987	0.02908	0.07908	0.063264
11/6/2020 5:00	11/6/2020	5	oos	train	0	0	92.66	92.66	17.81099	5.8776267	11.9333633	0.03333	0.08333	0.066664
11/6/2020 6:00	11/6/2020	6	oos	train	0	0	75.95	75.95	18.04756667	5.955697001	12.09186967	0.03377	0.08377	0.067016
11/6/2020 7:00	11/6/2020	7	oos	train	0	0	84.55	84.55	23.90756667	7.889497001	16.01806967	0.03322	0.08322	0.066576
11/6/2020 8:00	11/6/2020	8	oos	train	0.2508333	0.2508333	45.48	45.48	27.37667778	9.034303667	18.34237411	0.03235	0.08235	0.06588
11/6/2020 9:00	11/6/2020	9	oos	train	1.05175	1.05175	28.56	28.56	28.03318	9.2509494	18.7822306	0.03181	0.08181	0.065448
11/6/2020 10:00	11/6/2020	10	oos	train	0.9529167	0.9529167	40.35	40.35	23.11101778	7.626635867	15.48438191	0.03006	0.08006	0.064048
11/6/2020 11:00	11/6/2020	11	oos	train	1.0066666	1.0066666	67.54	67.54	22.03219111	7.270623066	14.76156804	0.02712	0.07712	0.061696
11/6/2020 12:00	11/6/2020	12	oos	train	1.1869167	1.1869167	77.1	77.1	22.07576667	7.285003001	14.79076367	0.02614	0.07614	0.060912
11/6/2020 13:00	11/6/2020	13	oos	train	1.1814167	1.1814167	59.17	59.17	23.45991111	7.741770666	15.71814044	0.02473	0.07473	0.059784
11/6/2020 14:00	11/6/2020	14	oos	train	0	0	56.39	56.39	25.97621778	8.572151867	17.40406591	0.02527	0.07527	0.060216
11/6/2020 15:00	11/6/2020	15	oos	train	0	0	8.69	8.69	27.95132444	9.223937065	18.72738737	0.02625	0.07625	0.061
11/6/2020 16:00	11/6/2020	16	oos	train	0	0	27.06	27.06	23.84225333	7.867943599	15.97430973	0.02516	0.07516	0.060128
11/6/2020 17:00	11/6/2020	17	oos	train	0	0	43.38	43.38	18.23313	6.0169329	12.2161971	0.02157	0.07157	0.057256
11/6/2020 18:00	11/6/2020	18	oos	train	0	0	11.61	11.61	23.63997556	7.801191935	15.83878363	0.02146	0.07146	0.057168
11/6/2020 19:00	11/6/2020	19	oos	train	0	0	3.56	3.56	23.11205778	7.626979067	15.48507871	0.02189	0.07189	0.057512
11/6/2020 20:00	11/6/2020	20	oos	train	0	0	1.46	1.46	23.17454222	7.647598933	15.52694329	0.02179	0.07179	0.057432
11/6/2020 21:00	11/6/2020	21	oos	train	0	0	6.74	6.74	26.21055778	8.649484067	17.56107371	0.02941	0.07941	0.063528
11/6/2020 22:00	11/6/2020	22	oos	train	0	0	10.07	10.07	21.51772222	7.100848333	14.41687389	0.02756	0.07756	0.062048
11/6/2020 23:00	11/6/2020	23	oos	train	0	0	11.58	11.58	19.03950444	6.283036465	12.75646797	0.02612	0.07612	0.060896
11/7/2020 0:00	11/7/2020	0	oos	train	0	0	12.57	12.57	15.96136	5.2672488	10.6941112	0.02492	0.07492	0.059936
11/7/2020 1:00	11/7/2020	1	oos	train	0	0	7.61	7.61	19.1532	6.320556	12.832644	0.02166	0.07166	0.057328
11/7/2020 2:00	11/7/2020	2	oos	train	0	0	7.13	7.13	16.83019111	5.553963066	11.27622804	0.02013	0.07013	0.056104
11/7/2020 3:00	11/7/2020	3	oos	train	0	0	2.01	2.01	17.31408	5.7136464	11.6004336	0.01872	0.06872	0.054976
11/7/2020 4:00	11/7/2020	4	oos	train	0	0	-0.29	0	17.59446667	5.806174001	11.78829267	0.01894	0.06894	0.055152
11/7/2020 5:00	11/7/2020	5	oos	train	0	0	9.95	9.95	15.63266	5.1587778	10.4738822	0.01643	0.06643	0.053144
11/7/2020 6:00	11/7/2020	6	oos	train	0	0	6.38	6.38	17.49245889	5.772511434	11.71994746	0.01687	0.06687	0.053496
11/7/2020 7:00	11/7/2020	7	oos	train	0	0	2.08	2.08	22.94260222	7.571058733	15.37154349	0.01883	0.06883	0.055064
11/7/2020 8:00	11/7/2020	8	oos	train	0.1796666	0.1796666	6.05	6.05	26.51490222	8.749917733	17.76498449	0.02634	0.07634	0.061072
11/7/2020 9:00	11/7/2020	9	oos	train	0.6371666	0.6371666	19.22	19.22	27.67803111	9.133750266	18.54428084	0.0321	0.0821	0.06568
11/7/2020 10:00	11/7/2020	10	oos	train	0.4658333	0.4658333	12.68	12.68	25.4973	8.414109	17.083191	0.03766	0.08766	0.070128
11/7/2020 11:00	11/7/2020	11	oos	train	1.4428333	1.4428333	20.01	20.01	25.80894889	8.516953134	17.29199576	0.03776	0.08776	0.070208
11/7/2020 12:00	11/7/2020	12	oos	train	1.3668333	1.3668333	16.49	16.49	28.89731111	9.536112666	19.36119844	0.04092	0.09092	0.072736
11/7/2020 13:00	11/7/2020	13	oos	train	0.2411667	0.2411667	13.43	13.43	25.43563556	8.393759735	17.04187583	0.04342	0.09342	0.074736
11/7/2020 14:00	11/7/2020	14	oos	train	0.0125834	0.0125834	3.53	3.53	27.35094667	9.025812401	18.32513427	0.04832	0.09832	0.078656
11/7/2020 15:00	11/7/2020	15	oos	train	0	0	7.51	7.51	29.29682444	9.667952065	19.62887237	0.05518	0.10518	0.084144
11/7/2020 16:00	11/7/2020	16	oos	train	0	0	-0.32	0	25.23852444	8.328713065	16.90981137	0.05648	0.10648	0.085184
11/7/2020 17:00	11/7/2020	17	oos	train	0	0	2.54	2.54	26.80936444	8.847090265	17.96227417	0.05714	0.10714	0.085712
11/7/2020 18:00	11/7/2020	18	oos	train	0	0	-0.28	0	27.81026444	9.177387265	18.63287717	0.05452	0.10452	0.083616
11/7/2020 19:00	11/7/2020	19	oos	train	0	0	-0.24	0	29.97243778	9.890904467	20.08153331	0.04832	0.09832	0.078656
11/7/2020 20:00	11/7/2020	20	oos	train	0	0	-0.32	0	20.50083778	6.765276467	13.73556131	0.04429	0.09429	0.075432
11/7/2020 21:00	11/7/2020	21	oos	train	0	0	-0.32	0	17.50558111	5.776841766	11.72873934	0.0468	0.0968	0.07744
11/7/2020 22:00	11/7/2020	22	oos	train	0	0	-0.31	0	17.42976222	5.751821533	11.67794069	0.04179	0.09179	0.073432
11/7/2020 23:00	11/7/2020	23	oos	train	0	0	2.95	2.95	17.39314	5.7397362	11.6534038	0.04501	0.09501	0.076008
11/8/2020 0:00	11/8/2020	0	oos	train	0	0	2.38	2.38	17.3617	5.729361	11.632339	0.04328	0.09328	0.074624
11/8/2020 1:00	11/8/2020	1	oos	train	0	0	2.13	2.13	21.48632222	7.090486333	14.39583589	0.04187	0.09187	0.073496
11/8/2020 2:00	11/8/2020	2	oos	train	0	0	9.07	9.07	21.01434	6.9347322	14.0796078	0.04317	0.09317	0.074536
11/8/2020 3:00	11/8/2020	3	oos	train	0	0	10.23	10.23	20.35507556	6.717174935	13.63790063	0.04697	0.09697	0.077576
11/8/2020 4:00	11/8/2020	4	oos	train	0	0	7.16	7.16	16.95884	5.5964172	11.3624228	0.05206	0.10206	0.081648
11/8/2020 5:00	11/8/2020	5	oos	train	0	0	4	4	16.30187889	5.379620034	10.92225886	0.05076	0.10076	0.080608
11/8/2020 6:00	11/8/2020	6	oos	train	0	0	13.78	13.78	16.51634	5.4503922	11.0659478	0.05391	0.10391	0.083128
11/8/2020 7:00	11/8/2020	7	oos	train	0.0378182	0.0378182	13.12	13.12	27.06745778	8.932261067	18.13519671	0.0653	0.1153	0.09224
11/8/2020 8:00	11/8/2020	8	oos	train	0.64575	0.64575	5.44	5.44	29.74491111	9.815820666	19.92909044	0.06866	0.11866	0.094928
11/8/2020 9:00	11/8/2020	9	oos	train	2.51175	2.51175	1.74	1.74	25.33888	8.3618304	16.9770496	0.07321	0.12321	0.098568
11/8/2020 10:00	11/8/2020	10	oos	train	4.2181666	4.2181666	-0.25	0	20.50757111	6.767498466	13.74007264	0.07397	0.12397	0.099176
11/8/2020 11:00	11/8/2020	11	oos	train	2.7114167	2.7114167	-0.25	0	21.02203111	6.937270266	14.08476084	0.0743	0.1243	0.09944
11/8/2020 12:00	11/8/2020	12	oos	train	2.4349167	2.4349167	4.7	4.7	18.19200444	6.003361465	12.18864297	0.07408	0.12408	0.099264
11/8/2020 13:00	11/8/2020	13	oos	train	1.0431666	1.0431666	10.37	10.37	22.61692889	7.463586534	15.15334236	0.07354	0.12354	0.098832
11/8/2020 14:00	11/8/2020	14	oos	train	0.1707499	0.1707499	10.61	10.61	20.83233333	6.874669999	13.95766333	0.07376	0.12376	0.099008
11/8/2020 15:00	11/8/2020	15	oos	train	0	0	11.56	11.56	25.24896	8.3321568	16.9168032	0.07235	0.12235	0.09788
11/8/2020 16:00	11/8/2020	16	oos	train	0	0	14.39	14.39	24.98686222	8.245664533	16.74119769	0.0718	0.1218	0.09744
11/8/2020 17:00	11/8/2020	17	oos	train	0	0	14.37	14.37	27.23177778	8.986486667	18.24529111	0.07343	0.12343	0.098744
11/8/2020 18:00	11/8/2020	18	oos	train	0	0	14.96	14.96	27.92882889	9.216513534	18.71231536	0.07007	0.12007	0.096056
11/8/2020 19:00	11/8/2020	19	oos	train	0	0	22.26	22.26	23.70965778	7.824187067	15.88547071	0.06855	0.11855	0.09484
11/8/2020 20:00	11/8/2020	20	oos	train	0	0	16.67	16.67	23.47344444	7.746236665	15.72720777	0.06378	0.11378	0.091024
11/8/2020 21:00	11/8/2020	21	oos	train	0	0	13.48	13.48	22.8646	7.545318	15.319282	0.05575	0.10575	0.0846
11/8/2020 22:00	11/8/2020	22	oos	train	0	0	7.21	7.21	19.47544444	6.426896665	13.04854777	0.05369	0.10369	0.082952
11/8/2020 23:00	11/8/2020	23	oos	train	0	0	7.03	7.03	15.98631889	5.275485234	10.71083366	0.05846	0.10846	0.086768
11/9/2020 0:00	11/9/2020	0	oos	train	0	0	6.9	6.9	15.58674667	5.143626401	10.44312027	0.05749	0.10749	0.085992
11/9/2020 1:00	11/9/2020	1	oos	train	0	0	7.21	7.21	18.56399556	6.126118535	12.43787703	0.05673	0.10673	0.085384
11/9/2020 2:00	11/9/2020	2	oos	train	0	0	3.41	3.41	20.51403556	6.769631735	13.74440383	0.05684	0.10684	0.085472
11/9/2020 3:00	11/9/2020	3	oos	train	0	0	-0.25	0	19.87670222	6.559311733	13.31739049	0.05738	0.10738	0.085904
11/9/2020 4:00	11/9/2020	4	oos	train	0	0	-0.27	0	14.08483444	4.647995365	9.436839075	0.05922	0.10922	0.087376
11/9/2020 5:00	11/9/2020	5	oos	train	0	0	-0.27	0	14.48839778	4.781171267	9.707226513	0.06085	0.11085	0.08868
11/9/2020 6:00	11/9/2020	6	oos	train	0	0	8.18	8.18	18.30532667	6.040757801	12.26456887	0.0641	0.1141	0.09128
11/9/2020 7:00	11/9/2020	7	oos	train	0.0224545	0.0224545	13.45	13.45	24.39597778	8.050672667	16.34530511	0.06692	0.11692	0.093536
11/9/2020 8:00	11/9/2020	8	oos	train	0.36675	0.36675	15.4	15.4	30.37015333	10.0221506	20.34800273	0.07647	0.12647	0.101176
11/9/2020 9:00	11/9/2020	9	oos	train	1.4221666	1.4221666	11.15	11.15	28.67150889	9.461597934	19.20991096	0.08428	0.13428	0.107424
11/9/2020 10:00	11/9/2020	10	oos	train	3.2748334	3.2748334	12.76	12.76	22.49282	7.4226306	15.0701894	0.08862	0.13862	0.110896
11/9/2020 11:00	11/9/2020	11	oos	train	3.5354166	3.5354166	0.61	0.61	18.74313333	6.185233999	12.55789933	0.08927	0.13927	0.111416
11/9/2020 12:00	11/9/2020	12	oos	train	1.8765	1.8765	-0.29	0	21.8325	7.204725	14.627775	0.08862	0.13862	0.110896
11/9/2020 13:00	11/9/2020	13	oos	train	1.1704167	1.1704167	-0.27	0	21.80265333	7.194875599	14.60777773	0.08764	0.13764	0.110112
11/9/2020 14:00	11/9/2020	14	oos	train	0.0038333	0.0038333	-0.24	0	22.25684	7.3447572	14.9120828	0.08807	0.13807	0.110456
11/9/2020 15:00	11/9/2020	15	oos	train	0	0	-0.3	0	25.54630889	8.430281934	17.11602696	0.08883	0.13883	0.111064
11/9/2020 16:00	11/9/2020	16	oos	train	0	0	-0.25	0	18.48502889	6.100059534	12.38496936	0.08276	0.13276	0.106208
11/9/2020 17:00	11/9/2020	17	oos	train	0	0	-0.24	0	17.99567778	5.938573667	12.05710411	0.08102	0.13102	0.104816
11/9/2020 18:00	11/9/2020	18	oos	train	0	0	-0.25	0	18.72674	6.1798242	12.5469158	0.08395	0.13395	0.10716
11/9/2020 19:00	11/9/2020	19	oos	train	0	0	-0.25	0	17.51870778	5.781173567	11.73753421	0.08384	0.13384	0.107072
11/9/2020 20:00	11/9/2020	20	oos	train	0	0	-0.29	0	21.47723778	7.087488467	14.38974931	0.08591	0.13591	0.108728
11/9/2020 21:00	11/9/2020	21	oos	train	0	0	-0.38	0	23.09105333	7.620047599	15.47100573	0.08992	0.13992	0.111936
11/9/2020 22:00	11/9/2020	22	oos	train	0	0	-0.24	0	20.52134444	6.772043665	13.74930077	0.09046	0.14046	0.112368
11/9/2020 23:00	11/9/2020	23	oos	train	0	0	-0.29	0	13.14931333	4.339273399	8.810039931	0.09321	0.14321	0.114568
11/10/2020 0:00	11/10/2020	0	oos	train	0	0	-0.28	0	11.45284778	3.779439767	7.673408013	0.09234	0.14234	0.113872
11/10/2020 1:00	11/10/2020	1	oos	train	0	0	-0.24	0	15.35111667	5.065868501	10.28524817	0.09201	0.14201	0.113608
11/10/2020 2:00	11/10/2020	2	oos	train	0	0	-0.33	0	18.49716667	6.104065001	12.39310167	0.09234	0.14234	0.113872
11/10/2020 3:00	11/10/2020	3	oos	train	0	0	-0.27	0	17.81448667	5.878780601	11.93570607	0.09353	0.14353	0.114824
11/10/2020 4:00	11/10/2020	4	oos	train	0	0	-0.25	0	12.55771444	4.144045765	8.413668675	0.09397	0.14397	0.115176
11/10/2020 5:00	11/10/2020	5	oos	train	0	0	-0.24	0	11.96938667	3.949897601	8.019489069	0.09907	0.14907	0.119256
11/10/2020 6:00	11/10/2020	6	oos	train	0	0	-0.25	0	14.21535222	4.691066233	9.524285987	0.10547	0.15547	0.124376
11/10/2020 7:00	11/10/2020	7	oos	train	0	0	-0.25	0	22.8405	7.537365	15.303135	0.10536	0.15536	0.124288
11/10/2020 8:00	11/10/2020	8	oos	train	0.0336666	0.0336666	-0.24	0	22.51218667	7.429021601	15.08316507	0.10514	0.15514	0.124112
11/10/2020 9:00	11/10/2020	9	oos	train	1.0206666	1.0206666	-0.29	0	20.67094889	6.821413134	13.84953576	0.10536	0.15536	0.124288
11/10/2020 10:00	11/10/2020	10	oos	train	2.0485	2.0485	-0.24	0	15.89817333	5.246397199	10.65177613	0.10525	0.15525	0.1242
11/10/2020 11:00	11/10/2020	11	oos	train	4.0736668	4.0736668	-0.25	0	13.77125667	4.544514701	9.226741969	0.10471	0.15471	0.123768
11/10/2020 12:00	11/10/2020	12	oos	train	2.18675	2.18675	-0.24	0	15.61007333	5.151324199	10.45874913	0.1046	0.1546	0.12368
11/10/2020 13:00	11/10/2020	13	oos	train	1.0890833	1.0890833	-0.24	0	17.73793556	5.853518735	11.88441683	0.1046	0.1546	0.12368
11/10/2020 14:00	11/10/2020	14	oos	train	0.0152424	0.0152424	-0.25	0	23.02252444	7.597433065	15.42509137	0.11751	0.16751	0.134008
11/10/2020 15:00	11/10/2020	15	oos	train	0	0	-0.24	0	23.78082	7.8476706	15.9331494	0.10243	0.15243	0.121944
11/10/2020 16:00	11/10/2020	16	oos	train	0	0	-0.25	0	17.88725111	5.902792866	11.98445824	0.09993	0.14993	0.119944
11/10/2020 17:00	11/10/2020	17	oos	train	0	0	-0.3	0	15.97131	5.2705323	10.7007777	0.10004	0.15004	0.120032
11/10/2020 18:00	11/10/2020	18	oos	train	0	0	-0.28	0	16.51520556	5.450017835	11.06518773	0.0995	0.1495	0.1196
11/10/2020 19:00	11/10/2020	19	oos	train	0	0	-0.24	0	24.25812444	8.005181065	16.25294337	0.10015	0.15015	0.12012
11/10/2020 20:00	11/10/2020	20	oos	train	0	0	-0.25	0	22.14364667	7.307403401	14.83624327	0.09983	0.14983	0.119864
11/10/2020 21:00	11/10/2020	21	oos	train	0	0	-0.26	0	23.67083778	7.811376467	15.85946131	0.09852	0.14852	0.118816
11/10/2020 22:00	11/10/2020	22	oos	train	0	0	-0.29	0	20.30272444	6.699899065	13.60282537	0.09646	0.14646	0.117168
11/10/2020 23:00	11/10/2020	23	oos	train	0	0	-0.27	0	19.00780889	6.272576934	12.73523196	0.09367	0.14367	0.114936
11/11/2020 0:00	11/11/2020	0	oos	train	0	0	-0.28	0	12.61925222	4.164353233	8.454898987	0.09027	0.14027	0.112216
11/11/2020 1:00	11/11/2020	1	oos	train	0	0	-0.3	0	15.42454444	5.090099665	10.33444477	0.08953	0.13953	0.111624
11/11/2020 2:00	11/11/2020	2	oos	train	0	0	-0.3	0	15.85610778	5.232515567	10.62359221	0.09016	0.14016	0.112128
11/11/2020 3:00	11/11/2020	3	oos	train	0	0	-0.38	0	16.91786222	5.582894533	11.33496769	0.09027	0.14027	0.112216
11/11/2020 4:00	11/11/2020	4	oos	train	0	0	-0.33	0	17.95618111	5.925539766	12.03064134	0.09165	0.14165	0.11332
11/11/2020 5:00	11/11/2020	5	oos	train	0	0	-0.29	0	21.10478444	6.964578865	14.14020557	0.0958	0.1458	0.11664
11/11/2020 6:00	11/11/2020	6	oos	train	0	0	-0.27	0	20.42468889	6.740147334	13.68454156	0.10101	0.15101	0.120808
11/11/2020 7:00	11/11/2020	7	oos	train	0.1775455	0.1775455	-0.34	0	21.23218667	7.006621601	14.22556507	0.10207	0.15207	0.121656
11/11/2020 8:00	11/11/2020	8	oos	train	1.7351666	1.7351666	-0.31	0	24.95565778	8.235367067	16.72029071	0.09995	0.14995	0.11996
11/11/2020 9:00	11/11/2020	9	oos	train	3.8041668	3.8041668	-0.28	0	24.16037111	7.972922466	16.18744864	0.09878	0.14878	0.119024
11/11/2020 10:00	11/11/2020	10	oos	train	23.4685	23.4685	-0.31	0	23.62902889	7.797579534	15.83144936	0.09888	0.14888	0.119104
11/11/2020 11:00	11/11/2020	11	oos	train	31.607749	31.607749	-0.25	0	19.34797333	6.384831199	12.96314213	0.0992	0.1492	0.11936
11/11/2020 12:00	11/11/2020	12	oos	train	15.3043335	15.3043335	-0.25	0	20.80943111	6.867112266	13.94231884	0.09941	0.14941	0.119528
11/11/2020 13:00	11/11/2020	13	oos	train	9.8445	9.8445	-0.25	0	24.55357556	8.102679935	16.45089563	0.09984	0.14984	0.119872
11/11/2020 14:00	11/11/2020	14	oos	train	0.308	0.308	-0.29	0	25.54912	8.4312096	17.1179104	0.09909	0.14909	0.119272
11/11/2020 15:00	11/11/2020	15	oos	train	0	0	-0.31	0	26.59030667	8.774801201	17.81550547	0.09856	0.14856	0.118848
11/11/2020 16:00	11/11/2020	16	oos	train	0	0	-0.29	0	22.81158	7.5278214	15.2837586	0.09793	0.14793	0.118344
11/11/2020 17:00	11/11/2020	17	oos	train	0	0	-0.32	0	23.58708222	7.783737133	15.80334509	0.09729	0.14729	0.117832
11/11/2020 18:00	11/11/2020	18	oos	train	0	0	-0.34	0	24.41414889	8.056669134	16.35747976	0.09622	0.14622	0.116976
11/11/2020 19:00	11/11/2020	19	oos	train	0	0	-0.43	0	24.81768444	8.189835865	16.62784857	0.09314	0.14314	0.114512
11/11/2020 20:00	11/11/2020	20	oos	train	0	0	-0.32	0	31.06520667	10.2515182	20.81368847	0.08782	0.13782	0.110256
11/11/2020 21:00	11/11/2020	21	oos	train	0	0	5.14	5.14	29.44519333	9.716913799	19.72827953	0.08612	0.13612	0.108896
11/11/2020 22:00	11/11/2020	22	oos	train	0	0	-0.28	0	24.80006	8.1840198	16.6160402	0.08113	0.13113	0.104904
11/11/2020 23:00	11/11/2020	23	oos	train	0	0	-0.29	0	16.11968444	5.319495865	10.80018857	0.06534	0.11534	0.092272
11/12/2020 0:00	11/12/2020	0	oos	train	0	0	-0.31	0	16.93995333	5.590184599	11.34976873	0.06245	0.11245	0.08996
11/12/2020 1:00	11/12/2020	1	oos	train	0	0	-0.34	0	19.70670667	6.503213201	13.20349347	0.06064	0.11064	0.088512
11/12/2020 2:00	11/12/2020	2	oos	train	0	0	-0.28	0	21.30929778	7.032068267	14.27722951	0.05872	0.10872	0.086976
11/12/2020 3:00	11/12/2020	3	oos	train	0	0	0.41	0.41	20.72971556	6.840806135	13.88890943	0.05979	0.10979	0.087832
11/12/2020 4:00	11/12/2020	4	oos	train	0	0	14.06	14.06	14.50507556	4.786674935	9.718400625	0.06085	0.11085	0.08868
11/12/2020 5:00	11/12/2020	5	oos	train	0	0	76.62	76.62	16.88079778	5.570663267	11.31013451	0.05914	0.10914	0.087312
11/12/2020 6:00	11/12/2020	6	oos	train	0	0	66.87	66.87	17.55601	5.7934833	11.7625267	0.06288	0.11288	0.090304
11/12/2020 7:00	11/12/2020	7	oos	train	0.1598182	0.1598182	38.09	38.09	23.17971111	7.649304666	15.53040644	0.06406	0.11406	0.091248
11/12/2020 8:00	11/12/2020	8	oos	train	6.1387499	6.1387499	53.84	53.84	24.122	7.96026	16.16174	0.0632	0.1132	0.09056
11/12/2020 9:00	11/12/2020	9	oos	train	14.4905005	14.4905005	86.08	86.08	30.66288889	10.11875333	20.54413556	0.0632	0.1132	0.09056
11/12/2020 10:00	11/12/2020	10	oos	train	8.2913333	8.2913333	85.06	85.06	21.64826444	7.143927265	14.50433717	0.06309	0.11309	0.090472
11/12/2020 11:00	11/12/2020	11	oos	train	4.0796668	4.0796668	89.34	89.34	20.05908222	6.619497133	13.43958509	0.06256	0.11256	0.090048
11/12/2020 12:00	11/12/2020	12	oos	train	3.6534166	3.6534166	84.88	84.88	22.31584222	7.364227933	14.95161429	0.06384	0.11384	0.091072
11/12/2020 13:00	11/12/2020	13	oos	train	1.3688333	1.3688333	119.6	119.6	24.79276889	8.181613734	16.61115516	0.06384	0.11384	0.091072
11/12/2020 14:00	11/12/2020	14	oos	train	0.0596666	0.0596666	121.02	121.02	25.72340444	8.488723465	17.23468097	0.06374	0.11374	0.090992
11/12/2020 15:00	11/12/2020	15	oos	train	0	0	49.48	49.48	24.21916889	7.992325734	16.22684316	0.06181	0.11181	0.089448
11/12/2020 16:00	11/12/2020	16	oos	train	0	0	43.78	43.78	21.01886889	6.936226734	14.08264216	0.06053	0.11053	0.088424
11/12/2020 17:00	11/12/2020	17	oos	train	0	0	26.46	26.46	17.52287111	5.782547466	11.74032364	0.06021	0.11021	0.088168
11/12/2020 18:00	11/12/2020	18	oos	train	0	0	15.57	15.57	19.44696889	6.417499734	13.02946916	0.06053	0.11053	0.088424
11/12/2020 19:00	11/12/2020	19	oos	train	0	0	59.82	59.82	24.87559333	8.208945799	16.66664753	0.05882	0.10882	0.087056
11/12/2020 20:00	11/12/2020	20	oos	train	0	0	74.36	74.36	26.36584222	8.700727933	17.66511429	0.05904	0.10904	0.087232
11/12/2020 21:00	11/12/2020	21	oos	train	0	0	102.92	102.92	26.44003778	8.725212467	17.71482531	0.05957	0.10957	0.087656
11/12/2020 22:00	11/12/2020	22	oos	train	0	0	75.92	75.92	21.97016	7.2501528	14.7200072	0.05413	0.10413	0.083304
11/12/2020 23:00	11/12/2020	23	oos	train	0	0	75.31	75.31	19.40342	6.4031286	13.0002914	0.05274	0.10274	0.082192
11/13/2020 0:00	11/13/2020	0	oos	train	0	0	69.47	69.47	16.37852667	5.404913801	10.97361287	0.05059	0.10059	0.080472
11/13/2020 1:00	11/13/2020	1	oos	train	0	0	26.54	26.54	16.92270333	5.584492099	11.33821123	0.04769	0.09769	0.078152
11/13/2020 2:00	11/13/2020	2	oos	train	0	0	30.41	30.41	18.34602889	6.054189534	12.29183936	0.04833	0.09833	0.078664
11/13/2020 3:00	11/13/2020	3	oos	train	0	0	30.99	30.99	16.90810222	5.579673733	11.32842849	0.05123	0.10123	0.080984
11/13/2020 4:00	11/13/2020	4	oos	train	0	0	55.07	55.07	17.08075889	5.636650434	11.44410846	0.05198	0.10198	0.081584
11/13/2020 5:00	11/13/2020	5	oos	train	0	0	107.88	107.88	20.16072	6.6530376	13.5076824	0.04285	0.09285	0.07428
11/13/2020 6:00	11/13/2020	6	oos	train	0	0	125.61	125.61	19.47711778	6.427448867	13.04966891	0.05059	0.10059	0.080472
11/13/2020 7:00	11/13/2020	7	oos	train	0.1468333	0.1468333	122.3	122.3	24.61011778	8.121338867	16.48877891	0.05284	0.10284	0.082272
11/13/2020 8:00	11/13/2020	8	oos	train	11.6839165	11.6839165	159.72	159.72	24.58989333	8.114664799	16.47522853	0.05317	0.10317	0.082536
11/13/2020 9:00	11/13/2020	9	oos	train	26.8175835	26.8175835	128.39	128.39	25.79482444	8.512292065	17.28253237	0.05317	0.10317	0.082536
11/13/2020 10:00	11/13/2020	10	oos	train	36.661666	36.661666	89.03	89.03	19.72072444	6.507839065	13.21288537	0.05209	0.10209	0.081672
11/13/2020 11:00	11/13/2020	11	oos	train	34.626667	34.626667	81.89	81.89	17.14741333	5.658646399	11.48876693	0.05263	0.10263	0.082104
11/13/2020 12:00	11/13/2020	12	oos	train	31.749916	31.749916	159.98	159.98	19.27259556	6.359956535	12.91263903	0.05005	0.10005	0.08004
11/13/2020 13:00	11/13/2020	13	oos	train	14.0215	14.0215	156.76	156.76	20.48857556	6.761229935	13.72734563	0.04994	0.09994	0.079952
11/13/2020 14:00	11/13/2020	14	oos	train	0.3165	0.3165	107.14	107.14	22.76380889	7.512056934	15.25175196	0.04887	0.09887	0.079096
11/13/2020 15:00	11/13/2020	15	oos	train	0	0	169.85	169.85	23.63934222	7.800982933	15.83835929	0.04683	0.09683	0.077464
11/13/2020 16:00	11/13/2020	16	oos	train	0	0	153.95	153.95	24.21707778	7.991635667	16.22544211	0.04339	0.09339	0.074712
11/13/2020 17:00	11/13/2020	17	oos	train	0	0	149.61	149.61	23.69108	7.8180564	15.8730236	0.04661	0.09661	0.077288
11/13/2020 18:00	11/13/2020	18	oos	train	0	0	144.44	144.44	24.04450667	7.934687201	16.10981947	0.04318	0.09318	0.074544
11/13/2020 19:00	11/13/2020	19	oos	train	0	0	176.97	176.97	28.48736444	9.400830265	19.08653417	0.04232	0.09232	0.073856
11/13/2020 20:00	11/13/2020	20	oos	train	0	0	31.76	31.76	27.39150222	9.039195733	18.35230649	0.03985	0.08985	0.07188
11/13/2020 21:00	11/13/2020	21	oos	train	0	0	-0.25	0	21.15228667	6.980254601	14.17203207	0.04028	0.09028	0.072224
11/13/2020 22:00	11/13/2020	22	oos	train	0	0	128.88	128.88	18.68513111	6.166093266	12.51903784	0.03684	0.08684	0.069472
11/13/2020 23:00	11/13/2020	23	oos	train	0	0	169.7	169.7	15.74558	5.1960414	10.5495386	0.03748	0.08748	0.069984
11/14/2020 0:00	11/14/2020	0	oos	train	0	0	180.88	180.88	16.69406556	5.509041635	11.18502393	0.03477	0.08477	0.067816
11/14/2020 1:00	11/14/2020	1	oos	train	0	0	115.47	115.47	19.79990889	6.533969934	13.26593896	0.03249	0.08249	0.065992
11/14/2020 2:00	11/14/2020	2	oos	train	0	0	110.26	110.26	22.23514	7.3375962	14.8975438	0.03282	0.08282	0.066256
11/14/2020 3:00	11/14/2020	3	oos	train	0	0	90.92	90.92	18.99638222	6.268806133	12.72757609	0.03412	0.08412	0.067296
11/14/2020 4:00	11/14/2020	4	oos	train	0	0	86.59	86.59	15.06847222	4.972595833	10.09587639	0.03726	0.08726	0.069808
11/14/2020 5:00	11/14/2020	5	oos	train	0	0	84.77	84.77	17.43570444	5.753782465	11.68192197	0.03314	0.08314	0.066512
11/14/2020 6:00	11/14/2020	6	oos	train	0	0	54.08	54.08	19.53826889	6.447628734	13.09064016	0.03607	0.08607	0.068856
11/14/2020 7:00	11/14/2020	7	oos	train	0.0393	0.0393	48.33	48.33	23.76834222	7.843552933	15.92478929	0.04278	0.09278	0.074224
11/14/2020 8:00	11/14/2020	8	oos	train	10.3820002	10.3820002	48.34	48.34	29.42429556	9.710017535	19.71427803	0.04484	0.09484	0.075872
11/14/2020 9:00	11/14/2020	9	oos	train	29.022334	29.022334	48.63	48.63	31.78351778	10.48856087	21.29495691	0.04788	0.09788	0.078304
11/14/2020 10:00	11/14/2020	10	oos	train	34.750416	34.750416	57.4	57.4	24.21798889	7.991936334	16.22605256	0.04863	0.09863	0.078904
11/14/2020 11:00	11/14/2020	11	oos	train	13.4320835	13.4320835	52.06	52.06	24.00513333	7.921693999	16.08343933	0.04463	0.09463	0.075704
11/14/2020 12:00	11/14/2020	12	oos	train	3.0824999	3.0824999	92.42	92.42	23.18822222	7.652113333	15.53610889	0.04701	0.09701	0.077608
11/14/2020 13:00	11/14/2020	13	oos	train	1.0831667	1.0831667	76.95	76.95	22.86522667	7.545524801	15.31970187	0.04647	0.09647	0.077176
11/14/2020 14:00	11/14/2020	14	oos	train	0.1524167	0.1524167	71.48	71.48	25.43090222	8.392197733	17.03870449	0.04874	0.09874	0.078992
11/14/2020 15:00	11/14/2020	15	oos	train	0	0	29.34	29.34	25.14636667	8.298301001	16.84806567	0.05102	0.10102	0.080816
11/14/2020 16:00	11/14/2020	16	oos	train	0	0	20	20	19.47011333	6.425137399	13.04497593	0.05037	0.10037	0.080296
11/14/2020 17:00	11/14/2020	17	oos	train	0	0	56.09	56.09	22.28879556	7.355302535	14.93349303	0.0482	0.0982	0.07856
11/14/2020 18:00	11/14/2020	18	oos	train	0	0	70.84	70.84	24.90357556	8.218179935	16.68539563	0.04452	0.09452	0.075616
11/14/2020 19:00	11/14/2020	19	oos	train	0	0	64.49	64.49	25.29654	8.3478582	16.9486818	0.04354	0.09354	0.074832
11/14/2020 20:00	11/14/2020	20	oos	train	0	0	99.65	99.65	25.93703778	8.559222467	17.37781531	0.04213	0.09213	0.073704
11/14/2020 21:00	11/14/2020	21	oos	train	0	0	91.4	91.4	26.24795333	8.661824599	17.58612873	0.03639	0.08639	0.069112
11/14/2020 22:00	11/14/2020	22	oos	train	0	0	38.98	38.98	25.44746889	8.397664734	17.04980416	0.03011	0.08011	0.064088
11/14/2020 23:00	11/14/2020	23	oos	train	0	0	63.47	63.47	19.23238889	6.346688334	12.88570056	0.03312	0.08312	0.066496
11/15/2020 0:00	11/15/2020	0	oos	train	0	0	73.01	73.01	16.16534	5.3345622	10.8307778	0.02805	0.07805	0.06244
11/15/2020 1:00	11/15/2020	1	oos	train	0	0	168.22	168.22	20.31123778	6.702708467	13.60852931	0.0205	0.0705	0.0564
11/15/2020 2:00	11/15/2020	2	oos	train	0	0	125.62	125.62	18.04377667	5.954446301	12.08933037	0.02007	0.07007	0.056056
11/15/2020 3:00	11/15/2020	3	oos	train	0	0	73.53	73.53	18.18919333	6.002433799	12.18675953	0.01974	0.06974	0.055792
11/15/2020 4:00	11/15/2020	4	oos	train	0	0	73.54	73.54	15.73892333	5.193844699	10.54507863	0.02082	0.07082	0.056656
11/15/2020 5:00	11/15/2020	5	oos	train	0	0	113.22	113.22	19.01749333	6.275772799	12.74172053	0.01834	0.06834	0.054672
11/15/2020 6:00	11/15/2020	6	oos	train	0	0	125.18	125.18	20.86592667	6.885755801	13.98017087	0.02665	0.07665	0.06132
11/15/2020 7:00	11/15/2020	7	oos	train	0	0	123.01	123.01	22.85787111	7.543097466	15.31477364	0.02697	0.07697	0.061576
11/15/2020 8:00	11/15/2020	8	oos	train	0.0305834	0.0305834	168.58	168.58	23.72923111	7.830646266	15.89858484	0.02988	0.07988	0.063904
11/15/2020 9:00	11/15/2020	9	oos	train	0.5351666	0.5351666	177.93	177.93	25.88449111	8.541882066	17.34260904	0.03226	0.08226	0.065808
11/15/2020 10:00	11/15/2020	10	oos	train	1.5050833	1.5050833	167.92	167.92	19.38571111	6.397284666	12.98842644	0.03625	0.08625	0.069
11/15/2020 11:00	11/15/2020	11	oos	train	13.4541667	13.4541667	176.21	176.21	20.18326667	6.660478001	13.52278867	0.03409	0.08409	0.067272
11/15/2020 12:00	11/15/2020	12	oos	train	18.7336665	18.7336665	124.74	124.74	17.56339444	5.795920165	11.76747427	0.03528	0.08528	0.068224
11/15/2020 13:00	11/15/2020	13	oos	train	6.3930001	6.3930001	132.27	132.27	25.01491556	8.254922135	16.75999343	0.03776	0.08776	0.070208
11/15/2020 14:00	11/15/2020	14	oos	train	0.0619242	0.0619242	97.92	97.92	26.75400667	8.828822201	17.92518447	0.03528	0.08528	0.068224
11/15/2020 15:00	11/15/2020	15	oos	train	0	0	118.11	118.11	24.59077111	8.114954466	16.47581664	0.03625	0.08625	0.069
11/15/2020 16:00	11/15/2020	16	oos	train	0	0	79.68	79.68	25.22070667	8.322833201	16.89787347	0.03938	0.08938	0.071504
11/15/2020 17:00	11/15/2020	17	oos	train	0	0	59.36	59.36	31.79060889	10.49090093	21.29970796	0.03743	0.08743	0.069944
11/15/2020 18:00	11/15/2020	18	oos	train	0	0	21.63	21.63	25.03659111	8.262075066	16.77451604	0.03592	0.08592	0.068736
11/15/2020 19:00	11/15/2020	19	oos	train	0	0	86.49	86.49	24.26301333	8.006794399	16.25621893	0.02913	0.07913	0.063304
11/15/2020 20:00	11/15/2020	20	oos	train	0	0	145.55	145.55	19.46500667	6.423452201	13.04155447	0.02837	0.07837	0.062696
11/15/2020 21:00	11/15/2020	21	oos	train	0	0	100.09	100.09	18.01794222	5.945920933	12.07202129	0.0274	0.0774	0.06192
11/15/2020 22:00	11/15/2020	22	oos	train	0	0	129.27	129.27	19.63925778	6.480955067	13.15830271	0.01597	0.06597	0.052776
11/15/2020 23:00	11/15/2020	23	oos	train	0	0	68.92	68.92	18.17711667	5.998448501	12.17866817	0.01963	0.06963	0.055704
11/16/2020 0:00	11/16/2020	0	oos	train	0	0	99.5	99.5	14.83122222	4.894303333	9.936918887	0.01521	0.06521	0.052168
11/16/2020 1:00	11/16/2020	1	oos	train	0	0	110.24	110.24	16.31554	5.3841282	10.9314118	0.00982	0.05982	0.047856
11/16/2020 2:00	11/16/2020	2	oos	train	0	0	81.07	81.07	16.70551778	5.512820867	11.19269691	0.00885	0.05885	0.04708
11/16/2020 3:00	11/16/2020	3	oos	train	0	0	67.42	67.42	17.87627889	5.899172034	11.97710686	0.00982	0.05982	0.047856
11/16/2020 4:00	11/16/2020	4	oos	train	0	0	151.08	151.08	15.20560444	5.017849465	10.18775497	0.01564	0.06564	0.052512
11/16/2020 5:00	11/16/2020	5	oos	train	0	0	25.46	25.46	17.21540889	5.681084934	11.53432396	0.02503	0.07503	0.060024
11/16/2020 6:00	11/16/2020	6	oos	train	0	0	170.93	170.93	18.99186889	6.267316734	12.72455216	0.03387	0.08387	0.067096
11/16/2020 7:00	11/16/2020	7	oos	train	0	0	145.06	145.06	22.94127333	7.570620199	15.37065313	0.03409	0.08409	0.067272
11/16/2020 8:00	11/16/2020	8	oos	train	2.26925	2.26925	118.37	118.37	24.33988667	8.032162601	16.30772407	0.03614	0.08614	0.068912
11/16/2020 9:00	11/16/2020	9	oos	train	1.5404999	1.5404999	126.51	126.51	21.50011111	7.095036666	14.40507444	0.03743	0.08743	0.069944
11/16/2020 10:00	11/16/2020	10	oos	train	24.4424165	24.4424165	33.86	33.86	19.51003778	6.438312467	13.07172531	0.03894	0.08894	0.071152
11/16/2020 11:00	11/16/2020	11	oos	train	38.7215	38.7215	54.85	54.85	16.90832333	5.579746699	11.32857663	0.04089	0.09089	0.072712
11/16/2020 12:00	11/16/2020	12	oos	train	27.87525	27.87525	104.09	104.09	16.04140444	5.293663465	10.74774097	0.04099	0.09099	0.072792
11/16/2020 13:00	11/16/2020	13	oos	train	6.5539167	6.5539167	27.51	27.51	25.89299111	8.544687066	17.34830404	0.04175	0.09175	0.0734
11/16/2020 14:00	11/16/2020	14	oos	train	0.0557272	0.0557272	29.98	29.98	27.96110889	9.227165934	18.73394296	0.04197	0.09197	0.073576
11/16/2020 15:00	11/16/2020	15	oos	train	0	0	45.56	45.56	19.62290889	6.475559934	13.14734896	0.04056	0.09056	0.072448
11/16/2020 16:00	11/16/2020	16	oos	train	0	0	95.66	95.66	18.21357667	6.010480301	12.20309637	0.03765	0.08765	0.07012
11/16/2020 17:00	11/16/2020	17	oos	train	0	0	108.43	108.43	17.05338111	5.627615766	11.42576534	0.03894	0.08894	0.071152
11/16/2020 18:00	11/16/2020	18	oos	train	0	0	86.79	86.79	23.94275333	7.901108599	16.04164473	0.03722	0.08722	0.069776
11/16/2020 19:00	11/16/2020	19	oos	train	0	0	155.37	155.37	24.29223111	8.016436266	16.27579484	0.03787	0.08787	0.070296
11/16/2020 20:00	11/16/2020	20	oos	train	0	0	179.36	179.36	27.23338	8.9870154	18.2463646	0.03366	0.08366	0.066928
11/16/2020 21:00	11/16/2020	21	oos	train	0	0	113.04	113.04	28.09369778	9.270920267	18.82277751	0.02611	0.07611	0.060888
11/16/2020 22:00	11/16/2020	22	oos	train	0	0	36.39	36.39	22.28275556	7.353309335	14.92944623	0.02017	0.07017	0.056136
11/16/2020 23:00	11/16/2020	23	oos	train	0	0	56.78	56.78	15.41628667	5.087374601	10.32891207	0.01822	0.06822	0.054576
11/17/2020 0:00	11/17/2020	0	oos	train	0	0	32.43	32.43	14.40662222	4.754185333	9.652436887	0.01455	0.06455	0.05164
11/17/2020 1:00	11/17/2020	1	oos	train	0	0	19.18	19.18	17.10690667	5.645279201	11.46162747	0.01423	0.06423	0.051384
11/17/2020 2:00	11/17/2020	2	oos	train	0	0	9.76	9.76	17.93204111	5.917573566	12.01446754	0.01563	0.06563	0.052504
11/17/2020 3:00	11/17/2020	3	oos	train	0	0	-0.1	0	18.71110889	6.174665934	12.53644296	0.02264	0.07264	0.058112
11/17/2020 4:00	11/17/2020	4	oos	train	0	0	-0.28	0	17.48699333	5.770707799	11.71628553	0.03363	0.08363	0.066904
11/17/2020 5:00	11/17/2020	5	oos	train	0	0	-0.28	0	16.04077333	5.293455199	10.74731813	0.03978	0.08978	0.071824
11/17/2020 6:00	11/17/2020	6	oos	train	0	0	11.83	11.83	19.26402889	6.357129534	12.90689936	0.04086	0.09086	0.072688
11/17/2020 7:00	11/17/2020	7	oos	train	0	0	32.74	32.74	20.98104667	6.923745401	14.05730127	0.0428	0.0928	0.07424
11/17/2020 8:00	11/17/2020	8	oos	train	4.1411666	4.1411666	35.51	35.51	22.58116667	7.451785001	15.12938167	0.04474	0.09474	0.075792
11/17/2020 9:00	11/17/2020	9	oos	train	1.44125	1.44125	22.28	22.28	19.35922444	6.388544065	12.97068037	0.04474	0.09474	0.075792
11/17/2020 10:00	11/17/2020	10	oos	train	0	0	0	0	18.00828556	5.942734235	12.06555133	0.04786	0.09786	0.078288
11/17/2020 11:00	11/17/2020	11	oos	train	0	0	-0.02	0	16.42415667	5.419971701	11.00418497	0.04851	0.09851	0.078808
11/17/2020 12:00	11/17/2020	12	oos	train	0.02025	0.02025	-0.01	0	16.31856333	5.385125899	10.93343743	0.04743	0.09743	0.077944
11/17/2020 13:00	11/17/2020	13	oos	train	0	0	-0.01	0	19.44524667	6.416931401	13.02831527	0.04689	0.09689	0.077512
11/17/2020 14:00	11/17/2020	14	oos	train	0	0	-0.02	0	26.58313111	8.772433266	17.81069784	0.04754	0.09754	0.078032
11/17/2020 15:00	11/17/2020	15	oos	train	0	0	0	0	26.89056444	8.873886265	18.01667817	0.04873	0.09873	0.078984
11/17/2020 16:00	11/17/2020	16	oos	train	0	0	-0.24	0	21.12535556	6.971367335	14.15398823	0.04571	0.09571	0.076568
11/17/2020 17:00	11/17/2020	17	oos	train	0	0	3.76	3.76	17.96112	5.9271696	12.0339504	0.04215	0.09215	0.07372
11/17/2020 18:00	11/17/2020	18	oos	train	0	0	13.42	13.42	19.59187111	6.465317466	13.12655364	0.03935	0.08935	0.07148
11/17/2020 19:00	11/17/2020	19	oos	train	0	0	8.2	8.2	24.78724222	8.179789933	16.60745229	0.03805	0.08805	0.07044
11/17/2020 20:00	11/17/2020	20	oos	train	0	0	1.45	1.45	27.34429556	9.023617535	18.32067803	0.03557	0.08557	0.068456
11/17/2020 21:00	11/17/2020	21	oos	train	0	0	31.68	31.68	25.15859556	8.302336535	16.85625903	0.02943	0.07943	0.063544
11/17/2020 22:00	11/17/2020	22	oos	train	0	0	37.54	37.54	19.51584444	6.440228665	13.07561577	0.01574	0.06574	0.052592
11/17/2020 23:00	11/17/2020	23	oos	train	0	0	30.49	30.49	16.07212111	5.303799966	10.76832114	0.01385	0.06385	0.05108
11/18/2020 0:00	11/18/2020	0	oos	train	0	0	5.39	5.39	15.29956222	5.048855533	10.25070669	0.00956	0.05956	0.047648
11/18/2020 1:00	11/18/2020	1	oos	train	0	0	3.91	3.91	22.57869556	7.450969535	15.12772603	0.00827	0.05827	0.046616
11/18/2020 2:00	11/18/2020	2	oos	train	0	0	3.8	3.8	21.40933556	7.065080735	14.34425483	0.00891	0.05891	0.047128
11/18/2020 3:00	11/18/2020	3	oos	train	0	0	9.51	9.51	20.5924	6.795492	13.796908	0.01342	0.06342	0.050736
11/18/2020 4:00	11/18/2020	4	oos	train	0	0	16.85	16.85	19.49092	6.4320036	13.0589164	0.0262	0.0762	0.06096
11/18/2020 5:00	11/18/2020	5	oos	train	0	0	24.8	24.8	21.12901333	6.972574399	14.15643893	0.03329	0.08329	0.066632
11/18/2020 6:00	11/18/2020	6	oos	train	0	0	-0.26	0	19.39324	6.3997692	12.9934708	0.03984	0.08984	0.071872
11/18/2020 7:00	11/18/2020	7	oos	train	0	0	-0.29	0	25.91783778	8.552886467	17.36495131	0.04027	0.09027	0.072216
11/18/2020 8:00	11/18/2020	8	oos	train	0	0	0.25	0.25	24.96253778	8.237637467	16.72490031	0.04167	0.09167	0.073336
11/18/2020 9:00	11/18/2020	9	oos	train	0.601	0.601	-0.24	0	23.84860889	7.870040934	15.97856796	0.04328	0.09328	0.074624
11/18/2020 10:00	11/18/2020	10	oos	train	1.01275	1.01275	-0.27	0	20.87000889	6.887102934	13.98290596	0.04607	0.09607	0.076856
11/18/2020 11:00	11/18/2020	11	oos	train	0.0196666	0.0196666	-0.27	0	18.73816	6.1835928	12.5545672	0.04639	0.09639	0.077112
11/18/2020 12:00	11/18/2020	12	oos	train	0	0	-0.33	0	20.29619778	6.697745267	13.59845251	0.04918	0.09918	0.079344
11/18/2020 13:00	11/18/2020	13	oos	train	0	0	-0.28	0	24.62038444	8.124726865	16.49565757	0.05101	0.10101	0.080808
11/18/2020 14:00	11/18/2020	14	oos	train	0	0	-0.26	0	23.47150444	7.745596465	15.72590797	0.05262	0.10262	0.082096
11/18/2020 15:00	11/18/2020	15	oos	train	0	0	-0.28	0	27.30631111	9.011082666	18.29522844	0.05037	0.10037	0.080296
11/18/2020 16:00	11/18/2020	16	oos	train	0	0	-0.24	0	22.39769333	7.391238799	15.00645453	0.0508	0.1008	0.08064
11/18/2020 17:00	11/18/2020	17	oos	train	0	0	-0.25	0	22.92827333	7.566330199	15.36194313	0.048	0.098	0.0784
11/18/2020 18:00	11/18/2020	18	oos	train	0	0	-0.36	0	23.18278667	7.650319601	15.53246707	0.04532	0.09532	0.076256
11/18/2020 19:00	11/18/2020	19	oos	train	0	0	-0.32	0	22.45921556	7.411541135	15.04767443	0.04167	0.09167	0.073336
11/18/2020 20:00	11/18/2020	20	oos	train	0	0	-0.29	0	29.46627556	9.723870935	19.74240463	0.03888	0.08888	0.071104
11/18/2020 21:00	11/18/2020	21	oos	train	0	0	15.53	15.53	30.67244889	10.12190813	20.55054076	0.03318	0.08318	0.066544
11/18/2020 22:00	11/18/2020	22	oos	train	0	0	16.62	16.62	24.72921333	8.160640399	16.56857293	0.01793	0.06793	0.054344
11/18/2020 23:00	11/18/2020	23	oos	train	0	0	25.22	25.22	20.49914667	6.764718401	13.73442827	0.02099	0.07099	0.056792
11/19/2020 0:00	11/19/2020	0	oos	train	0	0	26.12	26.12	19.94982222	6.583441333	13.36638089	0.01146	0.06146	0.049168
11/19/2020 1:00	11/19/2020	1	oos	train	0	0	29.44	29.44	21.03669778	6.942110267	14.09458751	0.0061	0.0561	0.04488
11/19/2020 2:00	11/19/2020	2	oos	train	0	0	45.89	45.89	20.28221556	6.693131135	13.58908443	0.00289	0.05289	0.042312
11/19/2020 3:00	11/19/2020	3	oos	train	0	0	72.16	72.16	20.49598667	6.763675601	13.73231107	0.00878	0.05878	0.047024
11/19/2020 4:00	11/19/2020	4	oos	train	0	0	36.29	36.29	23.07909333	7.616100799	15.46299253	0.01917	0.06917	0.055336
11/19/2020 5:00	11/19/2020	5	oos	train	0	0	7.6	7.6	18.30511667	6.040688501	12.26442817	0.02699	0.07699	0.061592
11/19/2020 6:00	11/19/2020	6	oos	train	0	0	33.93	33.93	21.67496889	7.152739734	14.52222916	0.03363	0.08363	0.066904
11/19/2020 7:00	11/19/2020	7	oos	train	0	0	22.58	22.58	25.31950667	8.355437201	16.96406947	0.03781	0.08781	0.070248
11/19/2020 8:00	11/19/2020	8	oos	train	0.0319556	0.0319556	84.25	84.25	27.10769111	8.945538066	18.16215304	0.0377	0.0877	0.07016
11/19/2020 9:00	11/19/2020	9	oos	train	0.9000001	0.9000001	26.48	26.48	31.06406222	10.25114053	20.81292169	0.03684	0.08684	0.069472
11/19/2020 10:00	11/19/2020	10	oos	train	0.0325455	0.0325455	-0.15	0	25.25064222	8.332711933	16.91793029	0.03556	0.08556	0.068448
11/19/2020 11:00	11/19/2020	11	oos	train	0	0	-0.28	0	24.02344	7.9277352	16.0957048	0.03427	0.08427	0.067416
11/19/2020 12:00	11/19/2020	12	oos	train	0	0	20.12	20.12	26.11619556	8.618344535	17.49785103	0.03374	0.08374	0.066992
11/19/2020 13:00	11/19/2020	13	oos	train	0	0	12.11	12.11	28.44149778	9.385694267	19.05580351	0.03192	0.08192	0.065536
11/19/2020 14:00	11/19/2020	14	oos	train	0	0	-0.33	0	30.09869111	9.932568066	20.16612304	0.03127	0.08127	0.065016
11/19/2020 15:00	11/19/2020	15	oos	train	0	0	-0.15	0	26.65548667	8.796310601	17.85917607	0.0301	0.0801	0.06408
11/19/2020 16:00	11/19/2020	16	oos	train	0	0	-0.26	0	23.43037778	7.732024667	15.69835311	0.02967	0.07967	0.063736
11/19/2020 17:00	11/19/2020	17	oos	train	0	0	-0.31	0	24.25134	8.0029422	16.2483978	0.03031	0.08031	0.064248
11/19/2020 18:00	11/19/2020	18	oos	train	0	0	-0.31	0	29.48517111	9.730106466	19.75506464	0.03031	0.08031	0.064248
11/19/2020 19:00	11/19/2020	19	oos	train	0	0	-0.3	0	31.41475111	10.36686787	21.04788324	0.03063	0.08063	0.064504
11/19/2020 20:00	11/19/2020	20	oos	train	0	0	-0.3	0	29.47573556	9.726992735	19.74874283	0.03106	0.08106	0.064848
11/19/2020 21:00	11/19/2020	21	oos	train	0	0	-0.34	0	26.15532444	8.631257065	17.52406737	0.03063	0.08063	0.064504
11/19/2020 22:00	11/19/2020	22	oos	train	0	0	-0.3	0	23.25560667	7.674350201	15.58125647	0.02303	0.07303	0.058424
11/19/2020 23:00	11/19/2020	23	oos	train	0	0	-0.36	0	19.06101556	6.290135135	12.77088043	0.01863	0.06863	0.054904
11/20/2020 0:00	11/20/2020	0	oos	train	0	0	-0.32	0	18.98706667	6.265732001	12.72133467	0.01638	0.06638	0.053104
11/20/2020 1:00	11/20/2020	1	oos	train	0	0	-0.35	0	20.67565556	6.822966335	13.85268923	0.01638	0.06638	0.053104
11/20/2020 2:00	11/20/2020	2	oos	train	0	0	-0.3	0	22.19978222	7.325928133	14.87385409	0.01649	0.06649	0.053192
11/20/2020 3:00	11/20/2020	3	oos	train	0	0	-0.32	0	23.58131778	7.781834867	15.79948291	0.01788	0.06788	0.054304
11/20/2020 4:00	11/20/2020	4	oos	train	0	0	-0.36	0	18.16041778	5.992937867	12.16747991	0.02259	0.07259	0.058072
11/20/2020 5:00	11/20/2020	5	oos	train	0	0	-0.35	0	19.58158	6.4619214	13.1196586	0.02656	0.07656	0.061248
11/20/2020 6:00	11/20/2020	6	oos	train	0	0	36.7	36.7	21.3298	7.038834	14.290966	0.02741	0.07741	0.061928
11/20/2020 7:00	11/20/2020	7	oos	train	0	0	42.04	42.04	31.23943333	10.309013	20.93042033	0.02955	0.07955	0.06364
11/20/2020 8:00	11/20/2020	8	oos	train	0.2173637	0.2173637	37.36	37.36	30.38494444	10.02703167	20.35791277	0.03116	0.08116	0.064928
11/20/2020 9:00	11/20/2020	9	oos	train	7.1603333	7.1603333	13.75	13.75	29.12964444	9.612782665	19.51686177	0.03212	0.08212	0.065696
11/20/2020 10:00	11/20/2020	10	oos	train	4.879	4.879	4.74	4.74	20.75960667	6.850670201	13.90893647	0.03373	0.08373	0.066984
11/20/2020 11:00	11/20/2020	11	oos	train	8.7138334	8.7138334	5.02	5.02	19.49062444	6.431906065	13.05871837	0.03651	0.08651	0.069208
11/20/2020 12:00	11/20/2020	12	oos	train	1.4196	1.4196	12.87	12.87	20.52299556	6.772588535	13.75040703	0.03801	0.08801	0.070408
11/20/2020 13:00	11/20/2020	13	oos	train	0.1286	0.1286	0.33	0.33	25.80933778	8.517081467	17.29225631	0.03994	0.08994	0.071952
11/20/2020 14:00	11/20/2020	14	oos	train	0	0	1.43	1.43	27.61286444	9.112245265	18.50061917	0.04337	0.09337	0.074696
11/20/2020 15:00	11/20/2020	15	oos	train	0	0	7.16	7.16	26.71918	8.8173294	17.9018506	0.04572	0.09572	0.076576
11/20/2020 16:00	11/20/2020	16	oos	train	0	0	24.9	24.9	22.07523556	7.284827735	14.79040783	0.04733	0.09733	0.077864
11/20/2020 17:00	11/20/2020	17	oos	train	0	0	19.07	19.07	20.1226	6.640458	13.482142	0.04658	0.09658	0.077264
11/20/2020 18:00	11/20/2020	18	oos	train	0	0	58.45	58.45	24.38368667	8.046616601	16.33707007	0.04819	0.09819	0.078552
11/20/2020 19:00	11/20/2020	19	oos	train	0	0	41.89	41.89	27.83238	9.1846854	18.6476946	0.04979	0.09979	0.079832
11/20/2020 20:00	11/20/2020	20	oos	train	0	0	76.87	76.87	29.58638667	9.763507601	19.82287907	0.05022	0.10022	0.080176
11/20/2020 21:00	11/20/2020	21	oos	train	0	0	149.75	149.75	26.38699556	8.707708535	17.67928703	0.05118	0.10118	0.080944
11/20/2020 22:00	11/20/2020	22	oos	train	0	0	200.09	200.09	24.92129111	8.224026066	16.69726504	0.04883	0.09883	0.079064
11/20/2020 23:00	11/20/2020	23	oos	train	0	0	189.72	189.72	21.67314444	7.152137665	14.52100677	0.05256	0.10256	0.082048
11/21/2020 0:00	11/21/2020	0	oos	train	0	0	204.42	204.42	19.75483111	6.519094266	13.23573684	0.04264	0.09264	0.074112
11/21/2020 1:00	11/21/2020	1	oos	train	0	0	5.37	5.37	24.23658222	7.998072133	16.23851009	0.03721	0.08721	0.069768
11/21/2020 2:00	11/21/2020	2	oos	train	0	0	133.29	133.29	22.55483111	7.443094266	15.11173684	0.03262	0.08262	0.066096
11/21/2020 3:00	11/21/2020	3	oos	train	0	0	177.44	177.44	24.83038222	8.194026133	16.63635609	0.02441	0.07441	0.059528
11/21/2020 4:00	11/21/2020	4	oos	train	0	0	-0.37	0	22.48957778	7.421560667	15.06801711	0.02004	0.07004	0.056032
11/21/2020 5:00	11/21/2020	5	oos	train	0	0	44.39	44.39	20.41596	6.7372668	13.6786932	0.01652	0.06652	0.053216
11/21/2020 6:00	11/21/2020	6	oos	train	0	0	136.25	136.25	20.81562222	6.869155333	13.94646689	0.0161	0.0661	0.05288
11/21/2020 7:00	11/21/2020	7	oos	train	0	0	49.87	49.87	29.80021333	9.834070399	19.96614293	0.01908	0.06908	0.055264
11/21/2020 8:00	11/21/2020	8	oos	train	0.0321667	0.0321667	1.06	1.06	28.42134222	9.379042933	19.04229929	0.02047	0.07047	0.056376
11/21/2020 9:00	11/21/2020	9	oos	train	4.9755832	4.9755832	15.17	15.17	28.27066667	9.329320001	18.94134667	0.02249	0.07249	0.057992
11/21/2020 10:00	11/21/2020	10	oos	train	11.6527498	11.6527498	28.11	28.11	24.77842	8.1768786	16.6015414	0.02324	0.07324	0.058592
11/21/2020 11:00	11/21/2020	11	oos	train	16.063333	16.063333	2.06	2.06	22.93563111	7.568758266	15.36687284	0.02377	0.07377	0.059016
11/21/2020 12:00	11/21/2020	12	oos	train	1.5711667	1.5711667	40.35	40.35	21.81402444	7.198628065	14.61539637	0.02814	0.07814	0.062512
11/21/2020 13:00	11/21/2020	13	oos	train	1.18875	1.18875	60.71	60.71	25.07701111	8.275413666	16.80159744	0.03102	0.08102	0.064816
11/21/2020 14:00	11/21/2020	14	oos	train	0	0	55.99	55.99	26.40000667	8.712002201	17.68800447	0.03529	0.08529	0.068232
11/21/2020 15:00	11/21/2020	15	oos	train	0	0	110.14	110.14	28.63311778	9.448928867	19.18418891	0.03848	0.08848	0.070784
11/21/2020 16:00	11/21/2020	16	oos	train	0	0	91.45	91.45	23.10902889	7.625979534	15.48304936	0.03934	0.08934	0.071472
11/21/2020 17:00	11/21/2020	17	oos	train	0	0	96.72	96.72	21.25741556	7.014947135	14.24246843	0.03646	0.08646	0.069168
11/21/2020 18:00	11/21/2020	18	oos	train	0	0	74.93	74.93	22.51664889	7.430494134	15.08615476	0.03241	0.08241	0.065928
11/21/2020 19:00	11/21/2020	19	oos	train	0	0	80.73	80.73	30.71430222	10.13571973	20.57858249	0.02313	0.07313	0.058504
11/21/2020 20:00	11/21/2020	20	oos	train	0	0	56.91	56.91	29.18865333	9.632255599	19.55639773	0.02036	0.07036	0.056288
11/21/2020 21:00	11/21/2020	21	oos	train	0	0	56.13	56.13	23.66972667	7.811009801	15.85871687	0.01663	0.06663	0.053304
11/21/2020 22:00	11/21/2020	22	oos	train	0	0	97.89	97.89	17.83387333	5.885178199	11.94869513	0.00991	0.05991	0.047928
11/21/2020 23:00	11/21/2020	23	oos	train	0	0	90.04	90.04	18.33265333	6.049775599	12.28287773	0.01641	0.06641	0.053128
11/22/2020 0:00	11/22/2020	0	oos	train	0	0	91.69	91.69	16.63976778	5.491123367	11.14864441	0.01012	0.06012	0.048096
11/22/2020 1:00	11/22/2020	1	oos	train	0	0	78.28	78.28	20.08907556	6.629394935	13.45968063	0.00927	0.05927	0.047416
11/22/2020 2:00	11/22/2020	2	oos	train	0	0	107.4	107.4	19.01712	6.2756496	12.7414704	0.00863	0.05863	0.046904
11/22/2020 3:00	11/22/2020	3	oos	train	0	0	142.57	142.57	17.49510556	5.773384835	11.72172073	0.00863	0.05863	0.046904
11/22/2020 4:00	11/22/2020	4	oos	train	0	0	123.99	123.99	16.99548556	5.608510235	11.38697533	0.00874	0.05874	0.046992
11/22/2020 5:00	11/22/2020	5	oos	train	0	0	139.51	139.51	18.43630667	6.083981201	12.35232547	0.00789	0.05789	0.046312
11/22/2020 6:00	11/22/2020	6	oos	train	0	0	139.67	139.67	20.35545778	6.717301067	13.63815671	0.00767	0.05767	0.046136
11/22/2020 7:00	11/22/2020	7	oos	train	0	0	106.19	106.19	32.53056889	10.73508773	21.79548116	0.00991	0.05991	0.047928
11/22/2020 8:00	11/22/2020	8	oos	train	0	0	75.01	75.01	29.54860889	9.751040934	19.79756796	0.01428	0.06428	0.051424
11/22/2020 9:00	11/22/2020	9	oos	train	0	0	63.8	63.8	28.48283111	9.399334266	19.08349684	0.01694	0.06694	0.053552
11/22/2020 10:00	11/22/2020	10	oos	train	0	0	68.1	68.1	23.25539333	7.674279799	15.58111353	0.0179	0.0679	0.05432
11/22/2020 11:00	11/22/2020	11	oos	train	0	0	97.07	97.07	20.65010222	6.814533733	13.83556849	0.0179	0.0679	0.05432
11/22/2020 12:00	11/22/2020	12	oos	train	0	0	147.82	147.82	24.91464	8.2218312	16.6928088	0.01918	0.06918	0.055344
11/22/2020 13:00	11/22/2020	13	oos	train	0	0	132.82	132.82	25.46928222	8.404863133	17.06441909	0.02035	0.07035	0.05628
11/22/2020 14:00	11/22/2020	14	oos	train	0	0	151.05	151.05	24.48399778	8.079719267	16.40427851	0.02302	0.07302	0.058416
11/22/2020 15:00	11/22/2020	15	oos	train	0	0	153.52	153.52	28.43947333	9.385026199	19.05444713	0.03133	0.08133	0.065064
11/22/2020 16:00	11/22/2020	16	oos	train	0	0	156.7	156.7	23.78039778	7.847531267	15.93286651	0.03282	0.08282	0.066256
11/22/2020 17:00	11/22/2020	17	oos	train	0	0	137.73	137.73	21.88286444	7.221345265	14.66151917	0.0325	0.0825	0.066
11/22/2020 18:00	11/22/2020	18	oos	train	0	0	119.03	119.03	27.82452	9.1820916	18.6424284	0.02888	0.07888	0.063104
11/22/2020 19:00	11/22/2020	19	oos	train	0	0	98.77	98.77	27.58644667	9.103527401	18.48291927	0.02462	0.07462	0.059696
11/22/2020 20:00	11/22/2020	20	oos	train	0	0	137.56	137.56	24.5892	8.114436	16.474764	0.02099	0.07099	0.056792
11/22/2020 21:00	11/22/2020	21	oos	train	0	0	173.52	173.52	21.90732667	7.229417801	14.67790887	0.01812	0.06812	0.054496
11/22/2020 22:00	11/22/2020	22	oos	train	0	0	196.02	196.02	26.06371778	8.601026867	17.46269091	0.013	0.063	0.0504
11/22/2020 23:00	11/22/2020	23	oos	train	0	0	187.67	187.67	26.36910222	8.701803733	17.66729849	0.01375	0.06375	0.051
11/23/2020 0:00	11/23/2020	0	oos	train	0	0	187.85	187.85	18.59802222	6.137347333	12.46067489	0.01087	0.06087	0.048696
11/23/2020 1:00	11/23/2020	1	oos	train	0	0	158.46	158.46	20.67521333	6.822820399	13.85239293	0.00948	0.05948	0.047584
11/23/2020 2:00	11/23/2020	2	oos	train	0	0	184.3	184.3	22.42563556	7.400459735	15.02517583	0.01002	0.06002	0.048016
11/23/2020 3:00	11/23/2020	3	oos	train	0	0	213.9	213.9	19.70542	6.5027886	13.2026314	0.01588	0.06588	0.052704
11/23/2020 4:00	11/23/2020	4	oos	train	0	0	196.92	196.92	18.36456778	6.060307367	12.30426041	0.03059	0.08059	0.064472
11/23/2020 5:00	11/23/2020	5	oos	train	0	0	109.94	109.94	18.34066444	6.052419265	12.28824517	0.03218	0.08218	0.065744
11/23/2020 6:00	11/23/2020	6	oos	train	0	0	96.72	96.72	20.50464444	6.766532665	13.73811177	0.04114	0.09114	0.072912
11/23/2020 7:00	11/23/2020	7	oos	train	0	0	41.42	41.42	29.05538444	9.588276865	19.46710757	0.04369	0.09369	0.074952
11/23/2020 8:00	11/23/2020	8	oos	train	0.0612	0.0612	24.28	24.28	30.13013333	9.942943999	20.18718933	0.04359	0.09359	0.074872
11/23/2020 9:00	11/23/2020	9	oos	train	3.7188889	3.7188889	17.3	17.3	27.37901333	9.035074399	18.34393893	0.0438	0.0938	0.07504
11/23/2020 10:00	11/23/2020	10	oos	train	1.2564166	1.2564166	15.21	15.21	24.21536889	7.991071734	16.22429716	0.04465	0.09465	0.07572
11/23/2020 11:00	11/23/2020	11	oos	train	0.5752222	0.5752222	4.05	4.05	15.11030222	4.986399733	10.12390249	0.0454	0.0954	0.07632
11/23/2020 12:00	11/23/2020	12	oos	train	1.615	1.615	8.89	8.89	12.04469667	3.974749901	8.069946769	0.04508	0.09508	0.076064
11/23/2020 13:00	11/23/2020	13	oos	train	0.8512111	0.8512111	11.59	11.59	20.15488667	6.651112601	13.50377407	0.0471	0.0971	0.07768
11/23/2020 14:00	11/23/2020	14	oos	train	0	0	9.67	9.67	20.54626	6.7802658	13.7659942	0.047	0.097	0.0776
11/23/2020 15:00	11/23/2020	15	oos	train	0	0	7.5	7.5	22.45312222	7.409530333	15.04359189	0.04732	0.09732	0.077856
11/23/2020 16:00	11/23/2020	16	oos	train	0	0	5	5	25.67951111	8.474238666	17.20527244	0.05648	0.10648	0.085184
11/23/2020 17:00	11/23/2020	17	oos	train	0	0	10.93	10.93	28.54808	9.4208664	19.1272136	0.05797	0.10797	0.086376
11/23/2020 18:00	11/23/2020	18	oos	train	0	0	27.69	27.69	27.25028	8.9925924	18.2576876	0.05915	0.10915	0.08732
11/23/2020 19:00	11/23/2020	19	oos	train	0	0	20.52	20.52	28.03	9.2499	18.7801	0.05307	0.10307	0.082456
11/23/2020 20:00	11/23/2020	20	oos	train	0	0	18.43	18.43	23.20734889	7.658425134	15.54892376	0.04902	0.09902	0.079216
11/23/2020 21:00	11/23/2020	21	oos	train	0	0	39.56	39.56	24.17078444	7.976358865	16.19442557	0.04103	0.09103	0.072824
11/23/2020 22:00	11/23/2020	22	oos	train	0	0	26.16	26.16	22.78933778	7.520481467	15.26885631	0.03197	0.08197	0.065576
11/23/2020 23:00	11/23/2020	23	oos	train	0	0	15.05	15.05	20.77454444	6.855599665	13.91894477	0.02643	0.07643	0.061144
11/24/2020 0:00	11/24/2020	0	oos	train	0	0	-0.27	0	18.43281889	6.082830234	12.34998866	0.02632	0.07632	0.061056
11/24/2020 1:00	11/24/2020	1	oos	train	0	0	3.83	3.83	20.48666667	6.760600001	13.72606667	0.02643	0.07643	0.061144
11/24/2020 2:00	11/24/2020	2	oos	train	0	0	10.55	10.55	21.07565556	6.954966335	14.12068923	0.02654	0.07654	0.061232
11/24/2020 3:00	11/24/2020	3	oos	train	0	0	5.02	5.02	23.71145333	7.824779599	15.88667373	0.03499	0.08499	0.067992
11/24/2020 4:00	11/24/2020	4	oos	train	0	0	1.93	1.93	19.87564222	6.558961933	13.31668029	0.04751	0.09751	0.078008
11/24/2020 5:00	11/24/2020	5	oos	train	0	0	15.07	15.07	21.49878	7.0945974	14.4041826	0.06249	0.11249	0.089992
11/24/2020 6:00	11/24/2020	6	oos	train	0	0	2.62	2.62	21.91460889	7.231820934	14.68278796	0.06955	0.11955	0.09564
11/24/2020 7:00	11/24/2020	7	oos	train	0	0	0.27	0.27	24.62324889	8.125672134	16.49757676	0.0795	0.1295	0.1036
11/24/2020 8:00	11/24/2020	8	oos	train	0.2758182	0.2758182	6.13	6.13	24.87226222	8.207846533	16.66441569	0.07854	0.12854	0.102832
11/24/2020 9:00	11/24/2020	9	oos	train	11.9031669	11.9031669	11.83	11.83	27.34677111	9.024434466	18.32233664	0.07843	0.12843	0.102744
11/24/2020 10:00	11/24/2020	10	oos	train	24.029667	24.029667	0	0	22.94953778	7.573347467	15.37619031	0.07768	0.12768	0.102144
11/24/2020 11:00	11/24/2020	11	oos	train	15.54025	15.54025	-0.13	0	18.73234667	6.181674401	12.55067227	0.07982	0.12982	0.103856
11/24/2020 12:00	11/24/2020	12	oos	train	0.5511667	0.5511667	-0.36	0	18.69894889	6.170653134	12.52829576	0.07993	0.12993	0.103944
11/24/2020 13:00	11/24/2020	13	oos	train	0	0	-0.18	0	25.12226222	8.290346533	16.83191569	0.07693	0.12693	0.101544
11/24/2020 14:00	11/24/2020	14	oos	train	0	0	-0.09	0	23.76128444	7.841223865	15.92006057	0.08581	0.13581	0.108648
11/24/2020 15:00	11/24/2020	15	oos	train	0	0	-0.06	0	27.77236444	9.164880265	18.60748417	0.08806	0.13806	0.110448
11/24/2020 16:00	11/24/2020	16	oos	train	0	0	0	0	21.72718	7.1699694	14.5572106	0.08667	0.13667	0.109336
11/24/2020 17:00	11/24/2020	17	oos	train	0	0	0	0	21.17781111	6.988677666	14.18913344	0.08581	0.13581	0.108648
11/24/2020 18:00	11/24/2020	18	oos	train	0	0	0.68	0.68	22.01639556	7.265410535	14.75098503	0.07426	0.12426	0.099408
11/24/2020 19:00	11/24/2020	19	oos	train	0	0	11.71	11.71	23.78395556	7.848705335	15.93525023	0.06901	0.11901	0.095208
11/24/2020 20:00	11/24/2020	20	oos	train	0	0	3.92	3.92	28.66256667	9.458647001	19.20391967	0.06388	0.11388	0.091104
11/24/2020 21:00	11/24/2020	21	oos	train	0	0	-0.28	0	27.54273111	9.089101266	18.45362984	0.05339	0.10339	0.082712
11/24/2020 22:00	11/24/2020	22	oos	train	0	0	-0.24	0	23.14573556	7.638092735	15.50764283	0.04719	0.09719	0.077752
11/24/2020 23:00	11/24/2020	23	oos	train	0	0	-0.31	0	20.51075333	6.768548599	13.74220473	0.04565	0.09565	0.07652
11/25/2020 0:00	11/25/2020	0	oos	train	0	0	3.09	3.09	16.58346889	5.472544734	11.11092416	0.04416	0.09416	0.075328
11/25/2020 1:00	11/25/2020	1	oos	train	0	0	-0.25	0	19.48034222	6.428512933	13.05182929	0.04341	0.09341	0.074728
11/25/2020 2:00	11/25/2020	2	oos	train	0	0	-0.26	0	17.56037778	5.794924667	11.76545311	0.04255	0.09255	0.07404
11/25/2020 3:00	11/25/2020	3	oos	train	0	0	-0.31	0	18.28042667	6.032540801	12.24788587	0.04341	0.09341	0.074728
11/25/2020 4:00	11/25/2020	4	oos	train	0	0	-0.27	0	20.53305556	6.775908335	13.75714723	0.04865	0.09865	0.07892
11/25/2020 5:00	11/25/2020	5	oos	train	0	0	-0.27	0	19.88764444	6.562922665	13.32472177	0.05667	0.10667	0.085336
11/25/2020 6:00	11/25/2020	6	oos	train	0	0	-0.25	0	21.26230667	7.016561201	14.24574547	0.06747	0.11747	0.093976
11/25/2020 7:00	11/25/2020	7	oos	train	0	0	-0.26	0	23.21386667	7.660576001	15.55329067	0.06886	0.11886	0.095088
11/25/2020 8:00	11/25/2020	8	oos	train	0.079875	0.079875	7.96	7.96	22.71263778	7.495170467	15.21746731	0.06843	0.11843	0.094744
11/25/2020 9:00	11/25/2020	9	oos	train	0.4460834	0.4460834	7.35	7.35	26.19968444	8.645895865	17.55378857	0.06394	0.11394	0.091152
11/25/2020 10:00	11/25/2020	10	oos	train	0.2984	0.2984	20.15	20.15	23.25868	7.6753644	15.5833156	0.06586	0.11586	0.092688
11/25/2020 11:00	11/25/2020	11	oos	train	0	0	2.78	2.78	18.29138556	6.036157235	12.25522833	0.0634	0.1134	0.09072
11/25/2020 12:00	11/25/2020	12	oos	train	1.2954166	1.2954166	2.14	2.14	16.86953667	5.566947101	11.30258957	0.06683	0.11683	0.093464
11/25/2020 13:00	11/25/2020	13	oos	train	0.0178333	0.0178333	1.52	1.52	21.08705333	6.958727599	14.12832573	0.06768	0.11768	0.094144
11/25/2020 14:00	11/25/2020	14	oos	train	0	0	-0.32	0	23.03585778	7.601833067	15.43402471	0.06789	0.11789	0.094312
11/25/2020 15:00	11/25/2020	15	oos	train	0	0	-0.3	0	28.07999778	9.266399267	18.81359851	0.06704	0.11704	0.093632
11/25/2020 16:00	11/25/2020	16	oos	train	0	0	-0.27	0	25.52561556	8.423453135	17.10216243	0.06736	0.11736	0.093888
11/25/2020 17:00	11/25/2020	17	oos	train	0	0	-0.27	0	24.29456444	8.017206265	16.27735817	0.06447	0.11447	0.091576
11/25/2020 18:00	11/25/2020	18	oos	train	0	0	-0.29	0	27.11542444	8.948090065	18.16733437	0.06672	0.11672	0.093376
11/25/2020 19:00	11/25/2020	19	oos	train	0	0	-0.26	0	33.83585778	11.16583307	22.67002471	0.0603	0.1103	0.08824
11/25/2020 20:00	11/25/2020	20	oos	train	0	0	-0.29	0	31.57103556	10.41844173	21.15259383	0.0603	0.1103	0.08824
11/25/2020 21:00	11/25/2020	21	oos	train	0	0	-0.33	0	26.18452667	8.640893801	17.54363287	0.05325	0.10325	0.0826
11/25/2020 22:00	11/25/2020	22	oos	train	0	0	-0.3	0	20.99352667	6.927863801	14.06566287	0.04737	0.09737	0.077896
11/25/2020 23:00	11/25/2020	23	oos	train	0	0	-0.3	0	21.89293778	7.224669467	14.66826831	0.04538	0.09538	0.076304
11/26/2020 0:00	11/26/2020	0	oos	train	0	0	23.77	23.77	14.94101	4.9305333	10.0104767	0.04581	0.09581	0.076648
11/26/2020 1:00	11/26/2020	1	oos	train	0	0	33.98	33.98	20.7378	6.843474	13.894326	0.04602	0.09602	0.076816
11/26/2020 2:00	11/26/2020	2	oos	train	0	0	2.83	2.83	18.22205111	6.013276866	12.20877424	0.04824	0.09824	0.078592
11/26/2020 3:00	11/26/2020	3	oos	train	0	0	7.14	7.14	19.87284889	6.558040134	13.31480876	0.05385	0.10385	0.08308
11/26/2020 4:00	11/26/2020	4	oos	train	0	0	0.78	0.78	19.26730667	6.358211201	12.90909547	0.05988	0.10988	0.087904
11/26/2020 5:00	11/26/2020	5	oos	train	0	0	13.04	13.04	17.74580667	5.856116201	11.88969047	0.06538	0.11538	0.092304
11/26/2020 6:00	11/26/2020	6	oos	train	0	0	10.53	10.53	21.0604	6.949932	14.110468	0.06823	0.11823	0.094584
11/26/2020 7:00	11/26/2020	7	oos	train	0	0	12.7	12.7	28.96719778	9.559175267	19.40802251	0.07987	0.12987	0.103896
11/26/2020 8:00	11/26/2020	8	oos	train	0	0	9.02	9.02	25.69433111	8.479129266	17.21520184	0.08474	0.13474	0.107792
11/26/2020 9:00	11/26/2020	9	oos	train	0.4461667	0.4461667	4.68	4.68	27.17099556	8.966428535	18.20456703	0.08717	0.13717	0.109736
11/26/2020 10:00	11/26/2020	10	oos	train	0.9690758	0.9690758	-0.36	0	22.23491556	7.337522135	14.89739343	0.08823	0.13823	0.110584
11/26/2020 11:00	11/26/2020	11	oos	train	4.5617498	4.5617498	3.28	3.28	19.08538889	6.298178334	12.78721056	0.08823	0.13823	0.110584
11/26/2020 12:00	11/26/2020	12	oos	train	4.3403332	4.3403332	8.94	8.94	18.27238778	6.029887967	12.24249981	0.08791	0.13791	0.110328
11/26/2020 13:00	11/26/2020	13	oos	train	1.0948181	1.0948181	7.62	7.62	23.13716444	7.635264265	15.50190017	0.08495	0.13495	0.10796
11/26/2020 14:00	11/26/2020	14	oos	train	0	0	13.53	13.53	22.9152	7.562016	15.353184	0.08315	0.13315	0.10652
11/26/2020 15:00	11/26/2020	15	oos	train	0	0	8.92	8.92	25.92506222	8.555270533	17.36979169	0.08664	0.13664	0.109312
11/26/2020 16:00	11/26/2020	16	oos	train	0	0	1.99	1.99	24.13958222	7.966062133	16.17352009	0.08453	0.13453	0.107624
11/26/2020 17:00	11/26/2020	17	oos	train	0	0	10.47	10.47	23.48454889	7.749901134	15.73464776	0.07479	0.12479	0.099832
11/26/2020 18:00	11/26/2020	18	oos	train	0	0	11	11	24.12529111	7.961346066	16.16394504	0.07194	0.12194	0.097552
11/26/2020 19:00	11/26/2020	19	oos	train	0	0	13.26	13.26	29.78846222	9.830192533	19.95826969	0.06802	0.11802	0.094416
11/26/2020 20:00	11/26/2020	20	oos	train	0	0	18.85	18.85	32.0658	10.581714	21.484086	0.07204	0.12204	0.097632
11/26/2020 21:00	11/26/2020	21	oos	train	0	0	28.03	28.03	28.11045556	9.276450335	18.83400523	0.07289	0.12289	0.098312
11/26/2020 22:00	11/26/2020	22	oos	train	0	0	33.04	33.04	23.79764444	7.853222665	15.94442177	0.07374	0.12374	0.098992
11/26/2020 23:00	11/26/2020	23	oos	train	0	0	21.7	21.7	22.50649333	7.427142799	15.07935053	0.08009	0.13009	0.104072
11/27/2020 0:00	11/27/2020	0	oos	train	0	0	19.56	19.56	16.71364	5.5155012	11.1981388	0.0783	0.1283	0.10264
11/27/2020 1:00	11/27/2020	1	oos	train	0	0	17.82	17.82	19.93484	6.5784972	13.3563428	0.07566	0.12566	0.100528
11/27/2020 2:00	11/27/2020	2	oos	train	0	0	19.43	19.43	19.90090444	6.567298465	13.33360597	0.07418	0.12418	0.099344
11/27/2020 3:00	11/27/2020	3	oos	train	0	0	37.98	37.98	19.74487556	6.515808935	13.22906663	0.07323	0.12323	0.098584
11/27/2020 4:00	11/27/2020	4	oos	train	0	0	37.78	37.78	20.48388222	6.759681133	13.72420109	0.07513	0.12513	0.100104
11/27/2020 5:00	11/27/2020	5	oos	train	0	0	44.11	44.11	20.57766222	6.790628533	13.78703369	0.08094	0.13094	0.104752
11/27/2020 6:00	11/27/2020	6	oos	train	0	0	38.93	38.93	22.25190889	7.343129934	14.90877896	0.09521	0.14521	0.116168
11/27/2020 7:00	11/27/2020	7	oos	train	0	0	31.75	31.75	29.63362444	9.779096065	19.85452837	0.09827	0.14827	0.118616
11/27/2020 8:00	11/27/2020	8	oos	train	0.7827909	0.7827909	14.88	14.88	21.88602	7.2223866	14.6636334	0.09859	0.14859	0.118872
11/27/2020 9:00	11/27/2020	9	oos	train	2.5461666	2.5461666	16.19	16.19	20.10081556	6.633269135	13.46754643	0.09943	0.14943	0.119544
11/27/2020 10:00	11/27/2020	10	oos	train	0	0	-0.08	0	26.18548444	8.641209865	17.54427457	0.09795	0.14795	0.11836
11/27/2020 11:00	11/27/2020	11	oos	train	8.8435833	8.8435833	4.48	4.48	18.16626111	5.994866166	12.17139494	0.09785	0.14785	0.11828
11/27/2020 12:00	11/27/2020	12	oos	train	1.6133333	1.6133333	2.69	2.69	18.83878889	6.216800334	12.62198856	0.09764	0.14764	0.118112
11/27/2020 13:00	11/27/2020	13	oos	train	0.965	0.965	7.65	7.65	21.01595333	6.935264599	14.08068873	0.09732	0.14732	0.117856
11/27/2020 14:00	11/27/2020	14	oos	train	0	0	10.63	10.63	24.36403778	8.040132467	16.32390531	0.09911	0.14911	0.119288
11/27/2020 15:00	11/27/2020	15	oos	train	0	0	9.96	9.96	23.39765111	7.721224866	15.67642624	0.09964	0.14964	0.119712
11/27/2020 16:00	11/27/2020	16	oos	train	0	0	12.32	12.32	22.03421333	7.271290399	14.76292293	0.09975	0.14975	0.1198
11/27/2020 17:00	11/27/2020	17	oos	train	0	0	13.09	13.09	22.97406222	7.581440533	15.39262169	0.09954	0.14954	0.119632
11/27/2020 18:00	11/27/2020	18	oos	train	0	0	7.14	7.14	22.09397778	7.291012667	14.80296511	0.0989	0.1489	0.11912
11/27/2020 19:00	11/27/2020	19	oos	train	0	0	8.92	8.92	28.07627556	9.265170935	18.81110463	0.09658	0.14658	0.117264
11/27/2020 20:00	11/27/2020	20	oos	train	0	0	7.92	7.92	23.73936	7.8339888	15.9053712	0.0969	0.1469	0.11752
11/27/2020 21:00	11/27/2020	21	oos	train	0	0	5.74	5.74	22.86395333	7.545104599	15.31884873	0.09573	0.14573	0.116584
11/27/2020 22:00	11/27/2020	22	oos	train	0	0	5.47	5.47	17.15694889	5.661793134	11.49515576	0.09225	0.14225	0.1138
11/27/2020 23:00	11/27/2020	23	oos	train	0	0	-0.14	0	17.63737111	5.820332466	11.81703864	0.10258	0.15258	0.122064
11/28/2020 0:00	11/28/2020	0	oos	train	0	0	-0.42	0	16.02642	5.2887186	10.7377014	0.10205	0.15205	0.12164
11/28/2020 1:00	11/28/2020	1	oos	train	0	0	9.34	9.34	24.58982444	8.114642065	16.47518237	0.10163	0.15163	0.121304
11/28/2020 2:00	11/28/2020	2	oos	train	0	0	1.85	1.85	22.43544	7.4036952	15.0317448	0.10142	0.15142	0.121136
11/28/2020 3:00	11/28/2020	3	oos	train	0	0	-0.42	0	22.25253333	7.343335999	14.90919733	0.10131	0.15131	0.121048
11/28/2020 4:00	11/28/2020	4	oos	train	0	0	-0.51	0	22.18863333	7.322248999	14.86638433	0.10142	0.15142	0.121136
11/28/2020 5:00	11/28/2020	5	oos	train	0	0	-0.42	0	26.47439778	8.736551267	17.73784651	0.10216	0.15216	0.121728
11/28/2020 6:00	11/28/2020	6	oos	train	0	0	3.45	3.45	27.91113111	9.210673266	18.70045784	0.103	0.153	0.1224
11/28/2020 7:00	11/28/2020	7	oos	train	0	0	16.68	16.68	31.52953778	10.40474747	21.12479031	0.10406	0.15406	0.123248
11/28/2020 8:00	11/28/2020	8	oos	train	0.6323333	0.6323333	17.05	17.05	29.71410889	9.805655934	19.90845296	0.10734	0.15734	0.125872
11/28/2020 9:00	11/28/2020	9	oos	train	15.8735835	15.8735835	4.94	4.94	30.42878667	10.0414996	20.38728707	0.11177	0.16177	0.129416
11/28/2020 10:00	11/28/2020	10	oos	train	24.148167	24.148167	1.17	1.17	22.76128889	7.511225334	15.25006356	0.11146	0.16146	0.129168
11/28/2020 11:00	11/28/2020	11	oos	train	25.8895	25.8895	-0.39	0	25.11566667	8.288170001	16.82749667	0.10945	0.15945	0.12756
11/28/2020 12:00	11/28/2020	12	oos	train	20.4393335	20.4393335	2.03	2.03	23.24531111	7.670952666	15.57435844	0.1067	0.1567	0.12536
11/28/2020 13:00	11/28/2020	13	oos	train	2.60875	2.60875	18.08	18.08	26.86254667	8.864640401	17.99790627	0.10543	0.15543	0.124344
11/28/2020 14:00	11/28/2020	14	oos	train	0	0	9.98	9.98	30.47666444	10.05729927	20.41936517	0.10702	0.15702	0.125616
11/28/2020 15:00	11/28/2020	15	oos	train	0	0	0	0	29.41697333	9.707601199	19.70937213	0.10903	0.15903	0.127224
11/28/2020 16:00	11/28/2020	16	oos	train	0	0	18.98	18.98	27.55236	9.0922788	18.4600812	0.11029	0.16029	0.128232
11/28/2020 17:00	11/28/2020	17	oos	train	0	0	2.49	2.49	22.58244222	7.452205933	15.13023629	0.10702	0.15702	0.125616
11/28/2020 18:00	11/28/2020	18	oos	train	0	0	5.17	5.17	32.11853333	10.599116	21.51941733	0.10448	0.15448	0.123584
11/28/2020 19:00	11/28/2020	19	oos	train	0	0	15.61	15.61	29.74839333	9.816969799	19.93142353	0.10311	0.15311	0.122488
11/28/2020 20:00	11/28/2020	20	oos	train	0	0	10.03	10.03	27.54612444	9.090221065	18.45590337	0.10248	0.15248	0.121984
11/28/2020 21:00	11/28/2020	21	oos	train	0	0	5.94	5.94	27.45016667	9.058555001	18.39161167	0.10184	0.15184	0.121472
11/28/2020 22:00	11/28/2020	22	oos	train	0	0	4.9	4.9	24.04616444	7.935234265	16.11093017	0.1011	0.1511	0.12088
11/28/2020 23:00	11/28/2020	23	oos	train	0	0	3.96	3.96	19.58068222	6.461625133	13.11905709	0.10967	0.15967	0.127736
11/29/2020 0:00	11/29/2020	0	oos	train	0	0	17.16	17.16	18.13424667	5.984301401	12.14994527	0.10914	0.15914	0.127312
11/29/2020 1:00	11/29/2020	1	oos	train	0	0	-0.03	0	23.28464	7.6839312	15.6007088	0.10914	0.15914	0.127312
11/29/2020 2:00	11/29/2020	2	oos	train	0	0	4.14	4.14	21.26980667	7.019036201	14.25077047	0.10956	0.15956	0.127648
11/29/2020 3:00	11/29/2020	3	oos	train	0	0	10.96	10.96	25.53548444	8.426709865	17.10877457	0.10956	0.15956	0.127648
11/29/2020 4:00	11/29/2020	4	oos	train	0	0	16.49	16.49	20.53946	6.7780218	13.7614382	0.11125	0.16125	0.129
11/29/2020 5:00	11/29/2020	5	oos	train	0	0	18.12	18.12	18.66894667	6.160752401	12.50819427	0.11591	0.16591	0.132728
11/29/2020 6:00	11/29/2020	6	oos	train	0	0	13.29	13.29	21.36273556	7.049702735	14.31303283	0.11644	0.16644	0.133152
11/29/2020 7:00	11/29/2020	7	oos	train	0	0	6.6	6.6	26.01372667	8.584529801	17.42919687	0.12205	0.17205	0.13764
11/29/2020 8:00	11/29/2020	8	oos	train	0.9579167	0.9579167	7.62	7.62	28.90369333	9.538218799	19.36547453	0.1248	0.1748	0.13984
11/29/2020 9:00	11/29/2020	9	oos	train	15.8795	15.8795	5.55	5.55	29.63133111	9.778339266	19.85299184	0.12851	0.17851	0.142808
11/29/2020 10:00	11/29/2020	10	oos	train	23.9620835	23.9620835	-0.39	0	25.192	8.31336	16.87864	0.12862	0.17862	0.142896
11/29/2020 11:00	11/29/2020	11	oos	train	24.950583	24.950583	-0.39	0	20.62369333	6.805818799	13.81787453	0.12068	0.17068	0.136544
11/29/2020 12:00	11/29/2020	12	oos	train	13.768583	13.768583	-0.35	0	25.33273333	8.359801999	16.97293133	0.11909	0.16909	0.135272
11/29/2020 13:00	11/29/2020	13	oos	train	2.411	2.411	-0.42	0	27.42962444	9.051776065	18.37784837	0.11941	0.16941	0.135528
11/29/2020 14:00	11/29/2020	14	oos	train	0	0	-0.51	0	35.75396667	11.798809	23.95515767	0.12131	0.17131	0.137048
11/29/2020 15:00	11/29/2020	15	oos	train	0	0	-0.4	0	27.86596222	9.195767533	18.67019469	0.12279	0.17279	0.138232
11/29/2020 16:00	11/29/2020	16	oos	train	0	0	-0.45	0	26.94470667	8.891753201	18.05295347	0.12502	0.17502	0.140016
11/29/2020 17:00	11/29/2020	17	oos	train	0	0	-0.41	0	24.47400889	8.076422934	16.39758596	0.12343	0.17343	0.138744
11/29/2020 18:00	11/29/2020	18	oos	train	0	0	-0.39	0	28.70094889	9.471313134	19.22963576	0.12184	0.17184	0.137472
11/29/2020 19:00	11/29/2020	19	oos	train	0	0	-0.43	0	29.94086667	9.880486001	20.06038067	0.11919	0.16919	0.135352
11/29/2020 20:00	11/29/2020	20	oos	train	0	0	-0.42	0	27.00314889	8.911039134	18.09210976	0.11517	0.16517	0.132136
11/29/2020 21:00	11/29/2020	21	oos	train	0	0	-0.44	0	33.04347778	10.90434767	22.13913011	0.11009	0.16009	0.128072
11/29/2020 22:00	11/29/2020	22	oos	train	0	0	-0.44	0	25.86724667	8.536191401	17.33105527	0.10564	0.15564	0.124512
11/29/2020 23:00	11/29/2020	23	oos	train	0	0	-0.42	0	19.99177556	6.597285935	13.39448963	0.10268	0.15268	0.122144
11/30/2020 0:00	11/30/2020	0	oos	train	0	0	-0.4	0	18.63505333	6.149567599	12.48548573	0.10194	0.15194	0.121552
11/30/2020 1:00	11/30/2020	1	oos	train	0	0	-0.41	0	23.99598889	7.918676334	16.07731256	0.10152	0.15152	0.121216
11/30/2020 2:00	11/30/2020	2	oos	train	0	0	-0.35	0	25.49358444	8.412882865	17.08070157	0.10141	0.15141	0.121128
11/30/2020 3:00	11/30/2020	3	oos	train	0	0	-0.37	0	21.29918667	7.028731601	14.27045507	0.10183	0.15183	0.121464
11/30/2020 4:00	11/30/2020	4	oos	train	0	0	-0.36	0	20.77797778	6.856732667	13.92124511	0.10205	0.15205	0.12164
11/30/2020 5:00	11/30/2020	5	oos	train	0	0	-0.31	0	20.35746667	6.717964001	13.63950267	0.10437	0.15437	0.123496
11/30/2020 6:00	11/30/2020	6	oos	train	0	0	-0.35	0	22.67185333	7.481711599	15.19014173	0.11252	0.16252	0.130016
11/30/2020 7:00	11/30/2020	7	oos	train	0	0	-0.4	0	27.13979333	8.956131799	18.18366153	0.12046	0.17046	0.136368
11/30/2020 8:00	11/30/2020	8	oos	train	0	0	-0.36	0	28.85217333	9.521217199	19.33095613	0.1248	0.1748	0.13984
11/30/2020 9:00	11/30/2020	9	oos	train	0.3375834	0.3375834	-0.47	0	28.55572	9.4233876	19.1323324	0.12555	0.17555	0.14044
11/30/2020 10:00	11/30/2020	10	oos	train	0.3996667	0.3996667	-0.41	0	21.67781778	7.153679867	14.52413791	0.12385	0.17385	0.13908
11/30/2020 11:00	11/30/2020	11	oos	train	0.0473636	0.0473636	-0.14	0	23.31625778	7.694365067	15.62189271	0.12322	0.17322	0.138576
11/30/2020 12:00	11/30/2020	12	oos	train	0.02	0.02	-0.23	0	26.61089333	8.781594799	17.82929853	0.12311	0.17311	0.138488
11/30/2020 13:00	11/30/2020	13	oos	train	0	0	-0.46	0	27.02493778	8.918229467	18.10670831	0.12311	0.17311	0.138488
11/30/2020 14:00	11/30/2020	14	oos	train	0	0	6.43	6.43	27.25626222	8.994566533	18.26169569	0.12311	0.17311	0.138488
11/30/2020 15:00	11/30/2020	15	oos	train	0	0	15.71	15.71	27.77430222	9.165519733	18.60878249	0.11972	0.16972	0.135776
11/30/2020 16:00	11/30/2020	16	oos	train	0	0	14.19	14.19	23.39895556	7.721655335	15.67730023	0.11612	0.16612	0.132896
11/30/2020 17:00	11/30/2020	17	oos	train	0	0	12.71	12.71	20.26977333	6.689025199	13.58074813	0.11454	0.16454	0.131632
11/30/2020 18:00	11/30/2020	18	oos	train	0	0	9.2	9.2	24.33160889	8.029430934	16.30217796	0.11157	0.16157	0.129256
11/30/2020 19:00	11/30/2020	19	oos	train	0	0	9.71	9.71	31.85473333	10.512062	21.34267133	0.10903	0.15903	0.127224
11/30/2020 20:00	11/30/2020	20	oos	train	0	0	16.06	16.06	31.24252889	10.31003453	20.93249436	0.10808	0.15808	0.126464
11/30/2020 21:00	11/30/2020	21	oos	train	0	0	18.68	18.68	31.58824667	10.4241214	21.16412527	0.10713	0.15713	0.125704
11/30/2020 22:00	11/30/2020	22	oos	train	0	0	16.52	16.52	27.31623778	9.014358467	18.30187931	0.10533	0.15533	0.124264
11/30/2020 23:00	11/30/2020	23	oos	train	0	0	0	0	20.14743111	6.648652266	13.49877884	0.10698	0.15698	0.125584
12/1/2020 0:00	12/1/2020	0	oos	train	0	0	0	0	18.76896	6.1937568	12.5752032	0.10571	0.15571	0.124568
12/1/2020 1:00	12/1/2020	1	oos	train	0	0	0	0	22.14511556	7.307888135	14.83722743	0.10497	0.15497	0.123976
12/1/2020 2:00	12/1/2020	2	oos	train	0	0	0	0	21.08712667	6.958751801	14.12837487	0.10487	0.15487	0.123896
12/1/2020 3:00	12/1/2020	3	oos	train	0	0	0	0	21.37099556	7.052428535	14.31856703	0.10592	0.15592	0.124736
12/1/2020 4:00	12/1/2020	4	oos	train	0	0	0	0	22.35651778	7.377650867	14.97886691	0.10814	0.15814	0.126512
12/1/2020 5:00	12/1/2020	5	oos	train	0	0	0	0	20.70213778	6.831705467	13.87043231	0.11583	0.16583	0.132664
12/1/2020 6:00	12/1/2020	6	oos	train	0	0	-0.53	0	20.81712889	6.869652534	13.94747636	0.11973	0.16973	0.135784
12/1/2020 7:00	12/1/2020	7	oos	train	0	0	-0.23	0	25.20531556	8.317754135	16.88756143	0.1211	0.1711	0.13688
12/1/2020 8:00	12/1/2020	8	oos	train	0	0	-0.39	0	24.58560222	8.113248733	16.47235349	0.11699	0.16699	0.133592
12/1/2020 9:00	12/1/2020	9	oos	train	0.226625	0.226625	-0.23	0	26.06672889	8.602020534	17.46470836	0.11773	0.16773	0.134184
12/1/2020 10:00	12/1/2020	10	oos	train	0	0	-0.16	0	21.09342222	6.960829333	14.13259289	0.11857	0.16857	0.134856
12/1/2020 11:00	12/1/2020	11	oos	train	4.9314166	4.9314166	-0.4	0	17.19569778	5.674580267	11.52111751	0.11825	0.16825	0.1346
12/1/2020 12:00	12/1/2020	12	oos	train	8.7186666	8.7186666	-0.37	0	18.31066222	6.042518533	12.26814369	0.12057	0.17057	0.136456
12/1/2020 13:00	12/1/2020	13	oos	train	0.4039999	0.4039999	-0.35	0	29.86258889	9.854654334	20.00793456	0.12026	0.17026	0.136208
12/1/2020 14:00	12/1/2020	14	oos	train	0	0	-0.37	0	25.89773333	8.546251999	17.35148133	0.12289	0.17289	0.138312
12/1/2020 15:00	12/1/2020	15	oos	train	0	0	-0.36	0	26.21656222	8.651465533	17.56509669	0.12732	0.17732	0.141856
12/1/2020 16:00	12/1/2020	16	oos	train	0	0	-0.2	0	20.57490889	6.789719934	13.78518896	0.14228	0.19228	0.153824
12/1/2020 17:00	12/1/2020	17	oos	train	0	0	-0.23	0	20.61685333	6.803561599	13.81329173	0.12384	0.17384	0.139072
12/1/2020 18:00	12/1/2020	18	oos	train	0	0	-0.25	0	21.72529333	7.169346799	14.55594653	0.125	0.175	0.14
12/1/2020 19:00	12/1/2020	19	oos	train	0	0	-0.23	0	30.45757333	10.0509992	20.40657413	0.13649	0.18649	0.149192
12/1/2020 20:00	12/1/2020	20	oos	train	0	0	-0.39	0	28.01216889	9.244015734	18.76815316	0.11973	0.16973	0.135784
12/1/2020 21:00	12/1/2020	21	oos	train	0	0	-0.43	0	24.84219111	8.197923066	16.64426804	0.11646	0.16646	0.133168
12/1/2020 22:00	12/1/2020	22	oos	train	0	0	-0.4	0	21.99260667	7.257560201	14.73504647	0.11246	0.16246	0.129968
12/1/2020 23:00	12/1/2020	23	oos	train	0	0	-0.37	0	18.94796667	6.252829001	12.69513767	0.11377	0.16377	0.131016
12/2/2020 0:00	12/2/2020	0	oos	train	0	0	-0.37	0	17.31962556	5.715476435	11.60414913	0.11218	0.16218	0.129744
12/2/2020 1:00	12/2/2020	1	oos	train	0	0	-0.4	0	23.55395556	7.772805335	15.78115023	0.10899	0.15899	0.127192
12/2/2020 2:00	12/2/2020	2	oos	train	0	0	-0.35	0	20.36464667	6.720333401	13.64431327	0.10306	0.15306	0.122448
12/2/2020 3:00	12/2/2020	3	oos	train	0	0	-0.39	0	21.68076889	7.154653734	14.52611516	0.09977	0.14977	0.119816
12/2/2020 4:00	12/2/2020	4	oos	train	0	0	-0.38	0	22.68115333	7.484780599	15.19637273	0.09988	0.14988	0.119904
12/2/2020 5:00	12/2/2020	5	oos	train	0	0	-0.42	0	19.76638444	6.522906865	13.24347757	0.10878	0.15878	0.127024
12/2/2020 6:00	12/2/2020	6	oos	train	0	0	-0.4	0	22.67423333	7.482496999	15.19173633	0.11387	0.16387	0.131096
12/2/2020 7:00	12/2/2020	7	oos	train	0	0	-0.41	0	29.64252	9.7820316	19.8604884	0.11939	0.16939	0.135512
12/2/2020 8:00	12/2/2020	8	oos	train	0.00775	0.00775	-0.4	0	22.32566889	7.367470734	14.95819816	0.11801	0.16801	0.134408
12/2/2020 9:00	12/2/2020	9	oos	train	1.5260833	1.5260833	-0.34	0	25.46294667	8.402772401	17.06017427	0.11939	0.16939	0.135512
12/2/2020 10:00	12/2/2020	10	oos	train	2.3655	2.3655	-0.37	0	24.66275111	8.138707866	16.52404324	0.11748	0.16748	0.133984
12/2/2020 11:00	12/2/2020	11	oos	train	3.0650834	3.0650834	-0.34	0	22.57287333	7.449048199	15.12382513	0.11525	0.16525	0.1322
12/2/2020 12:00	12/2/2020	12	oos	train	0.5026666	0.5026666	-0.39	0	24.17803333	7.978750999	16.19928233	0.11673	0.16673	0.133384
12/2/2020 13:00	12/2/2020	13	oos	train	0	0	-0.39	0	24.43336889	8.063011734	16.37035716	0.11546	0.16546	0.132368
12/2/2020 14:00	12/2/2020	14	oos	train	0	0	-0.38	0	28.66897556	9.460761935	19.20821363	0.1143	0.1643	0.13144
12/2/2020 15:00	12/2/2020	15	oos	train	0	0	3.36	3.36	29.35520889	9.687218934	19.66798996	0.11366	0.16366	0.130928
12/2/2020 16:00	12/2/2020	16	oos	train	0	0	43.27	43.27	23.65102667	7.804838801	15.84618787	0.11133	0.16133	0.129064
12/2/2020 17:00	12/2/2020	17	oos	train	0	0	48.53	48.53	21.81998444	7.200594865	14.61938957	0.11228	0.16228	0.129824
12/2/2020 18:00	12/2/2020	18	oos	train	0	0	49.31	49.31	23.90611111	7.889016666	16.01709444	0.11387	0.16387	0.131096
12/2/2020 19:00	12/2/2020	19	oos	train	0	0	36.96	36.96	24.53779778	8.097473267	16.44032451	0.11218	0.16218	0.129744
12/2/2020 20:00	12/2/2020	20	oos	train	0	0	32.15	32.15	26.51457333	8.749809199	17.76476413	0.11016	0.16016	0.128128
12/2/2020 21:00	12/2/2020	21	oos	train	0	0	29.3	29.3	29.96795333	9.889424599	20.07852873	0.10783	0.15783	0.126264
12/2/2020 22:00	12/2/2020	22	oos	train	0	0	47.23	47.23	26.13517778	8.624608667	17.51056911	0.10486	0.15486	0.123888
12/2/2020 23:00	12/2/2020	23	oos	train	0	0	50.04	50.04	23.29032667	7.685807801	15.60451887	0.09784	0.14784	0.118272
12/3/2020 0:00	12/3/2020	0	oos	train	0	0	28.03	28.03	16.8056	5.545848	11.259752	0.09038	0.14038	0.112304
12/3/2020 1:00	12/3/2020	1	oos	train	0	0	-0.24	0	20.80213556	6.864704735	13.93743083	0.08728	0.13728	0.109824
12/3/2020 2:00	12/3/2020	2	oos	train	0	0	-0.25	0	20.73732667	6.843317801	13.89400887	0.08899	0.13899	0.111192
12/3/2020 3:00	12/3/2020	3	oos	train	0	0	-0.27	0	21.02845556	6.939390335	14.08906523	0.09528	0.14528	0.116224
12/3/2020 4:00	12/3/2020	4	oos	train	0	0	-0.25	0	22.05049556	7.276663535	14.77383203	0.10359	0.15359	0.122872
12/3/2020 5:00	12/3/2020	5	oos	train	0	0	-0.24	0	18.16181667	5.993399501	12.16841717	0.10764	0.15764	0.126112
12/3/2020 6:00	12/3/2020	6	oos	train	0	0	-0.25	0	22.25013778	7.342545467	14.90759231	0.11009	0.16009	0.128072
12/3/2020 7:00	12/3/2020	7	oos	train	0	0	10.9	10.9	24.78212889	8.178102534	16.60402636	0.11137	0.16137	0.129096
12/3/2020 8:00	12/3/2020	8	oos	train	0	0	88.71	88.71	25.74191778	8.494832867	17.24708491	0.11158	0.16158	0.129264
12/3/2020 9:00	12/3/2020	9	oos	train	8.1411819	8.1411819	4.74	4.74	29.71614222	9.806326933	19.90981529	0.11116	0.16116	0.128928
12/3/2020 10:00	12/3/2020	10	oos	train	18.4304165	18.4304165	-0.26	0	21.60357556	7.129179935	14.47439563	0.11084	0.16084	0.128672
12/3/2020 11:00	12/3/2020	11	oos	train	3.1373091	3.1373091	30.83	30.83	21.68764889	7.156924134	14.53072476	0.10913	0.15913	0.127304
12/3/2020 12:00	12/3/2020	12	oos	train	1.072909	1.072909	20.79	20.79	22.16180444	7.313395465	14.84840897	0.10967	0.15967	0.127736
12/3/2020 13:00	12/3/2020	13	oos	train	0	0	28.93	28.93	25.60414444	8.449367665	17.15477677	0.10956	0.15956	0.127648
12/3/2020 14:00	12/3/2020	14	oos	train	0	0	-0.08	0	30.99576	10.2286008	20.7671592	0.11073	0.16073	0.128584
12/3/2020 15:00	12/3/2020	15	oos	train	0	0	0	0	27.84713333	9.189553999	18.65757933	0.11073	0.16073	0.128584
12/3/2020 16:00	12/3/2020	16	oos	train	0	0	-0.15	0	18.58028222	6.131493133	12.44878909	0.11062	0.16062	0.128496
12/3/2020 17:00	12/3/2020	17	oos	train	0	0	0	0	20.70969778	6.834200267	13.87549751	0.10999	0.15999	0.127992
12/3/2020 18:00	12/3/2020	18	oos	train	0	0	-0.03	0	23.09637556	7.621803935	15.47457163	0.10956	0.15956	0.127648
12/3/2020 19:00	12/3/2020	19	oos	train	0	0	-0.02	0	27.25834667	8.995254401	18.26309227	0.10903	0.15903	0.127224
12/3/2020 20:00	12/3/2020	20	oos	train	0	0	0	0	28.96073111	9.557041266	19.40368984	0.10849	0.15849	0.126792
12/3/2020 21:00	12/3/2020	21	oos	train	0	0	0	0	21.91168222	7.230855133	14.68082709	0.10796	0.15796	0.126368
12/3/2020 22:00	12/3/2020	22	oos	train	0	0	0	0	15.67684111	5.173357566	10.50348354	0.10721	0.15721	0.125768
12/3/2020 23:00	12/3/2020	23	oos	train	0	0	-0.01	0	16.72046	5.5177518	11.2027082	0.11746	0.16746	0.133968
12/4/2020 0:00	12/4/2020	0	oos	train	0	0	-0.07	0	12.58244	4.1522052	8.4302348	0.11425	0.16425	0.1314
12/4/2020 1:00	12/4/2020	1	oos	train	0	0	-0.1	0	17.55408111	5.792846766	11.76123434	0.11265	0.16265	0.13012
12/4/2020 2:00	12/4/2020	2	oos	train	0	0	-0.12	0	18.53801	6.1175433	12.4204667	0.11233	0.16233	0.129864
12/4/2020 3:00	12/4/2020	3	oos	train	0	0	-0.07	0	18.02003222	5.946610633	12.07342159	0.11275	0.16275	0.1302
12/4/2020 4:00	12/4/2020	4	oos	train	0	0	-0.06	0	15.54676	5.1304308	10.4163292	0.11907	0.16907	0.135256
12/4/2020 5:00	12/4/2020	5	oos	train	0	0	-0.03	0	15.73355	5.1920715	10.5414785	0.11864	0.16864	0.134912
12/4/2020 6:00	12/4/2020	6	oos	train	0	0	-0.06	0	16.12041111	5.319735666	10.80067544	0.12163	0.17163	0.137304
12/4/2020 7:00	12/4/2020	7	oos	train	0	0	-0.06	0	25.89913111	8.546713266	17.35241784	0.12923	0.17923	0.143384
12/4/2020 8:00	12/4/2020	8	oos	train	0.2157273	0.2157273	22.07	22.07	23.84707333	7.869534199	15.97753913	0.12966	0.17966	0.143728
12/4/2020 9:00	12/4/2020	9	oos	train	2.3443334	2.3443334	32	32	25.59097111	8.445020466	17.14595064	0.13137	0.18137	0.145096
12/4/2020 10:00	12/4/2020	10	oos	train	6.9683333	6.9683333	38.9	38.9	19.37618667	6.394141601	12.98204507	0.13201	0.18201	0.145608
12/4/2020 11:00	12/4/2020	11	oos	train	8.8371666	8.8371666	47.39	47.39	17.65831556	5.827244135	11.83107143	0.13276	0.18276	0.146208
12/4/2020 12:00	12/4/2020	12	oos	train	11.232	11.232	48.04	48.04	19.31536889	6.374071734	12.94129716	0.13319	0.18319	0.146552
12/4/2020 13:00	12/4/2020	13	oos	train	0.375	0.375	47.98	47.98	20.78473111	6.858961266	13.92576984	0.13447	0.18447	0.147576
12/4/2020 14:00	12/4/2020	14	oos	train	0	0	3.93	3.93	25.60508444	8.449677865	17.15540657	0.13222	0.18222	0.145776
12/4/2020 15:00	12/4/2020	15	oos	train	0	0	-0.25	0	22.32132222	7.366036333	14.95528589	0.13394	0.18394	0.147152
12/4/2020 16:00	12/4/2020	16	oos	train	0	0	-0.27	0	21.35786889	7.048096734	14.30977216	0.13394	0.18394	0.147152
12/4/2020 17:00	12/4/2020	17	oos	train	0	0	-0.27	0	22.25715111	7.344859866	14.91229124	0.13105	0.18105	0.14484
12/4/2020 18:00	12/4/2020	18	oos	train	0	0	-0.27	0	23.46501778	7.743455867	15.72156191	0.12901	0.17901	0.143208
12/4/2020 19:00	12/4/2020	19	oos	train	0	0	-0.14	0	22.83192	7.5345336	15.2973864	0.12805	0.17805	0.14244
12/4/2020 20:00	12/4/2020	20	oos	train	0	0	-0.06	0	23.38157111	7.715918466	15.66565264	0.13704	0.18704	0.149632
12/4/2020 21:00	12/4/2020	21	oos	train	0	0	-0.02	0	23.20035778	7.656118067	15.54423971	0.13543	0.18543	0.148344
12/4/2020 22:00	12/4/2020	22	oos	train	0	0	-0.01	0	24.10139556	7.953460535	16.14793503	0.13372	0.18372	0.146976
12/4/2020 23:00	12/4/2020	23	oos	train	0	0	-0.03	0	22.27839111	7.351869066	14.92652204	0.13945	0.18945	0.15156
12/5/2020 0:00	12/5/2020	0	oos	train	0	0	-0.06	0	22.00063333	7.260208999	14.74042433	0.14031	0.19031	0.152248
12/5/2020 1:00	12/5/2020	1	oos	train	0	0	-0.16	0	19.99160444	6.597229465	13.39437497	0.1418	0.1918	0.15344
12/5/2020 2:00	12/5/2020	2	oos	train	0	0	-0.18	0	16.15951778	5.332640867	10.82687691	0.14436	0.19436	0.155488
12/5/2020 3:00	12/5/2020	3	oos	train	0	0	-0.22	0	16.92617778	5.585638667	11.34053911	0.14862	0.19862	0.158896
12/5/2020 4:00	12/5/2020	4	oos	train	0	0	-0.24	0	15.43212444	5.092601065	10.33952337	0.15608	0.20608	0.164864
12/5/2020 5:00	12/5/2020	5	oos	train	0	0	-0.19	0	17.66084889	5.828080134	11.83276876	0.14926	0.19926	0.159408
12/5/2020 6:00	12/5/2020	6	oos	train	0	0	-0.23	0	17.72292111	5.848563966	11.87435714	0.1434	0.1934	0.15472
12/5/2020 7:00	12/5/2020	7	oos	train	0	0	0.29	0.29	26.69105333	8.808047599	17.88300573	0.1467	0.1967	0.15736
12/5/2020 8:00	12/5/2020	8	oos	train	0	0	7.14	7.14	24.71453111	8.155795266	16.55873584	0.1564	0.2064	0.16512
12/5/2020 9:00	12/5/2020	9	oos	train	0.5464167	0.5464167	4.28	4.28	21.19777333	6.995265199	14.20250813	0.16707	0.21707	0.173656
12/5/2020 10:00	12/5/2020	10	oos	train	2.7480833	2.7480833	7.27	7.27	20.56294222	6.785770933	13.77717129	0.17037	0.22037	0.176296
12/5/2020 11:00	12/5/2020	11	oos	train	7.7640833	7.7640833	-0.21	0	20.81533556	6.869060735	13.94627483	0.16856	0.21856	0.174848
12/5/2020 12:00	12/5/2020	12	oos	train	12.0234165	12.0234165	-0.28	0	19.14944889	6.319318134	12.83013076	0.16547	0.21547	0.172376
12/5/2020 13:00	12/5/2020	13	oos	train	0.6544167	0.6544167	-0.34	0	26.04376	8.5944408	17.4493192	0.16472	0.21472	0.171776
12/5/2020 14:00	12/5/2020	14	oos	train	0	0	4.46	4.46	23.95232	7.9042656	16.0480544	0.17485	0.22485	0.17988
12/5/2020 15:00	12/5/2020	15	oos	train	0	0	2.56	2.56	25.57202667	8.438768801	17.13325787	0.1837	0.2337	0.18696
12/5/2020 16:00	12/5/2020	16	oos	train	0	0	1.36	1.36	20.68267111	6.825281466	13.85738964	0.1821	0.2321	0.18568
12/5/2020 17:00	12/5/2020	17	oos	train	0	0	3.1	3.1	24.85708222	8.202837133	16.65424509	0.16003	0.21003	0.168024
12/5/2020 18:00	12/5/2020	18	oos	train	0	0	2.84	2.84	23.91611556	7.892318135	16.02379743	0.15022	0.20022	0.160176
12/5/2020 19:00	12/5/2020	19	oos	train	0	0	3.44	3.44	26.945	8.89185	18.05315	0.14414	0.19414	0.155312
12/5/2020 20:00	12/5/2020	20	oos	train	0	0	12.43	12.43	17.17621222	5.668150033	11.50806219	0.1595	0.2095	0.1676
12/5/2020 21:00	12/5/2020	21	oos	train	0	0	9.73	9.73	22.00866222	7.262858533	14.74580369	0.14979	0.19979	0.159832
12/5/2020 22:00	12/5/2020	22	oos	train	0	0	-0.34	0	16.94171778	5.590766867	11.35095091	0.14148	0.19148	0.153184
12/5/2020 23:00	12/5/2020	23	oos	train	0	0	-0.36	0	18.05297333	5.957481199	12.09549213	0.15242	0.20242	0.161936
12/6/2020 0:00	12/6/2020	0	oos	train	0	0	-0.38	0	21.17614667	6.988128401	14.18801827	0.14599	0.19599	0.156792
12/6/2020 1:00	12/6/2020	1	oos	train	0	0	-0.47	0	22.82306	7.5316098	15.2914502	0.14042	0.19042	0.152336
12/6/2020 2:00	12/6/2020	2	oos	train	0	0	-0.42	0	21.69760889	7.160210934	14.53739796	0.13346	0.18346	0.146768
12/6/2020 3:00	12/6/2020	3	oos	train	0	0	-0.39	0	22.93701778	7.569215867	15.36780191	0.1326	0.1826	0.14608
12/6/2020 4:00	12/6/2020	4	oos	train	0	0	-0.41	0	21.13755556	6.975393335	14.16216223	0.13367	0.18367	0.146936
12/6/2020 5:00	12/6/2020	5	oos	train	0	0	-0.33	0	21.28622889	7.024455534	14.26177336	0.12286	0.17286	0.138288
12/6/2020 6:00	12/6/2020	6	oos	train	0	0	-0.33	0	21.75743778	7.179954467	14.57748331	0.11921	0.16921	0.135368
12/6/2020 7:00	12/6/2020	7	oos	train	0	0	-0.39	0	29.60213333	9.768703999	19.83342933	0.1265	0.1765	0.1412
12/6/2020 8:00	12/6/2020	8	oos	train	0	0	-0.33	0	27.02486667	8.918206001	18.10666067	0.13764	0.18764	0.150112
12/6/2020 9:00	12/6/2020	9	oos	train	2.11425	2.11425	-0.43	0	24.93440222	8.228352733	16.70604949	0.14321	0.19321	0.154568
12/6/2020 10:00	12/6/2020	10	oos	train	5.2748335	5.2748335	2.27	2.27	22.72844667	7.500387401	15.22805927	0.14653	0.19653	0.157224
12/6/2020 11:00	12/6/2020	11	oos	train	2.3814167	2.3814167	8.18	8.18	20.16254444	6.653639665	13.50890477	0.14824	0.19824	0.158592
12/6/2020 12:00	12/6/2020	12	oos	train	5.5022501	5.5022501	-0.4	0	22.07662667	7.285286801	14.79133987	0.1492	0.1992	0.15936
12/6/2020 13:00	12/6/2020	13	oos	train	0.65525	0.65525	0.92	0.92	6.379576667	2.1052603	4.274316367	0.1506	0.2006	0.16048
12/6/2020 14:00	12/6/2020	14	oos	train	0	0	-0.41	0	33.24719333	10.9715738	22.27561953	0.1567	0.2067	0.16536
12/6/2020 15:00	12/6/2020	15	oos	train	0	0	-0.49	0	26.69840889	8.810474934	17.88793396	0.15745	0.20745	0.16596
12/6/2020 16:00	12/6/2020	16	oos	train	0	0	0.96	0.96	25.39894	8.3816502	17.0172898	0.15777	0.20777	0.166216
12/6/2020 17:00	12/6/2020	17	oos	train	0	0	10.75	10.75	23.67157778	7.811620667	15.85995711	0.15692	0.20692	0.165536
12/6/2020 18:00	12/6/2020	18	oos	train	0	0	16.1	16.1	25.64645556	8.463330335	17.18312523	0.15638	0.20638	0.165104
12/6/2020 19:00	12/6/2020	19	oos	train	0	0	6.03	6.03	27.77604	9.1660932	18.6099468	0.15456	0.20456	0.163648
12/6/2020 20:00	12/6/2020	20	oos	train	0	0	15.71	15.71	21.82179111	7.201191066	14.62060004	0.2004	0.2504	0.20032
12/6/2020 21:00	12/6/2020	21	oos	train	0	0	7.37	7.37	26.99856667	8.909527001	18.08903967	0.18637	0.23637	0.189096
12/6/2020 22:00	12/6/2020	22	oos	train	0	0	-0.3	0	28.3432	9.353256	18.989944	0.17138	0.22138	0.177104
12/6/2020 23:00	12/6/2020	23	oos	train	0	0	-0.29	0	23.76197556	7.841451935	15.92052363	0.14524	0.19524	0.156192
12/7/2020 0:00	12/7/2020	0	oos	train	0	0	-0.31	0	19.83058889	6.544094334	13.28649456	0.13175	0.18175	0.1454
12/7/2020 1:00	12/7/2020	1	oos	train	0	0	-0.33	0	21.00871556	6.932876135	14.07583943	0.12543	0.17543	0.140344
12/7/2020 2:00	12/7/2020	2	oos	train	0	0	-0.36	0	23.18778444	7.651968865	15.53581557	0.12178	0.17178	0.137424
12/7/2020 3:00	12/7/2020	3	oos	train	0	0	-0.45	0	21.42015556	7.068651335	14.35150423	0.12757	0.17757	0.142056
12/7/2020 4:00	12/7/2020	4	oos	train	0	0	-0.45	0	21.08399556	6.957718535	14.12627703	0.14706	0.19706	0.157648
12/7/2020 5:00	12/7/2020	5	oos	train	0	0	-0.33	0	19.95712444	6.585851065	13.37127337	0.14974	0.19974	0.159792
12/7/2020 6:00	12/7/2020	6	oos	train	0	0	-0.32	0	22.92838667	7.566367601	15.36201907	0.14931	0.19931	0.159448
12/7/2020 7:00	12/7/2020	7	oos	train	0	0	-0.41	0	29.21723111	9.641686266	19.57554484	0.14995	0.19995	0.15996
12/7/2020 8:00	12/7/2020	8	oos	train	0	0	-0.34	0	31.21820222	10.30200673	20.91619549	0.14813	0.19813	0.158504
12/7/2020 9:00	12/7/2020	9	oos	train	0.0768334	0.0768334	-0.37	0	29.15029333	9.619596799	19.53069653	0.14599	0.19599	0.156792
12/7/2020 10:00	12/7/2020	10	oos	train	0.8080833	0.8080833	-0.34	0	22.20316444	7.327044265	14.87612017	0.14513	0.19513	0.156104
12/7/2020 11:00	12/7/2020	11	oos	train	1.1173333	1.1173333	-0.33	0	22.77254444	7.514939665	15.25760477	0.14417	0.19417	0.155336
12/7/2020 12:00	12/7/2020	12	oos	train	1.0666667	1.0666667	-0.33	0	22.31090222	7.362597733	14.94830449	0.14181	0.19181	0.153448
12/7/2020 13:00	12/7/2020	13	oos	train	0.0063333	0.0063333	-0.31	0	26.86769111	8.866338066	18.00135304	0.13956	0.18956	0.151648
12/7/2020 14:00	12/7/2020	14	oos	train	0	0	-0.3	0	24.62364667	8.125803401	16.49784327	0.13924	0.18924	0.151392
12/7/2020 15:00	12/7/2020	15	oos	train	0	0	12.22	12.22	26.73290222	8.821857733	17.91104449	0.13892	0.18892	0.151136
12/7/2020 16:00	12/7/2020	16	oos	train	0	0	44.6	44.6	25.98855556	8.576223335	17.41233223	0.13817	0.18817	0.150536
12/7/2020 17:00	12/7/2020	17	oos	train	0	0	22.78	22.78	20.91680444	6.902545465	14.01425897	0.13571	0.18571	0.148568
12/7/2020 18:00	12/7/2020	18	oos	train	0	0	20.38	20.38	25.32394444	8.356901665	16.96704277	0.1325	0.1825	0.146
12/7/2020 19:00	12/7/2020	19	oos	train	0	0	30.36	30.36	29.69607556	9.799704935	19.89637063	0.13067	0.18067	0.144536
12/7/2020 20:00	12/7/2020	20	oos	train	0	0	0.03	0.03	25.76298222	8.501784133	17.26119809	0.13721	0.18721	0.149768
12/7/2020 21:00	12/7/2020	21	oos	train	0	0	8.87	8.87	23.08811111	7.619076666	15.46903444	0.13207	0.18207	0.145656
12/7/2020 22:00	12/7/2020	22	oos	train	0	0	28.81	28.81	21.98487556	7.255008935	14.72986663	0.12114	0.17114	0.136912
12/7/2020 23:00	12/7/2020	23	oos	train	0	0	32.19	32.19	18.35816	6.0581928	12.2999672	0.12766	0.17766	0.142128
12/8/2020 0:00	12/8/2020	0	oos	train	0	0	-0.24	0	15.18916667	5.012425001	10.17674167	0.12393	0.17393	0.139144
12/8/2020 1:00	12/8/2020	1	oos	train	0	0	-0.27	0	19.83094444	6.544211665	13.28673277	0.12371	0.17371	0.138968
12/8/2020 2:00	12/8/2020	2	oos	train	0	0	-0.26	0	21.97848444	7.252899865	14.72558457	0.12371	0.17371	0.138968
12/8/2020 3:00	12/8/2020	3	oos	train	0	0	-0.27	0	19.88584222	6.562327933	13.32351429	0.12425	0.17425	0.1394
12/8/2020 4:00	12/8/2020	4	oos	train	0	0	-0.25	0	17.65578444	5.826408865	11.82937557	0.12809	0.17809	0.142472
12/8/2020 5:00	12/8/2020	5	oos	train	0	0	-0.27	0	17.50907111	5.777993466	11.73107764	0.12948	0.17948	0.143584
12/8/2020 6:00	12/8/2020	6	oos	train	0	0	-0.27	0	21.52624889	7.103662134	14.42258676	0.13258	0.18258	0.146064
12/8/2020 7:00	12/8/2020	7	oos	train	0	0	-0.25	0	26.03785333	8.592491599	17.44536173	0.13824	0.18824	0.150592
12/8/2020 8:00	12/8/2020	8	oos	train	0	0	-0.24	0	28.42116444	9.378984265	19.04218017	0.13813	0.18813	0.150504
12/8/2020 9:00	12/8/2020	9	oos	train	0.0570001	0.0570001	8.36	8.36	24.36513111	8.040493266	16.32463784	0.13867	0.18867	0.150936
12/8/2020 10:00	12/8/2020	10	oos	train	0.3365833	0.3365833	37.11	37.11	21.00651333	6.932149399	14.07436393	0.14016	0.19016	0.152128
12/8/2020 11:00	12/8/2020	11	oos	train	0.9975833	0.9975833	18.47	18.47	17.78084222	5.867677933	11.91316429	0.1423	0.1923	0.15384
12/8/2020 12:00	12/8/2020	12	oos	train	0.99625	0.99625	32.56	32.56	18.97654889	6.262261134	12.71428776	0.14433	0.19433	0.155464
12/8/2020 13:00	12/8/2020	13	oos	train	0.1015833	0.1015833	32.26	32.26	24.6162	8.123346	16.492854	0.14508	0.19508	0.156064
12/8/2020 14:00	12/8/2020	14	oos	train	0	0	32.01	32.01	32.09470222	10.59125173	21.50345049	0.14657	0.19657	0.157256
12/8/2020 15:00	12/8/2020	15	oos	train	0	0	24.2	24.2	27.4113	9.045729	18.365571	0.14732	0.19732	0.157856
12/8/2020 16:00	12/8/2020	16	oos	train	0	0	16.9	16.9	24.96848444	8.239599865	16.72888457	0.147	0.197	0.1576
12/8/2020 17:00	12/8/2020	17	oos	train	0	0	23.98	23.98	23.51713333	7.760653999	15.75647933	0.14561	0.19561	0.156488
12/8/2020 18:00	12/8/2020	18	oos	train	0	0	45.29	45.29	23.53249778	7.765724267	15.76677351	0.14283	0.19283	0.154264
12/8/2020 19:00	12/8/2020	19	oos	train	0	0	43.45	43.45	27.81641333	9.179416399	18.63699693	0.13835	0.18835	0.15068
12/8/2020 20:00	12/8/2020	20	oos	train	0	0	39.08	39.08	28.29822667	9.338414801	18.95981187	0.14657	0.19657	0.157256
12/8/2020 21:00	12/8/2020	21	oos	train	0	0	16.02	16.02	27.74747111	9.156665466	18.59080564	0.14187	0.19187	0.153496
12/8/2020 22:00	12/8/2020	22	oos	train	0	0	5.61	5.61	22.42682444	7.400852065	15.02597237	0.13418	0.18418	0.147344
12/8/2020 23:00	12/8/2020	23	oos	train	0	0	1.46	1.46	20.75802222	6.850147333	13.90787489	0.13728	0.18728	0.149824
12/9/2020 0:00	12/9/2020	0	oos	train	0	0	22.63	22.63	15.08503556	4.978061735	10.10697383	0.13537	0.18537	0.148296
12/9/2020 1:00	12/9/2020	1	oos	train	0	0	36.18	36.18	18.33908333	6.051897499	12.28718583	0.13442	0.18442	0.147536
12/9/2020 2:00	12/9/2020	2	oos	train	0	0	3.59	3.59	18.96338667	6.257917601	12.70546907	0.13431	0.18431	0.147448
12/9/2020 3:00	12/9/2020	3	oos	train	0	0	-0.26	0	22.60755778	7.460494067	15.14706371	0.13442	0.18442	0.147536
12/9/2020 4:00	12/9/2020	4	oos	train	0	0	-0.25	0	17.61925889	5.814355434	11.80490346	0.13675	0.18675	0.1494
12/9/2020 5:00	12/9/2020	5	oos	train	0	0	-0.24	0	22.55751778	7.443980867	15.11353691	0.13633	0.18633	0.149064
12/9/2020 6:00	12/9/2020	6	oos	train	0	0	10.38	10.38	20.21102	6.6696366	13.5413834	0.13973	0.18973	0.151784
12/9/2020 7:00	12/9/2020	7	oos	train	0	0	38.59	38.59	27.61817333	9.113997199	18.50417613	0.14843	0.19843	0.158744
12/9/2020 8:00	12/9/2020	8	oos	train	0	0	22.06	22.06	27.35782667	9.028082801	18.32974387	0.15268	0.20268	0.162144
12/9/2020 9:00	12/9/2020	9	oos	train	0.0223334	0.0223334	26.83	26.83	30.39652	10.0308516	20.3656684	0.15427	0.20427	0.163416
12/9/2020 10:00	12/9/2020	10	oos	train	0.67625	0.67625	18.58	18.58	22.38179333	7.385991799	14.99580153	0.15502	0.20502	0.164016
12/9/2020 11:00	12/9/2020	11	oos	train	0.9010001	0.9010001	12.28	12.28	19.14618	6.3182394	12.8279406	0.15629	0.20629	0.165032
12/9/2020 12:00	12/9/2020	12	oos	train	1.8521666	1.8521666	38.52	38.52	21.68915556	7.157421335	14.53173423	0.15767	0.20767	0.166136
12/9/2020 13:00	12/9/2020	13	oos	train	0.1243333	0.1243333	39.48	39.48	27.25592667	8.994455801	18.26147087	0.16383	0.21383	0.171064
12/9/2020 14:00	12/9/2020	14	oos	train	0	0	10.58	10.58	30.86139778	10.18426127	20.67713651	0.15693	0.20693	0.165544
12/9/2020 15:00	12/9/2020	15	oos	train	0	0	10.37	10.37	23.50326667	7.756078001	15.74718867	0.15767	0.20767	0.166136
12/9/2020 16:00	12/9/2020	16	oos	train	0	0	11.25	11.25	24.01431111	7.924722666	16.08958844	0.15756	0.20756	0.166048
12/9/2020 17:00	12/9/2020	17	oos	train	0	0	37.4	37.4	25.96112	8.5671696	17.3939504	0.15671	0.20671	0.165368
12/9/2020 18:00	12/9/2020	18	oos	train	0	0	-0.28	0	28.52021556	9.411671135	19.10854443	0.15597	0.20597	0.164776
12/9/2020 19:00	12/9/2020	19	oos	train	0	0	-0.24	0	32.58525111	10.75313287	21.83211824	0.15512	0.20512	0.164096
12/9/2020 20:00	12/9/2020	20	oos	train	0	0	-0.28	0	30.3531	10.016523	20.336577	0.17275	0.22275	0.1782
12/9/2020 21:00	12/9/2020	21	oos	train	0	0	-0.26	0	25.82417556	8.521977935	17.30219763	0.16946	0.21946	0.175568
12/9/2020 22:00	12/9/2020	22	oos	train	0	0	-0.27	0	19.92481556	6.575189135	13.34962643	0.15703	0.20703	0.165624
12/9/2020 23:00	12/9/2020	23	oos	train	0	0	-0.33	0	17.50817333	5.777697199	11.73047613	0.15871	0.20871	0.166968
12/10/2020 0:00	12/10/2020	0	oos	train	0	0	-0.32	0	15.51688111	5.120570766	10.39631034	0.15617	0.20617	0.164936
12/10/2020 1:00	12/10/2020	1	oos	train	0	0	1.36	1.36	22.14942667	7.309310801	14.84011587	0.15437	0.20437	0.163496
12/10/2020 2:00	12/10/2020	2	oos	train	0	0	35.26	35.26	21.24313333	7.010233999	14.23289933	0.15395	0.20395	0.16316
12/10/2020 3:00	12/10/2020	3	oos	train	0	0	28.26	28.26	19.61011556	6.471338135	13.13877743	0.15257	0.20257	0.162056
12/10/2020 4:00	12/10/2020	4	oos	train	0	0	15.89	15.89	18.67947111	6.164225466	12.51524564	0.15363	0.20363	0.162904
12/10/2020 5:00	12/10/2020	5	oos	train	0	0	2.44	2.44	20.61021333	6.801370399	13.80884293	0.15131	0.20131	0.161048
12/10/2020 6:00	12/10/2020	6	oos	train	0	0	13.61	13.61	22.68413556	7.485764735	15.19837083	0.15427	0.20427	0.163416
12/10/2020 7:00	12/10/2020	7	oos	train	0	0	22.63	22.63	30.22651333	9.974749399	20.25176393	0.15617	0.20617	0.164936
12/10/2020 8:00	12/10/2020	8	oos	train	0	0	20.62	20.62	24.28540444	8.014183465	16.27122097	0.15353	0.20353	0.162824
12/10/2020 9:00	12/10/2020	9	oos	train	0.7449167	0.7449167	22.04	22.04	26.83601778	8.855885867	17.98013191	0.15257	0.20257	0.162056
12/10/2020 10:00	12/10/2020	10	oos	train	1.8455833	1.8455833	11.34	11.34	25.74937778	8.497294667	17.25208311	0.15342	0.20342	0.162736
12/10/2020 11:00	12/10/2020	11	oos	train	5.0689166	5.0689166	-0.25	0	21.89372222	7.224928333	14.66879389	0.153	0.203	0.1624
12/10/2020 12:00	12/10/2020	12	oos	train	2.3350833	2.3350833	-0.26	0	22.57371333	7.449325399	15.12438793	0.15427	0.20427	0.163416
12/10/2020 13:00	12/10/2020	13	oos	train	0.0481667	0.0481667	-0.25	0	27.86482222	9.195391333	18.66943089	0.15247	0.20247	0.161976
12/10/2020 14:00	12/10/2020	14	oos	train	0	0	-0.25	0	29.30823333	9.671716999	19.63651633	0.15183	0.20183	0.161464
12/10/2020 15:00	12/10/2020	15	oos	train	0	0	-0.25	0	28.19172222	9.303268333	18.88845389	0.15025	0.20025	0.1602
12/10/2020 16:00	12/10/2020	16	oos	train	0	0	-0.26	0	25.2614	8.336262	16.925138	0.14887	0.19887	0.159096
12/10/2020 17:00	12/10/2020	17	oos	train	0	0	-0.25	0	23.71431333	7.825723399	15.88858993	0.1476	0.1976	0.15808
12/10/2020 18:00	12/10/2020	18	oos	train	0	0	-0.24	0	22.66033111	7.477909266	15.18242184	0.14676	0.19676	0.157408
12/10/2020 19:00	12/10/2020	19	oos	train	0	0	-0.25	0	32.71041556	10.79443713	21.91597843	0.1438	0.1938	0.15504
12/10/2020 20:00	12/10/2020	20	oos	train	0	0	-0.28	0	26.06107556	8.600154935	17.46092063	0.14887	0.19887	0.159096
12/10/2020 21:00	12/10/2020	21	oos	train	0	0	-0.26	0	26.62979333	8.787831799	17.84196153	0.14486	0.19486	0.155888
12/10/2020 22:00	12/10/2020	22	oos	train	0	0	-0.26	0	25.17095333	8.306414599	16.86453873	0.13809	0.18809	0.150472
12/10/2020 23:00	12/10/2020	23	oos	train	0	0	34.15	34.15	23.72590444	7.829548465	15.89635597	0.14462	0.19462	0.155696
12/11/2020 0:00	12/11/2020	0	oos	train	0	0	8.19	8.19	17.40200444	5.742661465	11.65934297	0.1412	0.1912	0.15296
12/11/2020 1:00	12/11/2020	1	oos	train	0	0	17.02	17.02	21.05694222	6.948790933	14.10815129	0.13886	0.18886	0.151088
12/11/2020 2:00	12/11/2020	2	oos	train	0	0	-0.27	0	20.20834667	6.668754401	13.53959227	0.13747	0.18747	0.149976
12/11/2020 3:00	12/11/2020	3	oos	train	0	0	-0.26	0	20.90136889	6.897451734	14.00391716	0.13758	0.18758	0.150064
12/11/2020 4:00	12/11/2020	4	oos	train	0	0	-0.27	0	23.18760222	7.651908733	15.53569349	0.14024	0.19024	0.152192
12/11/2020 5:00	12/11/2020	5	oos	train	0	0	-0.26	0	24.51422222	8.089693333	16.42452889	0.14184	0.19184	0.153472
12/11/2020 6:00	12/11/2020	6	oos	train	0	0	-0.31	0	21.19458444	6.994212865	14.20037157	0.14472	0.19472	0.155776
12/11/2020 7:00	12/11/2020	7	oos	train	0	0	-0.33	0	28.74123778	9.484608467	19.25662931	0.14952	0.19952	0.159616
12/11/2020 8:00	12/11/2020	8	oos	train	0	0	-0.33	0	27.82681333	9.182848399	18.64396493	0.14931	0.19931	0.159448
12/11/2020 9:00	12/11/2020	9	oos	train	1.4051666	1.4051666	33.84	33.84	28.45255556	9.389343335	19.06321223	0.1492	0.1992	0.15936
12/11/2020 10:00	12/11/2020	10	oos	train	6.703	6.703	37.91	37.91	24.42753778	8.061087467	16.36645031	0.1492	0.1992	0.15936
12/11/2020 11:00	12/11/2020	11	oos	train	8.6178333	8.6178333	-0.26	0	21.61561556	7.133153135	14.48246243	0.14942	0.19942	0.159536
12/11/2020 12:00	12/11/2020	12	oos	train	11.0835835	11.0835835	-0.28	0	23.8624	7.874592	15.987808	0.14974	0.19974	0.159792
12/11/2020 13:00	12/11/2020	13	oos	train	0.2240833	0.2240833	21.23	21.23	26.35233333	8.696269999	17.65606333	0.15048	0.20048	0.160384
12/11/2020 14:00	12/11/2020	14	oos	train	0	0	44.45	44.45	28.81151556	9.507800135	19.30371543	0.14974	0.19974	0.159792
12/11/2020 15:00	12/11/2020	15	oos	train	0	0	18.96	18.96	30.02024444	9.906680665	20.11356377	0.14963	0.19963	0.159704
12/11/2020 16:00	12/11/2020	16	oos	train	0	0	16.7	16.7	26.76614	8.8328262	17.9333138	0.14942	0.19942	0.159536
12/11/2020 17:00	12/11/2020	17	oos	train	0	0	37.69	37.69	25.48248222	8.409219133	17.07326309	0.14824	0.19824	0.158592
12/11/2020 18:00	12/11/2020	18	oos	train	0	0	-0.38	0	21.09424	6.9610992	14.1331408	0.14686	0.19686	0.157488
12/11/2020 19:00	12/11/2020	19	oos	train	0	0	6.45	6.45	26.48751111	8.740878666	17.74663244	0.14462	0.19462	0.155696
12/11/2020 20:00	12/11/2020	20	oos	train	0	0	8.68	8.68	27.74020889	9.154268934	18.58593996	0.14952	0.19952	0.159616
12/11/2020 21:00	12/11/2020	21	oos	train	0	0	27.2	27.2	27.96409778	9.228152267	18.73594551	0.1475	0.1975	0.158
12/11/2020 22:00	12/11/2020	22	oos	train	0	0	12.27	12.27	23.67115111	7.811479866	15.85967124	0.14462	0.19462	0.155696
12/11/2020 23:00	12/11/2020	23	oos	train	0	0	19.35	19.35	17.81175222	5.877878233	11.93387399	0.14496	0.19496	0.155968
12/12/2020 0:00	12/12/2020	0	oos	train	0	0	11.83	11.83	20.30678222	6.701238133	13.60554409	0.144	0.194	0.1552
12/12/2020 1:00	12/12/2020	1	oos	train	0	0	8.06	8.06	21.93084667	7.237179401	14.69366727	0.14346	0.19346	0.154768
12/12/2020 2:00	12/12/2020	2	oos	train	0	0	14.74	14.74	19.72690222	6.509877733	13.21702449	0.14346	0.19346	0.154768
12/12/2020 3:00	12/12/2020	3	oos	train	0	0	28.63	28.63	21.77647333	7.186236199	14.59023713	0.14367	0.19367	0.154936
12/12/2020 4:00	12/12/2020	4	oos	train	0	0	1.45	1.45	21.50852222	7.097812333	14.41070989	0.14443	0.19443	0.155544
12/12/2020 5:00	12/12/2020	5	oos	train	0	0	-0.27	0	19.90004889	6.567016134	13.33303276	0.14282	0.19282	0.154256
12/12/2020 6:00	12/12/2020	6	oos	train	0	0	-0.33	0	23.20944889	7.659118134	15.55033076	0.14271	0.19271	0.154168
12/12/2020 7:00	12/12/2020	7	oos	train	0	0	-0.3	0	27.38364667	9.036603401	18.34704327	0.14475	0.19475	0.1558
12/12/2020 8:00	12/12/2020	8	oos	train	0	0	-0.34	0	28.48756	9.4008948	19.0866652	0.14646	0.19646	0.157168
12/12/2020 9:00	12/12/2020	9	oos	train	0.5135834	0.5135834	-0.31	0	28.54115111	9.418579866	19.12257124	0.14968	0.19968	0.159744
12/12/2020 10:00	12/12/2020	10	oos	train	2.0115455	2.0115455	-0.34	0	21.82952	7.2037416	14.6257784	0.15119	0.20119	0.160952
12/12/2020 11:00	12/12/2020	11	oos	train	2.088	2.088	3.2	3.2	26.14205778	8.626879067	17.51517871	0.1514	0.2014	0.16112
12/12/2020 12:00	12/12/2020	12	oos	train	8.803	8.803	41.45	41.45	27.45620667	9.060548201	18.39565847	0.15237	0.20237	0.161896
12/12/2020 13:00	12/12/2020	13	oos	train	0.3185	0.3185	27.63	27.63	27.31590222	9.014247733	18.30165449	0.15355	0.20355	0.16284
12/12/2020 14:00	12/12/2020	14	oos	train	0	0	23.18	23.18	27.01244222	8.914105933	18.09833629	0.15537	0.20537	0.164296
12/12/2020 15:00	12/12/2020	15	oos	train	0	0	19.16	19.16	28.8114	9.507762	19.303638	0.15752	0.20752	0.166016
12/12/2020 16:00	12/12/2020	16	oos	train	0	0	3.6	3.6	25.28401778	8.343725867	16.94029191	0.16074	0.21074	0.168592
12/12/2020 17:00	12/12/2020	17	oos	train	0	0	-0.01	0	29.76804444	9.823454665	19.94458977	0.1617	0.2117	0.16936
12/12/2020 18:00	12/12/2020	18	oos	train	0	0	-0.31	0	31.76800667	10.4834422	21.28456447	0.16202	0.21202	0.169616
12/12/2020 19:00	12/12/2020	19	oos	train	0	0	2.86	2.86	33.69352444	11.11886307	22.57466137	0.15644	0.20644	0.165152
12/12/2020 20:00	12/12/2020	20	oos	train	0	0	3.56	3.56	25.36022444	8.368874065	16.99135037	0.17018	0.22018	0.176144
12/12/2020 21:00	12/12/2020	21	oos	train	0	0	-0.36	0	24.66795556	8.140425335	16.52753023	0.16889	0.21889	0.175112
12/12/2020 22:00	12/12/2020	22	oos	train	0	0	-0.42	0	19.97128222	6.590523133	13.38075909	0.16674	0.21674	0.173392
12/12/2020 23:00	12/12/2020	23	oos	train	0	0	-0.44	0	20.89847111	6.896495466	14.00197564	0.18134	0.23134	0.185072
12/13/2020 0:00	12/13/2020	0	oos	train	0	0	-0.43	0	19.49957333	6.434859199	13.06471413	0.17891	0.22891	0.183128
12/13/2020 1:00	12/13/2020	1	oos	train	0	0	0.2	0.2	24.84172667	8.197769801	16.64395687	0.17827	0.22827	0.182616
12/13/2020 2:00	12/13/2020	2	oos	train	0	0	1.31	1.31	24.94923778	8.233248467	16.71598931	0.17806	0.22806	0.182448
12/13/2020 3:00	12/13/2020	3	oos	train	0	0	0.04	0.04	25.42177333	8.389185199	17.03258813	0.17796	0.22796	0.182368
12/13/2020 4:00	12/13/2020	4	oos	train	0	0	-0.39	0	22.21763111	7.331818266	14.88581284	0.17827	0.22827	0.182616
12/13/2020 5:00	12/13/2020	5	oos	train	0	0	-0.43	0	20.8696	6.886968	13.982632	0.16599	0.21599	0.172792
12/13/2020 6:00	12/13/2020	6	oos	train	0	0	-0.43	0	24.06470222	7.941351733	16.12335049	0.16165	0.21165	0.16932
12/13/2020 7:00	12/13/2020	7	oos	train	0	0	-0.43	0	29.69146444	9.798183265	19.89328117	0.16144	0.21144	0.169152
12/13/2020 8:00	12/13/2020	8	oos	train	0	0	-0.45	0	24.80963778	8.187180467	16.62245731	0.16451	0.21451	0.171608
12/13/2020 9:00	12/13/2020	9	oos	train	2.5669166	2.5669166	-0.44	0	29.17006	9.6261198	19.5439402	0.16853	0.21853	0.174824
12/13/2020 10:00	12/13/2020	10	oos	train	10.8319165	10.8319165	-0.44	0	26.32622667	8.687654801	17.63857187	0.1697	0.2197	0.17576
12/13/2020 11:00	12/13/2020	11	oos	train	15.2080835	15.2080835	-0.45	0	25.93060889	8.557100934	17.37350796	0.1698	0.2198	0.17584
12/13/2020 12:00	12/13/2020	12	oos	train	1.7741667	1.7741667	-0.44	0	24.65422444	8.135894065	16.51833037	0.16991	0.21991	0.175928
12/13/2020 13:00	12/13/2020	13	oos	train	0.0956666	0.0956666	-0.46	0	25.40924889	8.385052134	17.02419676	0.17118	0.22118	0.176944
12/13/2020 14:00	12/13/2020	14	oos	train	0	0	-0.5	0	29.39428444	9.700113865	19.69417057	0.17404	0.22404	0.179232
12/13/2020 15:00	12/13/2020	15	oos	train	0	0	3.57	3.57	30.09433333	9.931129999	20.16320333	0.17774	0.22774	0.182192
12/13/2020 16:00	12/13/2020	16	oos	train	0	0	-0.45	0	30.5512	10.081896	20.469304	0.17436	0.22436	0.179488
12/13/2020 17:00	12/13/2020	17	oos	train	0	0	-0.48	0	26.24959556	8.662366535	17.58722903	0.17256	0.22256	0.178048
12/13/2020 18:00	12/13/2020	18	oos	train	0	0	-0.44	0	23.61453556	7.792796735	15.82173883	0.1698	0.2198	0.17584
12/13/2020 19:00	12/13/2020	19	oos	train	0	0	-0.45	0	27.68892889	9.137346534	18.55158236	0.16515	0.21515	0.17212
12/13/2020 20:00	12/13/2020	20	oos	train	0	0	-0.42	0	29.03002667	9.579908801	19.45011787	0.19309	0.24309	0.194472
12/13/2020 21:00	12/13/2020	21	oos	train	0	0	-0.43	0	32.34011111	10.67223667	21.66787444	0.17245	0.22245	0.17796
12/13/2020 22:00	12/13/2020	22	oos	train	0	0	-0.42	0	24.34089111	8.032494066	16.30839704	0.16335	0.21335	0.17068
12/13/2020 23:00	12/13/2020	23	oos	train	0	0	-0.43	0	23.21776	7.6618608	15.5558992	0.16165	0.21165	0.16932
12/14/2020 0:00	12/14/2020	0	oos	train	0	0	-0.5	0	19.26252444	6.356633065	12.90589137	0.15795	0.20795	0.16636
12/14/2020 1:00	12/14/2020	1	oos	train	0	0	-0.49	0	25.02163556	8.257139735	16.76449583	0.15213	0.20213	0.161704
12/14/2020 2:00	12/14/2020	2	oos	train	0	0	15.37	15.37	21.16457111	6.984308466	14.18026264	0.14937	0.19937	0.159496
12/14/2020 3:00	12/14/2020	3	oos	train	0	0	24.26	24.26	23.04497111	7.604840466	15.44013064	0.14842	0.19842	0.158736
12/14/2020 4:00	12/14/2020	4	oos	train	0	0	31.61	31.61	21.66448444	7.149279865	14.51520457	0.15033	0.20033	0.160264
12/14/2020 5:00	12/14/2020	5	oos	train	0	0	43.61	43.61	20.94217333	6.910917199	14.03125613	0.14874	0.19874	0.158992
12/14/2020 6:00	12/14/2020	6	oos	train	0	0	39.82	39.82	21.33272889	7.039800534	14.29292836	0.1552	0.2052	0.16416
12/14/2020 7:00	12/14/2020	7	oos	train	0	0	-0.24	0	24.99179333	8.247291799	16.74450153	0.15954	0.20954	0.167632
12/14/2020 8:00	12/14/2020	8	oos	train	0	0	-0.28	0	28.27366	9.3303078	18.9433522	0.15837	0.20837	0.166696
12/14/2020 9:00	12/14/2020	9	oos	train	0.3076667	0.3076667	-0.3	0	27.81232889	9.178068534	18.63426036	0.15668	0.20668	0.165344
12/14/2020 10:00	12/14/2020	10	oos	train	0.5895833	0.5895833	-0.3	0	22.29196	7.3563468	14.9356132	0.15594	0.20594	0.164752
12/14/2020 11:00	12/14/2020	11	oos	train	0.9456667	0.9456667	-0.28	0	19.78455778	6.528904067	13.25565371	0.1553	0.2053	0.16424
12/14/2020 12:00	12/14/2020	12	oos	train	0.0656364	0.0656364	-0.16	0	20.64380444	6.812455465	13.83134897	0.15551	0.20551	0.164408
12/14/2020 13:00	12/14/2020	13	oos	train	0	0	67.94	67.94	26.52021333	8.751670399	17.76854293	0.15509	0.20509	0.164072
12/14/2020 14:00	12/14/2020	14	oos	train	0	0	54.51	54.51	32.89425556	10.85510433	22.03915123	0.15551	0.20551	0.164408
12/14/2020 15:00	12/14/2020	15	oos	train	0	0	12.36	12.36	30.20388222	9.967281133	20.23660109	0.1552	0.2052	0.16416
12/14/2020 16:00	12/14/2020	16	oos	train	0	0	-0.28	0	22.04528889	7.274945334	14.77034356	0.15361	0.20361	0.162888
12/14/2020 17:00	12/14/2020	17	oos	train	0	0	-0.25	0	22.43387556	7.403178935	15.03069663	0.15223	0.20223	0.161784
12/14/2020 18:00	12/14/2020	18	oos	train	0	0	-0.25	0	29.39167333	9.699252199	19.69242113	0.15117	0.20117	0.160936
12/14/2020 19:00	12/14/2020	19	oos	train	0	0	-0.27	0	29.81455333	9.838802599	19.97575073	0.1499	0.1999	0.15992
12/14/2020 20:00	12/14/2020	20	oos	train	0	0	-0.24	0	28.11497556	9.277941935	18.83703363	0.15583	0.20583	0.164664
12/14/2020 21:00	12/14/2020	21	oos	train	0	0	-0.25	0	31.53705778	10.40722907	21.12982871	0.1552	0.2052	0.16416
12/14/2020 22:00	12/14/2020	22	oos	train	0	0	-0.25	0	26.47026889	8.735188734	17.73508016	0.1516	0.2016	0.16128
12/14/2020 23:00	12/14/2020	23	oos	train	0	0	-0.26	0	19.63540222	6.479682733	13.15571949	0.14716	0.19716	0.157728
12/15/2020 0:00	12/15/2020	0	oos	train	0	0	-0.26	0	16.39865556	5.411556335	10.98709923	0.14631	0.19631	0.157048
12/15/2020 1:00	12/15/2020	1	oos	train	0	0	-0.26	0	21.1652	6.984516	14.180684	0.14673	0.19673	0.157384
12/15/2020 2:00	12/15/2020	2	oos	train	0	0	-0.26	0	24.69650444	8.149846465	16.54665797	0.14758	0.19758	0.158064
12/15/2020 3:00	12/15/2020	3	oos	train	0	0	8.74	8.74	21.50061333	7.095202399	14.40541093	0.14875	0.19875	0.159
12/15/2020 4:00	12/15/2020	4	oos	train	0	0	38.92	38.92	23.71409111	7.825650066	15.88844104	0.15924	0.20924	0.167392
12/15/2020 5:00	12/15/2020	5	oos	train	0	0	12.19	12.19	19.02392889	6.277896534	12.74603236	0.16073	0.21073	0.168584
12/15/2020 6:00	12/15/2020	6	oos	train	0	0	2.51	2.51	21.42285111	7.069540866	14.35331024	0.1656	0.2156	0.17248
12/15/2020 7:00	12/15/2020	7	oos	train	0	0	-0.24	0	26.47472444	8.736659065	17.73806537	0.17939	0.22939	0.183512
12/15/2020 8:00	12/15/2020	8	oos	train	0	0	-0.26	0	24.02992	7.9298736	16.1000464	0.20207	0.25207	0.201656
12/15/2020 9:00	12/15/2020	9	oos	train	0.9235833	0.9235833	-0.28	0	30.25316	9.9835428	20.2696172	0.20886	0.25886	0.207088
12/15/2020 10:00	12/15/2020	10	oos	train	2.41775	2.41775	-0.28	0	28.35752222	9.357982333	18.99953989	0.20822	0.25822	0.206576
12/15/2020 11:00	12/15/2020	11	oos	train	1.845	1.845	-0.3	0	21.79710222	7.193043733	14.60405849	0.2008	0.2508	0.20064
12/15/2020 12:00	12/15/2020	12	oos	train	0.0779167	0.0779167	0.13	0.13	20.87990667	6.890369201	13.98953747	0.2007	0.2507	0.20056
12/15/2020 13:00	12/15/2020	13	oos	train	0	0	0.19	0.19	24.03661778	7.932083867	16.10453391	0.20123	0.25123	0.200984
12/15/2020 14:00	12/15/2020	14	oos	train	0	0	-0.27	0	27.93375333	9.218138599	18.71561473	0.21183	0.26183	0.209464
12/15/2020 15:00	12/15/2020	15	oos	train	0	0	-0.24	0	29.93172222	9.877468333	20.05425389	0.21978	0.26978	0.215824
12/15/2020 16:00	12/15/2020	16	oos	train	0	0	-0.35	0	27.41577556	9.047205935	18.36856963	0.21077	0.26077	0.208616
12/15/2020 17:00	12/15/2020	17	oos	train	0	0	-0.31	0	21.59582222	7.126621333	14.46920089	0.20642	0.25642	0.205136
12/15/2020 18:00	12/15/2020	18	oos	train	0	0	-0.29	0	21.99389111	7.257984066	14.73590704	0.20123	0.25123	0.200984
12/15/2020 19:00	12/15/2020	19	oos	train	0	0	1.31	1.31	28.61803111	9.443950266	19.17408084	0.19179	0.24179	0.193432
12/15/2020 20:00	12/15/2020	20	oos	train	0	0	-0.28	0	25.94186	8.5608138	17.3810462	0.24978	0.29978	0.239824
12/15/2020 21:00	12/15/2020	21	oos	train	0	0	-0.29	0	32.47210444	10.71579447	21.75630997	0.23865	0.28865	0.23092
12/15/2020 22:00	12/15/2020	22	oos	train	0	0	0.2	0.2	24.91211111	8.220996666	16.69111444	0.21193	0.26193	0.209544
12/15/2020 23:00	12/15/2020	23	oos	train	0	0	-0.22	0	18.83581778	6.215819867	12.61999791	0.21163	0.26163	0.209304
12/16/2020 0:00	12/16/2020	0	oos	train	0	0	11.96	11.96	15.54657333	5.130369199	10.41620413	0.19889	0.24889	0.199112
12/16/2020 1:00	12/16/2020	1	oos	train	0	0	20.65	20.65	20.05430222	6.617919733	13.43638249	0.18327	0.23327	0.186616
12/16/2020 2:00	12/16/2020	2	oos	train	0	0	29.19	29.19	17.88260667	5.901260201	11.98134647	0.17445	0.22445	0.17956
12/16/2020 3:00	12/16/2020	3	oos	train	0	0	24.67	24.67	19.80557556	6.535839935	13.26973563	0.17137	0.22137	0.177096
12/16/2020 4:00	12/16/2020	4	oos	train	0	0	28.55	28.55	15.56036444	5.134920265	10.42544417	0.17201	0.22201	0.177608
12/16/2020 5:00	12/16/2020	5	oos	train	0	0	21.84	21.84	20.16872222	6.655678333	13.51304389	0.16807	0.21807	0.174456
12/16/2020 6:00	12/16/2020	6	oos	train	0	0	18.78	18.78	18.96365778	6.258007067	12.70565071	0.18667	0.23667	0.189336
12/16/2020 7:00	12/16/2020	7	oos	train	0	0	8.85	8.85	27.3216	9.016128	18.305472	0.21089	0.26089	0.208712
12/16/2020 8:00	12/16/2020	8	oos	train	0	0	11.02	11.02	27.18431556	8.970824135	18.21349143	0.25838	0.30838	0.246704
12/16/2020 9:00	12/16/2020	9	oos	train	0.2154167	0.2154167	-582.2	0	22.55610444	7.443514465	15.11258997	0.25796	0.30796	0.246368
12/16/2020 10:00	12/16/2020	10	oos	train	0.0919167	0.0919167	9.28	9.28	16.93531556	5.588654135	11.34666143	0.25785	0.30785	0.24628
12/16/2020 11:00	12/16/2020	11	oos	train	0.0033334	0.0033334	8.01	8.01	17.53879889	5.787803634	11.75099526	0.24085	0.29085	0.23268
12/16/2020 12:00	12/16/2020	12	oos	train	0.1640833	0.1640833	5.83	5.83	19.24967111	6.352391466	12.89727964	0.25774	0.30774	0.246192
12/16/2020 13:00	12/16/2020	13	oos	train	0	0	-0.3	0	24.60336222	8.119109533	16.48425269	0.23734	0.28734	0.229872
12/16/2020 14:00	12/16/2020	14	oos	train	0	0	0.49	0.49	22.85296444	7.541478265	15.31148617	0.26231	0.31231	0.249848
12/16/2020 15:00	12/16/2020	15	oos	train	0	0	-0.06	0	27.01752	8.9157816	18.1017384	0.20101	0.25101	0.200808
12/16/2020 16:00	12/16/2020	16	oos	train	0	0	-0.26	0	24.80156444	8.184516265	16.61704817	0.19973	0.24973	0.199784
12/16/2020 17:00	12/16/2020	17	oos	train	0	0	0.07	0.07	19.85734889	6.552925134	13.30442376	0.19623	0.24623	0.196984
12/16/2020 18:00	12/16/2020	18	oos	train	0	0	1.83	1.83	19.82146889	6.541084734	13.28038416	0.19559	0.24559	0.196472
12/16/2020 19:00	12/16/2020	19	oos	train	0	0	3.33	3.33	27.12413556	8.950964735	18.17317083	0.19102	0.24102	0.192816
12/16/2020 20:00	12/16/2020	20	oos	train	0	0	-0.28	0	29.63452222	9.779392333	19.85512989	0.23267	0.28267	0.226136
12/16/2020 21:00	12/16/2020	21	oos	train	0	0	-0.25	0	27.48329778	9.069488267	18.41380951	0.22778	0.27778	0.222224
12/16/2020 22:00	12/16/2020	22	oos	train	0	0	-0.27	0	27.40316667	9.043045001	18.36012167	0.21641	0.26641	0.213128
12/16/2020 23:00	12/16/2020	23	oos	train	0	0	-0.31	0	21.97013333	7.250143999	14.71998933	0.20466	0.25466	0.203728
12/17/2020 0:00	12/17/2020	0	oos	train	0	0	-0.33	0	17.31376111	5.713541166	11.60021994	0.19122	0.24122	0.192976
12/17/2020 1:00	12/17/2020	1	oos	train	0	0	-0.31	0	18.83914667	6.216918401	12.62222827	0.18709	0.23709	0.189672
12/17/2020 2:00	12/17/2020	2	oos	train	0	0	-0.38	0	18.6002	6.138066	12.462134	0.1745	0.2245	0.1796
12/17/2020 3:00	12/17/2020	3	oos	train	0	0	-0.36	0	20.31304889	6.703306134	13.60974276	0.16286	0.21286	0.170288
12/17/2020 4:00	12/17/2020	4	oos	train	0	0	-0.4	0	22.75573778	7.509393467	15.24634431	0.1582	0.2082	0.16656
12/17/2020 5:00	12/17/2020	5	oos	train	0	0	-0.38	0	20.93497778	6.908542667	14.02643511	0.15767	0.20767	0.166136
12/17/2020 6:00	12/17/2020	6	oos	train	0	0	-0.43	0	23.19776667	7.655263001	15.54250367	0.16021	0.21021	0.168168
12/17/2020 7:00	12/17/2020	7	oos	train	0	0	-0.32	0	26.94336889	8.891311734	18.05205716	0.16878	0.21878	0.175024
12/17/2020 8:00	12/17/2020	8	oos	train	0	0	-0.35	0	27.53228444	9.085653865	18.44663057	0.16561	0.21561	0.172488
12/17/2020 9:00	12/17/2020	9	oos	train	0	0	24.41	24.41	24.64589778	8.133146267	16.51275151	0.16455	0.21455	0.17164
12/17/2020 10:00	12/17/2020	10	oos	train	0.0831667	0.0831667	13.03	13.03	21.03600667	6.941882201	14.09412447	0.16434	0.21434	0.171472
12/17/2020 11:00	12/17/2020	11	oos	train	0.1125833	0.1125833	-0.27	0	19.33819333	6.381603799	12.95658953	0.16423	0.21423	0.171384
12/17/2020 12:00	12/17/2020	12	oos	train	0	0	-0.24	0	20.32927111	6.708659466	13.62061164	0.16497	0.21497	0.171976
12/17/2020 13:00	12/17/2020	13	oos	train	0	0	-0.26	0	25.90822444	8.549714065	17.35851037	0.16836	0.21836	0.174688
12/17/2020 14:00	12/17/2020	14	oos	train	0	0	-0.25	0	29.39165778	9.699247067	19.69241071	0.1672	0.2172	0.17376
12/17/2020 15:00	12/17/2020	15	oos	train	0	0	-0.26	0	27.19602	8.9746866	18.2213334	0.16868	0.21868	0.174944
12/17/2020 16:00	12/17/2020	16	oos	train	0	0	-0.33	0	25.67425111	8.472502866	17.20174824	0.16857	0.21857	0.174856
12/17/2020 17:00	12/17/2020	17	oos	train	0	0	-0.25	0	20.11415333	6.637670599	13.47648273	0.16783	0.21783	0.174264
12/17/2020 18:00	12/17/2020	18	oos	train	0	0	-0.26	0	23.01372444	7.594529065	15.41919537	0.16561	0.21561	0.172488
12/17/2020 19:00	12/17/2020	19	oos	train	0	0	-0.24	0	25.60974889	8.451217134	17.15853176	0.16656	0.21656	0.173248
12/17/2020 20:00	12/17/2020	20	oos	train	0	0	-0.28	0	25.86953778	8.536947467	17.33259031	0.19048	0.24048	0.192384
12/17/2020 21:00	12/17/2020	21	oos	train	0	0	-0.28	0	25.18113111	8.309773266	16.87135784	0.1891	0.2391	0.19128
12/17/2020 22:00	12/17/2020	22	oos	train	0	0	-0.28	0	18.795	6.20235	12.59265	0.18688	0.23688	0.189504
12/17/2020 23:00	12/17/2020	23	oos	train	0	0	-0.29	0	16.42872111	5.421477966	11.00724314	0.16716	0.21716	0.173728
12/18/2020 0:00	12/18/2020	0	oos	train	0	0	-0.34	0	15.02306222	4.957610533	10.06545169	0.16716	0.21716	0.173728
12/18/2020 1:00	12/18/2020	1	oos	train	0	0	-0.25	0	20.8864	6.892512	13.993888	0.16768	0.21768	0.174144
12/18/2020 2:00	12/18/2020	2	oos	train	0	0	-0.25	0	20.81590667	6.869249201	13.94665747	0.17031	0.22031	0.176248
12/18/2020 3:00	12/18/2020	3	oos	train	0	0	-0.24	0	19.87655111	6.559261866	13.31728924	0.17493	0.22493	0.179944
12/18/2020 4:00	12/18/2020	4	oos	train	0	0	-0.27	0	17.40260333	5.742859099	11.65974423	0.17954	0.22954	0.183632
12/18/2020 5:00	12/18/2020	5	oos	train	0	0	-0.28	0	16.51153444	5.448806365	11.06272807	0.17912	0.22912	0.183296
12/18/2020 6:00	12/18/2020	6	oos	train	0	0	-0.31	0	19.10343111	6.304132266	12.79929884	0.18091	0.23091	0.184728
12/18/2020 7:00	12/18/2020	7	oos	train	0	0	-0.31	0	25.76526667	8.502538001	17.26272867	0.17839	0.22839	0.182712
12/18/2020 8:00	12/18/2020	8	oos	train	0	0	-0.36	0	22.55451556	7.442990135	15.11152543	0.1765	0.2265	0.1812
12/18/2020 9:00	12/18/2020	9	oos	train	1.1535	1.1535	-0.36	0	26.82011111	8.850636666	17.96947444	0.16915	0.21915	0.17532
12/18/2020 10:00	12/18/2020	10	oos	train	7.089	7.089	-0.44	0	29.90539778	9.868781267	20.03661651	0.16527	0.21527	0.172216
12/18/2020 11:00	12/18/2020	11	oos	train	2.12425	2.12425	-0.41	0	24.81677111	8.189534466	16.62723664	0.16159	0.21159	0.169272
12/18/2020 12:00	12/18/2020	12	oos	train	0.72925	0.72925	-0.5	0	22.76079333	7.511061799	15.24973153	0.16086	0.21086	0.168688
12/18/2020 13:00	12/18/2020	13	oos	train	0.0123333	0.0123333	-0.5	0	24.78150667	8.177897201	16.60360947	0.16096	0.21096	0.168768
12/18/2020 14:00	12/18/2020	14	oos	train	0	0	-0.43	0	28.83014222	9.513946933	19.31619529	0.16096	0.21096	0.168768
12/18/2020 15:00	12/18/2020	15	oos	train	0	0	-0.42	0	25.95300889	8.564492934	17.38851596	0.16075	0.21075	0.1686
12/18/2020 16:00	12/18/2020	16	oos	train	0	0	-0.4	0	25.00212889	8.250702534	16.75142636	0.16149	0.21149	0.169192
12/18/2020 17:00	12/18/2020	17	oos	train	0	0	-0.36	0	22.83495111	7.535533866	15.29941724	0.16117	0.21117	0.168936
12/18/2020 18:00	12/18/2020	18	oos	train	0	0	-0.45	0	25.64080667	8.461466201	17.17934047	0.16348	0.21348	0.170784
12/18/2020 19:00	12/18/2020	19	oos	train	0	0	-0.34	0	30.35549111	10.01731207	20.33817904	0.16317	0.21317	0.170536
12/18/2020 20:00	12/18/2020	20	oos	train	0	0	-0.37	0	29.14566222	9.618068533	19.52759369	0.1701	0.2201	0.17608
12/18/2020 21:00	12/18/2020	21	oos	train	0	0	-0.33	0	28.35470444	9.357052465	18.99765197	0.1701	0.2201	0.17608
12/18/2020 22:00	12/18/2020	22	oos	train	0	0	-0.39	0	24.93953333	8.230045999	16.70948733	0.16632	0.21632	0.173056
12/18/2020 23:00	12/18/2020	23	oos	train	0	0	-0.32	0	19.97105111	6.590446866	13.38060424	0.15841	0.20841	0.166728
12/19/2020 0:00	12/19/2020	0	oos	train	0	0	-0.33	0	20.09644889	6.631828134	13.46462076	0.15314	0.20314	0.162512
12/19/2020 1:00	12/19/2020	1	oos	train	0	0	-0.33	0	22.78091333	7.517701399	15.26321193	0.14535	0.19535	0.15628
12/19/2020 2:00	12/19/2020	2	oos	train	0	0	-0.35	0	19.84667556	6.549402935	13.29727263	0.14314	0.19314	0.154512
12/19/2020 3:00	12/19/2020	3	oos	train	0	0	-0.44	0	19.67488444	6.492711865	13.18217257	0.1423	0.1923	0.15384
12/19/2020 4:00	12/19/2020	4	oos	train	0	0	-0.39	0	21.64263111	7.142068266	14.50056284	0.14324	0.19324	0.154592
12/19/2020 5:00	12/19/2020	5	oos	train	0	0	-0.34	0	19.43437111	6.413342466	13.02102864	0.14187	0.19187	0.153496
12/19/2020 6:00	12/19/2020	6	oos	train	0	0	-0.31	0	21.06996889	6.953089734	14.11687916	0.14198	0.19198	0.153584
12/19/2020 7:00	12/19/2020	7	oos	train	0	0	-0.27	0	22.68814444	7.487087665	15.20105677	0.14535	0.19535	0.15628
12/19/2020 8:00	12/19/2020	8	oos	train	0	0	-0.27	0	27.92573778	9.215493467	18.71024431	0.15515	0.20515	0.16412
12/19/2020 9:00	12/19/2020	9	oos	train	0	0	-0.26	0	27.48452444	9.069893065	18.41463137	0.15736	0.20736	0.165888
12/19/2020 10:00	12/19/2020	10	oos	train	0.2755834	0.2755834	-0.31	0	24.36467556	8.040342935	16.32433263	0.15746	0.20746	0.165968
12/19/2020 11:00	12/19/2020	11	oos	train	3.79625	3.79625	-0.41	0	24.86473778	8.205363467	16.65937431	0.15515	0.20515	0.16412
12/19/2020 12:00	12/19/2020	12	oos	train	1.94625	1.94625	31.19	31.19	24.57235556	8.108877335	16.46347823	0.15388	0.20388	0.163104
12/19/2020 13:00	12/19/2020	13	oos	train	0.257	0.257	46.43	46.43	23.89735556	7.886127335	16.01122823	0.1542	0.2042	0.16336
12/19/2020 14:00	12/19/2020	14	oos	train	0	0	48.08	48.08	25.26951778	8.338940867	16.93057691	0.1563	0.2063	0.16504
12/19/2020 15:00	12/19/2020	15	oos	train	0	0	43.97	43.97	24.14903333	7.969180999	16.17985233	0.15651	0.20651	0.165208
12/19/2020 16:00	12/19/2020	16	oos	train	0	0	22.87	22.87	27.94965111	9.223384866	18.72626624	0.15441	0.20441	0.163528
12/19/2020 17:00	12/19/2020	17	oos	train	0	0	-0.24	0	18.05311333	5.957527399	12.09558593	0.15293	0.20293	0.162344
12/19/2020 18:00	12/19/2020	18	oos	train	0	0	-0.26	0	25.49911556	8.414708135	17.08440743	0.14535	0.19535	0.15628
12/19/2020 19:00	12/19/2020	19	oos	train	0	0	-0.25	0	29.52858667	9.744433601	19.78415307	0.14251	0.19251	0.154008
12/19/2020 20:00	12/19/2020	20	oos	train	0	0	-0.26	0	23.55436889	7.772941734	15.78142716	0.14588	0.19588	0.156704
12/19/2020 21:00	12/19/2020	21	oos	train	0	0	-0.25	0	20.95266667	6.914380001	14.03828667	0.14356	0.19356	0.154848
12/19/2020 22:00	12/19/2020	22	oos	train	0	0	-0.26	0	18.68391111	6.165690666	12.51822044	0.14219	0.19219	0.153752
12/19/2020 23:00	12/19/2020	23	oos	train	0	0	-0.27	0	18.52188222	6.112221133	12.40966109	0.13916	0.18916	0.151328
12/20/2020 0:00	12/20/2020	0	oos	train	0	0	-0.25	0	18.39811111	6.071376666	12.32673444	0.12901	0.17901	0.143208
12/20/2020 1:00	12/20/2020	1	oos	train	0	0	-0.27	0	19.97960222	6.593268733	13.38633349	0.12623	0.17623	0.140984
12/20/2020 2:00	12/20/2020	2	oos	train	0	0	-0.25	0	20.37283556	6.723035735	13.64979983	0.12495	0.17495	0.13996
12/20/2020 3:00	12/20/2020	3	oos	train	0	0	-0.25	0	21.24807111	7.011863466	14.23620764	0.12623	0.17623	0.140984
12/20/2020 4:00	12/20/2020	4	oos	train	0	0	-0.27	0	18.45135222	6.088946233	12.36240599	0.12837	0.17837	0.142696
12/20/2020 5:00	12/20/2020	5	oos	train	0	0	-0.26	0	15.48971222	5.111605033	10.37810719	0.13168	0.18168	0.145344
12/20/2020 6:00	12/20/2020	6	oos	train	0	0	-0.26	0	16.67028	5.5011924	11.1690876	0.13553	0.18553	0.148424
12/20/2020 7:00	12/20/2020	7	oos	train	0	0	-0.27	0	23.71631333	7.826383399	15.88992993	0.14162	0.19162	0.153296
12/20/2020 8:00	12/20/2020	8	oos	train	0	0	-0.25	0	27.83747333	9.186366199	18.65110713	0.14312	0.19312	0.154496
12/20/2020 9:00	12/20/2020	9	oos	train	2.2715833	2.2715833	-0.24	0	23.46837333	7.744563199	15.72381013	0.14408	0.19408	0.155264
12/20/2020 10:00	12/20/2020	10	oos	train	15.2369168	15.2369168	-0.29	0	23.4896	7.751568	15.738032	0.14472	0.19472	0.155776
12/20/2020 11:00	12/20/2020	11	oos	train	14.890583	14.890583	18.62	18.62	25.39945333	8.381819599	17.01763373	0.14515	0.19515	0.15612
12/20/2020 12:00	12/20/2020	12	oos	train	9.7024998	9.7024998	49.87	49.87	20.75045111	6.847648866	13.90280224	0.14739	0.19739	0.157912
12/20/2020 13:00	12/20/2020	13	oos	train	0.11075	0.11075	0.16	0.16	22.21482222	7.330891333	14.88393089	0.15156	0.20156	0.161248
12/20/2020 14:00	12/20/2020	14	oos	train	0	0	-0.24	0	23.90620222	7.889046733	16.01715549	0.14985	0.19985	0.15988
12/20/2020 15:00	12/20/2020	15	oos	train	0	0	-0.24	0	25.89721778	8.546081867	17.35113591	0.14814	0.19814	0.158512
12/20/2020 16:00	12/20/2020	16	oos	train	0	0	-0.24	0	30.50211556	10.06569813	20.43641743	0.14953	0.19953	0.159624
12/20/2020 17:00	12/20/2020	17	oos	train	0	0	-0.25	0	28.12322889	9.280665534	18.84256336	0.14526	0.19526	0.156208
12/20/2020 18:00	12/20/2020	18	oos	train	0	0	-0.27	0	27.56702667	9.097118801	18.46990787	0.1444	0.1944	0.15552
12/20/2020 19:00	12/20/2020	19	oos	train	0	0	-0.28	0	21.19473556	6.994262735	14.20047283	0.14408	0.19408	0.155264
12/20/2020 20:00	12/20/2020	20	oos	train	0	0	-0.29	0	26.84607778	8.859205667	17.98687211	0.15637	0.20637	0.165096
12/20/2020 21:00	12/20/2020	21	oos	train	0	0	-0.25	0	26.70939333	8.814099799	17.89529353	0.15595	0.20595	0.16476
12/20/2020 22:00	12/20/2020	22	oos	train	0	0	-0.26	0	23.92378889	7.894850334	16.02893856	0.13884	0.18884	0.151072
12/20/2020 23:00	12/20/2020	23	oos	train	0	0	-0.25	0	18.87263111	6.227968266	12.64466284	0.12794	0.17794	0.142352
12/21/2020 0:00	12/21/2020	0	oos	train	0	0	-0.28	0	15.18649556	5.011543535	10.17495203	0.12046	0.17046	0.136368
12/21/2020 1:00	12/21/2020	1	oos	train	0	0	-0.24	0	19.25039778	6.352631267	12.89776651	0.12367	0.17367	0.138936
12/21/2020 2:00	12/21/2020	2	oos	train	0	0	-0.28	0	20.46686667	6.754066001	13.71280067	0.12612	0.17612	0.140896
12/21/2020 3:00	12/21/2020	3	oos	train	0	0	-0.26	0	21.48995778	7.091686067	14.39827171	0.13735	0.18735	0.14988
12/21/2020 4:00	12/21/2020	4	oos	train	0	0	17.98	17.98	16.82977778	5.553826667	11.27595111	0.146	0.196	0.1568
12/21/2020 5:00	12/21/2020	5	oos	train	0	0	33.11	33.11	18.04830444	5.955940465	12.09236397	0.14804	0.19804	0.158432
12/21/2020 6:00	12/21/2020	6	oos	train	0	0	35.9	35.9	21.50976	7.0982208	14.4115392	0.15081	0.20081	0.160648
12/21/2020 7:00	12/21/2020	7	oos	train	0	0	25.4	25.4	20.42144444	6.739076665	13.68236777	0.15424	0.20424	0.163392
12/21/2020 8:00	12/21/2020	8	oos	train	0	0	32.35	32.35	23.17688222	7.648371133	15.52851109	0.15445	0.20445	0.16356
12/21/2020 9:00	12/21/2020	9	oos	train	1.23125	1.23125	36.42	36.42	26.53990667	8.758169201	17.78173747	0.15456	0.20456	0.163648
12/21/2020 10:00	12/21/2020	10	oos	train	1.857	1.857	39.48	39.48	23.53297778	7.765882667	15.76709511	0.15424	0.20424	0.163392
12/21/2020 11:00	12/21/2020	11	oos	train	0.9290833	0.9290833	42.55	42.55	25.83553333	8.525725999	17.30980733	0.15295	0.20295	0.16236
12/21/2020 12:00	12/21/2020	12	oos	train	4.4366668	4.4366668	42.8	42.8	35.81841111	11.82007567	23.99833544	0.1522	0.2022	0.16176
12/21/2020 13:00	12/21/2020	13	oos	train	0	0	35.72	35.72	33.55454444	11.07299967	22.48154477	0.15188	0.20188	0.161504
12/21/2020 14:00	12/21/2020	14	oos	train	0	0	38.08	38.08	22.28967333	7.355592199	14.93408113	0.15199	0.20199	0.161592
12/21/2020 15:00	12/21/2020	15	oos	train	0	0	48.88	48.88	24.72294222	8.158570933	16.56437129	0.15338	0.20338	0.162704
12/21/2020 16:00	12/21/2020	16	oos	train	0	0	49.58	49.58	21.06921111	6.952839666	14.11637144	0.15306	0.20306	0.162448
12/21/2020 17:00	12/21/2020	17	oos	train	0	0	47.09	47.09	19.80964889	6.537184134	13.27246476	0.15402	0.20402	0.163216
12/21/2020 18:00	12/21/2020	18	oos	train	0	0	37.14	37.14	25.24291333	8.330161399	16.91275193	0.15391	0.20391	0.163128
12/21/2020 19:00	12/21/2020	19	oos	train	0	0	37.97	37.97	51.47005778	16.98511907	34.48493871	0.15552	0.20552	0.164416
12/21/2020 20:00	12/21/2020	20	oos	train	0	0	47.21	47.21	26.92484444	8.885198665	18.03964577	0.15701	0.20701	0.165608
12/21/2020 21:00	12/21/2020	21	oos	train	0	0	48.76	48.76	29.35640667	9.687614201	19.66879247	0.14216	0.19216	0.153728
12/21/2020 22:00	12/21/2020	22	oos	train	0	0	46.18	46.18	22.77960889	7.517270934	15.26233796	0.10517	0.15517	0.124136
12/21/2020 23:00	12/21/2020	23	oos	train	0	0	34.51	34.51	18.87658222	6.229272133	12.64731009	0.08596	0.13596	0.108768
12/22/2020 0:00	12/22/2020	0	oos	train	0	0	46.61	46.61	17.64982556	5.824442435	11.82538313	0.07933	0.12933	0.103464
12/22/2020 1:00	12/22/2020	1	oos	train	0	0	38.18	38.18	19.55534	6.4532622	13.1020778	0.06565	0.11565	0.09252
12/22/2020 2:00	12/22/2020	2	oos	train	0	0	42.32	42.32	22.46231111	7.412562666	15.04974844	0.06169	0.11169	0.089352
12/22/2020 3:00	12/22/2020	3	oos	train	0	0	33.46	33.46	19.28407778	6.363745667	12.92033211	0.0649	0.1149	0.09192
12/22/2020 4:00	12/22/2020	4	oos	train	0	0	-0.25	0	16.61264	5.4821712	11.1304688	0.10093	0.15093	0.120744
12/22/2020 5:00	12/22/2020	5	oos	train	0	0	0.23	0.23	16.54444556	5.459667035	11.08477853	0.13568	0.18568	0.148544
12/22/2020 6:00	12/22/2020	6	oos	train	0	0	20.94	20.94	20.11459556	6.637816535	13.47677903	0.14338	0.19338	0.154704
12/22/2020 7:00	12/22/2020	7	oos	train	0	0	-0.25	0	29.97753111	9.892585266	20.08494584	0.14413	0.19413	0.155304
12/22/2020 8:00	12/22/2020	8	oos	train	0	0	-0.25	0	26.04062222	8.593405333	17.44721689	0.14573	0.19573	0.156584
12/22/2020 9:00	12/22/2020	9	oos	train	0	0	-0.25	0	28.26523111	9.327526266	18.93770484	0.14595	0.19595	0.15676
12/22/2020 10:00	12/22/2020	10	oos	train	0	0	-0.27	0	24.75628222	8.169573133	16.58670909	0.14563	0.19563	0.156504
12/22/2020 11:00	12/22/2020	11	oos	train	0	0	-0.26	0	21.55003556	7.111511735	14.43852383	0.14766	0.19766	0.158128
12/22/2020 12:00	12/22/2020	12	oos	train	0	0	-0.26	0	17.42643222	5.750722633	11.67570959	0.14926	0.19926	0.159408
12/22/2020 13:00	12/22/2020	13	oos	train	0	0	-0.28	0	39.51327111	13.03937947	26.47389164	0.15439	0.20439	0.163512
12/22/2020 14:00	12/22/2020	14	oos	train	0	0	-0.28	0	31.25199778	10.31315927	20.93883851	0.15674	0.20674	0.165392
12/22/2020 15:00	12/22/2020	15	oos	train	0	0	-0.26	0	22.63034222	7.468012933	15.16232929	0.15899	0.20899	0.167192
12/22/2020 16:00	12/22/2020	16	oos	train	0	0	-0.29	0	22.66946222	7.480922533	15.18853969	0.15931	0.20931	0.167448
12/22/2020 17:00	12/22/2020	17	oos	train	0	0	-0.27	0	33.72625111	11.12966287	22.59658824	0.15781	0.20781	0.166248
12/22/2020 18:00	12/22/2020	18	oos	train	0	0	-0.25	0	40.82932	13.4736756	27.3556444	0.15557	0.20557	0.164456
12/22/2020 19:00	12/22/2020	19	oos	train	0	0	-0.28	0	24.74542667	8.165990801	16.57943587	0.15407	0.20407	0.163256
12/22/2020 20:00	12/22/2020	20	oos	train	0	0	-0.26	0	24.80000889	8.184002934	16.61600596	0.15589	0.20589	0.164712
12/22/2020 21:00	12/22/2020	21	oos	train	0	0	-0.31	0	27.22811778	8.985278867	18.24283891	0.14873	0.19873	0.158984
12/22/2020 22:00	12/22/2020	22	oos	train	0	0	-0.29	0	21.45533111	7.080259266	14.37507184	0.14402	0.19402	0.155216
12/22/2020 23:00	12/22/2020	23	oos	train	0	0	-0.34	0	20.07411111	6.624456666	13.44965444	0.14141	0.19141	0.153128
12/23/2020 0:00	12/23/2020	0	oos	train	0	0	-0.31	0	17.06593111	5.631757266	11.43417384	0.1395	0.1895	0.1516
12/23/2020 1:00	12/23/2020	1	oos	train	0	0	-0.32	0	20.77892	6.8570436	13.9218764	0.13727	0.18727	0.149816
12/23/2020 2:00	12/23/2020	2	oos	train	0	0	-0.29	0	21.78744222	7.189855933	14.59758629	0.13758	0.18758	0.150064
12/23/2020 3:00	12/23/2020	3	oos	train	0	0	-0.3	0	21.17113333	6.986473999	14.18465933	0.13769	0.18769	0.150152
12/23/2020 4:00	12/23/2020	4	oos	train	0	0	-0.31	0	19.28640889	6.364514934	12.92189396	0.13748	0.18748	0.149984
12/23/2020 5:00	12/23/2020	5	oos	train	0	0	-0.32	0	19.27574444	6.360995665	12.91474877	0.13897	0.18897	0.151176
12/23/2020 6:00	12/23/2020	6	oos	train	0	0	-0.33	0	20.54968444	6.781395865	13.76828857	0.14099	0.19099	0.152792
12/23/2020 7:00	12/23/2020	7	oos	train	0	0	-0.34	0	26.48583778	8.740326467	17.74551131	0.14152	0.19152	0.153216
12/23/2020 8:00	12/23/2020	8	oos	train	0	0	-0.29	0	26.89582	8.8756206	18.0201994	0.14184	0.19184	0.153472
12/23/2020 9:00	12/23/2020	9	oos	train	0	0	-0.33	0	28.00149556	9.240493535	18.76100203	0.14237	0.19237	0.153896
12/23/2020 10:00	12/23/2020	10	oos	train	0.59775	0.59775	-0.3	0	25.49242889	8.412501534	17.07992736	0.14237	0.19237	0.153896
12/23/2020 11:00	12/23/2020	11	oos	train	0.8255	0.8255	-0.25	0	23.48376222	7.749641533	15.73412069	0.14226	0.19226	0.153808
12/23/2020 12:00	12/23/2020	12	oos	train	0.0019167	0.0019167	-0.3	0	21.58120889	7.121798934	14.45940996	0.14248	0.19248	0.153984
12/23/2020 13:00	12/23/2020	13	oos	train	0	0	-0.32	0	26.63414667	8.789268401	17.84487827	0.14269	0.19269	0.154152
12/23/2020 14:00	12/23/2020	14	oos	train	0	0	-0.32	0	28.45106444	9.388851265	19.06221317	0.1429	0.1929	0.15432
12/23/2020 15:00	12/23/2020	15	oos	train	0	0	-0.34	0	29.28600889	9.664382934	19.62162596	0.1429	0.1929	0.15432
12/23/2020 16:00	12/23/2020	16	oos	train	0	0	-0.29	0	24.56673111	8.107021266	16.45970984	0.14279	0.19279	0.154232
12/23/2020 17:00	12/23/2020	17	oos	train	0	0	-0.34	0	21.84091556	7.207502135	14.63341343	0.14269	0.19269	0.154152
12/23/2020 18:00	12/23/2020	18	oos	train	0	0	-0.32	0	32.87496	10.8487368	22.0262232	0.14248	0.19248	0.153984
12/23/2020 19:00	12/23/2020	19	oos	train	0	0	-0.35	0	63.52510667	20.9632852	42.56182147	0.14216	0.19216	0.153728
12/23/2020 20:00	12/23/2020	20	oos	train	0	0	-0.28	0	31.28517333	10.3241072	20.96106613	0.14162	0.19162	0.153296
12/23/2020 21:00	12/23/2020	21	oos	train	0	0	-0.35	0	28.72705333	9.479927599	19.24712573	0.14099	0.19099	0.152792
12/23/2020 22:00	12/23/2020	22	oos	train	0	0	-0.32	0	21.11494222	6.967930933	14.14701129	0.13992	0.18992	0.151936
12/23/2020 23:00	12/23/2020	23	oos	train	0	0	-0.34	0	21.12223111	6.970336266	14.15189484	0.13926	0.18926	0.151408
12/24/2020 0:00	12/24/2020	0	oos	train	0	0	-0.39	0	21.94136222	7.240649533	14.70071269	0.1329	0.1829	0.14632
12/24/2020 1:00	12/24/2020	1	oos	train	0	0	-0.36	0	25.75032222	8.497606333	17.25271589	0.11529	0.16529	0.132232
12/24/2020 2:00	12/24/2020	2	oos	train	0	0	-0.38	0	24.89529111	8.215446066	16.67984504	0.10787	0.15787	0.126296
12/24/2020 3:00	12/24/2020	3	oos	train	0	0	-0.38	0	20.03586889	6.611836734	13.42403216	0.10013	0.15013	0.120104
12/24/2020 4:00	12/24/2020	4	oos	train	0	0	-0.34	0	19.31766889	6.374830734	12.94283816	0.11529	0.16529	0.132232
12/24/2020 5:00	12/24/2020	5	oos	train	0	0	-0.31	0	17.07547444	5.634906565	11.44056787	0.12335	0.17335	0.13868
12/24/2020 6:00	12/24/2020	6	oos	train	0	0	-0.37	0	21.19680222	6.994944733	14.20185749	0.14054	0.19054	0.152432
12/24/2020 7:00	12/24/2020	7	oos	train	0	0	-0.34	0	27.78804889	9.170056134	18.61799276	0.13979	0.18979	0.151832
12/24/2020 8:00	12/24/2020	8	oos	train	0	0	-0.38	0	30.83637778	10.17600467	20.66037311	0.14308	0.19308	0.154464
12/24/2020 9:00	12/24/2020	9	oos	train	0.0013333	0.0013333	-0.38	0	30.75336889	10.14861173	20.60475716	0.14754	0.19754	0.158032
12/24/2020 10:00	12/24/2020	10	oos	train	0.2807501	0.2807501	-0.36	0	28.54354222	9.419368933	19.12417329	0.14828	0.19828	0.158624
12/24/2020 11:00	12/24/2020	11	oos	train	0.6596667	0.6596667	12.43	12.43	24.03764667	7.932423401	16.10522327	0.14849	0.19849	0.158792
12/24/2020 12:00	12/24/2020	12	oos	train	0	0	1.92	1.92	24.51734	8.0907222	16.4266178	0.14828	0.19828	0.158624
12/24/2020 13:00	12/24/2020	13	oos	train	0	0	-0.39	0	27.12649333	8.951742799	18.17475053	0.14838	0.19838	0.158704
12/24/2020 14:00	12/24/2020	14	oos	train	0	0	-0.38	0	25.77994667	8.507382401	17.27256427	0.15072	0.20072	0.160576
12/24/2020 15:00	12/24/2020	15	oos	train	0	0	-0.37	0	41.07015111	13.55314987	27.51700124	0.14902	0.19902	0.159216
12/24/2020 16:00	12/24/2020	16	oos	train	0	0	-0.44	0	61.71667556	20.36650293	41.35017263	0.14732	0.19732	0.157856
12/24/2020 17:00	12/24/2020	17	oos	train	0	0	-0.35	0	54.90957333	18.1201592	36.78941413	0.1451	0.1951	0.15608
12/24/2020 18:00	12/24/2020	18	oos	train	0	0	-0.33	0	31.59992444	10.42797507	21.17194937	0.1452	0.1952	0.15616
12/24/2020 19:00	12/24/2020	19	oos	train	0	0	-0.34	0	28.45276889	9.389413734	19.06335516	0.14637	0.19637	0.157096
12/24/2020 20:00	12/24/2020	20	oos	train	0	0	-0.34	0	26.63416	8.7892728	17.8448872	0.14467	0.19467	0.155736
12/24/2020 21:00	12/24/2020	21	oos	train	0	0	-0.36	0	22.70644889	7.493128134	15.21332076	0.14626	0.19626	0.157008
12/24/2020 22:00	12/24/2020	22	oos	train	0	0	-0.38	0	20.69089111	6.827994066	13.86289704	0.14467	0.19467	0.155736
12/24/2020 23:00	12/24/2020	23	oos	train	0	0	-0.35	0	20.24804889	6.681856134	13.56619276	0.14521	0.19521	0.156168
12/25/2020 0:00	12/25/2020	0	oos	train	0	0	-0.33	0	22.00812	7.2626796	14.7454404	0.14172	0.19172	0.153376
12/25/2020 1:00	12/25/2020	1	oos	train	0	0	-0.39	0	24.63549333	8.129712799	16.50578053	0.13908	0.18908	0.151264
12/25/2020 2:00	12/25/2020	2	oos	train	0	0	-0.36	0	20.15114444	6.649877665	13.50126677	0.13275	0.18275	0.1462
12/25/2020 3:00	12/25/2020	3	oos	train	0	0	-0.38	0	21.09978889	6.962930334	14.13685856	0.13665	0.18665	0.14932
12/25/2020 4:00	12/25/2020	4	oos	train	0	0	-0.38	0	20.79959333	6.863865799	13.93572753	0.14288	0.19288	0.154304
12/25/2020 5:00	12/25/2020	5	oos	train	0	0	-0.41	0	19.49123556	6.432107735	13.05912783	0.1375	0.1875	0.15
12/25/2020 6:00	12/25/2020	6	oos	train	0	0	-0.41	0	21.59304444	7.125704665	14.46733977	0.15154	0.20154	0.161232
12/25/2020 7:00	12/25/2020	7	oos	train	0	0	-0.38	0	29.05604444	9.588494665	19.46754977	0.1695	0.2195	0.1756
12/25/2020 8:00	12/25/2020	8	oos	train	0	0	-0.44	0	25.60737333	8.450433199	17.15694013	0.17171	0.22171	0.177368
12/25/2020 9:00	12/25/2020	9	oos	train	0	0	-0.41	0	28.27643556	9.331223735	18.94521183	0.17224	0.22224	0.177792
12/25/2020 10:00	12/25/2020	10	oos	train	0	0	-0.43	0	29.66328667	9.788884601	19.87440207	0.17277	0.22277	0.178216
12/25/2020 11:00	12/25/2020	11	oos	train	0	0	-0.42	0	23.90602667	7.888988801	16.01703787	0.17361	0.22361	0.178888
12/25/2020 12:00	12/25/2020	12	oos	train	0	0	-0.44	0	21.32722444	7.037984065	14.28924037	0.1715	0.2215	0.1772
12/25/2020 13:00	12/25/2020	13	oos	train	0	0	-0.38	0	24.15344444	7.970636665	16.18280777	0.17024	0.22024	0.176192
12/25/2020 14:00	12/25/2020	14	oos	train	0	0	-0.39	0	27.60957556	9.111159935	18.49841563	0.17076	0.22076	0.176608
12/25/2020 15:00	12/25/2020	15	oos	train	0	0	-0.42	0	23.60512	7.7896896	15.8154304	0.16686	0.21686	0.173488
12/25/2020 16:00	12/25/2020	16	oos	train	0	0	-0.41	0	37.84052889	12.48737453	25.35315436	0.15334	0.20334	0.162672
12/25/2020 17:00	12/25/2020	17	oos	train	0	0	-0.41	0	68.54701333	22.6205144	45.92649893	0.14848	0.19848	0.158784
12/25/2020 18:00	12/25/2020	18	oos	train	0	0	-0.39	0	39.35573333	12.987392	26.36834133	0.14447	0.19447	0.155576
12/25/2020 19:00	12/25/2020	19	oos	train	0	0	-0.4	0	23.71652667	7.826453801	15.89007287	0.14352	0.19352	0.154816
12/25/2020 20:00	12/25/2020	20	oos	train	0	0	-0.39	0	24.38997778	8.048692667	16.34128511	0.13982	0.18982	0.151856
12/25/2020 21:00	12/25/2020	21	oos	train	0	0	-0.44	0	21.56287111	7.115747466	14.44712364	0.13781	0.18781	0.150248
12/25/2020 22:00	12/25/2020	22	oos	train	0	0	-0.39	0	20.55568	6.7833744	13.7723056	0.13655	0.18655	0.14924
12/25/2020 23:00	12/25/2020	23	oos	train	0	0	-0.42	0	19.51476444	6.439872265	13.07489217	0.13834	0.18834	0.150672
12/26/2020 0:00	12/26/2020	0	oos	train	0	0	-0.45	0	22.67456222	7.482605533	15.19195669	0.13771	0.18771	0.150168
12/26/2020 1:00	12/26/2020	1	oos	train	0	0	-0.42	0	21.23839333	7.008669799	14.22972353	0.13708	0.18708	0.149664
12/26/2020 2:00	12/26/2020	2	oos	train	0	0	-0.38	0	22.63220667	7.468628201	15.16357847	0.13739	0.18739	0.149912
12/26/2020 3:00	12/26/2020	3	oos	train	0	0	-0.39	0	21.56338889	7.115918334	14.44747056	0.13845	0.18845	0.15076
12/26/2020 4:00	12/26/2020	4	oos	train	0	0	-0.39	0	21.89946	7.2268218	14.6726382	0.14067	0.19067	0.152536
12/26/2020 5:00	12/26/2020	5	oos	train	0	0	-0.36	0	23.89070889	7.883933934	16.00677496	0.14288	0.19288	0.154304
12/26/2020 6:00	12/26/2020	6	oos	train	0	0	-0.35	0	23.18626889	7.651468734	15.53480016	0.14373	0.19373	0.154984
12/26/2020 7:00	12/26/2020	7	oos	train	0	0	-0.37	0	32.32893778	10.66854947	21.66038831	0.14246	0.19246	0.153968
12/26/2020 8:00	12/26/2020	8	oos	train	0	0	-0.39	0	53.22079111	17.56286107	35.65793004	0.147	0.197	0.1576
12/26/2020 9:00	12/26/2020	9	oos	train	0	0	-0.37	0	32.97392667	10.8813958	22.09253087	0.14838	0.19838	0.158704
12/26/2020 10:00	12/26/2020	10	oos	train	0	0	-0.38	0	30.52954222	10.07474893	20.45479329	0.1488	0.1988	0.15904
12/26/2020 11:00	12/26/2020	11	oos	train	0	0	-0.32	0	25.19192889	8.313336534	16.87859236	0.14869	0.19869	0.158952
12/26/2020 12:00	12/26/2020	12	oos	train	0	0	-0.4	0	21.90229556	7.227757535	14.67453803	0.14827	0.19827	0.158616
12/26/2020 13:00	12/26/2020	13	oos	train	0	0	-0.38	0	23.54291111	7.769160666	15.77375044	0.14795	0.19795	0.15836
12/26/2020 14:00	12/26/2020	14	oos	train	0	0	-0.56	0	27.45754444	9.060989665	18.39655477	0.14816	0.19816	0.158528
12/26/2020 15:00	12/26/2020	15	oos	train	0	0	-0.45	0	31.17848444	10.28889987	20.88958457	0.14774	0.19774	0.158192
12/26/2020 16:00	12/26/2020	16	oos	train	0	0	-0.42	0	24.49245778	8.082511067	16.40994671	0.14573	0.19573	0.156584
12/26/2020 17:00	12/26/2020	17	oos	train	0	0	-0.47	0	20.07346222	6.624242533	13.44921969	0.14816	0.19816	0.158528
12/26/2020 18:00	12/26/2020	18	oos	train	0	0	-0.47	0	48.86262667	16.1246668	32.73795987	0.14595	0.19595	0.15676
12/26/2020 19:00	12/26/2020	19	oos	train	0	0	-0.47	0	51.86877778	17.11669667	34.75208111	0.12134	0.17134	0.137072
12/26/2020 20:00	12/26/2020	20	oos	train	0	0	-0.44	0	26.68152	8.8049016	17.8766184	0.11976	0.16976	0.135808
12/26/2020 21:00	12/26/2020	21	oos	train	0	0	-0.39	0	24.02642667	7.928720801	16.09770587	0.10603	0.15603	0.124824
12/26/2020 22:00	12/26/2020	22	oos	train	0	0	-0.34	0	26.54835111	8.760955866	17.78739524	0.09599	0.14599	0.116792
12/26/2020 23:00	12/26/2020	23	oos	train	0	0	-0.33	0	22.21776444	7.331862265	14.88590217	0.08385	0.13385	0.10708
12/27/2020 0:00	12/27/2020	0	oos	train	0	0	-0.31	0	19.57079333	6.458361799	13.11243153	0.05418	0.10418	0.083344
12/27/2020 1:00	12/27/2020	1	oos	train	0	0	-0.28	0	21.70084444	7.161278665	14.53956577	0.04383	0.09383	0.075064
12/27/2020 2:00	12/27/2020	2	oos	train	0	0	-0.28	0	20.05076889	6.616753734	13.43401516	0.03263	0.08263	0.066104
12/27/2020 3:00	12/27/2020	3	oos	train	0	0	-0.36	0	21.67219778	7.151825267	14.52037251	0.032	0.082	0.0656
12/27/2020 4:00	12/27/2020	4	oos	train	0	0	-0.27	0	22.91810667	7.562975201	15.35513147	0.03865	0.08865	0.07092
12/27/2020 5:00	12/27/2020	5	oos	train	0	0	-0.26	0	16.99133333	5.607139999	11.38419333	0.04129	0.09129	0.073032
12/27/2020 6:00	12/27/2020	6	oos	train	0	0	-0.29	0	18.13907778	5.985895667	12.15318211	0.04298	0.09298	0.074384
12/27/2020 7:00	12/27/2020	7	oos	train	0	0	-0.27	0	22.41304667	7.396305401	15.01674127	0.0509	0.1009	0.08072
12/27/2020 8:00	12/27/2020	8	oos	train	0	0	-0.29	0	25.72474222	8.489164933	17.23557729	0.06157	0.11157	0.089256
12/27/2020 9:00	12/27/2020	9	oos	train	0	0	-0.27	0	29.82642667	9.842720801	19.98370587	0.09515	0.14515	0.11612
12/27/2020 10:00	12/27/2020	10	oos	train	0	0	-0.27	0	25.88966889	8.543590734	17.34607816	0.09758	0.14758	0.118064
12/27/2020 11:00	12/27/2020	11	oos	train	0	0	-0.27	0	24.26439333	8.007249799	16.25714353	0.09779	0.14779	0.118232
12/27/2020 12:00	12/27/2020	12	oos	train	0	0	-0.28	0	23.35431111	7.706922666	15.64738844	0.09811	0.14811	0.118488
12/27/2020 13:00	12/27/2020	13	oos	train	0	0	-0.24	0	23.24608222	7.671207133	15.57487509	0.10117	0.15117	0.120936
12/27/2020 14:00	12/27/2020	14	oos	train	0	0	-0.26	0	23.35569333	7.707378799	15.64831453	0.11078	0.16078	0.128624
12/27/2020 15:00	12/27/2020	15	oos	train	0	0	-0.33	0	24.05102222	7.936837333	16.11418489	0.11384	0.16384	0.131072
12/27/2020 16:00	12/27/2020	16	oos	train	0	0	-0.26	0	24.79457778	8.182210667	16.61236711	0.11553	0.16553	0.132424
12/27/2020 17:00	12/27/2020	17	oos	train	0	0	-0.25	0	23.02027556	7.596690935	15.42358463	0.11543	0.16543	0.132344
12/27/2020 18:00	12/27/2020	18	oos	train	0	0	-0.28	0	33.54674	11.0704242	22.4763158	0.1037	0.1537	0.12296
12/27/2020 19:00	12/27/2020	19	oos	train	0	0	-0.27	0	56.77877778	18.73699667	38.04178111	0.10254	0.15254	0.122032
12/27/2020 20:00	12/27/2020	20	oos	train	0	0	-0.27	0	39.01435111	12.87473587	26.13961524	0.10128	0.15128	0.121024
12/27/2020 21:00	12/27/2020	21	oos	train	0	0	-0.3	0	23.97445333	7.911569599	16.06288373	0.10677	0.15677	0.125416
12/27/2020 22:00	12/27/2020	22	oos	train	0	0	-0.28	0	20.82138	6.8710554	13.9503246	0.06769	0.11769	0.094152
12/27/2020 23:00	12/27/2020	23	oos	train	0	0	-0.28	0	19.99143333	6.597172999	13.39426033	0.06727	0.11727	0.093816
12/28/2020 0:00	12/28/2020	0	oos	train	0	0	-0.35	0	22.51337111	7.429412466	15.08395864	0.04245	0.09245	0.07396
12/28/2020 1:00	12/28/2020	1	oos	train	0	0	-0.33	0	23.94832889	7.902948534	16.04538036	0.05808	0.10808	0.086464
12/28/2020 2:00	12/28/2020	2	oos	train	0	0	-0.28	0	23.28062222	7.682605333	15.59801689	0.06241	0.11241	0.089928
12/28/2020 3:00	12/28/2020	3	oos	train	0	0	-0.26	0	21.31689778	7.034576267	14.28232151	0.09599	0.14599	0.116792
12/28/2020 4:00	12/28/2020	4	oos	train	0	0	-0.26	0	21.21843111	7.002082266	14.21634884	0.1356	0.1856	0.14848
12/28/2020 5:00	12/28/2020	5	oos	train	0	0	-0.24	0	18.57251333	6.128929399	12.44358393	0.14331	0.19331	0.154648
12/28/2020 6:00	12/28/2020	6	oos	train	0	0	-0.25	0	17.80059111	5.874195066	11.92639604	0.14584	0.19584	0.156672
12/28/2020 7:00	12/28/2020	7	oos	train	0	0	-0.26	0	21.65634222	7.146592933	14.50974929	0.14964	0.19964	0.159712
12/28/2020 8:00	12/28/2020	8	oos	train	0	0	-0.27	0	37.90426222	12.50840653	25.39585569	0.15049	0.20049	0.160392
12/28/2020 9:00	12/28/2020	9	oos	train	0	0	-0.25	0	24.62936889	8.127691734	16.50167716	0.15059	0.20059	0.160472
12/28/2020 10:00	12/28/2020	10	oos	train	0	0	-0.29	0	27.12699111	8.951907066	18.17508404	0.15239	0.20239	0.161912
12/28/2020 11:00	12/28/2020	11	oos	train	0	0	-0.29	0	26.44353333	8.726365999	17.71716733	0.15186	0.20186	0.161488
12/28/2020 12:00	12/28/2020	12	oos	train	0	0	-0.25	0	27.72922	9.1506426	18.5785774	0.15133	0.20133	0.161064
12/28/2020 13:00	12/28/2020	13	oos	train	0	0	-0.26	0	25.30878222	8.351898133	16.95688409	0.15186	0.20186	0.161488
12/28/2020 14:00	12/28/2020	14	oos	train	0	0	-0.28	0	26.10403778	8.614332467	17.48970531	0.15154	0.20154	0.161232
12/28/2020 15:00	12/28/2020	15	oos	train	0	0	-0.26	0	27.64410667	9.122555201	18.52155147	0.15144	0.20144	0.161152
12/28/2020 16:00	12/28/2020	16	oos	train	0	0	-0.28	0	25.49831333	8.414443399	17.08386993	0.14975	0.19975	0.1598
12/28/2020 17:00	12/28/2020	17	oos	train	0	0	-0.32	0	27.0434	8.924322	18.119078	0.15281	0.20281	0.162248
12/28/2020 18:00	12/28/2020	18	oos	train	0	0	-0.28	0	37.47579111	12.36701107	25.10878004	0.15239	0.20239	0.161912
12/28/2020 19:00	12/28/2020	19	oos	train	0	0	-0.26	0	49.12375556	16.21083933	32.91291623	0.15028	0.20028	0.160224
12/28/2020 20:00	12/28/2020	20	oos	train	0	0	-0.27	0	27.08440222	8.937852733	18.14654949	0.15123	0.20123	0.160984
12/28/2020 21:00	12/28/2020	21	oos	train	0	0	-0.26	0	27.00854667	8.912820401	18.09572627	0.14859	0.19859	0.158872
12/28/2020 22:00	12/28/2020	22	oos	train	0	0	-0.28	0	23.30045556	7.689150335	15.61130523	0.14595	0.19595	0.15676
12/28/2020 23:00	12/28/2020	23	oos	train	0	0	-0.26	0	22.26945778	7.348921067	14.92053671	0.14858	0.19858	0.158864
12/29/2020 0:00	12/29/2020	0	oos	train	0	0	-0.28	0	19.48581333	6.430318399	13.05549493	0.14816	0.19816	0.158528
12/29/2020 1:00	12/29/2020	1	oos	train	0	0	-0.27	0	19.90256889	6.567847734	13.33472116	0.14763	0.19763	0.158104
12/29/2020 2:00	12/29/2020	2	oos	train	0	0	-0.24	0	20.09559111	6.631545066	13.46404604	0.147	0.197	0.1576
12/29/2020 3:00	12/29/2020	3	oos	train	0	0	-0.26	0	20.78544889	6.859198134	13.92625076	0.14805	0.19805	0.15844
12/29/2020 4:00	12/29/2020	4	oos	train	0	0	-0.27	0	19.55785111	6.454090866	13.10376024	0.14901	0.19901	0.159208
12/29/2020 5:00	12/29/2020	5	oos	train	0	0	-0.26	0	21.95738444	7.245936865	14.71144757	0.15197	0.20197	0.161576
12/29/2020 6:00	12/29/2020	6	oos	train	0	0	-0.26	0	19.16304444	6.323804665	12.83923977	0.15334	0.20334	0.162672
12/29/2020 7:00	12/29/2020	7	oos	train	0	0	-0.26	0	21.35277111	7.046414466	14.30635664	0.1673	0.2173	0.17384
12/29/2020 8:00	12/29/2020	8	oos	train	0	0	-0.28	0	28.55886	9.4244238	19.1344362	0.16646	0.21646	0.173168
12/29/2020 9:00	12/29/2020	9	oos	train	0	0	-0.29	0	29.37544667	9.693897401	19.68154927	0.1673	0.2173	0.17384
12/29/2020 10:00	12/29/2020	10	oos	train	0	0	-0.27	0	24.68672222	8.146618333	16.54010389	0.16868	0.21868	0.174944
12/29/2020 11:00	12/29/2020	11	oos	train	0	0	-0.31	0	21.06019111	6.949863066	14.11032804	0.16646	0.21646	0.173168
12/29/2020 12:00	12/29/2020	12	oos	train	0	0	-0.35	0	24.94755556	8.232693335	16.71486223	0.18094	0.23094	0.184752
12/29/2020 13:00	12/29/2020	13	oos	train	0	0	-0.26	0	43.07406667	14.214442	28.85962467	0.18031	0.23031	0.184248
12/29/2020 14:00	12/29/2020	14	oos	train	0	0	-0.32	0	28.01645778	9.245431067	18.77102671	0.18316	0.23316	0.186528
12/29/2020 15:00	12/29/2020	15	oos	train	0	0	-0.31	0	25.28995556	8.345685335	16.94427023	0.18105	0.23105	0.18484
12/29/2020 16:00	12/29/2020	16	oos	train	0	0	-0.3	0	25.17643556	8.308223735	16.86821183	0.17957	0.22957	0.183656
12/29/2020 17:00	12/29/2020	17	oos	train	0	0	-0.33	0	26.50088222	8.745291133	17.75559109	0.1783	0.2283	0.18264
12/29/2020 18:00	12/29/2020	18	oos	train	0	0	-0.32	0	43.18530667	14.2511512	28.93415547	0.17809	0.22809	0.182472
12/29/2020 19:00	12/29/2020	19	oos	train	0	0	-0.31	0	23.43644222	7.734025933	15.70241629	0.1765	0.2265	0.1812
12/29/2020 20:00	12/29/2020	20	oos	train	0	0	-0.3	0	26.43539556	8.723680535	17.71171503	0.1747	0.2247	0.17976
12/29/2020 21:00	12/29/2020	21	oos	train	0	0	-0.26	0	18.59188778	6.135322967	12.45656481	0.16677	0.21677	0.173416
12/29/2020 22:00	12/29/2020	22	oos	train	0	0	-0.26	0	17.90243111	5.907802266	11.99462884	0.15821	0.20821	0.166568
12/29/2020 23:00	12/29/2020	23	oos	train	0	0	-0.24	0	17.39940667	5.741804201	11.65760247	0.18592	0.23592	0.188736
12/30/2020 0:00	12/30/2020	0	oos	train	0	0	-0.26	0	18.35943111	6.058612266	12.30081884	0.18212	0.23212	0.185696
12/30/2020 1:00	12/30/2020	1	oos	train	0	0	-0.34	0	23.71125556	7.824714335	15.88654123	0.17727	0.22727	0.181816
12/30/2020 2:00	12/30/2020	2	oos	train	0	0	-0.27	0	19.25259778	6.353357267	12.89924051	0.17579	0.22579	0.180632
12/30/2020 3:00	12/30/2020	3	oos	train	0	0	-0.34	0	20.50935111	6.768085866	13.74126524	0.17727	0.22727	0.181816
12/30/2020 4:00	12/30/2020	4	oos	train	0	0	-0.38	0	20.00772667	6.602549801	13.40517687	0.18455	0.23455	0.18764
12/30/2020 5:00	12/30/2020	5	oos	train	0	0	-0.32	0	17.31680556	5.714545835	11.60225973	0.18824	0.23824	0.190592
12/30/2020 6:00	12/30/2020	6	oos	train	0	0	-0.36	0	19.12262	6.3104646	12.8121554	0.1855	0.2355	0.1884
12/30/2020 7:00	12/30/2020	7	oos	train	0	0	-0.3	0	25.59184667	8.445309401	17.14653727	0.19172	0.24172	0.193376
12/30/2020 8:00	12/30/2020	8	oos	train	0	0	-0.33	0	23.02830222	7.599339733	15.42896249	0.19804	0.24804	0.198432
12/30/2020 9:00	12/30/2020	9	oos	train	0	0	-0.34	0	26.13072222	8.623138333	17.50758389	0.20089	0.25089	0.200712
12/30/2020 10:00	12/30/2020	10	oos	train	0	0	-0.35	0	28.84965333	9.520385599	19.32926773	0.205	0.255	0.204
12/30/2020 11:00	12/30/2020	11	oos	train	0	0	-0.34	0	25.58286	8.4423438	17.1405162	0.21745	0.26745	0.21396
12/30/2020 12:00	12/30/2020	12	oos	train	0	0	-0.37	0	43.94528444	14.50194387	29.44334057	0.21386	0.26386	0.211088
12/30/2020 13:00	12/30/2020	13	oos	train	0	0	-0.36	0	24.45893111	8.071447266	16.38748384	0.21755	0.26755	0.21404
12/30/2020 14:00	12/30/2020	14	oos	train	0	0	-0.38	0	25.00126222	8.250416533	16.75084569	0.22399	0.27399	0.219192
12/30/2020 15:00	12/30/2020	15	oos	train	0	0	-0.34	0	26.37816444	8.704794265	17.67337017	0.22008	0.27008	0.216064
12/30/2020 16:00	12/30/2020	16	oos	train	0	0	-0.3	0	22.15552	7.3113216	14.8441984	0.21914	0.26914	0.215312
12/30/2020 17:00	12/30/2020	17	oos	train	0	0	-0.31	0	23.47297778	7.746082667	15.72689511	0.21882	0.26882	0.215056
12/30/2020 18:00	12/30/2020	18	oos	train	0	0	-0.34	0	26.9104	8.880432	18.029968	0.21471	0.26471	0.211768
12/30/2020 19:00	12/30/2020	19	oos	train	0	0	-0.33	0	50.72934667	16.7406844	33.98866227	0.21734	0.26734	0.213872
12/30/2020 20:00	12/30/2020	20	oos	train	0	0	-0.32	0	53.47593778	17.64705947	35.82887831	0.21059	0.26059	0.208472
12/30/2020 21:00	12/30/2020	21	oos	train	0	0	-0.43	0	30.87366667	10.18831	20.68535667	0.21682	0.26682	0.213456
12/30/2020 22:00	12/30/2020	22	oos	train	0	0	-0.5	0	22.97666222	7.582298533	15.39436369	0.20785	0.25785	0.20628
12/30/2020 23:00	12/30/2020	23	oos	train	0	0	-0.38	0	18.28153444	6.032906365	12.24862807	0.20628	0.25628	0.205024
12/31/2020 0:00	12/31/2020	0	oos	train	0	0	-0.45	0	19.21737778	6.341734667	12.87564311	0.20512	0.25512	0.204096
12/31/2020 1:00	12/31/2020	1	oos	train	0	0	-0.43	0	22.46999111	7.415097066	15.05489404	0.20418	0.25418	0.203344
12/31/2020 2:00	12/31/2020	2	oos	train	0	0	-0.44	0	21.19228667	6.993454601	14.19883207	0.20397	0.25397	0.203176
12/31/2020 3:00	12/31/2020	3	oos	train	0	0	-0.4	0	24.96521778	8.238521867	16.72669591	0.20344	0.25344	0.202752
12/31/2020 4:00	12/31/2020	4	oos	train	0	0	-0.4	0	21.83739556	7.206340535	14.63105503	0.2047	0.2547	0.20376
12/31/2020 5:00	12/31/2020	5	oos	train	0	0	-0.37	0	21.95126	7.2439158	14.7073442	0.2125	0.2625	0.21
12/31/2020 6:00	12/31/2020	6	oos	train	0	0	-0.36	0	21.48979111	7.091631066	14.39816004	0.21271	0.26271	0.210168
12/31/2020 7:00	12/31/2020	7	oos	train	0	0	-0.38	0	28.57120889	9.428498934	19.14270996	0.24767	0.29767	0.238136
12/31/2020 8:00	12/31/2020	8	oos	train	0	0	-0.37	0	29.42463111	9.710128266	19.71450284	0.26525	0.31525	0.2522
12/31/2020 9:00	12/31/2020	9	oos	train	0	0	-0.4	0	31.26492444	10.31742507	20.94749937	0.26715	0.31715	0.25372
12/31/2020 10:00	12/31/2020	10	oos	train	0	0	-0.39	0	31.10522667	10.2647248	20.84050187	0.27073	0.32073	0.256584
12/31/2020 11:00	12/31/2020	11	oos	train	0	0	-0.39	0	27.37674444	9.034325665	18.34241877	0.27231	0.32231	0.257848
12/31/2020 12:00	12/31/2020	12	oos	train	0	0	-0.44	0	21.83494222	7.205530933	14.62941129	0.27515	0.32515	0.26012
12/31/2020 13:00	12/31/2020	13	oos	train	0	0	-0.46	0	26.34105556	8.692548335	17.64850723	0.27999	0.32999	0.263992
12/31/2020 14:00	12/31/2020	14	oos	train	0	0	-0.42	0	29.05829778	9.589238267	19.46905951	0.29631	0.34631	0.277048
12/31/2020 15:00	12/31/2020	15	oos	train	0	0	-0.42	0	26.89395778	8.875006067	18.01895171	0.33254	0.38254	0.306032
12/31/2020 16:00	12/31/2020	16	oos	train	0	0	-0.46	0	31.68597778	10.45637267	21.22960511	0.312	0.362	0.2896
12/31/2020 17:00	12/31/2020	17	oos	train	0	0	-0.46	0	56.72068444	18.71782587	38.00285857	0.28631	0.33631	0.269048
12/31/2020 18:00	12/31/2020	18	oos	train	0	0	-0.49	0	48.91018222	16.14036013	32.76982209	0.27083	0.32083	0.256664
12/31/2020 19:00	12/31/2020	19	oos	train	0	0	-0.5	0	30.70484667	10.1325994	20.57224727	0.26157	0.31157	0.249256
12/31/2020 20:00	12/31/2020	20	oos	train	0	0	-0.5	0	24.76944444	8.173916665	16.59552777	0.26083	0.31083	0.248664
12/31/2020 21:00	12/31/2020	21	oos	train	0	0	-0.56	0	24.20275556	7.986909335	16.21584623	0.25914	0.30914	0.247312
12/31/2020 22:00	12/31/2020	22	oos	train	0	0	-0.51	0	23.87922667	7.880144801	15.99908187	0.24482	0.29482	0.235856
12/31/2020 23:00	12/31/2020	23	oos	train	0	0	-0.51	0	20.90328222	6.898083133	14.00519909	0.24827	0.29827	0.238616
1/1/2021 0:00	1/1/2021	0	oos	train	0	0	-0.53	0	22.04736	7.2756288	14.7717312	0.23949	0.28949	0.231592
1/1/2021 1:00	1/1/2021	1	oos	train	0	0	-0.55	0	22.70565778	7.492867067	15.21279071	0.24733	0.29733	0.237864
1/1/2021 2:00	1/1/2021	2	oos	train	0	0	-0.56	0	25.86093333	8.534107999	17.32682533	0.2468	0.2968	0.23744
1/1/2021 3:00	1/1/2021	3	oos	train	0	0	-0.57	0	24.34834222	8.034952933	16.31338929	0.24764	0.29764	0.238112
1/1/2021 4:00	1/1/2021	4	oos	train	0	0	-0.58	0	23.48276222	7.749311533	15.73345069	0.24952	0.29952	0.239616
1/1/2021 5:00	1/1/2021	5	oos	train	0	0	-0.58	0	22.38343778	7.386534467	14.99690331	0.25443	0.30443	0.243544
1/1/2021 6:00	1/1/2021	6	oos	train	0	0	-0.57	0	23.94305333	7.901207599	16.04184573	0.26038	0.31038	0.248304
1/1/2021 7:00	1/1/2021	7	oos	train	0	0	-0.58	0	25.00051333	8.250169399	16.75034393	0.26007	0.31007	0.248056
1/1/2021 8:00	1/1/2021	8	oos	train	0	0	-0.61	0	40.14404	13.2475332	26.8965068	0.26184	0.31184	0.249472
1/1/2021 9:00	1/1/2021	9	oos	train	0	0	-0.59	0	50.06707111	16.52213347	33.54493764	0.26769	0.31769	0.254152
1/1/2021 10:00	1/1/2021	10	oos	train	0	0	-0.63	0	40.68141778	13.42486787	27.25654991	0.27072	0.32072	0.256576
1/1/2021 11:00	1/1/2021	11	oos	train	0	0	-0.57	0	28.17151333	9.296599399	18.87491393	0.27291	0.32291	0.258328
1/1/2021 12:00	1/1/2021	12	oos	train	0	0	-0.55	0	25.41853556	8.388116735	17.03041883	0.27751	0.32751	0.262008
1/1/2021 13:00	1/1/2021	13	oos	train	0	0	-0.55	0	28.45661556	9.390683135	19.06593243	0.28513	0.33513	0.268104
1/1/2021 14:00	1/1/2021	14	oos	train	0	0	-0.57	0	27.46428	9.0632124	18.4010676	0.29882	0.34882	0.279056
1/1/2021 15:00	1/1/2021	15	oos	train	0	0	-0.57	0	27.37261333	9.032962399	18.33965093	0.31595	0.36595	0.29276
1/1/2021 16:00	1/1/2021	16	oos	train	0	0	-0.57	0	27.43102444	9.052238065	18.37878637	0.31532	0.36532	0.292256
1/1/2021 17:00	1/1/2021	17	oos	train	0	0	-0.58	0	45.63468889	15.05944733	30.57524156	0.30101	0.35101	0.280808
1/1/2021 18:00	1/1/2021	18	oos	train	0	0	-0.51	0	59.66244	19.6886052	39.9738348	0.29506	0.34506	0.276048
1/1/2021 19:00	1/1/2021	19	oos	train	0	0	-0.53	0	29.14019556	9.616264535	19.52393103	0.28534	0.33534	0.268272
1/1/2021 20:00	1/1/2021	20	oos	train	0	0	-0.51	0	28.767	9.49311	19.27389	0.26101	0.31101	0.248808
1/1/2021 21:00	1/1/2021	21	oos	train	0	0	-0.51	0	34.65162889	11.43503753	23.21659136	0.23939	0.28939	0.231512
1/1/2021 22:00	1/1/2021	22	oos	train	0	0	-0.57	0	28.92462444	9.545126065	19.37949837	0.22779	0.27779	0.222232
1/1/2021 23:00	1/1/2021	23	oos	train	0	0	-0.51	0	26.57474222	8.769664933	17.80507729	0.23009	0.28009	0.224072
1/2/2021 0:00	1/2/2021	0	oos	train	0	0	-0.49	0	26.11983778	8.619546467	17.50029131	0.23072	0.28072	0.224576
1/2/2021 1:00	1/2/2021	1	oos	train	0	0	-0.47	0	26.33228444	8.689653865	17.64263057	0.22978	0.27978	0.223824
1/2/2021 2:00	1/2/2021	2	oos	train	0	0	-0.62	0	28.56783778	9.427386467	19.14045131	0.23009	0.28009	0.224072
1/2/2021 3:00	1/2/2021	3	oos	train	0	0	-0.53	0	25.96317556	8.567847935	17.39532763	0.23072	0.28072	0.224576
1/2/2021 4:00	1/2/2021	4	oos	train	0	0	-0.49	0	24.42996667	8.061889001	16.36807767	0.24607	0.29607	0.236856
1/2/2021 5:00	1/2/2021	5	oos	train	0	0	-0.48	0	25.68309556	8.475421535	17.20767403	0.25495	0.30495	0.24396
1/2/2021 6:00	1/2/2021	6	oos	train	0	0	-0.45	0	23.60597556	7.789971935	15.81600363	0.26884	0.31884	0.255072
1/2/2021 7:00	1/2/2021	7	oos	train	0	0	-0.48	0	27.32653333	9.017755999	18.30877733	0.2702	0.3202	0.25616
1/2/2021 8:00	1/2/2021	8	oos	train	0	0	-0.53	0	27.55471333	9.093055399	18.46165793	0.28085	0.33085	0.26468
1/2/2021 9:00	1/2/2021	9	oos	train	0	0	-0.49	0	29.93508444	9.878577865	20.05650657	0.28931	0.33931	0.271448
1/2/2021 10:00	1/2/2021	10	oos	train	0	0	-0.48	0	27.08813778	8.939085467	18.14905231	0.31083	0.36083	0.288664
1/2/2021 11:00	1/2/2021	11	oos	train	0	0	-0.45	0	24.61298222	8.122284133	16.49069809	0.29892	0.34892	0.279136
1/2/2021 12:00	1/2/2021	12	oos	train	0	0	-0.41	0	20.33914	6.7119162	13.6272238	0.29997	0.34997	0.279976
1/2/2021 13:00	1/2/2021	13	oos	train	0	0	-0.4	0	53.27423111	17.58049627	35.69373484	0.30174	0.35174	0.281392
1/2/2021 14:00	1/2/2021	14	oos	train	0	0	-0.43	0	27.25129778	8.992928267	18.25836951	0.41506	0.46506	0.372048
1/2/2021 15:00	1/2/2021	15	oos	train	0	0	-0.46	0	27.20038889	8.976128334	18.22426056	0.61497	0.66497	0.531976
1/2/2021 16:00	1/2/2021	16	oos	train	0	0	-0.49	0	25.54391778	8.429492867	17.11442491	0.632	0.682	0.5456
1/2/2021 17:00	1/2/2021	17	oos	train	0	0	-0.48	0	39.65516889	13.08620573	26.56896316	0.625	0.675	0.54
1/2/2021 18:00	1/2/2021	18	oos	train	0	0	-0.51	0	61.59875556	20.32758933	41.27116623	0.31271	0.36271	0.290168
1/2/2021 19:00	1/2/2021	19	oos	train	0	0	-0.48	0	38.47885778	12.69802307	25.78083471	0.28597	0.33597	0.268776
1/2/2021 20:00	1/2/2021	20	oos	train	0	0	-0.5	0	26.50055333	8.745182599	17.75537073	0.28158	0.33158	0.265264
1/2/2021 21:00	1/2/2021	21	oos	train	0	0	-0.53	0	27.05487333	8.928108199	18.12676513	0.28043	0.33043	0.264344
1/2/2021 22:00	1/2/2021	22	oos	train	0	0	-0.56	0	22.77400444	7.515421465	15.25858297	0.27093	0.32093	0.256744
1/2/2021 23:00	1/2/2021	23	oos	train	0	0	-0.58	0	21.86701778	7.216115867	14.65090191	0.26393	0.31393	0.251144
1/3/2021 0:00	1/3/2021	0	oos	train	0	0	-0.55	0	24.13659778	7.965077267	16.17152051	0.25683	0.30683	0.245464
1/3/2021 1:00	1/3/2021	1	oos	train	0	0	-0.56	0	27.45226222	9.059246533	18.39301569	0.24921	0.29921	0.239368
1/3/2021 2:00	1/3/2021	2	oos	train	0	0	-0.61	0	24.37446444	8.043573265	16.33089117	0.24618	0.29618	0.236944
1/3/2021 3:00	1/3/2021	3	oos	train	0	0	-0.58	0	25.65218444	8.465220865	17.18696357	0.24534	0.29534	0.236272
1/3/2021 4:00	1/3/2021	4	oos	train	0	0	-0.57	0	24.60456667	8.119507001	16.48505967	0.2491	0.2991	0.23928
1/3/2021 5:00	1/3/2021	5	oos	train	0	0	-0.6	0	22.94001111	7.570203666	15.36980744	0.25119	0.30119	0.240952
1/3/2021 6:00	1/3/2021	6	oos	train	0	0	-0.62	0	22.09211333	7.290397399	14.80171593	0.25902	0.30902	0.247216
1/3/2021 7:00	1/3/2021	7	oos	train	0	0	-0.63	0	28.80402889	9.505329534	19.29869936	0.2608	0.3108	0.24864
1/3/2021 8:00	1/3/2021	8	oos	train	0	0	-0.6	0	28.22317556	9.313647935	18.90952763	0.2679	0.3179	0.25432
1/3/2021 9:00	1/3/2021	9	oos	train	0	0	-0.59	0	30.38993556	10.02867873	20.36125683	0.27156	0.32156	0.257248
1/3/2021 10:00	1/3/2021	10	oos	train	0	0	-0.61	0	26.13494667	8.624532401	17.51041427	0.27229	0.32229	0.257832
1/3/2021 11:00	1/3/2021	11	oos	train	0	0	-0.6	0	26.25441778	8.663957867	17.59045991	0.2702	0.3202	0.25616
1/3/2021 12:00	1/3/2021	12	oos	train	0	0	-0.6	0	27.53621111	9.086949666	18.44926144	0.26978	0.31978	0.255824
1/3/2021 13:00	1/3/2021	13	oos	train	0	0	-0.58	0	49.14986222	16.21945453	32.93040769	0.27177	0.32177	0.257416
1/3/2021 14:00	1/3/2021	14	oos	train	0	0	-0.58	0	38.56325778	12.72587507	25.83738271	0.27678	0.32678	0.261424
1/3/2021 15:00	1/3/2021	15	oos	train	0	0	-0.59	0	33.5249	11.063217	22.461683	0.29297	0.34297	0.274376
1/3/2021 16:00	1/3/2021	16	oos	train	0	0	-0.63	0	30.24055111	9.979381866	20.26116924	0.29798	0.34798	0.278384
1/3/2021 17:00	1/3/2021	17	oos	train	0	0	-0.64	0	29.30010222	9.669033733	19.63106849	0.29422	0.34422	0.275376
1/3/2021 18:00	1/3/2021	18	oos	train	0	0	-0.62	0	68.43847111	22.58469547	45.85377564	0.29161	0.34161	0.273288
1/3/2021 19:00	1/3/2021	19	oos	train	0	0	-0.63	0	36.41738222	12.01773613	24.39964609	0.28785	0.33785	0.27028
1/3/2021 20:00	1/3/2021	20	oos	train	0	0	-0.65	0	30.92387333	10.2048782	20.71899513	0.28242	0.33242	0.265936
1/3/2021 21:00	1/3/2021	21	oos	train	0	0	-0.64	0	28.77082889	9.494373534	19.27645536	0.27344	0.32344	0.258752
1/3/2021 22:00	1/3/2021	22	oos	train	0	0	-0.63	0	29.11493778	9.607929467	19.50700831	0.26028	0.31028	0.248224
1/3/2021 23:00	1/3/2021	23	oos	train	0	0	-0.65	0	23.88344444	7.881536665	16.00190777	0.25756	0.30756	0.246048
1/4/2021 0:00	1/4/2021	0	oos	train	0	0	-0.64	0	22.81627111	7.529369466	15.28690164	0.25119	0.30119	0.240952
1/4/2021 1:00	1/4/2021	1	oos	train	0	0	-0.64	0	24.54102	8.0985366	16.4424834	0.24941	0.29941	0.239528
1/4/2021 2:00	1/4/2021	2	oos	train	0	0	-0.61	0	25.30529778	8.350748267	16.95454951	0.25098	0.30098	0.240784
1/4/2021 3:00	1/4/2021	3	oos	train	0	0	-0.63	0	27.28798444	9.005034865	18.28294957	0.25673	0.30673	0.245384
1/4/2021 4:00	1/4/2021	4	oos	train	0	0	-0.63	0	24.41446222	8.056772533	16.35768969	0.26989	0.31989	0.255912
1/4/2021 5:00	1/4/2021	5	oos	train	0	0	-0.66	0	22.26353111	7.346965266	14.91656584	0.29464	0.34464	0.275712
1/4/2021 6:00	1/4/2021	6	oos	train	0	0	-0.68	0	26.03052	8.5900716	17.4404484	0.32221	0.37221	0.297768
1/4/2021 7:00	1/4/2021	7	oos	train	0	0	-0.63	0	29.84704667	9.849525401	19.99752127	0.51387	0.56387	0.451096
1/4/2021 8:00	1/4/2021	8	oos	train	0	0	-0.66	0	29.24464	9.6507312	19.5939088	0.52243	0.57243	0.457944
1/4/2021 9:00	1/4/2021	9	oos	train	0	0	-0.66	0	31.09988444	10.26296187	20.83692257	0.57863	0.62863	0.502904
1/4/2021 10:00	1/4/2021	10	oos	train	0	0	-0.66	0	29.22824667	9.645321401	19.58292527	0.59043	0.64043	0.512344
1/4/2021 11:00	1/4/2021	11	oos	train	0	0	-0.61	0	28.06036444	9.259920265	18.80044417	0.54385	0.59385	0.47508
1/4/2021 12:00	1/4/2021	12	oos	train	0	0	-0.59	0	25.92227333	8.554350199	17.36792313	0.59043	0.64043	0.512344
1/4/2021 13:00	1/4/2021	13	oos	train	0	0	-0.62	0	30.07948444	9.926229865	20.15325457	0.60568	0.65568	0.524544
1/4/2021 14:00	1/4/2021	14	oos	train	0	0	-0.68	0	49.26383111	16.25706427	33.00676684	0.60609	0.65609	0.524872
1/4/2021 15:00	1/4/2021	15	oos	train	0	0	-0.68	0	43.31202222	14.29296733	29.01905489	0.63189	0.68189	0.545512
1/4/2021 16:00	1/4/2021	16	oos	train	0	0	-0.63	0	28.44125111	9.385612866	19.05563824	0.68119	0.73119	0.584952
1/4/2021 17:00	1/4/2021	17	oos	train	0	0	-0.63	0	24.25057333	8.002689199	16.24788413	0.62719	0.67719	0.541752
1/4/2021 18:00	1/4/2021	18	oos	train	0	0	-0.65	0	36.33175556	11.98947933	24.34227623	0.56118	0.61118	0.488944
1/4/2021 19:00	1/4/2021	19	oos	train	0	0	-0.63	0	61.89983111	20.42694427	41.47288684	0.39355	0.44355	0.35484
1/4/2021 20:00	1/4/2021	20	oos	train	0	0	-0.68	0	48.93447556	16.14837693	32.78609863	0.36368	0.41368	0.330944
1/4/2021 21:00	1/4/2021	21	oos	train	0	0	-0.64	0	33.39313333	11.019734	22.37339933	0.32326	0.37326	0.298608
1/4/2021 22:00	1/4/2021	22	oos	train	0	0	-0.61	0	28.52353333	9.412765999	19.11076733	0.28566	0.33566	0.268528
1/4/2021 23:00	1/4/2021	23	oos	train	0	0	-0.63	0	23.751	7.83783	15.91317	0.29023	0.34023	0.272184
1/5/2021 0:00	1/5/2021	0	oos	train	0	0	-0.58	0	21.39157111	7.059218466	14.33235264	0.28647	0.33647	0.269176
1/5/2021 1:00	1/5/2021	1	oos	train	0	0	-0.65	0	25.75981333	8.500738399	17.25907493	0.28261	0.33261	0.266088
1/5/2021 2:00	1/5/2021	2	oos	train	0	0	-0.63	0	26.58316889	8.772445734	17.81072316	0.28323	0.33323	0.266584
1/5/2021 3:00	1/5/2021	3	oos	train	0	0	-0.59	0	25.77679333	8.506341799	17.27045153	0.29002	0.34002	0.272016
1/5/2021 4:00	1/5/2021	4	oos	train	0	0	-0.65	0	24.68148	8.1448884	16.5365916	0.3111	0.3611	0.28888
1/5/2021 5:00	1/5/2021	5	oos	train	0	0	-0.61	0	23.91436	7.8917388	16.0226212	0.3734	0.4234	0.33872
1/5/2021 6:00	1/5/2021	6	oos	train	0	0	-0.52	0	23.56656667	7.776967001	15.78959967	0.55979	0.60979	0.487832
1/5/2021 7:00	1/5/2021	7	oos	train	0	0	-0.48	0	28.98267111	9.564281466	19.41838964	0.62616	0.67616	0.540928
1/5/2021 8:00	1/5/2021	8	oos	train	0	0	-0.59	0	31.19449556	10.29418353	20.90031203	0.62741	0.67741	0.541928
1/5/2021 9:00	1/5/2021	9	oos	train	0	0	-0.1	0	25.25680667	8.334746201	16.92206047	0.63847	0.68847	0.550776
1/5/2021 10:00	1/5/2021	10	oos	train	0	0	6.99	6.99	27.44171556	9.055766135	18.38594943	0.65183	0.70183	0.561464
1/5/2021 11:00	1/5/2021	11	oos	train	0	0	-0.55	0	22.74213778	7.504905467	15.23723231	0.64161	0.69161	0.553288
1/5/2021 12:00	1/5/2021	12	oos	train	0	0	-0.5	0	25.29373556	8.346932735	16.94680283	0.65006	0.70006	0.560048
1/5/2021 13:00	1/5/2021	13	oos	train	0	0	-0.51	0	31.88321333	10.5214604	21.36175293	0.64745	0.69745	0.55796
1/5/2021 14:00	1/5/2021	14	oos	train	0	0	-0.5	0	21.14836222	6.978959533	14.16940269	0.65235	0.70235	0.56188
1/5/2021 15:00	1/5/2021	15	oos	train	0	0	-0.5	0	24.26539556	8.007580535	16.25781503	0.67062	0.72062	0.576496
1/5/2021 16:00	1/5/2021	16	oos	train	0	0	-0.39	0	36.27883333	11.972015	24.30681833	0.6846	0.7346	0.58768
1/5/2021 17:00	1/5/2021	17	oos	train	0	0	-0.4	0	62.00016889	20.46005573	41.54011316	0.62752	0.67752	0.542016
1/5/2021 18:00	1/5/2021	18	oos	train	0	0	-0.43	0	67.38612	22.2374196	45.1487004	0.57043	0.62043	0.496344
1/5/2021 19:00	1/5/2021	19	oos	train	0	0	-0.42	0	53.41400444	17.62662147	35.78738297	0.42558	0.47558	0.380464
1/5/2021 20:00	1/5/2021	20	oos	train	0	0	-0.43	0	33.18920889	10.95243893	22.23676996	0.41327	0.46327	0.370616
1/5/2021 21:00	1/5/2021	21	oos	train	0	0	3.41	3.41	28.80793333	9.506617999	19.30131533	0.33458	0.38458	0.307664
1/5/2021 22:00	1/5/2021	22	oos	train	0	0	-0.52	0	28.15722222	9.291883333	18.86533889	0.30484	0.35484	0.283872
1/5/2021 23:00	1/5/2021	23	oos	train	0	0	-0.57	0	18.59764556	6.137223035	12.46042253	0.31239	0.36239	0.289912
1/6/2021 0:00	1/6/2021	0	oos	train	0	0	-0.52	0	20.21325778	6.670375067	13.54288271	0.30076	0.35076	0.280608
1/6/2021 1:00	1/6/2021	1	oos	train	0	0	0.77	0.77	23.62432444	7.796027065	15.82829737	0.29438	0.34438	0.275504
1/6/2021 2:00	1/6/2021	2	oos	train	0	0	1.65	1.65	24.40639111	8.054109066	16.35228204	0.29301	0.34301	0.274408
1/6/2021 3:00	1/6/2021	3	oos	train	0	0	0.19	0.19	25.8394	8.527002	17.312398	0.2949	0.3449	0.27592
1/6/2021 4:00	1/6/2021	4	oos	train	0	0	9.21	9.21	22.03397556	7.271211935	14.76276363	0.3037	0.3537	0.28296
1/6/2021 5:00	1/6/2021	5	oos	train	0	0	4.83	4.83	23.56152444	7.775303065	15.78622137	0.32171	0.37171	0.297368
1/6/2021 6:00	1/6/2021	6	oos	train	0	0	12.86	12.86	23.06591333	7.611751399	15.45416193	0.37219	0.42219	0.337752
1/6/2021 7:00	1/6/2021	7	oos	train	0	0	15.78	15.78	26.00903111	8.582980266	17.42605084	0.4103	0.4603	0.36824
1/6/2021 8:00	1/6/2021	8	oos	train	0	0	18.75	18.75	33.49807778	11.05436567	22.44371211	0.43858	0.48858	0.390864
1/6/2021 9:00	1/6/2021	9	oos	train	0	0	24.07	24.07	30.61118444	10.10169087	20.50949357	0.48246	0.53246	0.425968
1/6/2021 10:00	1/6/2021	10	oos	train	0	0	16.66	16.66	25.54248889	8.429021334	17.11346756	0.47408	0.52408	0.419264
1/6/2021 11:00	1/6/2021	11	oos	train	0	0	5.66	5.66	23.99149778	7.917194267	16.07430351	0.48392	0.53392	0.427136
1/6/2021 12:00	1/6/2021	12	oos	train	0	0	4.63	4.63	27.65408222	9.125847133	18.52823509	0.49586	0.54586	0.436688
1/6/2021 13:00	1/6/2021	13	oos	train	0	0	14.57	14.57	64.11504889	21.15796613	42.95708276	0.53733	0.58733	0.469864
1/6/2021 14:00	1/6/2021	14	oos	train	0	0	14.28	14.28	33.13882444	10.93581207	22.20301237	0.57493	0.62493	0.499944
1/6/2021 15:00	1/6/2021	15	oos	train	0	0	15.92	15.92	32.60208	10.7586864	21.8433936	0.61158	0.66158	0.529264
1/6/2021 16:00	1/6/2021	16	oos	train	0	0	13.3	13.3	30.43493778	10.04352947	20.39140831	0.6276	0.6776	0.54208
1/6/2021 17:00	1/6/2021	17	oos	train	0	0	10.19	10.19	32.80513333	10.825694	21.97943933	0.58299	0.63299	0.506392
1/6/2021 18:00	1/6/2021	18	oos	train	0	0	-0.48	0	68.86083111	22.72407427	46.13675684	0.52623	0.57623	0.460984
1/6/2021 19:00	1/6/2021	19	oos	train	0	0	0.93	0.93	68.42701778	22.58091587	45.84610191	0.41722	0.46722	0.373776
1/6/2021 20:00	1/6/2021	20	oos	train	0	0	-0.64	0	43.77479556	14.44568253	29.32911303	0.41816	0.46816	0.374528
1/6/2021 21:00	1/6/2021	21	oos	train	0	0	-0.58	0	27.04621333	8.925250399	18.12096293	0.40528	0.45528	0.364224
1/6/2021 22:00	1/6/2021	22	oos	train	0	0	-0.61	0	21.61600889	7.133282934	14.48272596	0.34035	0.39035	0.31228
1/6/2021 23:00	1/6/2021	23	oos	train	0	0	0.88	0.88	21.67274	7.1520042	14.5207358	0.44702	0.49702	0.397616
1/7/2021 0:00	1/7/2021	0	oos	train	0	0	-0.64	0	25.41945556	8.388420335	17.03103523	0.4244	0.4744	0.37952
1/7/2021 1:00	1/7/2021	1	oos	train	0	0	1.08	1.08	27.77360889	9.165290934	18.60831796	0.40666	0.45666	0.365328
1/7/2021 2:00	1/7/2021	2	oos	train	0	0	7.97	7.97	23.07188	7.6137204	15.4581596	0.41278	0.46278	0.370224
1/7/2021 3:00	1/7/2021	3	oos	train	0	0	20.04	20.04	22.19030444	7.322800465	14.86750397	0.42834	0.47834	0.382672
1/7/2021 4:00	1/7/2021	4	oos	train	0	0	4.17	4.17	26.65868444	8.797365865	17.86131857	0.47255	0.52255	0.41804
1/7/2021 5:00	1/7/2021	5	oos	train	0	0	9.57	9.57	24.60146444	8.118483265	16.48298117	0.58077	0.63077	0.504616
1/7/2021 6:00	1/7/2021	6	oos	train	0	0	17.45	17.45	25.60815778	8.450692067	17.15746571	0.70353	0.75353	0.602824
1/7/2021 7:00	1/7/2021	7	oos	train	0	0	30.12	30.12	25.27377556	8.340345935	16.93342963	0.87609	0.92609	0.740872
1/7/2021 8:00	1/7/2021	8	oos	train	0.0028889	0.0028889	31.53	31.53	27.28559556	9.004246535	18.28134903	0.87017	0.92017	0.736136
1/7/2021 9:00	1/7/2021	9	oos	train	5.6665001	5.6665001	18.72	18.72	33.07166667	10.91365	22.15801667	0.85544	0.90544	0.724352
1/7/2021 10:00	1/7/2021	10	oos	train	20.4967495	20.4967495	22.48	22.48	27.79922444	9.173744065	18.62548037	0.89228	0.94228	0.753824
1/7/2021 11:00	1/7/2021	11	oos	train	23.0233335	23.0233335	13.81	13.81	23.9524	7.904292	16.048108	0.87899	0.92899	0.743192
1/7/2021 12:00	1/7/2021	12	oos	train	18.7360835	18.7360835	9.06	9.06	46.44678222	15.32743813	31.11934409	0.85388	0.90388	0.723104
1/7/2021 13:00	1/7/2021	13	oos	train	3.0987499	3.0987499	5.45	5.45	30.81907333	10.1702942	20.64877913	0.8158	0.8658	0.69264
1/7/2021 14:00	1/7/2021	14	oos	train	0.0002	0.0002	-0.55	0	26.77042889	8.834241534	17.93618736	0.84641	0.89641	0.717128
1/7/2021 15:00	1/7/2021	15	oos	train	0	0	5.85	5.85	25.32940667	8.358704201	16.97070247	0.93056	0.98056	0.784448
1/7/2021 16:00	1/7/2021	16	oos	train	0	0	15.92	15.92	27.97673333	9.232321999	18.74441133	1.03672	1.08672	0.869376
1/7/2021 17:00	1/7/2021	17	oos	train	0	0	10.99	10.99	28.50855111	9.407821866	19.10072924	0.87806	0.92806	0.742448
1/7/2021 18:00	1/7/2021	18	oos	train	0	0	16.06	16.06	58.08011556	19.16643813	38.91367743	0.80719	0.85719	0.685752
1/7/2021 19:00	1/7/2021	19	oos	train	0	0	13.6	13.6	67.10757778	22.14550067	44.96207711	0.67655	0.72655	0.58124
1/7/2021 20:00	1/7/2021	20	oos	train	0	0	9.7	9.7	33.03974889	10.90311713	22.13663176	0.61564	0.66564	0.532512
1/7/2021 21:00	1/7/2021	21	oos	train	0	0	3.55	3.55	29.35598444	9.687474865	19.66850957	0.60453	0.65453	0.523624
1/7/2021 22:00	1/7/2021	22	oos	train	0	0	6.22	6.22	27.75429556	9.158917535	18.59537803	0.5291	0.5791	0.46328
1/7/2021 23:00	1/7/2021	23	oos	train	0	0	10.22	10.22	26.21029778	8.649398267	17.56089951	0.5113	0.5613	0.44904
1/8/2021 0:00	1/8/2021	0	oos	train	0	0	9.09	9.09	27.04872	8.9260776	18.1226424	0.49128	0.54128	0.433024
1/8/2021 1:00	1/8/2021	1	oos	train	0	0	13.59	13.59	28.71801778	9.476945867	19.24107191	0.47469	0.52469	0.419752
1/8/2021 2:00	1/8/2021	2	oos	train	0	0	11.21	11.21	24.37577333	8.044005199	16.33176813	0.46152	0.51152	0.409216
1/8/2021 3:00	1/8/2021	3	oos	train	0	0	7.52	7.52	27.11538444	8.948076865	18.16730757	0.47376	0.52376	0.419008
1/8/2021 4:00	1/8/2021	4	oos	train	0	0	5.05	5.05	23.28588444	7.684341865	15.60154257	0.52187	0.57187	0.457496
1/8/2021 5:00	1/8/2021	5	oos	train	0	0	4.71	4.71	25.29437333	8.347143199	16.94723013	0.61913	0.66913	0.535304
1/8/2021 6:00	1/8/2021	6	oos	train	0	0	0.16	0.16	24.10041333	7.953136399	16.14727693	0.82496	0.87496	0.699968
1/8/2021 7:00	1/8/2021	7	oos	train	0	0	15.37	15.37	28.776	9.49608	19.27992	1.07361	1.12361	0.898888
1/8/2021 8:00	1/8/2021	8	oos	train	0	0	20.72	20.72	35.90526889	11.84873873	24.05653016	1.11778	1.16778	0.934224
1/8/2021 9:00	1/8/2021	9	oos	train	1.8839167	1.8839167	7.97	7.97	27.83191556	9.184532135	18.64738343	1.1128	1.1628	0.93024
1/8/2021 10:00	1/8/2021	10	oos	train	2.2360834	2.2360834	9.87	9.87	27.10522889	8.944725534	18.16050336	1.08107	1.13107	0.904856
1/8/2021 11:00	1/8/2021	11	oos	train	2.1270833	2.1270833	4.66	4.66	23.91059333	7.890495799	16.02009753	1.03597	1.08597	0.868776
1/8/2021 12:00	1/8/2021	12	oos	train	1.724	1.724	2.29	2.29	27.69040889	9.137834934	18.55257396	0.98785	1.03785	0.83028
1/8/2021 13:00	1/8/2021	13	oos	train	0.2334167	0.2334167	-0.53	0	43.10467111	14.22454147	28.88012964	0.96141	1.01141	0.809128
1/8/2021 14:00	1/8/2021	14	oos	train	0	0	-0.57	0	40.54469778	13.37975027	27.16494751	0.98941	1.03941	0.831528
1/8/2021 15:00	1/8/2021	15	oos	train	0	0	-0.56	0	25.34347556	8.363346935	16.98012863	0.98506	1.03506	0.828048
1/8/2021 16:00	1/8/2021	16	oos	train	0	0	-0.54	0	26.49819556	8.744404535	17.75379103	1.14059	1.19059	0.952472
1/8/2021 17:00	1/8/2021	17	oos	train	0	0	-0.54	0	43.99939556	14.51980053	29.47959503	1.03638	1.08638	0.869104
1/8/2021 18:00	1/8/2021	18	oos	train	0	0	-0.57	0	62.38826222	20.58812653	41.80013569	0.83076	0.88076	0.704608
1/8/2021 19:00	1/8/2021	19	oos	train	0	0	-0.55	0	67.86708444	22.39613787	45.47094657	0.63749	0.68749	0.549992
1/8/2021 20:00	1/8/2021	20	oos	train	0	0	-0.58	0	29.15233556	9.620270735	19.53206483	0.61623	0.66623	0.532984
1/8/2021 21:00	1/8/2021	21	oos	train	0	0	0.22	0.22	26.03485778	8.591503067	17.44335471	0.58295	0.63295	0.50636
1/8/2021 22:00	1/8/2021	22	oos	train	0	0	5.06	5.06	23.14788444	7.638801865	15.50908257	0.52343	0.57343	0.458744
1/8/2021 23:00	1/8/2021	23	oos	train	0	0	-0.6	0	23.85908	7.8734964	15.9855836	0.49057	0.54057	0.432456
1/9/2021 0:00	1/9/2021	0	oos	train	0	0	-0.6	0	27.57639333	9.100209799	18.47618353	0.48501	0.53501	0.428008
1/9/2021 1:00	1/9/2021	1	oos	train	0	0	3.7	3.7	27.31581556	9.014219135	18.30159643	0.47923	0.52923	0.423384
1/9/2021 2:00	1/9/2021	2	oos	train	0	0	-0.29	0	21.97625778	7.252165067	14.72409271	0.4915	0.5415	0.4332
1/9/2021 3:00	1/9/2021	3	oos	train	0	0	-0.62	0	23.86467111	7.875341466	15.98932964	0.49532	0.54532	0.436256
1/9/2021 4:00	1/9/2021	4	oos	train	0	0	-0.59	0	26.52818222	8.754300133	17.77388209	0.44407	0.49407	0.395256
1/9/2021 5:00	1/9/2021	5	oos	train	0	0	-0.67	0	27.85537778	9.192274667	18.66310311	0.43799	0.48799	0.390392
1/9/2021 6:00	1/9/2021	6	oos	train	0	0	-0.63	0	22.13077556	7.303155935	14.82761963	0.42015	0.47015	0.37612
1/9/2021 7:00	1/9/2021	7	oos	train	0	0	-0.62	0	25.81318444	8.518350865	17.29483357	0.42459	0.47459	0.379672
1/9/2021 8:00	1/9/2021	8	oos	train	0.0083636	0.0083636	-0.61	0	28.85991778	9.523772867	19.33614491	0.43191	0.48191	0.385528
1/9/2021 9:00	1/9/2021	9	oos	train	0.9768333	0.9768333	-0.62	0	28.27742222	9.331549333	18.94587289	0.42778	0.47778	0.382224
1/9/2021 10:00	1/9/2021	10	oos	train	2.669	2.669	-0.56	0	30.52449111	10.07308207	20.45140904	0.41221	0.46221	0.369768
1/9/2021 11:00	1/9/2021	11	oos	train	5.2125	5.2125	-0.56	0	34.55532667	11.4032578	23.15206887	0.40118	0.45118	0.360944
1/9/2021 12:00	1/9/2021	12	oos	train	2.3263333	2.3263333	-0.44	0	30.24390222	9.980487733	20.26341449	0.39097	0.44097	0.352776
1/9/2021 13:00	1/9/2021	13	oos	train	0.246	0.246	-0.57	0	31.96470667	10.5483532	21.41635347	0.38788	0.43788	0.350304
1/9/2021 14:00	1/9/2021	14	oos	train	0	0	-0.54	0	28.29195556	9.336345335	18.95561023	0.3951	0.4451	0.35608
1/9/2021 15:00	1/9/2021	15	oos	train	0	0	-0.52	0	35.53235111	11.72567587	23.80667524	0.40242	0.45242	0.361936
1/9/2021 16:00	1/9/2021	16	oos	train	0	0	0.91	0.91	46.9228	15.484524	31.438276	0.40634	0.45634	0.365072
1/9/2021 17:00	1/9/2021	17	oos	train	0	0	-0.53	0	55.29497778	18.24734267	37.04763511	0.4117	0.4617	0.36936
1/9/2021 18:00	1/9/2021	18	oos	train	0	0	29.64	29.64	47.78751556	15.76988013	32.01763543	0.40551	0.45551	0.364408
1/9/2021 19:00	1/9/2021	19	oos	train	0	0	3.91	3.91	31.14256889	10.27704773	20.86552116	0.39871	0.44871	0.358968
1/9/2021 20:00	1/9/2021	20	oos	train	0	0	9.4	9.4	29.75057333	9.817689199	19.93288413	0.39716	0.44716	0.357728
1/9/2021 21:00	1/9/2021	21	oos	train	0	0	-0.38	0	27.04976444	8.926422265	18.12334217	0.40974	0.45974	0.367792
1/9/2021 22:00	1/9/2021	22	oos	train	0	0	3.9	3.9	26.38744667	8.707857401	17.67958927	0.37778	0.42778	0.342224
1/9/2021 23:00	1/9/2021	23	oos	train	0	0	13.37	13.37	23.55947111	7.774625466	15.78484564	0.36877	0.41877	0.335016
1/10/2021 0:00	1/10/2021	0	oos	train	0	0	13.34	13.34	24.53638889	8.097008334	16.43938056	0.33722	0.38722	0.309776
1/10/2021 1:00	1/10/2021	1	oos	train	0	0	24.05	24.05	24.71463111	8.155828266	16.55880284	0.32325	0.37325	0.2986
1/10/2021 2:00	1/10/2021	2	oos	train	0	0	31.11	31.11	23.96393778	7.908099467	16.05583831	0.3129	0.3629	0.29032
1/10/2021 3:00	1/10/2021	3	oos	train	0	0	39.92	39.92	29.00440667	9.571454201	19.43295247	0.30235	0.35235	0.28188
1/10/2021 4:00	1/10/2021	4	oos	train	0	0	47.71	47.71	22.38094444	7.385711665	14.99523277	0.307	0.357	0.2856
1/10/2021 5:00	1/10/2021	5	oos	train	0	0	46.24	46.24	21.35806667	7.048162001	14.30990467	0.31362	0.36362	0.290896
1/10/2021 6:00	1/10/2021	6	oos	train	0	0	40.34	40.34	21.52814667	7.104288401	14.42385827	0.3128	0.3628	0.29024
1/10/2021 7:00	1/10/2021	7	oos	train	0	0	40.52	40.52	26.07873556	8.605982735	17.47275283	0.33359	0.38359	0.306872
1/10/2021 8:00	1/10/2021	8	oos	train	0	0	26.16	26.16	31.03278	10.2408174	20.7919626	0.36081	0.41081	0.328648
1/10/2021 9:00	1/10/2021	9	oos	train	0	0	26.38	26.38	32.00533333	10.56176	21.44357333	0.40157	0.45157	0.361256
1/10/2021 10:00	1/10/2021	10	oos	train	0	0	32.73	32.73	25.20657556	8.318169935	16.88840563	0.41378	0.46378	0.371024
1/10/2021 11:00	1/10/2021	11	oos	train	0.0144166	0.0144166	21.62	21.62	24.26215111	8.006509866	16.25564124	0.41378	0.46378	0.371024
1/10/2021 12:00	1/10/2021	12	oos	train	0.0026212	0.0026212	13.5	13.5	21.73042667	7.171040801	14.55938587	0.41627	0.46627	0.373016
1/10/2021 13:00	1/10/2021	13	oos	train	0	0	16.45	16.45	50.23412	16.5772596	33.6568604	0.44493	0.49493	0.395944
1/10/2021 14:00	1/10/2021	14	oos	train	0	0	18.47	18.47	38.39255556	12.66954333	25.72301223	0.48011	0.53011	0.424088
1/10/2021 15:00	1/10/2021	15	oos	train	0	0	17.19	17.19	25.52475111	8.423167866	17.10158324	0.51664	0.56664	0.453312
1/10/2021 16:00	1/10/2021	16	oos	train	0	0	19.18	19.18	23.30790444	7.691608465	15.61629597	0.56858	0.61858	0.494864
1/10/2021 17:00	1/10/2021	17	oos	train	0	0	33.35	33.35	21.47329111	7.086186066	14.38710504	0.55192	0.60192	0.481536
1/10/2021 18:00	1/10/2021	18	oos	train	0	0	34.98	34.98	32.62993556	10.76787873	21.86205683	0.51105	0.56105	0.44884
1/10/2021 19:00	1/10/2021	19	oos	train	0	0	42.4	42.4	64.43156	21.2624148	43.1691452	0.48042	0.53042	0.424336
1/10/2021 20:00	1/10/2021	20	oos	train	0	0	32.01	32.01	66.13434667	21.8243344	44.31001227	0.46035	0.51035	0.40828
1/10/2021 21:00	1/10/2021	21	oos	train	0	0	-0.31	0	50.47254667	16.6559404	33.81660627	0.41461	0.46461	0.371688
1/10/2021 22:00	1/10/2021	22	oos	train	0	0	-0.45	0	27.77263111	9.164968266	18.60766284	0.37126	0.42126	0.337008
1/10/2021 23:00	1/10/2021	23	oos	train	0	0	-0.5	0	25.14690444	8.298478465	16.84842597	0.4201	0.4701	0.37608
1/11/2021 0:00	1/11/2021	0	oos	train	0	0	-0.54	0	22.23657333	7.338069199	14.89850413	0.40965	0.45965	0.36772
1/11/2021 1:00	1/11/2021	1	oos	train	0	0	-0.5	0	25.19674667	8.314926401	16.88182027	0.39092	0.44092	0.352736
1/11/2021 2:00	1/11/2021	2	oos	train	0	0	-0.51	0	25.53369778	8.426120267	17.10757751	0.3666	0.4166	0.33328
1/11/2021 3:00	1/11/2021	3	oos	train	0	0	-0.54	0	27.92173111	9.214171266	18.70755984	0.38585	0.43585	0.34868
1/11/2021 4:00	1/11/2021	4	oos	train	0	0	-0.55	0	23.31421778	7.693691867	15.62052591	0.42848	0.47848	0.382784
1/11/2021 5:00	1/11/2021	5	oos	train	0	0	11.6	11.6	22.23518889	7.337612334	14.89757656	0.44265	0.49265	0.39412
1/11/2021 6:00	1/11/2021	6	oos	train	0	0	18.21	18.21	23.31254667	7.693140401	15.61940627	0.51477	0.56477	0.451816
1/11/2021 7:00	1/11/2021	7	oos	train	0	0	15.78	15.78	28.35192	9.3561336	18.9957864	0.53205	0.58205	0.46564
1/11/2021 8:00	1/11/2021	8	oos	train	0	0	15.28	15.28	31.19932	10.2957756	20.9035444	0.51343	0.56343	0.450744
1/11/2021 9:00	1/11/2021	9	oos	train	0	0	-0.43	0	30.64026889	10.11128873	20.52898016	0.49222	0.54222	0.433776
1/11/2021 10:00	1/11/2021	10	oos	train	0	0	-0.4	0	25.32304667	8.356605401	16.96644127	0.4619	0.5119	0.40952
1/11/2021 11:00	1/11/2021	11	oos	train	0	0	-0.34	0	27.55108444	9.091857865	18.45922657	0.44834	0.49834	0.398672
1/11/2021 12:00	1/11/2021	12	oos	train	0	0	-0.41	0	21.48246667	7.089214001	14.39325267	0.44089	0.49089	0.392712
1/11/2021 13:00	1/11/2021	13	oos	train	0	0	-0.48	0	26.85226889	8.861248734	17.99102016	0.4351	0.4851	0.38808
1/11/2021 14:00	1/11/2021	14	oos	train	0	0	-0.48	0	27.80181778	9.174599867	18.62721791	0.43779	0.48779	0.390232
1/11/2021 15:00	1/11/2021	15	oos	train	0	0	-0.5	0	44.56182667	14.7054028	29.85642387	0.44783	0.49783	0.398264
1/11/2021 16:00	1/11/2021	16	oos	train	0	0	-0.45	0	25.05526222	8.268236533	16.78702569	0.44017	0.49017	0.392136
1/11/2021 17:00	1/11/2021	17	oos	train	0	0	-0.51	0	30.13978444	9.946128865	20.19365557	0.43489	0.48489	0.387912
1/11/2021 18:00	1/11/2021	18	oos	train	0	0	-0.47	0	59.89364	19.7649012	40.1287388	0.41089	0.46089	0.368712
1/11/2021 19:00	1/11/2021	19	oos	train	0	0	-0.49	0	33.89648	11.1858384	22.7106416	0.38398	0.43398	0.347184
1/11/2021 20:00	1/11/2021	20	oos	train	0	0	-0.52	0	35.19819333	11.6154038	23.58278953	0.35429	0.40429	0.323432
1/11/2021 21:00	1/11/2021	21	oos	train	0	0	-0.49	0	32.84622444	10.83925407	22.00697037	0.34363	0.39363	0.314904
1/11/2021 22:00	1/11/2021	22	oos	train	0	0	-0.6	0	30.91599111	10.20227707	20.71371404	0.28341	0.33341	0.266728
1/11/2021 23:00	1/11/2021	23	oos	train	0	0	-0.58	0	26.12463556	8.621129735	17.50350583	0.27078	0.32078	0.256624
1/12/2021 0:00	1/12/2021	0	oos	train	0	0	-0.6	0	24.97458222	8.241612133	16.73297009	0.26323	0.31323	0.250584
1/12/2021 1:00	1/12/2021	1	oos	train	0	0	-0.61	0	27.06990667	8.933069201	18.13683747	0.25805	0.30805	0.24644
1/12/2021 2:00	1/12/2021	2	oos	train	0	0	10.89	10.89	24.93539556	8.228680535	16.70671503	0.25112	0.30112	0.240896
1/12/2021 3:00	1/12/2021	3	oos	train	0	0	10.64	10.64	28.08655111	9.268561866	18.81798924	0.27948	0.32948	0.263584
1/12/2021 4:00	1/12/2021	4	oos	train	0	0	28.95	28.95	23.86858444	7.876632865	15.99195157	0.3626	0.4126	0.33008
1/12/2021 5:00	1/12/2021	5	oos	train	0	0	34.79	34.79	22.81292444	7.528265065	15.28465937	0.34831	0.39831	0.318648
1/12/2021 6:00	1/12/2021	6	oos	train	0	0	32.25	32.25	24.48601111	8.080383666	16.40562744	0.34728	0.39728	0.317824
1/12/2021 7:00	1/12/2021	7	oos	train	0	0	39.42	39.42	27.55936889	9.094591734	18.46477716	0.35028	0.40028	0.320224
1/12/2021 8:00	1/12/2021	8	oos	train	0	0	38.52	38.52	32.41000222	10.69530073	21.71470149	0.34914	0.39914	0.319312
1/12/2021 9:00	1/12/2021	9	oos	train	0	0	44.57	44.57	31.16656	10.2849648	20.8815952	0.35235	0.40235	0.32188
1/12/2021 10:00	1/12/2021	10	oos	train	0	0	46.37	46.37	27.30944	9.0121152	18.2973248	0.35514	0.40514	0.324112
1/12/2021 11:00	1/12/2021	11	oos	train	0	0	28.13	28.13	23.63728444	7.800303865	15.83698057	0.35877	0.40877	0.327016
1/12/2021 12:00	1/12/2021	12	oos	train	0	0	35.33	35.33	23.90088444	7.887291865	16.01359257	0.36115	0.41115	0.32892
1/12/2021 13:00	1/12/2021	13	oos	train	0	0	48.5	48.5	45.14246222	14.89701253	30.24544969	0.36384	0.41384	0.331072
1/12/2021 14:00	1/12/2021	14	oos	train	0	0	31.53	31.53	26.82403556	8.851931735	17.97210383	0.36373	0.41373	0.330984
1/12/2021 15:00	1/12/2021	15	oos	train	0	0	13.19	13.19	33.12253556	10.93043673	22.19209883	0.36384	0.41384	0.331072
1/12/2021 16:00	1/12/2021	16	oos	train	0	0	27.59	27.59	30.08887111	9.929327466	20.15954364	0.36363	0.41363	0.330904
1/12/2021 17:00	1/12/2021	17	oos	train	0	0	23.1	23.1	24.98546667	8.245204001	16.74026267	0.36456	0.41456	0.331648
1/12/2021 18:00	1/12/2021	18	oos	train	0	0	39.51	39.51	47.49056889	15.67188773	31.81868116	0.36663	0.41663	0.333304
1/12/2021 19:00	1/12/2021	19	oos	train	0	0	18.86	18.86	44.42297333	14.6595812	29.76339213	0.3657	0.4157	0.33256
1/12/2021 20:00	1/12/2021	20	oos	train	0	0	-0.29	0	34.20647333	11.2881362	22.91833713	0.36467	0.41467	0.331736
1/12/2021 21:00	1/12/2021	21	oos	train	0	0	-0.35	0	34.25023111	11.30257627	22.94765484	0.36239	0.41239	0.329912
1/12/2021 22:00	1/12/2021	22	oos	train	0	0	4.31	4.31	28.2771	9.331443	18.945657	0.35835	0.40835	0.32668
1/12/2021 23:00	1/12/2021	23	oos	train	0	0	17.82	17.82	28.95612444	9.555521065	19.40060337	0.3425	0.3925	0.314
1/13/2021 0:00	1/13/2021	0	oos	train	0	0	13.07	13.07	26.9929	8.907657	18.085243	0.33628	0.38628	0.309024
1/13/2021 1:00	1/13/2021	1	oos	train	0	0	28.06	28.06	28.75032444	9.487607065	19.26271737	0.32747	0.37747	0.301976
1/13/2021 2:00	1/13/2021	2	oos	train	0	0	40.8	40.8	28.30936889	9.342091734	18.96727716	0.3198	0.3698	0.29584
1/13/2021 3:00	1/13/2021	3	oos	train	0	0	39.35	39.35	25.08887333	8.279328199	16.80954513	0.32851	0.37851	0.302808
1/13/2021 4:00	1/13/2021	4	oos	train	0	0	22.01	22.01	23.58315556	7.782441335	15.80071423	0.3817	0.4317	0.34536
1/13/2021 5:00	1/13/2021	5	oos	train	0	0	-0.39	0	22.74775333	7.506758599	15.24099473	0.37704	0.42704	0.341632
1/13/2021 6:00	1/13/2021	6	oos	train	0	0	-0.51	0	24.6716	8.141628	16.529972	0.38087	0.43087	0.344696
1/13/2021 7:00	1/13/2021	7	oos	train	0	0	5.79	5.79	29.49531556	9.733454135	19.76186143	0.45761	0.50761	0.406088
1/13/2021 8:00	1/13/2021	8	oos	train	0	0	4.67	4.67	29.21277111	9.640214466	19.57255664	0.43728	0.48728	0.389824
1/13/2021 9:00	1/13/2021	9	oos	train	0.6765	0.6765	-0.54	0	28.94102222	9.550537333	19.39048489	0.46746	0.51746	0.413968
1/13/2021 10:00	1/13/2021	10	oos	train	1.5724167	1.5724167	-0.54	0	33.07259778	10.91395727	22.15864051	0.45439	0.50439	0.403512
1/13/2021 11:00	1/13/2021	11	oos	train	1.8379167	1.8379167	-0.55	0	29.22159778	9.643127267	19.57847051	0.42743	0.47743	0.381944
1/13/2021 12:00	1/13/2021	12	oos	train	5.5048333	5.5048333	-0.43	0	30.11457778	9.937810667	20.17676711	0.41519	0.46519	0.372152
1/13/2021 13:00	1/13/2021	13	oos	train	3.6908333	3.6908333	-0.77	0	27.61854889	9.114121134	18.50442776	0.40928	0.45928	0.367424
1/13/2021 14:00	1/13/2021	14	oos	train	0.0031667	0.0031667	-0.64	0	36.25998889	11.96579633	24.29419256	0.42691	0.47691	0.381528
1/13/2021 15:00	1/13/2021	15	oos	train	0	0	-0.62	0	32.42810889	10.70127593	21.72683296	0.47606	0.52606	0.420848
1/13/2021 16:00	1/13/2021	16	oos	train	0	0	-0.64	0	32.96133333	10.87724	22.08409333	0.5754	0.6254	0.50032
1/13/2021 17:00	1/13/2021	17	oos	train	0	0	-0.64	0	32.09759556	10.59220653	21.50538903	0.56524	0.61524	0.492192
1/13/2021 18:00	1/13/2021	18	oos	train	0	0	12.8	12.8	44.94469778	14.83175027	30.11294751	0.49877	0.54877	0.439016
1/13/2021 19:00	1/13/2021	19	oos	train	0	0	7.87	7.87	70.02765778	23.10912707	46.91853071	0.48882	0.53882	0.431056
1/13/2021 20:00	1/13/2021	20	oos	train	0	0	18.79	18.79	50.6608	16.718064	33.942736	0.42391	0.47391	0.379128
1/13/2021 21:00	1/13/2021	21	oos	train	0	0	15.44	15.44	36.91200889	12.18096293	24.73104596	0.41499	0.46499	0.371992
1/13/2021 22:00	1/13/2021	22	oos	train	0	0	23.05	23.05	38.58204	12.7320732	25.8499668	0.39435	0.44435	0.35548
1/13/2021 23:00	1/13/2021	23	oos	train	0	0	18.96	18.96	35.87891111	11.84004067	24.03887044	0.3852	0.4352	0.34816
1/14/2021 0:00	1/14/2021	0	oos	train	0	0	24.05	24.05	29.95285556	9.884442335	20.06841323	0.38117	0.43117	0.344936
1/14/2021 1:00	1/14/2021	1	oos	train	0	0	22.79	22.79	31.27304222	10.32010393	20.95293829	0.38189	0.43189	0.345512
1/14/2021 2:00	1/14/2021	2	oos	train	0	0	26.8	26.8	31.04902444	10.24617807	20.80284637	0.4073	0.4573	0.36584
1/14/2021 3:00	1/14/2021	3	oos	train	0	0	29.1	29.1	32.65500889	10.77615293	21.87885596	0.43539	0.48539	0.388312
1/14/2021 4:00	1/14/2021	4	oos	train	0	0	29.37	29.37	29.09811111	9.602376666	19.49573444	0.46823	0.51823	0.414584
1/14/2021 5:00	1/14/2021	5	oos	train	0	0	22.87	22.87	29.73456444	9.812406265	19.92215817	0.56778	0.61778	0.494224
1/14/2021 6:00	1/14/2021	6	oos	train	0	0	20.51	20.51	30.27284222	9.990037933	20.28280429	0.84	0.89	0.712
1/14/2021 7:00	1/14/2021	7	oos	train	0	0	29.89	29.89	34.80887333	11.4869282	23.32194513	0.93976	0.98976	0.791808
1/14/2021 8:00	1/14/2021	8	oos	train	0.0013637	0.0013637	28.25	28.25	38.39088	12.6689904	25.7218896	0.92189	0.97189	0.777512
1/14/2021 9:00	1/14/2021	9	oos	train	3.9514166	3.9514166	19.88	19.88	43.76766222	14.44332853	29.32433369	0.92561	0.97561	0.780488
1/14/2021 10:00	1/14/2021	10	oos	train	9.5279998	9.5279998	15.8	15.8	37.83896889	12.48685973	25.35210916	0.94027	0.99027	0.792216
1/14/2021 11:00	1/14/2021	11	oos	train	11.7954167	11.7954167	16.46	16.46	38.17288889	12.59705333	25.57583556	0.91817	0.96817	0.774536
1/14/2021 12:00	1/14/2021	12	oos	train	10.1873332	10.1873332	17.17	17.17	30.24652222	9.981352333	20.26516989	0.92158	0.97158	0.777264
1/14/2021 13:00	1/14/2021	13	oos	train	4.3634166	4.3634166	15.68	15.68	30.07121556	9.923501135	20.14771443	0.88854	0.93854	0.750832
1/14/2021 14:00	1/14/2021	14	oos	train	0.0185	0.0185	18.06	18.06	47.57492	15.6997236	31.8751964	0.94193	0.99193	0.793544
1/14/2021 15:00	1/14/2021	15	oos	train	0	0	14.27	14.27	51.93640444	17.13901347	34.79739097	1.03208	1.08208	0.865664
1/14/2021 16:00	1/14/2021	16	oos	train	0	0	18.69	18.69	36.05382667	11.8977628	24.15606387	1.06513	1.11513	0.892104
1/14/2021 17:00	1/14/2021	17	oos	train	0	0	26.17	26.17	35.68774667	11.7769564	23.91079027	0.95401	1.00401	0.803208
1/14/2021 18:00	1/14/2021	18	oos	train	0	0	25.09	25.09	61.41515556	20.26700133	41.14815423	0.90568	0.95568	0.764544
1/14/2021 19:00	1/14/2021	19	oos	train	0	0	14.39	14.39	67.08902222	22.13937733	44.94964489	0.77019	0.82019	0.656152
1/14/2021 20:00	1/14/2021	20	oos	train	0	0	22.26	22.26	42.98977778	14.18662667	28.80315111	0.60589	0.65589	0.524712
1/14/2021 21:00	1/14/2021	21	oos	train	0	0	19.88	19.88	34.03258889	11.23075433	22.80183456	0.48774	0.53774	0.430192
1/14/2021 22:00	1/14/2021	22	oos	train	0	0	27.13	27.13	32.07887778	10.58602967	21.49284811	0.4358	0.4858	0.38864
1/14/2021 23:00	1/14/2021	23	oos	train	0	0	24.61	24.61	31.03674889	10.24212713	20.79462176	0.47079	0.52079	0.416632
1/15/2021 0:00	1/15/2021	0	oos	train	0	0	25.47	25.47	32.49379333	10.7229518	21.77084153	0.47223	0.52223	0.417784
1/15/2021 1:00	1/15/2021	1	oos	train	0	0	20.07	20.07	32.37070222	10.68233173	21.68837049	0.47007	0.52007	0.416056
1/15/2021 2:00	1/15/2021	2	oos	train	0	0	27.12	27.12	32.50842	10.7277786	21.7806414	0.46738	0.51738	0.413904
1/15/2021 3:00	1/15/2021	3	oos	train	0	0	26.28	26.28	30.00342222	9.901129333	20.10229289	0.46872	0.51872	0.414976
1/15/2021 4:00	1/15/2021	4	oos	train	0	0	26.58	26.58	29.42701111	9.710913666	19.71609744	0.46769	0.51769	0.414152
1/15/2021 5:00	1/15/2021	5	oos	train	0	0	16.71	16.71	30.88892667	10.1933458	20.69558087	0.42549	0.47549	0.380392
1/15/2021 6:00	1/15/2021	6	oos	train	0	0	10.78	10.78	30.70753556	10.13348673	20.57404883	0.46687	0.51687	0.413496
1/15/2021 7:00	1/15/2021	7	oos	train	0	0	21.55	21.55	34.59882667	11.4176128	23.18121387	0.46893	0.51893	0.415144
1/15/2021 8:00	1/15/2021	8	oos	train	0.0009091	0.0009091	16.17	16.17	38.46920889	12.69483893	25.77436996	0.468	0.518	0.4144
1/15/2021 9:00	1/15/2021	9	oos	train	1.9463333	1.9463333	20.27	20.27	35.42528667	11.6903446	23.73494207	0.46614	0.51614	0.412912
1/15/2021 10:00	1/15/2021	10	oos	train	0.988	0.988	33.15	33.15	36.81386222	12.14857453	24.66528769	0.46532	0.51532	0.412256
1/15/2021 11:00	1/15/2021	11	oos	train	1.241	1.241	38.03	38.03	35.91673111	11.85252127	24.06420984	0.43757	0.48757	0.390056
1/15/2021 12:00	1/15/2021	12	oos	train	0.6600833	0.6600833	2.3	2.3	35.06030889	11.56990193	23.49040696	0.43478	0.48478	0.387824
1/15/2021 13:00	1/15/2021	13	oos	train	0.0493333	0.0493333	-0.61	0	35.26514	11.6374962	23.6276438	0.43251	0.48251	0.386008
1/15/2021 14:00	1/15/2021	14	oos	train	0	0	-0.64	0	37.43872	12.3547776	25.0839424	0.43241	0.48241	0.385928
1/15/2021 15:00	1/15/2021	15	oos	train	0	0	-0.61	0	44.53012889	14.69494253	29.83518636	0.42921	0.47921	0.383368
1/15/2021 16:00	1/15/2021	16	oos	train	0	0	-0.63	0	49.01452889	16.17479453	32.83973436	0.42622	0.47622	0.380976
1/15/2021 17:00	1/15/2021	17	oos	train	0	0	10.21	10.21	31.54185778	10.40881307	21.13304471	0.42333	0.47333	0.378664
1/15/2021 18:00	1/15/2021	18	oos	train	0	0	3.54	3.54	31.42428222	10.37001313	21.05426909	0.41394	0.46394	0.371152
1/15/2021 19:00	1/15/2021	19	oos	train	0	0	3.86	3.86	58.55258222	19.32235213	39.23023009	0.41105	0.46105	0.36884
1/15/2021 20:00	1/15/2021	20	oos	train	0	0	-0.52	0	39.33903111	12.98188027	26.35715084	0.40991	0.45991	0.367928
1/15/2021 21:00	1/15/2021	21	oos	train	0	0	-0.54	0	37.31831111	12.31504267	25.00326844	0.41146	0.46146	0.369168
1/15/2021 22:00	1/15/2021	22	oos	train	0	0	-0.54	0	36.09017111	11.90975647	24.18041464	0.4096	0.4596	0.36768
1/15/2021 23:00	1/15/2021	23	oos	train	0	0	-0.55	0	32.01553556	10.56512673	21.45040883	0.40415	0.45415	0.36332
1/16/2021 0:00	1/16/2021	0	oos	train	0	0	-0.55	0	29.28906889	9.665392734	19.62367616	0.40725	0.45725	0.3658
1/16/2021 1:00	1/16/2021	1	oos	train	0	0	-0.54	0	32.23404889	10.63723613	21.59681276	0.40797	0.45797	0.366376
1/16/2021 2:00	1/16/2021	2	oos	train	0	0	-0.52	0	30.73725333	10.1432936	20.59395973	0.409	0.459	0.3672
1/16/2021 3:00	1/16/2021	3	oos	train	0	0	-0.56	0	30.50677778	10.06723667	20.43954111	0.41034	0.46034	0.368272
1/16/2021 4:00	1/16/2021	4	oos	train	0	0	-0.48	0	29.84049556	9.847363535	19.99313203	0.40921	0.45921	0.367368
1/16/2021 5:00	1/16/2021	5	oos	train	0	0	-0.53	0	28.98178667	9.563989601	19.41779707	0.40405	0.45405	0.36324
1/16/2021 6:00	1/16/2021	6	oos	train	0	0	-0.48	0	27.65552	9.1263216	18.5291984	0.40291	0.45291	0.362328
1/16/2021 7:00	1/16/2021	7	oos	train	0	0	6.74	6.74	32.74437556	10.80564393	21.93873163	0.40828	0.45828	0.366624
1/16/2021 8:00	1/16/2021	8	oos	train	0.00175	0.00175	5.81	5.81	32.85282444	10.84143207	22.01139237	0.41045	0.46045	0.36836
1/16/2021 9:00	1/16/2021	9	oos	train	6.6829167	6.6829167	13.67	13.67	42.43869333	14.0047688	28.43392453	0.4218	0.4718	0.37744
1/16/2021 10:00	1/16/2021	10	oos	train	20.210084	20.210084	1.98	1.98	32.28410222	10.65375373	21.63034849	0.42985	0.47985	0.38388
1/16/2021 11:00	1/16/2021	11	oos	train	29.836417	29.836417	4.17	4.17	27.22526222	8.984336533	18.24092569	0.42046	0.47046	0.376368
1/16/2021 12:00	1/16/2021	12	oos	train	26.442167	26.442167	-0.5	0	28.99568889	9.568577334	19.42711156	0.4155	0.4655	0.3724
1/16/2021 13:00	1/16/2021	13	oos	train	13.7848335	13.7848335	-0.51	0	30.27048889	9.989261334	20.28122756	0.41654	0.46654	0.373232
1/16/2021 14:00	1/16/2021	14	oos	train	0.0901364	0.0901364	-0.53	0	30.01585556	9.905232335	20.11062323	0.42128	0.47128	0.377024
1/16/2021 15:00	1/16/2021	15	oos	train	0	0	-0.54	0	29.78659556	9.829576535	19.95701903	0.43955	0.48955	0.39164
1/16/2021 16:00	1/16/2021	16	oos	train	0	0	-0.56	0	60.78113778	20.05777547	40.72336231	0.45008	0.50008	0.400064
1/16/2021 17:00	1/16/2021	17	oos	train	0	0	-0.6	0	49.39501778	16.30035587	33.09466191	0.45472	0.50472	0.403776
1/16/2021 18:00	1/16/2021	18	oos	train	0	0	-0.61	0	36.07431333	11.9045234	24.16978993	0.44038	0.49038	0.392304
1/16/2021 19:00	1/16/2021	19	oos	train	0	0	-0.2	0	34.92483111	11.52519427	23.39963684	0.42025	0.47025	0.3762
1/16/2021 20:00	1/16/2021	20	oos	train	0	0	1.44	1.44	29.57554444	9.759929665	19.81561477	0.44977	0.49977	0.399816
1/16/2021 21:00	1/16/2021	21	oos	train	0	0	-0.6	0	25.28531333	8.344153399	16.94115993	0.45214	0.50214	0.401712
1/16/2021 22:00	1/16/2021	22	oos	train	0	0	-0.62	0	25.24569333	8.331078799	16.91461453	0.44646	0.49646	0.397168
1/16/2021 23:00	1/16/2021	23	oos	train	0	0	-0.6	0	25.27602444	8.341088065	16.93493637	0.40929	0.45929	0.367432
1/17/2021 0:00	1/17/2021	0	oos	train	0	0	3.4	3.4	28.87990444	9.530368465	19.34953597	0.40078	0.45078	0.360624
1/17/2021 1:00	1/17/2021	1	oos	train	0	0	-0.56	0	27.27109333	8.999460799	18.27163253	0.39756	0.44756	0.358048
1/17/2021 2:00	1/17/2021	2	oos	train	0	0	-0.59	0	27.58094667	9.101712401	18.47923427	0.40493	0.45493	0.363944
1/17/2021 3:00	1/17/2021	3	oos	train	0	0	5.06	5.06	29.47789333	9.727704799	19.75018853	0.41179	0.46179	0.369432
1/17/2021 4:00	1/17/2021	4	oos	train	0	0	-0.66	0	27.67318667	9.132151601	18.54103507	0.42259	0.47259	0.378072
1/17/2021 5:00	1/17/2021	5	oos	train	0	0	-0.59	0	26.92690889	8.885879934	18.04102896	0.41064	0.46064	0.368512
1/17/2021 6:00	1/17/2021	6	oos	train	0	0	-0.63	0	24.59854222	8.117518933	16.48102329	0.39455	0.44455	0.35564
1/17/2021 7:00	1/17/2021	7	oos	train	0	0	-0.58	0	29.66099556	9.788128535	19.87286703	0.40722	0.45722	0.365776
1/17/2021 8:00	1/17/2021	8	oos	train	0.0774167	0.0774167	-0.58	0	41.48100444	13.68873147	27.79227297	0.4175	0.4675	0.374
1/17/2021 9:00	1/17/2021	9	oos	train	5.1513334	5.1513334	-0.6	0	35.13002889	11.59290953	23.53711936	0.4527	0.5027	0.40216
1/17/2021 10:00	1/17/2021	10	oos	train	20.0645	20.0645	-0.65	0	32.18053556	10.61957673	21.56095883	0.45229	0.50229	0.401832
1/17/2021 11:00	1/17/2021	11	oos	train	25.5394165	25.5394165	-0.6	0	27.18363778	8.970600467	18.21303731	0.45198	0.50198	0.401584
1/17/2021 12:00	1/17/2021	12	oos	train	3.9116666	3.9116666	-0.63	0	26.4573	8.730909	17.726391	0.45343	0.50343	0.402744
1/17/2021 13:00	1/17/2021	13	oos	train	1.59825	1.59825	-0.6	0	33.32681778	10.99784987	22.32896791	0.45862	0.50862	0.406896
1/17/2021 14:00	1/17/2021	14	oos	train	0.1106667	0.1106667	-0.64	0	28.19636667	9.304801001	18.89156567	0.46018	0.51018	0.408144
1/17/2021 15:00	1/17/2021	15	oos	train	0	0	0.31	0.31	30.46023556	10.05187773	20.40835783	0.47763	0.52763	0.422104
1/17/2021 16:00	1/17/2021	16	oos	train	0	0	-0.59	0	27.31141333	9.012766399	18.29864693	0.49425	0.54425	0.4354
1/17/2021 17:00	1/17/2021	17	oos	train	0	0	-0.62	0	28.25052222	9.322672333	18.92784989	0.4715	0.5215	0.4172
1/17/2021 18:00	1/17/2021	18	oos	train	0	0	-0.35	0	25.86027778	8.533891667	17.32638611	0.46672	0.51672	0.413376
1/17/2021 19:00	1/17/2021	19	oos	train	0	0	-0.57	0	56.37721333	18.6044804	37.77273293	0.46184	0.51184	0.409472
1/17/2021 20:00	1/17/2021	20	oos	train	0	0	0.89	0.89	41.47182222	13.68570133	27.78612089	0.46579	0.51579	0.412632
1/17/2021 21:00	1/17/2021	21	oos	train	0	0	0.29	0.29	30.26057778	9.985990667	20.27458711	0.49342	0.54342	0.434736
1/17/2021 22:00	1/17/2021	22	oos	train	0	0	-0.59	0	29.35444	9.6869652	19.6674748	0.46662	0.51662	0.413296
1/17/2021 23:00	1/17/2021	23	oos	train	0	0	-0.52	0	25.95827556	8.566230935	17.39204463	0.4554	0.5054	0.40432
1/18/2021 0:00	1/18/2021	0	oos	train	0	0	-0.54	0	24.72475778	8.159170067	16.56558771	0.4608	0.5108	0.40864
1/18/2021 1:00	1/18/2021	1	oos	train	0	0	-0.51	0	28.45599556	9.390478535	19.06551703	0.45831	0.50831	0.406648
1/18/2021 2:00	1/18/2021	2	oos	train	0	0	-0.51	0	27.34643778	9.024324467	18.32211331	0.46184	0.51184	0.409472
1/18/2021 3:00	1/18/2021	3	oos	train	0	0	-0.51	0	27.35679556	9.027742535	18.32905303	0.46558	0.51558	0.412464
1/18/2021 4:00	1/18/2021	4	oos	train	0	0	-0.55	0	24.88036889	8.210521734	16.66984716	0.48209	0.53209	0.425672
1/18/2021 5:00	1/18/2021	5	oos	train	0	0	-0.56	0	28.1224	9.280392	18.842008	0.49071	0.54071	0.432568
1/18/2021 6:00	1/18/2021	6	oos	train	0	0	-0.57	0	24.48879556	8.081302535	16.40749303	0.54462	0.59462	0.475696
1/18/2021 7:00	1/18/2021	7	oos	train	0	0	-0.54	0	30.90475556	10.19856933	20.70618623	0.67236	0.72236	0.577888
1/18/2021 8:00	1/18/2021	8	oos	train	0.1864167	0.1864167	5.43	5.43	33.22663111	10.96478827	22.26184284	0.63424	0.68424	0.547392
1/18/2021 9:00	1/18/2021	9	oos	train	6.0698333	6.0698333	3.31	3.31	28.89398444	9.535014865	19.35896957	0.62209	0.67209	0.537672
1/18/2021 10:00	1/18/2021	10	oos	train	21.049667	21.049667	-0.52	0	24.47320444	8.076157465	16.39704697	0.60319	0.65319	0.522552
1/18/2021 11:00	1/18/2021	11	oos	train	23.1735	23.1735	-0.43	0	23.73134	7.8313422	15.8999978	0.58283	0.63283	0.506264
1/18/2021 12:00	1/18/2021	12	oos	train	23.965417	23.965417	6.95	6.95	26.10268	8.6138844	17.4887956	0.51979	0.56979	0.455832
1/18/2021 13:00	1/18/2021	13	oos	train	16.4804165	16.4804165	-0.41	0	32.63977778	10.77112667	21.86865111	0.4688	0.5188	0.41504
1/18/2021 14:00	1/18/2021	14	oos	train	0.39625	0.39625	-0.49	0	31.4293	10.371669	21.057631	0.48448	0.53448	0.427584
1/18/2021 15:00	1/18/2021	15	oos	train	0	0	-0.54	0	32.52332222	10.73269633	21.79062589	0.5091	0.5591	0.44728
1/18/2021 16:00	1/18/2021	16	oos	train	0	0	-0.54	0	33.46362222	11.04299533	22.42062689	0.47161	0.52161	0.417288
1/18/2021 17:00	1/18/2021	17	oos	train	0	0	-0.54	0	26.10857111	8.615828466	17.49274264	0.46029	0.51029	0.408232
1/18/2021 18:00	1/18/2021	18	oos	train	0	0	-0.63	0	44.46965778	14.67498707	29.79467071	0.49466	0.54466	0.435728
1/18/2021 19:00	1/18/2021	19	oos	train	0	0	-0.62	0	68.88248444	22.73121987	46.15126457	0.48781	0.53781	0.430248
1/18/2021 20:00	1/18/2021	20	oos	train	0	0	-0.56	0	40.88305333	13.4914076	27.39164573	0.47389	0.52389	0.419112
1/18/2021 21:00	1/18/2021	21	oos	train	0	0	0.31	0.31	35.95261778	11.86436387	24.08825391	0.44606	0.49606	0.396848
1/18/2021 22:00	1/18/2021	22	oos	train	0	0	-0.69	0	28.69634444	9.469793665	19.22655077	0.39288	0.44288	0.354304
1/18/2021 23:00	1/18/2021	23	oos	train	0	0	-0.56	0	28.84126889	9.517618734	19.32365016	0.3819	0.4319	0.34552
1/19/2021 0:00	1/19/2021	0	oos	train	0	0	-0.6	0	27.21862	8.9821446	18.2364754	0.37348	0.42348	0.338784
1/19/2021 1:00	1/19/2021	1	oos	train	0	0	-0.55	0	28.65192889	9.455136534	19.19679236	0.36101	0.41101	0.328808
1/19/2021 2:00	1/19/2021	2	oos	train	0	0	-0.55	0	30.57104222	10.08844393	20.48259829	0.37369	0.42369	0.338952
1/19/2021 3:00	1/19/2021	3	oos	train	0	0	-0.57	0	29.21667111	9.641501466	19.57516964	0.38138	0.43138	0.345104
1/19/2021 4:00	1/19/2021	4	oos	train	0	0	-0.59	0	25.68899111	8.477367066	17.21162404	0.39635	0.44635	0.35708
1/19/2021 5:00	1/19/2021	5	oos	train	0	0	-0.55	0	25.30025333	8.349083599	16.95116973	0.43012	0.48012	0.384096
1/19/2021 6:00	1/19/2021	6	oos	train	0	0	-0.57	0	25.82119778	8.520995267	17.30020251	0.4562	0.5062	0.40496
1/19/2021 7:00	1/19/2021	7	oos	train	0	0	-0.58	0	29.65265333	9.785375599	19.86727773	0.57311	0.62311	0.498488
1/19/2021 8:00	1/19/2021	8	oos	train	0.1990833	0.1990833	-0.57	0	36.65201111	12.09516367	24.55684744	0.56636	0.61636	0.493088
1/19/2021 9:00	1/19/2021	9	oos	train	5.6759167	5.6759167	-0.53	0	39.57335556	13.05920733	26.51414823	0.52022	0.57022	0.456176
1/19/2021 10:00	1/19/2021	10	oos	train	17.983083	17.983083	-0.56	0	30.87184	10.1877072	20.6841328	0.46275	0.51275	0.4102
1/19/2021 11:00	1/19/2021	11	oos	train	4.04225	4.04225	-0.54	0	26.48901778	8.741375867	17.74764191	0.4403	0.4903	0.39224
1/19/2021 12:00	1/19/2021	12	oos	train	2.9360833	2.9360833	-0.54	0	27.44729333	9.057606799	18.38968653	0.4482	0.4982	0.39856
1/19/2021 13:00	1/19/2021	13	oos	train	1.2418333	1.2418333	-0.45	0	30.42091111	10.03890067	20.38201044	0.42867	0.47867	0.382936
1/19/2021 14:00	1/19/2021	14	oos	train	0.0876666	0.0876666	-0.58	0	38.61769778	12.74384027	25.87385751	0.51222	0.56222	0.449776
1/19/2021 15:00	1/19/2021	15	oos	train	0	0	1.25	1.25	31.48085333	10.3886816	21.09217173	0.45007	0.50007	0.400056
1/19/2021 16:00	1/19/2021	16	oos	train	0	0	30.87	30.87	34.12994667	11.2628824	22.86706427	0.41609	0.46609	0.372872
1/19/2021 17:00	1/19/2021	17	oos	train	0	0	18.93	18.93	44.01342667	14.5244308	29.48899587	0.39978	0.44978	0.359824
1/19/2021 18:00	1/19/2021	18	oos	train	0	0	30.19	30.19	50.24549333	16.5810128	33.66448053	0.39468	0.44468	0.355744
1/19/2021 19:00	1/19/2021	19	oos	train	0	0	15.26	15.26	34.12017333	11.2596572	22.86051613	0.38512	0.43512	0.348096
1/19/2021 20:00	1/19/2021	20	oos	train	0	0	20.57	20.57	34.69002222	11.44770733	23.24231489	0.39354	0.44354	0.354832
1/19/2021 21:00	1/19/2021	21	oos	train	0	0	39.6	39.6	31.65108444	10.44485787	21.20622657	0.38097	0.43097	0.344776
1/19/2021 22:00	1/19/2021	22	oos	train	0	0	30.69	30.69	27.16384	8.9640672	18.1997728	0.32454	0.37454	0.299632
1/19/2021 23:00	1/19/2021	23	oos	train	0	0	11.53	11.53	25.64919111	8.464233066	17.18495804	0.31381	0.36381	0.291048
1/20/2021 0:00	1/20/2021	0	oos	train	0	0	0.74	0.74	23.75686	7.8397638	15.9170962	0.29384	0.34384	0.275072
1/20/2021 1:00	1/20/2021	1	oos	train	0	0	3.29	3.29	27.89016889	9.203755734	18.68641316	0.28215	0.33215	0.26572
1/20/2021 2:00	1/20/2021	2	oos	train	0	0	16.16	16.16	26.60410667	8.779355201	17.82475147	0.27698	0.32698	0.261584
1/20/2021 3:00	1/20/2021	3	oos	train	0	0	34.4	34.4	28.05155111	9.257011866	18.79453924	0.2985	0.3485	0.2788
1/20/2021 4:00	1/20/2021	4	oos	train	0	0	39.07	39.07	26.98593333	8.905357999	18.08057533	0.33016	0.38016	0.304128
1/20/2021 5:00	1/20/2021	5	oos	train	0	0	37.17	37.17	25.08272444	8.277299065	16.80542537	0.36937	0.41937	0.335496
1/20/2021 6:00	1/20/2021	6	oos	train	0	0	24.97	24.97	22.96968889	7.579997334	15.38969156	0.38799	0.43799	0.350392
1/20/2021 7:00	1/20/2021	7	oos	train	0	0	7.72	7.72	25.74769778	8.496740267	17.25095751	0.41841	0.46841	0.374728
1/20/2021 8:00	1/20/2021	8	oos	train	0.0185	0.0185	21.7	21.7	33.59123111	11.08510627	22.50612484	0.40248	0.45248	0.361984
1/20/2021 9:00	1/20/2021	9	oos	train	1.897	1.897	12.74	12.74	33.75777778	11.14006667	22.61771111	0.39327	0.44327	0.354616
1/20/2021 10:00	1/20/2021	10	oos	train	5.0939166	5.0939166	0.08	0.08	29.76540444	9.822583465	19.94282097	0.39265	0.44265	0.35412
1/20/2021 11:00	1/20/2021	11	oos	train	2.42325	2.42325	0.21	0.21	30.36528444	10.02054387	20.34474057	0.39234	0.44234	0.353872
1/20/2021 12:00	1/20/2021	12	oos	train	2.6503333	2.6503333	13.64	13.64	29.03507333	9.581574199	19.45349913	0.38117	0.43117	0.344936
1/20/2021 13:00	1/20/2021	13	oos	train	0.9634166	0.9634166	26.73	26.73	33.66839556	11.11057053	22.55782503	0.38075	0.43075	0.3446
1/20/2021 14:00	1/20/2021	14	oos	train	0.0164167	0.0164167	40.99	40.99	44.88563111	14.81225827	30.07337284	0.38623	0.43623	0.348984
1/20/2021 15:00	1/20/2021	15	oos	train	0	0	79.45	79.45	27.34693556	9.024488735	18.32244683	0.38199	0.43199	0.345592
1/20/2021 16:00	1/20/2021	16	oos	train	0	0	127.57	127.57	25.00912889	8.253012534	16.75611636	0.3761	0.4261	0.34088
1/20/2021 17:00	1/20/2021	17	oos	train	0	0	133.95	133.95	28.83621778	9.515951867	19.32026591	0.37651	0.42651	0.341208
1/20/2021 18:00	1/20/2021	18	oos	train	0	0	170.14	170.14	55.11016	18.1863528	36.9238072	0.36803	0.41803	0.334424
1/20/2021 19:00	1/20/2021	19	oos	train	0	0	59.49	59.49	59.18376	19.5306408	39.6531192	0.36761	0.41761	0.334088
1/20/2021 20:00	1/20/2021	20	oos	train	0	0	4.65	4.65	31.10080222	10.26326473	20.83753749	0.33305	0.38305	0.30644
1/20/2021 21:00	1/20/2021	21	oos	train	0	0	0	0	21.04338889	6.944318334	14.09907056	0.30512	0.35512	0.284096
1/20/2021 22:00	1/20/2021	22	oos	train	0	0	0	0	23.63738444	7.800336865	15.83704757	0.26177	0.31177	0.249416
1/20/2021 23:00	1/20/2021	23	oos	train	0	0	-0.05	0	20.51566222	6.770168533	13.74549369	0.2566	0.3066	0.24528
1/21/2021 0:00	1/21/2021	0	oos	train	0	0	-0.19	0	20.34891778	6.715142867	13.63377491	0.22191	0.27191	0.217528
1/21/2021 1:00	1/21/2021	1	oos	train	0	0	-0.2	0	26.22544222	8.654395933	17.57104629	0.2153	0.2653	0.21224
1/21/2021 2:00	1/21/2021	2	oos	train	0	0	-0.18	0	24.77955556	8.177253335	16.60230223	0.20621	0.25621	0.204968
1/21/2021 3:00	1/21/2021	3	oos	train	0	0	-0.19	0	23.39269111	7.719588066	15.67310304	0.22211	0.27211	0.217688
1/21/2021 4:00	1/21/2021	4	oos	train	0	0	-0.2	0	23.48662667	7.750586801	15.73603987	0.25381	0.30381	0.243048
1/21/2021 5:00	1/21/2021	5	oos	train	0	0	-0.24	0	21.76147778	7.181287667	14.58019011	0.28366	0.33366	0.266928
1/21/2021 6:00	1/21/2021	6	oos	train	0	0	-0.22	0	24.66839778	8.140571267	16.52782651	0.30606	0.35606	0.284848
1/21/2021 7:00	1/21/2021	7	oos	train	0	0	-0.24	0	28.47603333	9.397090999	19.07894233	0.30513	0.35513	0.284104
1/21/2021 8:00	1/21/2021	8	oos	train	0	0	-0.24	0	29.38110667	9.695765201	19.68534147	0.30699	0.35699	0.285592
1/21/2021 9:00	1/21/2021	9	oos	train	0.4238333	0.4238333	-0.15	0	32.27609333	10.6511108	21.62498253	0.30503	0.35503	0.284024
1/21/2021 10:00	1/21/2021	10	oos	train	0.8788333	0.8788333	-0.2	0	30.92239556	10.20439053	20.71800503	0.30441	0.35441	0.283528
1/21/2021 11:00	1/21/2021	11	oos	train	2.10725	2.10725	28.53	28.53	27.41502	9.0469566	18.3680634	0.30173	0.35173	0.281384
1/21/2021 12:00	1/21/2021	12	oos	train	1.0407499	1.0407499	23.38	23.38	34.97607111	11.54210347	23.43396764	0.30131	0.35131	0.281048
1/21/2021 13:00	1/21/2021	13	oos	train	0.1052727	0.1052727	28.29	28.29	26.98550889	8.905217934	18.08029096	0.29935	0.34935	0.27948
1/21/2021 14:00	1/21/2021	14	oos	train	0	0	29.98	29.98	24.83975556	8.197119335	16.64263623	0.29563	0.34563	0.276504
1/21/2021 15:00	1/21/2021	15	oos	train	0	0	34.59	34.59	26.66072222	8.798038333	17.86268389	0.2947	0.3447	0.27576
1/21/2021 16:00	1/21/2021	16	oos	train	0	0	24.2	24.2	26.94096	8.8905168	18.0504432	0.28913	0.33913	0.271304
1/21/2021 17:00	1/21/2021	17	oos	train	0	0	33.76	33.76	24.74748889	8.166671334	16.58081756	0.2914	0.3414	0.27312
1/21/2021 18:00	1/21/2021	18	oos	train	0	0	16.41	16.41	25.91792444	8.552915065	17.36500937	0.29161	0.34161	0.273288
1/21/2021 19:00	1/21/2021	19	oos	train	0	0	0.81	0.81	44.75622667	14.7695548	29.98667187	0.29099	0.34099	0.272792
1/21/2021 20:00	1/21/2021	20	oos	train	0	0	29.37	29.37	45.69109333	15.0780608	30.61303253	0.29377	0.34377	0.275016
1/21/2021 21:00	1/21/2021	21	oos	train	0	0	42.6	42.6	28.24839111	9.321969066	18.92642204	0.28324	0.33324	0.266592
1/21/2021 22:00	1/21/2021	22	oos	train	0	0	43.25	43.25	26.73944444	8.824016665	17.91542777	0.24875	0.29875	0.239
1/21/2021 23:00	1/21/2021	23	oos	train	0	0	4.68	4.68	25.52002444	8.421608065	17.09841637	0.22052	0.27052	0.216416
1/22/2021 0:00	1/22/2021	0	oos	train	0	0	15.51	15.51	21.65091556	7.144802135	14.50611343	0.21683	0.26683	0.213464
1/22/2021 1:00	1/22/2021	1	oos	train	0	0	32.06	32.06	25.2745	8.340585	16.933915	0.20219	0.25219	0.201752
1/22/2021 2:00	1/22/2021	2	oos	train	0	0	8.07	8.07	21.84972444	7.210409065	14.63931537	0.20229	0.25229	0.201832
1/22/2021 3:00	1/22/2021	3	oos	train	0	0	17.66	17.66	21.00306667	6.931012001	14.07205467	0.20782	0.25782	0.206256
1/22/2021 4:00	1/22/2021	4	oos	train	0	0	28.8	28.8	19.07257778	6.293950667	12.77862711	0.27583	0.32583	0.260664
1/22/2021 5:00	1/22/2021	5	oos	train	0	0	22.62	22.62	20.64422222	6.812593333	13.83162889	0.28454	0.33454	0.267632
1/22/2021 6:00	1/22/2021	6	oos	train	0	0	43.04	43.04	19.62155111	6.475111866	13.14643924	0.28597	0.33597	0.268776
1/22/2021 7:00	1/22/2021	7	oos	train	0	0	15.32	15.32	24.38741111	8.047845666	16.33956544	0.28659	0.33659	0.269272
1/22/2021 8:00	1/22/2021	8	oos	train	0.21525	0.21525	35.9	35.9	27.01615111	8.915329866	18.10082124	0.28884	0.33884	0.271072
1/22/2021 9:00	1/22/2021	9	oos	train	5.8494999	5.8494999	45.75	45.75	26.18141111	8.639865666	17.54154544	0.29201	0.34201	0.273608
1/22/2021 10:00	1/22/2021	10	oos	train	2.7241667	2.7241667	43.67	43.67	21.84706222	7.209530533	14.63753169	0.29713	0.34713	0.277704
1/22/2021 11:00	1/22/2021	11	oos	train	2.2744167	2.2744167	59.91	59.91	22.29244889	7.356508134	14.93594076	0.29734	0.34734	0.277872
1/22/2021 12:00	1/22/2021	12	oos	train	1.4005833	1.4005833	150.6	150.6	21.18598889	6.991376334	14.19461256	0.30031	0.35031	0.280248
1/22/2021 13:00	1/22/2021	13	oos	train	0.7285833	0.7285833	154.22	154.22	22.90265333	7.557875599	15.34477773	0.30277	0.35277	0.282216
1/22/2021 14:00	1/22/2021	14	oos	train	0.11575	0.11575	47.45	47.45	25.12434	8.2910322	16.8333078	0.30287	0.35287	0.282296
1/22/2021 15:00	1/22/2021	15	oos	train	0	0	52.61	52.61	26.09578667	8.611609601	17.48417707	0.30021	0.35021	0.280168
1/22/2021 16:00	1/22/2021	16	oos	train	0	0	15.13	15.13	20.85197111	6.881150466	13.97082064	0.29355	0.34355	0.27484
1/22/2021 17:00	1/22/2021	17	oos	train	0	0	28.88	28.88	19.75277556	6.518415935	13.23435963	0.2872	0.3372	0.26976
1/22/2021 18:00	1/22/2021	18	oos	train	0	0	20.53	20.53	29.56275556	9.755709335	19.80704623	0.28853	0.33853	0.270824
1/22/2021 19:00	1/22/2021	19	oos	train	0	0	9.41	9.41	45.47368444	15.00631587	30.46736857	0.28648	0.33648	0.269184
1/22/2021 20:00	1/22/2021	20	oos	train	0	0	6.89	6.89	28.44553333	9.387025999	19.05850733	0.28505	0.33505	0.26804
1/22/2021 21:00	1/22/2021	21	oos	train	0	0	4.56	4.56	21.46540889	7.083584934	14.38182396	0.27419	0.32419	0.259352
1/22/2021 22:00	1/22/2021	22	oos	train	0	0	5.92	5.92	19.03263333	6.280768999	12.75186433	0.26016	0.31016	0.248128
1/22/2021 23:00	1/22/2021	23	oos	train	0	0	19.34	19.34	21.14867556	6.979062935	14.16961263	0.26707	0.31707	0.253656
1/23/2021 0:00	1/23/2021	0	oos	train	0	0	10.71	10.71	22.06412444	7.281161065	14.78296337	0.25798	0.30798	0.246384
1/23/2021 1:00	1/23/2021	1	oos	train	0	0	14.54	14.54	21.78214	7.1881062	14.5940338	0.25767	0.30767	0.246136
1/23/2021 2:00	1/23/2021	2	oos	train	0	0	8.83	8.83	21.93790444	7.239508465	14.69839597	0.26872	0.31872	0.254976
1/23/2021 3:00	1/23/2021	3	oos	train	0	0	12.46	12.46	20.33665778	6.711097067	13.62556071	0.28102	0.33102	0.264816
1/23/2021 4:00	1/23/2021	4	oos	train	0	0	2.57	2.57	19.31678444	6.374538865	12.94224557	0.31377	0.36377	0.291016
1/23/2021 5:00	1/23/2021	5	oos	train	0	0	-0.26	0	19.04833556	6.285950735	12.76238483	0.31893	0.36893	0.295144
1/23/2021 6:00	1/23/2021	6	oos	train	0	0	-0.14	0	19.11257111	6.307148466	12.80542264	0.34951	0.39951	0.319608
1/23/2021 7:00	1/23/2021	7	oos	train	0	0	-0.38	0	22.11592667	7.298255801	14.81767087	0.36677	0.41677	0.333416
1/23/2021 8:00	1/23/2021	8	oos	train	0	0	-0.37	0	34.05209333	11.2371908	22.81490253	0.374	0.424	0.3392
1/23/2021 9:00	1/23/2021	9	oos	train	1.1695833	1.1695833	-0.45	0	36.93769333	12.1894388	24.74825453	0.37607	0.42607	0.340856
1/23/2021 10:00	1/23/2021	10	oos	train	0.374	0.374	-0.37	0	27.74382667	9.155462801	18.58836387	0.36956	0.41956	0.335648
1/23/2021 11:00	1/23/2021	11	oos	train	0.1295833	0.1295833	-0.36	0	24.23082889	7.996173534	16.23465536	0.37193	0.42193	0.337544
1/23/2021 12:00	1/23/2021	12	oos	train	0.0068333	0.0068333	-0.36	0	25.64080444	8.461465465	17.17933897	0.36191	0.41191	0.329528
1/23/2021 13:00	1/23/2021	13	oos	train	0	0	-0.35	0	28.31935556	9.345387335	18.97396823	0.35251	0.40251	0.322008
1/23/2021 14:00	1/23/2021	14	oos	train	0	0	-0.33	0	26.70222889	8.811735534	17.89049336	0.3616	0.4116	0.32928
1/23/2021 15:00	1/23/2021	15	oos	train	0	0	-0.33	0	30.64046444	10.11135327	20.52911117	0.37152	0.42152	0.337216
1/23/2021 16:00	1/23/2021	16	oos	train	0	0	-0.35	0	31.51809111	10.40097007	21.11712104	0.37245	0.42245	0.33796
1/23/2021 17:00	1/23/2021	17	oos	train	0	0	-0.37	0	27.01731556	8.915714135	18.10160143	0.35623	0.40623	0.324984
1/23/2021 18:00	1/23/2021	18	oos	train	0	0	-0.33	0	53.08920444	17.51943747	35.56976697	0.36801	0.41801	0.334408
1/23/2021 19:00	1/23/2021	19	oos	train	0	0	-0.37	0	49.55614222	16.35352693	33.20261529	0.37503	0.42503	0.340024
1/23/2021 20:00	1/23/2021	20	oos	train	0	0	-0.38	0	29.64163111	9.781738266	19.85989284	0.37669	0.42669	0.341352
1/23/2021 21:00	1/23/2021	21	oos	train	0	0	-0.41	0	29.46365778	9.723007067	19.74065071	0.38619	0.43619	0.348952
1/23/2021 22:00	1/23/2021	22	oos	train	0	0	0.05	0.05	23.71584667	7.826229401	15.88961727	0.37689	0.42689	0.341512
1/23/2021 23:00	1/23/2021	23	oos	train	0	0	7.24	7.24	21.88381778	7.221659867	14.66215791	0.39061	0.44061	0.352488
1/24/2021 0:00	1/24/2021	0	oos	train	0	0	8.67	8.67	22.40496222	7.393637533	15.01132469	0.39102	0.44102	0.352816
1/24/2021 1:00	1/24/2021	1	oos	train	0	0	15.99	15.99	25.31442667	8.353760801	16.96066587	0.39009	0.44009	0.352072
1/24/2021 2:00	1/24/2021	2	oos	train	0	0	14.07	14.07	25.68005333	8.474417599	17.20563573	0.39071	0.44071	0.352568
1/24/2021 3:00	1/24/2021	3	oos	train	0	0	6.01	6.01	27.9526	9.224358	18.728242	0.39319	0.44319	0.354552
1/24/2021 4:00	1/24/2021	4	oos	train	0	0	10.93	10.93	24.95117778	8.233888667	16.71728911	0.39958	0.44958	0.359664
1/24/2021 5:00	1/24/2021	5	oos	train	0	0	10.87	10.87	21.49932889	7.094778534	14.40455036	0.4002	0.4502	0.36016
1/24/2021 6:00	1/24/2021	6	oos	train	0	0	10.9	10.9	23.18714667	7.651758401	15.53538827	0.39463	0.44463	0.355704
1/24/2021 7:00	1/24/2021	7	oos	train	0	0	9.47	9.47	30.13297333	9.943881199	20.18909213	0.39278	0.44278	0.354224
1/24/2021 8:00	1/24/2021	8	oos	train	0.112	0.112	8.89	8.89	38.58034667	12.7315144	25.84883227	0.39927	0.44927	0.359416
1/24/2021 9:00	1/24/2021	9	oos	train	1.8836667	1.8836667	6.75	6.75	30.68910222	10.12740373	20.56169849	0.41949	0.46949	0.375592
1/24/2021 10:00	1/24/2021	10	oos	train	5.43875	5.43875	14.82	14.82	27.32524889	9.017332134	18.30791676	0.4396	0.4896	0.39168
1/24/2021 11:00	1/24/2021	11	oos	train	13.3445832	13.3445832	13.23	13.23	26.73294	8.8218702	17.9110698	0.40639	0.45639	0.365112
1/24/2021 12:00	1/24/2021	12	oos	train	14.6224165	14.6224165	7.81	7.81	26.37006	8.7021198	17.6679402	0.42145	0.47145	0.37716
1/24/2021 13:00	1/24/2021	13	oos	train	10.6234165	10.6234165	15.52	15.52	27.49190889	9.072329934	18.41957896	0.45734	0.50734	0.405872
1/24/2021 14:00	1/24/2021	14	oos	train	0.8948334	0.8948334	21.78	21.78	39.12692	12.9118836	26.2150364	0.47374	0.52374	0.418992
1/24/2021 15:00	1/24/2021	15	oos	train	0	0	28.05	28.05	28.88574889	9.532297134	19.35345176	0.53635	0.58635	0.46908
1/24/2021 16:00	1/24/2021	16	oos	train	0	0	31.07	31.07	28.26075556	9.326049335	18.93470623	0.63929	0.68929	0.551432
1/24/2021 17:00	1/24/2021	17	oos	train	0	0	31.14	31.14	25.80100444	8.514331465	17.28667297	0.67044	0.72044	0.576352
1/24/2021 18:00	1/24/2021	18	oos	train	0	0	41.44	41.44	30.11518222	9.938010133	20.17717209	0.64889	0.69889	0.559112
1/24/2021 19:00	1/24/2021	19	oos	train	0	0	49.63	49.63	30.48342889	10.05953153	20.42389736	0.61165	0.66165	0.52932
1/24/2021 20:00	1/24/2021	20	oos	train	0	0	49.66	49.66	44.19492444	14.58432507	29.61059937	0.56627	0.61627	0.493016
1/24/2021 21:00	1/24/2021	21	oos	train	0	0	48.21	48.21	42.52703556	14.03392173	28.49311383	0.53532	0.58532	0.468256
1/24/2021 22:00	1/24/2021	22	oos	train	0	0	42.1	42.1	31.88258222	10.52125213	21.36133009	0.45446	0.50446	0.403568
1/24/2021 23:00	1/24/2021	23	oos	train	0	0	42.82	42.82	27.58966889	9.104590734	18.48507816	0.46931	0.51931	0.415448
1/25/2021 0:00	1/25/2021	0	oos	train	0	0	38.87	38.87	24.98323111	8.244466266	16.73876484	0.43073	0.48073	0.384584
1/25/2021 1:00	1/25/2021	1	oos	train	0	0	37.6	37.6	26.13349556	8.624053535	17.50944203	0.42516	0.47516	0.380128
1/25/2021 2:00	1/25/2021	2	oos	train	0	0	31.18	31.18	24.86767778	8.206333667	16.66134411	0.41836	0.46836	0.374688
1/25/2021 3:00	1/25/2021	3	oos	train	0	0	36.73	36.73	25.31810222	8.354973733	16.96312849	0.42661	0.47661	0.381288
1/25/2021 4:00	1/25/2021	4	oos	train	0	0	36.61	36.61	23.95691556	7.905782135	16.05113343	0.47096	0.52096	0.416768
1/25/2021 5:00	1/25/2021	5	oos	train	0	0	42.08	42.08	26.31873778	8.685183467	17.63355431	0.63898	0.68898	0.551184
1/25/2021 6:00	1/25/2021	6	oos	train	0	0	42.19	42.19	24.50124444	8.085410665	16.41583377	0.72202	0.77202	0.617616
1/25/2021 7:00	1/25/2021	7	oos	train	0	0	36.81	36.81	29.81160222	9.837828733	19.97377349	0.77998	0.82998	0.663984
1/25/2021 8:00	1/25/2021	8	oos	train	1.74825	1.74825	41.81	41.81	30.10700222	9.935310733	20.17169149	0.82176	0.87176	0.697408
1/25/2021 9:00	1/25/2021	9	oos	train	20.870333	20.870333	29.51	29.51	33.75630889	11.13958193	22.61672696	0.77307	0.82307	0.658456
1/25/2021 10:00	1/25/2021	10	oos	train	31.681083	31.681083	24.89	24.89	25.83856222	8.526725533	17.31183669	0.58875	0.63875	0.511
1/25/2021 11:00	1/25/2021	11	oos	train	38.679	38.679	26.25	26.25	26.36014889	8.698849134	17.66129976	0.71191	0.76191	0.609528
1/25/2021 12:00	1/25/2021	12	oos	train	35.52375	35.52375	19.5	19.5	29.85952222	9.853642333	20.00587989	0.69107	0.74107	0.592856
1/25/2021 13:00	1/25/2021	13	oos	train	23.6323335	23.6323335	12.42	12.42	28.76280889	9.491726934	19.27108196	0.58328	0.63328	0.506624
1/25/2021 14:00	1/25/2021	14	oos	train	1.2618333	1.2618333	9.92	9.92	33.15243333	10.940303	22.21213033	0.4951	0.5451	0.43608
1/25/2021 15:00	1/25/2021	15	oos	train	0	0	11.06	11.06	33.61791556	11.09391213	22.52400343	0.4426	0.4926	0.39408
1/25/2021 16:00	1/25/2021	16	oos	train	0	0	16.42	16.42	24.54215778	8.098912067	16.44324571	0.42083	0.47083	0.376664
1/25/2021 17:00	1/25/2021	17	oos	train	0	0	28.85	28.85	26.54796667	8.760829001	17.78713767	0.39896	0.44896	0.359168
1/25/2021 18:00	1/25/2021	18	oos	train	0	0	42.08	42.08	28.6201	9.444633	19.175467	0.38473	0.43473	0.347784
1/25/2021 19:00	1/25/2021	19	oos	train	0	0	29.18	29.18	55.19083111	18.21297427	36.97785684	0.37957	0.42957	0.343656
1/25/2021 20:00	1/25/2021	20	oos	train	0	0	24.6	24.6	43.53147556	14.36538693	29.16608863	0.37947	0.42947	0.343576
1/25/2021 21:00	1/25/2021	21	oos	train	0	0	15.04	15.04	31.92909111	10.53660007	21.39249104	0.38999	0.43999	0.351992
1/25/2021 22:00	1/25/2021	22	oos	train	0	0	19.31	19.31	33.64799556	11.10383853	22.54415703	0.38298	0.43298	0.346384
1/25/2021 23:00	1/25/2021	23	oos	train	0	0	14.77	14.77	29.59442889	9.766161534	19.82826736	0.4394	0.4894	0.39152
1/26/2021 0:00	1/26/2021	0	oos	train	0	0	26.03	26.03	25.93781556	8.559479135	17.37833643	0.43672	0.48672	0.389376
1/26/2021 1:00	1/26/2021	1	oos	train	0	0	33.93	33.93	26.45520444	8.730217465	17.72498697	0.43548	0.48548	0.388384
1/26/2021 2:00	1/26/2021	2	oos	train	0	0	22.35	22.35	27.36145111	9.029278866	18.33217224	0.43115	0.48115	0.38492
1/26/2021 3:00	1/26/2021	3	oos	train	0	0	26.63	26.63	26.11704889	8.618626134	17.49842276	0.45478	0.50478	0.403824
1/26/2021 4:00	1/26/2021	4	oos	train	0	0	27.55	27.55	24.47914667	8.078118401	16.40102827	0.51391	0.56391	0.451128
1/26/2021 5:00	1/26/2021	5	oos	train	0	0	47.98	47.98	22.27365333	7.350305599	14.92334773	0.39957	0.44957	0.359656
1/26/2021 6:00	1/26/2021	6	oos	train	0	0	47.59	47.59	25.85537778	8.532274667	17.32310311	0.46469	0.51469	0.411752
1/26/2021 7:00	1/26/2021	7	oos	train	0	0	57.03	57.03	30.95050222	10.21366573	20.73683649	0.49038	0.54038	0.432304
1/26/2021 8:00	1/26/2021	8	oos	train	2.1376666	2.1376666	59.44	59.44	31.56707111	10.41713347	21.14993764	0.74022	0.79022	0.632176
1/26/2021 9:00	1/26/2021	9	oos	train	20.18	20.18	64.18	64.18	28.96331778	9.557894867	19.40542291	0.76271	0.81271	0.650168
1/26/2021 10:00	1/26/2021	10	oos	train	32.270083	32.270083	73.14	73.14	27.46797556	9.064431935	18.40354363	0.49606	0.54606	0.436848
1/26/2021 11:00	1/26/2021	11	oos	train	29.561083	29.561083	68.44	68.44	23.07163778	7.613640467	15.45799731	0.50617	0.55617	0.444936
1/26/2021 12:00	1/26/2021	12	oos	train	6.1070833	6.1070833	66.93	66.93	23.79199556	7.851358535	15.94063703	0.61473	0.66473	0.531784
1/26/2021 13:00	1/26/2021	13	oos	train	3.5902502	3.5902502	29.41	29.41	26.80452222	8.845492333	17.95902989	0.54002	0.59002	0.472016
1/26/2021 14:00	1/26/2021	14	oos	train	0.00925	0.00925	28.25	28.25	31.14731111	10.27861267	20.86869844	0.51577	0.56577	0.452616
1/26/2021 15:00	1/26/2021	15	oos	train	0	0	21.8	21.8	31.17717333	10.2884672	20.88870613	0.50947	0.55947	0.447576
1/26/2021 16:00	1/26/2021	16	oos	train	0	0	23.98	23.98	28.36657778	9.360970667	19.00560711	0.50999	0.55999	0.447992
1/26/2021 17:00	1/26/2021	17	oos	train	0	0	26.98	26.98	28.30422444	9.340394065	18.96383037	0.50318	0.55318	0.442544
1/26/2021 18:00	1/26/2021	18	oos	train	0	0	22.48	22.48	50.28101333	16.5927344	33.68827893	0.49451	0.54451	0.435608
1/26/2021 19:00	1/26/2021	19	oos	train	0	0	14.93	14.93	32.90774222	10.85955493	22.04818729	0.50586	0.55586	0.444688
1/26/2021 20:00	1/26/2021	20	oos	train	0	0	32.48	32.48	30.00352222	9.901162333	20.10235989	0.4941	0.5441	0.43528
1/26/2021 21:00	1/26/2021	21	oos	train	0	0	30.05	30.05	30.10312	9.9340296	20.1690904	0.52681	0.57681	0.461448
1/26/2021 22:00	1/26/2021	22	oos	train	0	0	30.92	30.92	24.82773556	8.193152735	16.63458283	0.46469	0.51469	0.411752
1/26/2021 23:00	1/26/2021	23	oos	train	0	0	27.86	27.86	21.9968	7.258944	14.737856	0.47379	0.52379	0.419032
1/27/2021 0:00	1/27/2021	0	oos	train	0	0	29.39	29.39	21.33184444	7.039508665	14.29233577	0.45658	0.50658	0.405264
1/27/2021 1:00	1/27/2021	1	oos	train	0	0	32.35	32.35	29.23207778	9.646585667	19.58549211	0.44175	0.49175	0.3934
1/27/2021 2:00	1/27/2021	2	oos	train	0	0	37.79	37.79	26.90571333	8.878885399	18.02682793	0.43107	0.48107	0.384856
1/27/2021 3:00	1/27/2021	3	oos	train	0	0	38.72	38.72	26.50009333	8.745030799	17.75506253	0.4375	0.4875	0.39
1/27/2021 4:00	1/27/2021	4	oos	train	0	0	44.13	44.13	24.72459778	8.159117267	16.56548051	0.46653	0.51653	0.413224
1/27/2021 5:00	1/27/2021	5	oos	train	0	0	37.54	37.54	24.44089333	8.065494799	16.37539853	0.51256	0.56256	0.450048
1/27/2021 6:00	1/27/2021	6	oos	train	0	0	35.43	35.43	26.39588889	8.710643334	17.68524556	0.5166	0.5666	0.45328
1/27/2021 7:00	1/27/2021	7	oos	train	0	0	49.63	49.63	33.34364222	11.00340193	22.34024029	0.69243	0.74243	0.593944
1/27/2021 8:00	1/27/2021	8	oos	train	1.93025	1.93025	54.35	54.35	32.28803111	10.65505027	21.63298084	0.68549	0.73549	0.588392
1/27/2021 9:00	1/27/2021	9	oos	train	18.8676665	18.8676665	66.62	66.62	32.44642444	10.70732007	21.73910437	0.67875	0.72875	0.583
1/27/2021 10:00	1/27/2021	10	oos	train	30.320083	30.320083	71.42	71.42	23.85564222	7.872361933	15.98328029	0.68362	0.73362	0.586896
1/27/2021 11:00	1/27/2021	11	oos	train	35.878416	35.878416	69.72	69.72	30.96922444	10.21984407	20.74938037	0.68196	0.73196	0.585568
1/27/2021 12:00	1/27/2021	12	oos	train	17.673	17.673	67.06	67.06	24.82304	8.1916032	16.6314368	0.67947	0.72947	0.583576
1/27/2021 13:00	1/27/2021	13	oos	train	11.4915001	11.4915001	-0.26	0	28.95348	9.5546484	19.3988316	0.68258	0.73258	0.586064
1/27/2021 14:00	1/27/2021	14	oos	train	0.9394167	0.9394167	-0.41	0	31.43909778	10.37490227	21.06419551	0.6859	0.7359	0.58872
1/27/2021 15:00	1/27/2021	15	oos	train	0	0	53.3	53.3	34.06540667	11.2415842	22.82382247	0.5533	0.6033	0.48264
1/27/2021 16:00	1/27/2021	16	oos	train	0	0	58.18	58.18	24.86876444	8.206692265	16.66207217	0.51619	0.56619	0.452952
1/27/2021 17:00	1/27/2021	17	oos	train	0	0	37.2	37.2	27.6914	9.138162	18.553238	0.49276	0.54276	0.434208
1/27/2021 18:00	1/27/2021	18	oos	train	0	0	61.69	61.69	34.48017111	11.37845647	23.10171464	0.49224	0.54224	0.433792
1/27/2021 19:00	1/27/2021	19	oos	train	0	0	62.61	62.61	36.60838444	12.08076687	24.52761757	0.48965	0.53965	0.43172
1/27/2021 20:00	1/27/2021	20	oos	train	0	0	47.91	47.91	36.65253333	12.095336	24.55719733	0.48923	0.53923	0.431384
1/27/2021 21:00	1/27/2021	21	oos	train	0	0	31	31	32.71287556	10.79524893	21.91762663	0.50064	0.55064	0.440512
1/27/2021 22:00	1/27/2021	22	oos	train	0	0	29.81	29.81	31.08275778	10.25731007	20.82544771	0.49359	0.54359	0.434872
1/27/2021 23:00	1/27/2021	23	oos	train	0	0	31.3	31.3	29.17389111	9.627384066	19.54650704	0.48904	0.53904	0.431232
1/28/2021 0:00	1/28/2021	0	oos	train	0	0	30.92	30.92	21.90890222	7.229937733	14.67896449	0.4688	0.5188	0.41504
1/28/2021 1:00	1/28/2021	1	oos	train	0	0	34.57	34.57	24.92164444	8.224142665	16.69750177	0.45732	0.50732	0.405856
1/28/2021 2:00	1/28/2021	2	oos	train	0	0	39.65	39.65	26.44507333	8.726874199	17.71819913	0.4424	0.4924	0.39392
1/28/2021 3:00	1/28/2021	3	oos	train	0	0	43.93	43.93	28.43077111	9.382154466	19.04861664	0.45534	0.50534	0.404272
1/28/2021 4:00	1/28/2021	4	oos	train	0	0	45.32	45.32	26.57462	8.7696246	17.8049954	0.46337	0.51337	0.410696
1/28/2021 5:00	1/28/2021	5	oos	train	0	0	46.02	46.02	26.72901778	8.820575867	17.90844191	0.55665	0.60665	0.48532
1/28/2021 6:00	1/28/2021	6	oos	train	0	0	50.36	50.36	25.82442444	8.522060065	17.30236437	0.62927	0.67927	0.543416
1/28/2021 7:00	1/28/2021	7	oos	train	0	0	50.57	50.57	31.73428222	10.47231313	21.26196909	0.74822	0.79822	0.638576
1/28/2021 8:00	1/28/2021	8	oos	train	1.2335001	1.2335001	49.28	49.28	30.69413111	10.12906327	20.56506784	0.71817	0.76817	0.614536
1/28/2021 9:00	1/28/2021	9	oos	train	6.7708333	6.7708333	-0.44	0	33.60164889	11.08854413	22.51310476	0.6997	0.7497	0.59976
1/28/2021 10:00	1/28/2021	10	oos	train	23.715	23.715	-0.48	0	30.03430222	9.911319733	20.12298249	0.59234	0.64234	0.513872
1/28/2021 11:00	1/28/2021	11	oos	train	35.242833	35.242833	-0.47	0	26.45247556	8.729316935	17.72315863	0.56312	0.61312	0.490496
1/28/2021 12:00	1/28/2021	12	oos	train	35.064084	35.064084	-0.46	0	25.21723778	8.321688467	16.89554931	0.6251	0.6751	0.54008
1/28/2021 13:00	1/28/2021	13	oos	train	11.60825	11.60825	24.37	24.37	30.21858222	9.972132133	20.24645009	0.62187	0.67187	0.537496
1/28/2021 14:00	1/28/2021	14	oos	train	1.0709167	1.0709167	31.28	31.28	33.12848444	10.93239987	22.19608457	0.59171	0.64171	0.513368
1/28/2021 15:00	1/28/2021	15	oos	train	0	0	-0.34	0	32.27369111	10.65031807	21.62337304	0.62531	0.67531	0.540248
1/28/2021 16:00	1/28/2021	16	oos	train	0	0	18.92	18.92	27.56856889	9.097627734	18.47094116	0.65275	0.70275	0.5622
1/28/2021 17:00	1/28/2021	17	oos	train	0	0	4.3	4.3	29.08928889	9.599465334	19.48982356	0.68197	0.73197	0.585576
1/28/2021 18:00	1/28/2021	18	oos	train	0	0	11.15	11.15	36.96602	12.1987866	24.7672334	0.63334	0.68334	0.546672
1/28/2021 19:00	1/28/2021	19	oos	train	0	0	15.12	15.12	39.62914222	13.07761693	26.55152529	0.58086	0.63086	0.504688
1/28/2021 20:00	1/28/2021	20	oos	train	0	0	10.49	10.49	34.34998889	11.33549633	23.01449256	0.55613	0.60613	0.484904
1/28/2021 21:00	1/28/2021	21	oos	train	0	0	15.99	15.99	36.42071556	12.01883613	24.40187943	0.53234	0.58234	0.465872
1/28/2021 22:00	1/28/2021	22	oos	train	0	0	29.19	29.19	24.38691111	8.047680666	16.33923044	0.47485	0.52485	0.41988
1/28/2021 23:00	1/28/2021	23	oos	train	0	0	58.53	58.53	24.33165778	8.029447067	16.30221071	0.44863	0.49863	0.398904
1/29/2021 0:00	1/29/2021	0	oos	train	0	0	48.5	48.5	22.87374667	7.548336401	15.32541027	0.42898	0.47898	0.383184
1/29/2021 1:00	1/29/2021	1	oos	train	0	0	37.54	37.54	26.85570222	8.862381733	17.99332049	0.41354	0.46354	0.370832
1/29/2021 2:00	1/29/2021	2	oos	train	0	0	54.45	54.45	28.73277556	9.481815935	19.25095963	0.40735	0.45735	0.36588
1/29/2021 3:00	1/29/2021	3	oos	train	0	0	17.44	17.44	28.67800667	9.463742201	19.21426447	0.41365	0.46365	0.37092
1/29/2021 4:00	1/29/2021	4	oos	train	0	0	12.14	12.14	26.88854444	8.873219665	18.01532477	0.45125	0.50125	0.401
1/29/2021 5:00	1/29/2021	5	oos	train	0	0	24.5	24.5	27.33896222	9.021857533	18.31710469	0.48823	0.53823	0.430584
1/29/2021 6:00	1/29/2021	6	oos	train	0	0	36.7	36.7	24.95498222	8.235144133	16.71983809	0.58213	0.63213	0.505704
1/29/2021 7:00	1/29/2021	7	oos	train	0	0	61.2	61.2	32.21667556	10.63150293	21.58517263	0.70177	0.75177	0.601416
1/29/2021 8:00	1/29/2021	8	oos	train	0.0453334	0.0453334	44.72	44.72	31.68723333	10.456787	21.23044633	0.76973	0.81973	0.655784
1/29/2021 9:00	1/29/2021	9	oos	train	0.86975	0.86975	64.5	64.5	29.32553333	9.677425999	19.64810733	0.67047	0.72047	0.576376
1/29/2021 10:00	1/29/2021	10	oos	train	2.6085833	2.6085833	8.93	8.93	27.64950222	9.124335733	18.52516649	0.63822	0.68822	0.550576
1/29/2021 11:00	1/29/2021	11	oos	train	2.5668334	2.5668334	3.22	3.22	24.42342444	8.059730065	16.36369437	0.58371	0.63371	0.506968
1/29/2021 12:00	1/29/2021	12	oos	train	3.5940001	3.5940001	29.35	29.35	24.53296	8.0958768	16.4370832	0.5544	0.6044	0.48352
1/29/2021 13:00	1/29/2021	13	oos	train	1.175	1.175	26.85	26.85	28.85990667	9.523769201	19.33613747	0.53507	0.58507	0.468056
1/29/2021 14:00	1/29/2021	14	oos	train	0.3625833	0.3625833	22.77	22.77	28.20432	9.3074256	18.8968944	0.53245	0.58245	0.46596
1/29/2021 15:00	1/29/2021	15	oos	train	0	0	31.48	31.48	33.20184667	10.9566094	22.24523727	0.55944	0.60944	0.487552
1/29/2021 16:00	1/29/2021	16	oos	train	0	0	32.16	32.16	28.79670222	9.502911733	19.29379049	0.53308	0.58308	0.466464
1/29/2021 17:00	1/29/2021	17	oos	train	0	0	45.59	45.59	26.06801778	8.602445867	17.46557191	0.5294	0.5794	0.46352
1/29/2021 18:00	1/29/2021	18	oos	train	0	0	57.29	57.29	42.55528444	14.04324387	28.51204057	0.50419	0.55419	0.443352
1/29/2021 19:00	1/29/2021	19	oos	train	0	0	92.81	92.81	34.31674	11.3245242	22.9922158	0.50146	0.55146	0.441168
1/29/2021 20:00	1/29/2021	20	oos	train	0	0	68.81	68.81	33.38144	11.0158752	22.3655648	0.50199	0.55199	0.441592
1/29/2021 21:00	1/29/2021	21	oos	train	0	0	76.65	76.65	32.08078222	10.58665813	21.49412409	0.48213	0.53213	0.425704
1/29/2021 22:00	1/29/2021	22	oos	train	0	0	66.84	66.84	33.15554222	10.94132893	22.21421329	0.44947	0.49947	0.399576
1/29/2021 23:00	1/29/2021	23	oos	train	0	0	51.03	51.03	28.90529778	9.538748267	19.36654951	0.43754	0.48754	0.390032
1/30/2021 0:00	1/30/2021	0	oos	train	0	0	32.66	32.66	22.09477111	7.291274466	14.80349664	0.41748	0.46748	0.373984
1/30/2021 1:00	1/30/2021	1	oos	train	0	0	22.27	22.27	25.26298	8.3367834	16.9261966	0.40363	0.45363	0.362904
1/30/2021 2:00	1/30/2021	2	oos	train	0	0	13.87	13.87	27.31403778	9.013632467	18.30040531	0.39237	0.44237	0.353896
1/30/2021 3:00	1/30/2021	3	oos	train	0	0	9.27	9.27	25.13916667	8.295925001	16.84324167	0.39361	0.44361	0.354888
1/30/2021 4:00	1/30/2021	4	oos	train	0	0	4.09	4.09	24.05913111	7.939513266	16.11961784	0.40735	0.45735	0.36588
1/30/2021 5:00	1/30/2021	5	oos	train	0	0	3.65	3.65	26.39007556	8.708724935	17.68135063	0.42958	0.47958	0.383664
1/30/2021 6:00	1/30/2021	6	oos	train	0	0	0.58	0.58	22.99836889	7.589461734	15.40890716	0.44808	0.49808	0.398464
1/30/2021 7:00	1/30/2021	7	oos	train	0	0	0.86	0.86	30.10451333	9.934489399	20.17002393	0.49883	0.54883	0.439064
1/30/2021 8:00	1/30/2021	8	oos	train	0	0	-0.13	0	43.14219556	14.23692453	28.90527103	0.5347	0.5847	0.46776
1/30/2021 9:00	1/30/2021	9	oos	train	0	0	9.25	9.25	32.58771111	10.75394467	21.83376644	0.53759	0.58759	0.470072
1/30/2021 10:00	1/30/2021	10	oos	train	0.0329167	0.0329167	6.39	6.39	27.59015778	9.104752067	18.48540571	0.5503	0.6003	0.48024
1/30/2021 11:00	1/30/2021	11	oos	train	0.54675	0.54675	2.68	2.68	26.86243333	8.864602999	17.99783033	0.55051	0.60051	0.480408
1/30/2021 12:00	1/30/2021	12	oos	train	0.776	0.776	2.89	2.89	25.45582667	8.400422801	17.05540387	0.52302	0.57302	0.458416
1/30/2021 13:00	1/30/2021	13	oos	train	0	0	-0.34	0	28.17196	9.2967468	18.8752132	0.49604	0.54604	0.436832
1/30/2021 14:00	1/30/2021	14	oos	train	0	0	-0.4	0	27.52790667	9.084209201	18.44369747	0.49666	0.54666	0.437328
1/30/2021 15:00	1/30/2021	15	oos	train	0	0	-0.42	0	28.37117333	9.362487199	19.00868613	0.53056	0.58056	0.464448
1/30/2021 16:00	1/30/2021	16	oos	train	0	0	-0.38	0	24.1736	7.977288	16.196312	0.53873	0.58873	0.470984
1/30/2021 17:00	1/30/2021	17	oos	train	0	0	2.52	2.52	24.87632444	8.209187065	16.66713737	0.54214	0.59214	0.473712
1/30/2021 18:00	1/30/2021	18	oos	train	0	0	4.13	4.13	49.24431111	16.25062267	32.99368844	0.53656	0.58656	0.469248
1/30/2021 19:00	1/30/2021	19	oos	train	0	0	0.62	0.62	34.07240444	11.24389347	22.82851097	0.54555	0.59555	0.47644
1/30/2021 20:00	1/30/2021	20	oos	train	0	0	-0.43	0	29.14640444	9.618313465	19.52809097	0.48539	0.53539	0.428312
1/30/2021 21:00	1/30/2021	21	oos	train	0	0	0.5	0.5	26.05492889	8.598126534	17.45680236	0.4856	0.5356	0.42848
1/30/2021 22:00	1/30/2021	22	oos	train	0	0	1.71	1.71	22.06666444	7.281999265	14.78466517	0.43723	0.48723	0.389784
1/30/2021 23:00	1/30/2021	23	oos	train	0	0	3.81	3.81	22.43928889	7.404965334	15.03432356	0.43715	0.48715	0.38972
1/31/2021 0:00	1/31/2021	0	oos	train	0	0	-0.42	0	24.66315778	8.138842067	16.52431571	0.42572	0.47572	0.380576
1/31/2021 1:00	1/31/2021	1	oos	train	0	0	-0.47	0	23.82827778	7.863331667	15.96494611	0.42084	0.47084	0.376672
1/31/2021 2:00	1/31/2021	2	oos	train	0	0	1.02	1.02	23.91432667	7.891727801	16.02259887	0.41035	0.46035	0.36828
1/31/2021 3:00	1/31/2021	3	oos	train	0	0	1.52	1.52	25.59928889	8.447765334	17.15152356	0.41087	0.46087	0.368696
1/31/2021 4:00	1/31/2021	4	oos	train	0	0	1.28	1.28	24.18974889	7.982617134	16.20713176	0.42198	0.47198	0.377584
1/31/2021 5:00	1/31/2021	5	oos	train	0	0	14.28	14.28	21.46322889	7.082865534	14.38036336	0.42406	0.47406	0.379248
1/31/2021 6:00	1/31/2021	6	oos	train	0	0	7.29	7.29	20.58191556	6.792032135	13.78988343	0.42894	0.47894	0.383152
1/31/2021 7:00	1/31/2021	7	oos	train	0	0	9.22	9.22	25.66333333	8.468899999	17.19443333	0.46592	0.51592	0.412736
1/31/2021 8:00	1/31/2021	8	oos	train	0	0	11.22	11.22	33.68431556	11.11582413	22.56849143	0.51059	0.56059	0.448472
1/31/2021 9:00	1/31/2021	9	oos	train	0	0	0.86	0.86	25.72413333	8.488963999	17.23516933	0.52701	0.57701	0.461608
1/31/2021 10:00	1/31/2021	10	oos	train	0.0009167	0.0009167	2.15	2.15	31.33194667	10.3395424	20.99240427	0.53127	0.58127	0.465016
1/31/2021 11:00	1/31/2021	11	oos	train	3.8631667	3.8631667	3.59	3.59	28.96613333	9.558823999	19.40730933	0.52327	0.57327	0.458616
1/31/2021 12:00	1/31/2021	12	oos	train	11.41425	11.41425	16.43	16.43	30.89578667	10.1956096	20.70017707	0.48234	0.53234	0.425872
1/31/2021 13:00	1/31/2021	13	oos	train	0.5271666	0.5271666	6.63	6.63	29.25057556	9.652689935	19.59788563	0.47735	0.52735	0.42188
1/31/2021 14:00	1/31/2021	14	oos	train	0.4583334	0.4583334	29.04	29.04	29.42145333	9.709079599	19.71237373	0.49782	0.54782	0.438256
1/31/2021 15:00	1/31/2021	15	oos	train	0	0	18.02	18.02	32.32135556	10.66604733	21.65530823	0.54976	0.59976	0.479808
1/31/2021 16:00	1/31/2021	16	oos	train	0	0	5.83	5.83	28.82628222	9.512673133	19.31360909	0.66964	0.71964	0.575712
1/31/2021 17:00	1/31/2021	17	oos	train	0	0	16.53	16.53	32.78185778	10.81801307	21.96384471	0.66362	0.71362	0.570896
1/31/2021 18:00	1/31/2021	18	oos	train	0	0	10.13	10.13	40.61153778	13.40180747	27.20973031	0.64772	0.69772	0.558176
1/31/2021 19:00	1/31/2021	19	oos	train	0	0	21.98	21.98	44.42265778	14.65947707	29.76318071	0.60243	0.65243	0.521944
1/31/2021 20:00	1/31/2021	20	oos	train	0	0	9.6	9.6	45.16770667	14.9053432	30.26236347	0.53335	0.58335	0.46668
1/31/2021 21:00	1/31/2021	21	oos	train	0	0	22.61	22.61	32.47619778	10.71714527	21.75905251	0.51195	0.56195	0.44956
1/31/2021 22:00	1/31/2021	22	oos	train	0	0	21.7	21.7	28.56179111	9.425391066	19.13640004	0.47122	0.52122	0.416976
1/31/2021 23:00	1/31/2021	23	oos	train	0	0	20.07	20.07	27.14885778	8.959123067	18.18973471	0.44203	0.49203	0.393624
2/1/2021 0:00	2/1/2021	0	oos	test	0	0	29.02	29.02	37.73125334	12.4513136	25.27993973	0.42572	0.47572	0.380576
2/1/2021 1:00	2/1/2021	1	oos	test	0	0	27.09	27.09	39.28893333	12.965348	26.32358533	0.42531	0.47531	0.380248
2/1/2021 2:00	2/1/2021	2	oos	test	0	0	40.56	40.56	37.47248667	12.3659206	25.10656607	0.41575	0.46575	0.3726
2/1/2021 3:00	2/1/2021	3	oos	test	0	0	37.72	37.72	37.34332667	12.3232978	25.02002887	0.42344	0.47344	0.378752
2/1/2021 4:00	2/1/2021	4	oos	test	0	0	47.98	47.98	38.38646334	12.6675329	25.71893044	0.50187	0.55187	0.441496
2/1/2021 5:00	2/1/2021	5	oos	test	0	0	57.48	57.48	40.32942333	13.3087097	27.02071363	0.61728	0.66728	0.533824
2/1/2021 6:00	2/1/2021	6	oos	test	0	0	62.59	62.59	45.68583333	15.076325	30.60950833	0.89559	0.94559	0.756472
2/1/2021 7:00	2/1/2021	7	oos	test	0	0	80.62	80.62	45.15312666	14.9005318	30.25259486	2.07708	2.12708	1.701664
2/1/2021 8:00	2/1/2021	8	oos	test	1.0718333	1.0718333	87.56	87.56	51.12702666	16.8719188	34.25510786	1.72231	1.77231	1.417848
2/1/2021 9:00	2/1/2021	9	oos	test	7.0032499	7.0032499	67.9	67.9	49.20076	16.2362508	32.9645092	1.30417	1.35417	1.083336
2/1/2021 10:00	2/1/2021	10	oos	test	11.5821665	11.5821665	82.64	82.64	46.32856334	15.2884259	31.04013743	0.6979	0.7479	0.59832
2/1/2021 11:00	2/1/2021	11	oos	test	15.3678335	15.3678335	61.96	61.96	34.39423333	11.350097	23.04413633	0.68606	0.73606	0.588848
2/1/2021 12:00	2/1/2021	12	oos	test	23.2015	23.2015	29.88	29.88	34.71581667	11.4562195	23.25959717	0.68928	0.73928	0.591424
2/1/2021 13:00	2/1/2021	13	oos	test	16.808833	16.808833	27.85	27.85	44.5403	14.698299	29.842001	0.81498	0.86498	0.691984
2/1/2021 14:00	2/1/2021	14	oos	test	6.19925	6.19925	26.26	26.26	48.02494667	15.8482324	32.17671427	0.89424	0.94424	0.755392
2/1/2021 15:00	2/1/2021	15	oos	test	0.0123	0.0123	46.63	46.63	49.47361334	16.3262924	33.14732093	1.4546	1.5046	1.20368
2/1/2021 16:00	2/1/2021	16	oos	test	0	0	50.29	50.29	46.16378	15.2340474	30.9297326	2.07708	2.12708	1.701664
2/1/2021 17:00	2/1/2021	17	oos	test	0	0	47.62	47.62	36.91919334	12.1833338	24.73585954	1.23654	1.28654	1.029232
2/1/2021 18:00	2/1/2021	18	oos	test	0	0	50.86	50.86	49.7908	16.430964	33.359836	0.73208	0.78208	0.625664
2/1/2021 19:00	2/1/2021	19	oos	test	0	0	55.65	55.65	82.21989333	27.1325648	55.08732853	0.6471	0.6971	0.55768
2/1/2021 20:00	2/1/2021	20	oos	test	0	0	45.14	45.14	47.83752	15.7863816	32.0511384	0.5855	0.6355	0.5084
2/1/2021 21:00	2/1/2021	21	oos	test	0	0	49.33	49.33	54.05682666	17.8387528	36.21807386	0.57396	0.62396	0.499168
2/1/2021 22:00	2/1/2021	22	oos	test	0	0	40.74	40.74	40.76112333	13.4511707	27.30995263	0.51319	0.56319	0.450552
2/1/2021 23:00	2/1/2021	23	oos	test	0	0	39.19	39.19	33.16992333	10.9460747	22.22384863	0.47917	0.52917	0.423336
2/2/2021 0:00	2/2/2021	0	oos	test	0	0	40.53	40.53	33.47667333	11.0473022	22.42937113	0.46795	0.51795	0.41436
2/2/2021 1:00	2/2/2021	1	oos	test	0	0	30.59	30.59	41.72439666	13.7690509	27.95534576	0.45279	0.50279	0.402232
2/2/2021 2:00	2/2/2021	2	oos	test	0	0	26.38	26.38	39.40896666	13.004959	26.40400766	0.44084	0.49084	0.392672
2/2/2021 3:00	2/2/2021	3	oos	test	0	0	23.64	23.64	40.88809334	13.4930708	27.39502253	0.45684	0.50684	0.405472
2/2/2021 4:00	2/2/2021	4	oos	test	0	0	30.3	30.3	43.64039334	14.4013298	29.23906354	0.49569	0.54569	0.436552
2/2/2021 5:00	2/2/2021	5	oos	test	0	0	41.39	41.39	42.20019	13.9260627	28.2741273	0.6488	0.6988	0.55904
2/2/2021 6:00	2/2/2021	6	oos	test	0	0	41.39	41.39	38.57160666	12.7286302	25.84297646	1.21013	1.26013	1.008104
2/2/2021 7:00	2/2/2021	7	oos	test	0.0011429	0.0011429	26.4	26.4	50.39935334	16.6317866	33.76756673	1.58148	1.63148	1.305184
2/2/2021 8:00	2/2/2021	8	oos	test	2.9463332	2.9463332	28.49	28.49	51.67617666	17.0531383	34.62303836	1.24057	1.29057	1.032456
2/2/2021 9:00	2/2/2021	9	oos	test	14.41975	14.41975	25.94	25.94	50.37329334	16.6231868	33.75010654	1.03957	1.08957	0.871656
2/2/2021 10:00	2/2/2021	10	oos	test	25.6896665	25.6896665	20.92	20.92	50.56505	16.6864665	33.8785835	0.69357	0.74357	0.594856
2/2/2021 11:00	2/2/2021	11	oos	test	29.163084	29.163084	19.81	19.81	41.86061	13.8140013	28.0466087	0.66469	0.71469	0.571752
2/2/2021 12:00	2/2/2021	12	oos	test	25.6039165	25.6039165	16.24	16.24	43.09826667	14.222428	28.87583867	0.65004	0.70004	0.560032
2/2/2021 13:00	2/2/2021	13	oos	test	14.451583	14.451583	4.66	4.66	45.36103334	14.969141	30.39189233	0.66926	0.71926	0.575408
2/2/2021 14:00	2/2/2021	14	oos	test	2.1948334	2.1948334	13.62	13.62	50.56533666	16.6865611	33.87877556	0.67258	0.72258	0.578064
2/2/2021 15:00	2/2/2021	15	oos	test	0.0068181	0.0068181	6.51	6.51	68.03961333	22.4530724	45.58654093	0.81998	0.86998	0.695984
2/2/2021 16:00	2/2/2021	16	oos	test	0	0	8.64	8.64	54.18883667	17.8823161	36.30652057	0.92739	0.97739	0.781912
2/2/2021 17:00	2/2/2021	17	oos	test	0	0	25.67	25.67	47.93113667	15.8172751	32.11386157	0.68567	0.73567	0.588536
2/2/2021 18:00	2/2/2021	18	oos	test	0	0	24.85	24.85	71.43672	23.5741176	47.8626024	0.62439	0.67439	0.539512
2/2/2021 19:00	2/2/2021	19	oos	test	0	0	21.83	21.83	88.15018667	29.0895616	59.06062507	0.53173	0.58173	0.465384
2/2/2021 20:00	2/2/2021	20	oos	test	0	0	19.53	19.53	54.05913	17.8395129	36.2196171	0.50524	0.55524	0.444192
2/2/2021 21:00	2/2/2021	21	oos	test	0	0	18.13	18.13	55.64186667	18.361816	37.28005067	0.48343	0.53343	0.426744
2/2/2021 22:00	2/2/2021	22	oos	test	0	0	23.8	23.8	53.03080334	17.5001651	35.53063823	0.43606	0.48606	0.388848
2/2/2021 23:00	2/2/2021	23	oos	test	0	0	21.59	21.59	45.02801667	14.8592455	30.16877117	0.401	0.451	0.3608
2/3/2021 0:00	2/3/2021	0	oos	test	0	0	24.59	24.59	38.41764666	12.6778234	25.73982326	0.38898	0.43898	0.351184
2/3/2021 1:00	2/3/2021	1	oos	test	0	0	18.97	18.97	42.23639334	13.9380098	28.29838354	0.38069	0.43069	0.344552
2/3/2021 2:00	2/3/2021	2	oos	test	0	0	14.8	14.8	44.26768001	14.6083344	29.6593456	0.38255	0.43255	0.34604
2/3/2021 3:00	2/3/2021	3	oos	test	0	0	19.53	19.53	42.98289666	14.1843559	28.79854076	0.401	0.451	0.3608
2/3/2021 4:00	2/3/2021	4	oos	test	0	0	16.08	16.08	40.39332	13.3297956	27.0635244	0.42733	0.47733	0.381864
2/3/2021 5:00	2/3/2021	5	oos	test	0	0	19.09	19.09	44.53853667	14.6977171	29.84081957	0.46682	0.51682	0.413456
2/3/2021 6:00	2/3/2021	6	oos	test	0	0	18.27	18.27	44.57002667	14.7081088	29.86191787	0.51874	0.56874	0.454992
2/3/2021 7:00	2/3/2021	7	oos	test	0.0022857	0.0022857	20.23	20.23	52.09216001	17.1904128	34.9017472	0.52247	0.57247	0.457976
2/3/2021 8:00	2/3/2021	8	oos	test	4.2485	4.2485	10.4	10.4	55.05141666	18.1669675	36.88444916	0.51791	0.56791	0.454328
2/3/2021 9:00	2/3/2021	9	oos	test	17.7849165	17.7849165	11.47	11.47	52.57200333	17.3487611	35.22324223	0.51719	0.56719	0.453752
2/3/2021 10:00	2/3/2021	10	oos	test	25.7556665	25.7556665	7.76	7.76	46.34242334	15.2929997	31.04942363	0.52496	0.57496	0.459968
2/3/2021 11:00	2/3/2021	11	oos	test	29.505667	29.505667	4.55	4.55	44.46333666	14.6729011	29.79043556	0.52465	0.57465	0.45972
2/3/2021 12:00	2/3/2021	12	oos	test	28.134417	28.134417	-0.58	0	45.96764	15.1693212	30.7983188	0.52144	0.57144	0.457152
2/3/2021 13:00	2/3/2021	13	oos	test	21.0746665	21.0746665	-0.59	0	44.79552	14.7825216	30.0129984	0.51335	0.56335	0.45068
2/3/2021 14:00	2/3/2021	14	oos	test	9.1154167	9.1154167	-0.71	0	48.93254	16.1477382	32.7848018	0.50796	0.55796	0.446368
2/3/2021 15:00	2/3/2021	15	oos	test	0.0443333	0.0443333	-0.64	0	57.72883334	19.050515	38.67831833	0.48993	0.53993	0.431944
2/3/2021 16:00	2/3/2021	16	oos	test	0	0	-0.66	0	52.26898334	17.2487645	35.02021883	0.46277	0.51277	0.410216
2/3/2021 17:00	2/3/2021	17	oos	test	0	0	-0.69	0	44.78777334	14.7799652	30.00780814	0.45158	0.50158	0.401264
2/3/2021 18:00	2/3/2021	18	oos	test	0	0	-0.76	0	44.90861667	14.8198435	30.08877317	0.44205	0.49205	0.39364
2/3/2021 19:00	2/3/2021	19	oos	test	0	0	-0.73	0	64.70895333	21.3539546	43.35499873	0.44039	0.49039	0.392312
2/3/2021 20:00	2/3/2021	20	oos	test	0	0	-0.85	0	62.91835333	20.7630566	42.15529673	0.43313	0.48313	0.386504
2/3/2021 21:00	2/3/2021	21	oos	test	0	0	-0.75	0	56.34344667	18.5933374	37.75010927	0.41613	0.46613	0.372904
2/3/2021 22:00	2/3/2021	22	oos	test	0	0	-0.76	0	51.39787001	16.9612971	34.4365729	0.38276	0.43276	0.346208
2/3/2021 23:00	2/3/2021	23	oos	test	0	0	-0.8	0	41.96407334	13.8481442	28.11592913	0.36198	0.41198	0.329584
2/4/2021 0:00	2/4/2021	0	oos	test	0	0	-0.75	0	42.98017334	14.1834572	28.79671613	0.35691	0.40691	0.325528
2/4/2021 1:00	2/4/2021	1	oos	test	0	0	-0.84	0	46.04523666	15.1949281	30.85030856	0.35152	0.40152	0.321216
2/4/2021 2:00	2/4/2021	2	oos	test	0	0	-0.76	0	46.03274334	15.1908053	30.84193804	0.35794	0.40794	0.326352
2/4/2021 3:00	2/4/2021	3	oos	test	0	0	0.19	0.19	49.43369667	16.3131199	33.12057677	0.38291	0.43291	0.346328
2/4/2021 4:00	2/4/2021	4	oos	test	0	0	-0.75	0	48.99841667	16.1694775	32.82893917	0.40942	0.45942	0.367536
2/4/2021 5:00	2/4/2021	5	oos	test	0	0	-0.76	0	44.69673333	14.749922	29.94681133	0.4116	0.4616	0.36928
2/4/2021 6:00	2/4/2021	6	oos	test	0	0	4.4	4.4	46.87825001	15.4698225	31.4084275	0.42413	0.47413	0.379304
2/4/2021 7:00	2/4/2021	7	oos	test	0.0025	0.0025	23.73	23.73	53.37125667	17.6125147	35.75874197	0.43407	0.48407	0.387256
2/4/2021 8:00	2/4/2021	8	oos	test	5.1255834	5.1255834	44.42	44.42	56.30732	18.5814156	37.7259044	0.44598	0.49598	0.396784
2/4/2021 9:00	2/4/2021	9	oos	test	19.89575	19.89575	32.51	32.51	57.85751334	19.0929794	38.76453394	0.44722	0.49722	0.397776
2/4/2021 10:00	2/4/2021	10	oos	test	27.253667	27.253667	30.43	30.43	47.72311667	15.7486285	31.97448817	0.45033	0.50033	0.400264
2/4/2021 11:00	2/4/2021	11	oos	test	29.706	29.706	25.11	25.11	43.01369667	14.1945199	28.81917677	0.45292	0.50292	0.402336
2/4/2021 12:00	2/4/2021	12	oos	test	27.68125	27.68125	18.31	18.31	44.49034334	14.6818133	29.80853003	0.45427	0.50427	0.403416
2/4/2021 13:00	2/4/2021	13	oos	test	20.7024165	20.7024165	12.06	12.06	52.21388	17.2305804	34.9832996	0.44463	0.49463	0.395704
2/4/2021 14:00	2/4/2021	14	oos	test	9.0334167	9.0334167	10	10	56.94754001	18.7926882	38.1548518	0.44277	0.49277	0.394216
2/4/2021 15:00	2/4/2021	15	oos	test	0.1171667	0.1171667	3.65	3.65	58.25262666	19.2233668	39.02925986	0.43832	0.48832	0.390656
2/4/2021 16:00	2/4/2021	16	oos	test	0	0	20.8	20.8	49.84117333	16.4475872	33.39358613	0.43283	0.48283	0.386264
2/4/2021 17:00	2/4/2021	17	oos	test	0	0	22.51	22.51	70.86196667	23.384449	47.47751767	0.42889	0.47889	0.383112
2/4/2021 18:00	2/4/2021	18	oos	test	0	0	25.51	25.51	76.89999333	25.3769978	51.52299553	0.43738	0.48738	0.389904
2/4/2021 19:00	2/4/2021	19	oos	test	0	0	33.08	33.08	76.34562666	25.1940568	51.15156986	0.43179	0.48179	0.385432
2/4/2021 20:00	2/4/2021	20	oos	test	0	0	28.42	28.42	58.52034666	19.3117144	39.20863226	0.43376	0.48376	0.387008
2/4/2021 21:00	2/4/2021	21	oos	test	0	0	39.72	39.72	63.15531333	20.8412534	42.31405993	0.46628	0.51628	0.413024
2/4/2021 22:00	2/4/2021	22	oos	test	0	0	28.99	28.99	52.55806001	17.3441598	35.2139002	0.45271	0.50271	0.402168
2/4/2021 23:00	2/4/2021	23	oos	test	0	0	33.26	33.26	48.19244334	15.9035063	32.28893704	0.47099	0.52099	0.416792
2/5/2021 0:00	2/5/2021	0	oos	test	0	0	33.46	33.46	43.16979666	14.2460329	28.92376376	0.45487	0.50487	0.403896
2/5/2021 1:00	2/5/2021	1	oos	test	0	0	36.68	36.68	49.63422666	16.3792948	33.25493186	0.43657	0.48657	0.389256
2/5/2021 2:00	2/5/2021	2	oos	test	0	0	40.38	40.38	43.98278	14.5143174	29.4684626	0.42582	0.47582	0.380656
2/5/2021 3:00	2/5/2021	3	oos	test	0	0	34.74	34.74	47.89752666	15.8061838	32.09134286	0.42892	0.47892	0.383136
2/5/2021 4:00	2/5/2021	4	oos	test	0	0	40.87	40.87	54.84104667	18.0975454	36.74350127	0.45207	0.50207	0.401656
2/5/2021 5:00	2/5/2021	5	oos	test	0	0	42.44	42.44	52.11375666	17.1975397	34.91621696	0.4436	0.4936	0.39488
2/5/2021 6:00	2/5/2021	6	oos	test	0	0	38.69	38.69	49.69028667	16.3977946	33.29249207	0.44484	0.49484	0.395872
2/5/2021 7:00	2/5/2021	7	oos	test	0.001125	0.001125	40.67	40.67	52.53988999	17.3381637	35.2017263	0.46179	0.51179	0.409432
2/5/2021 8:00	2/5/2021	8	oos	test	1.1390833	1.1390833	36.63	36.63	69.21459333	22.8408158	46.37377753	0.46262	0.51262	0.410096
2/5/2021 9:00	2/5/2021	9	oos	test	14.79475	14.79475	33.58	33.58	53.35281	17.6064273	35.7463827	0.48091	0.53091	0.424728
2/5/2021 10:00	2/5/2021	10	oos	test	28.064333	28.064333	35.48	35.48	53.86176666	17.774383	36.08738366	0.51006	0.56006	0.448048
2/5/2021 11:00	2/5/2021	11	oos	test	27.0805	27.0805	19.34	19.34	49.14635	16.2182955	32.9280545	0.55285	0.60285	0.48228
2/5/2021 12:00	2/5/2021	12	oos	test	23.42625	23.42625	8.6	8.6	45.91879334	15.1532018	30.76559153	0.54892	0.59892	0.479136
2/5/2021 13:00	2/5/2021	13	oos	test	15.621417	15.621417	7.37	7.37	47.29979334	15.6089318	31.69086154	0.51853	0.56853	0.454824
2/5/2021 14:00	2/5/2021	14	oos	test	4.6819166	4.6819166	17.35	17.35	47.11067334	15.5465222	31.56415114	0.4991	0.5491	0.43928
2/5/2021 15:00	2/5/2021	15	oos	test	0.0796364	0.0796364	12.17	12.17	70.24922	23.1822426	47.0669774	0.48742	0.53742	0.429936
2/5/2021 16:00	2/5/2021	16	oos	test	0	0	0	0	59.94246	19.7810118	40.1614482	0.49889	0.54889	0.439112
2/5/2021 17:00	2/5/2021	17	oos	test	0	0	-0.62	0	69.34036001	22.8823188	46.4580412	0.48391	0.53391	0.427128
2/5/2021 18:00	2/5/2021	18	oos	test	0	0	1.12	1.12	64.93869333	21.4297688	43.50892453	0.4651	0.5151	0.41208
2/5/2021 19:00	2/5/2021	19	oos	test	0	0	-0.6	0	55.69917	18.3807261	37.3184439	0.45332	0.50332	0.402656
2/5/2021 20:00	2/5/2021	20	oos	test	0	0	-0.6	0	50.55989667	16.6847659	33.87513077	0.45052	0.50052	0.400416
2/5/2021 21:00	2/5/2021	21	oos	test	0	0	2.12	2.12	45.97596	15.1720668	30.8038932	0.50117	0.55117	0.440936
2/5/2021 22:00	2/5/2021	22	oos	test	0	0	-0.65	0	46.22901333	15.2555744	30.97343893	0.45042	0.50042	0.400336
2/5/2021 23:00	2/5/2021	23	oos	test	0	0	1.76	1.76	49.53673001	16.3471209	33.1896091	0.41985	0.46985	0.37588
2/6/2021 0:00	2/6/2021	0	oos	test	0	0	4.28	4.28	51.31584666	16.9342294	34.38161726	0.41242	0.46242	0.369936
2/6/2021 1:00	2/6/2021	1	oos	test	0	0	9.94	9.94	50.29656666	16.597867	33.69869966	0.40529	0.45529	0.364232
2/6/2021 2:00	2/6/2021	2	oos	test	0	0	11.04	11.04	49.86506667	16.455472	33.40959467	0.3989	0.4489	0.35912
2/6/2021 3:00	2/6/2021	3	oos	test	0	0	31.31	31.31	50.65061334	16.7147024	33.93591094	0.40168	0.45168	0.361344
2/6/2021 4:00	2/6/2021	4	oos	test	0	0	30.89	30.89	45.72626667	15.089668	30.63659867	0.4119	0.4619	0.36952
2/6/2021 5:00	2/6/2021	5	oos	test	0	0	30.01	30.01	45.67436	15.0725388	30.6018212	0.42077	0.47077	0.376616
2/6/2021 6:00	2/6/2021	6	oos	test	0	0	37.05	37.05	46.27917333	15.2721272	31.00704613	0.43213	0.48213	0.385704
2/6/2021 7:00	2/6/2021	7	oos	test	0	0	39.02	39.02	55.80238333	18.4147865	37.38759683	0.44296	0.49296	0.394368
2/6/2021 8:00	2/6/2021	8	oos	test	4.4805	4.4805	35.78	35.78	58.78796	19.4000268	39.3879332	0.51624	0.56624	0.452992
2/6/2021 9:00	2/6/2021	9	oos	test	14.44875	14.44875	37.41	37.41	61.70539334	20.3627798	41.34261353	0.57435	0.62435	0.49948
2/6/2021 10:00	2/6/2021	10	oos	test	22.175333	22.175333	26.8	26.8	55.01422666	18.1546948	36.85953187	0.54865	0.59865	0.47892
2/6/2021 11:00	2/6/2021	11	oos	test	24.8118335	24.8118335	26.73	26.73	76.21629333	25.1513768	51.06491653	0.51717	0.56717	0.453736
2/6/2021 12:00	2/6/2021	12	oos	test	23.700167	23.700167	63.23	63.23	45.74743001	15.0966519	30.6507781	0.49859	0.54859	0.438872
2/6/2021 13:00	2/6/2021	13	oos	test	15.833	15.833	-0.53	0	54.10228667	17.8537546	36.24853207	0.48125	0.53125	0.425
2/6/2021 14:00	2/6/2021	14	oos	test	1.2396667	1.2396667	-0.59	0	55.67006334	18.3711209	37.29894244	0.48291	0.53291	0.426328
2/6/2021 15:00	2/6/2021	15	oos	test	0.00125	0.00125	-0.6	0	59.22691333	19.5448814	39.68203193	0.45421	0.50421	0.403368
2/6/2021 16:00	2/6/2021	16	oos	test	0	0	-0.59	0	54.20631666	17.8880845	36.31823216	0.44565	0.49565	0.39652
2/6/2021 17:00	2/6/2021	17	oos	test	0	0	-0.57	0	56.88918	18.7734294	38.1157506	0.43347	0.48347	0.386776
2/6/2021 18:00	2/6/2021	18	oos	test	0	0	5.53	5.53	106.1296867	35.0227966	71.10689006	0.43202	0.48202	0.385616
2/6/2021 19:00	2/6/2021	19	oos	test	0	0	10.17	10.17	70.43902001	23.2448766	47.1941434	0.43326	0.48326	0.386608
2/6/2021 20:00	2/6/2021	20	oos	test	0	0	3.25	3.25	66.84893334	22.060148	44.78878534	0.42821	0.47821	0.382568
2/6/2021 21:00	2/6/2021	21	oos	test	0	0	2.64	2.64	65.04263334	21.464069	43.57856434	0.42016	0.47016	0.376128
2/6/2021 22:00	2/6/2021	22	oos	test	0	0	14.3	14.3	48.62166666	16.04515	32.57651666	0.40901	0.45901	0.367208
2/6/2021 23:00	2/6/2021	23	oos	test	0	0	10.64	10.64	52.04593	17.1751569	34.8707731	0.4115	0.4615	0.3692
2/7/2021 0:00	2/7/2021	0	oos	test	0	0	17.75	17.75	52.26104667	17.2461454	35.01490127	0.3969	0.4469	0.35752
2/7/2021 1:00	2/7/2021	1	oos	test	0	0	23.01	23.01	55.42478334	18.2901785	37.13460484	0.39001	0.44001	0.352008
2/7/2021 2:00	2/7/2021	2	oos	test	0	0	15.01	15.01	52.93104666	17.4672454	35.46380126	0.38024	0.43024	0.344192
2/7/2021 3:00	2/7/2021	3	oos	test	0	0	13.45	13.45	54.46392	17.9730936	36.4908264	0.38301	0.43301	0.346408
2/7/2021 4:00	2/7/2021	4	oos	test	0	0	19.39	19.39	49.11539667	16.2080809	32.90731577	0.39515	0.44515	0.35612
2/7/2021 5:00	2/7/2021	5	oos	test	0	0	16.99	16.99	48.39060666	15.9689002	32.42170646	0.39217	0.44217	0.353736
2/7/2021 6:00	2/7/2021	6	oos	test	0	0	15.83	15.83	48.15749334	15.8919728	32.26552054	0.39803	0.44803	0.358424
2/7/2021 7:00	2/7/2021	7	oos	test	0.0005556	0.0005556	17.48	17.48	57.03497334	18.8215412	38.21343214	0.41695	0.46695	0.37356
2/7/2021 8:00	2/7/2021	8	oos	test	0.6848333	0.6848333	21.04	21.04	62.54726667	20.640598	41.90666867	0.42611	0.47611	0.380888
2/7/2021 9:00	2/7/2021	9	oos	test	3.4985	3.4985	15.44	15.44	54.38958333	17.9485625	36.44102083	0.42899	0.47899	0.383192
2/7/2021 10:00	2/7/2021	10	oos	test	5.5094168	5.5094168	8.24	8.24	55.21861001	18.2221413	36.9964687	0.42981	0.47981	0.383848
2/7/2021 11:00	2/7/2021	11	oos	test	32.518917	32.518917	8.35	8.35	58.80594666	19.4059624	39.39998426	0.42888	0.47888	0.383104
2/7/2021 12:00	2/7/2021	12	oos	test	17.3835835	17.3835835	11.69	11.69	59.24036667	19.549321	39.69104567	0.4258	0.4758	0.38064
2/7/2021 13:00	2/7/2021	13	oos	test	7.236	7.236	14.85	14.85	55.50772667	18.3175498	37.19017687	0.41983	0.46983	0.375864
2/7/2021 14:00	2/7/2021	14	oos	test	1.9044167	1.9044167	4.03	4.03	57.03396	18.8212068	38.2127532	0.42107	0.47107	0.376856
2/7/2021 15:00	2/7/2021	15	oos	test	0.2920834	0.2920834	-0.62	0	67.90656	22.4091648	45.4973952	0.43259	0.48259	0.386072
2/7/2021 16:00	2/7/2021	16	oos	test	0	0	14.16	14.16	58.27940667	19.2322042	39.04720247	0.46036	0.51036	0.408288
2/7/2021 17:00	2/7/2021	17	oos	test	0	0	3.82	3.82	62.26012001	20.5458396	41.7142804	0.4583	0.5083	0.40664
2/7/2021 18:00	2/7/2021	18	oos	test	0	0	-0.58	0	111.0599	36.649767	74.410133	0.45336	0.50336	0.402688
2/7/2021 19:00	2/7/2021	19	oos	test	0	0	2.46	2.46	60.04273333	19.814102	40.22863133	0.4293	0.4793	0.38344
2/7/2021 20:00	2/7/2021	20	oos	test	0	0	12.17	12.17	59.52423333	19.642997	39.88123633	0.42744	0.47744	0.381952
2/7/2021 21:00	2/7/2021	21	oos	test	0	0	24.7	24.7	56.09425334	18.5111036	37.58314973	0.41922	0.46922	0.375376
2/7/2021 22:00	2/7/2021	22	oos	test	0	0	18.4	18.4	52.87411001	17.4484563	35.4256537	0.39937	0.44937	0.359496
2/7/2021 23:00	2/7/2021	23	oos	test	0	0	28.86	28.86	48.69557334	16.0695392	32.62603414	0.41202	0.46202	0.369616
2/8/2021 0:00	2/8/2021	0	oos	test	0	0	30.85	30.85	47.64096333	15.7215179	31.91944543	0.40543	0.45543	0.364344
2/8/2021 1:00	2/8/2021	1	oos	test	0	0	30.69	30.69	55.11329667	18.1873879	36.92590877	0.40112	0.45112	0.360896
2/8/2021 2:00	2/8/2021	2	oos	test	0	0	25.61	25.61	52.12358334	17.2007825	34.92280084	0.40369	0.45369	0.362952
2/8/2021 3:00	2/8/2021	3	oos	test	0	0	31.38	31.38	55.55718666	18.3338716	37.22331506	0.41675	0.46675	0.3734
2/8/2021 4:00	2/8/2021	4	oos	test	0	0	14.06	14.06	53.38057666	17.6155903	35.76498637	0.45923	0.50923	0.407384
2/8/2021 5:00	2/8/2021	5	oos	test	0	0	18.18	18.18	48.58941333	16.0345064	32.55490693	0.47465	0.52465	0.41972
2/8/2021 6:00	2/8/2021	6	oos	test	0	0	19.24	19.24	52.02428	17.1680124	34.8562676	0.47105	0.52105	0.41684
2/8/2021 7:00	2/8/2021	7	oos	test	0	0	16.58	16.58	59.91726666	19.772698	40.14456866	0.53369	0.58369	0.466952
2/8/2021 8:00	2/8/2021	8	oos	test	0.4007499	0.4007499	9.67	9.67	55.29026667	18.245788	37.04447867	0.58347	0.63347	0.506776
2/8/2021 9:00	2/8/2021	9	oos	test	1.6056666	1.6056666	4.85	4.85	58.44694667	19.2874924	39.15945427	0.71902	0.76902	0.615216
2/8/2021 10:00	2/8/2021	10	oos	test	9.9810834	9.9810834	7.22	7.22	56.08667334	18.5086022	37.57807114	0.66873	0.71873	0.574984
2/8/2021 11:00	2/8/2021	11	oos	test	17.3680835	17.3680835	0.17	0.17	54.13121334	17.8633004	36.26791294	0.63973	0.68973	0.551784
2/8/2021 12:00	2/8/2021	12	oos	test	12.5508334	12.5508334	0.97	0.97	55.85043	18.4306419	37.4197881	0.60517	0.65517	0.524136
2/8/2021 13:00	2/8/2021	13	oos	test	23.4827495	23.4827495	-0.51	0	55.24706334	18.2315309	37.01553244	0.51507	0.56507	0.452056
2/8/2021 14:00	2/8/2021	14	oos	test	15.0510835	15.0510835	-0.55	0	60.63371334	20.0091254	40.62458794	0.57925	0.62925	0.5034
2/8/2021 15:00	2/8/2021	15	oos	test	1.61525	1.61525	-0.56	0	86.65898667	28.5974656	58.06152107	0.58018	0.63018	0.504144
2/8/2021 16:00	2/8/2021	16	oos	test	0	0	-0.63	0	54.79137333	18.0811532	36.71022013	0.59612	0.64612	0.516896
2/8/2021 17:00	2/8/2021	17	oos	test	0	0	15.94	15.94	47.41294	15.6462702	31.7666698	0.60712	0.65712	0.525696
2/8/2021 18:00	2/8/2021	18	oos	test	0	0	27.91	27.91	51.99649999	17.158845	34.837655	0.63808	0.68808	0.550464
2/8/2021 19:00	2/8/2021	19	oos	test	0	0	29.13	29.13	63.53497334	20.9665412	42.56843213	0.51343	0.56343	0.450744
2/8/2021 20:00	2/8/2021	20	oos	test	0	0	36.86	36.86	103.4144267	34.1267608	69.28766587	0.5125	0.5625	0.45
2/8/2021 21:00	2/8/2021	21	oos	test	0	0	38	38	56.55606	18.6634998	37.8925602	0.49296	0.54296	0.434368
2/8/2021 22:00	2/8/2021	22	oos	test	0	0	33.69	33.69	59.03183334	19.480505	39.55132834	0.46303	0.51303	0.410424
2/8/2021 23:00	2/8/2021	23	oos	test	0	0	37.71	37.71	59.24498667	19.5508456	39.69414107	0.47893	0.52893	0.423144
2/9/2021 0:00	2/9/2021	0	oos	test	0	0	38.7	38.7	57.82518666	19.0823116	38.74287506	0.47708	0.52708	0.421664
2/9/2021 1:00	2/9/2021	1	oos	test	0	0	41.29	41.29	53.21359334	17.5604858	35.65310753	0.47677	0.52677	0.421416
2/9/2021 2:00	2/9/2021	2	oos	test	0	0	49.38	49.38	52.93498001	17.4685434	35.4664366	0.47246	0.52246	0.417968
2/9/2021 3:00	2/9/2021	3	oos	test	0	0	32.75	32.75	53.44117333	17.6355872	35.80558613	0.47605	0.52605	0.42084
2/9/2021 4:00	2/9/2021	4	oos	test	0	0	58.89	58.89	52.05833	17.1792489	34.8790811	0.49216	0.54216	0.433728
2/9/2021 5:00	2/9/2021	5	oos	test	0	0	65.94	65.94	48.51276333	16.0092119	32.50355143	0.59671	0.64671	0.517368
2/9/2021 6:00	2/9/2021	6	oos	test	0	0	45.63	45.63	53.81022666	17.7573748	36.05285186	0.81955	0.86955	0.69564
2/9/2021 7:00	2/9/2021	7	oos	test	0.0297272	0.0297272	73.03	73.03	57.44008001	18.9552264	38.4848536	1.12724	1.17724	0.941792
2/9/2021 8:00	2/9/2021	8	oos	test	9.9540833	9.9540833	38.94	38.94	65.83954667	21.7270504	44.11249627	0.8926	0.9426	0.75408
2/9/2021 9:00	2/9/2021	9	oos	test	20.9738335	20.9738335	71.08	71.08	61.02133333	20.13704	40.88429333	0.84079	0.89079	0.712632
2/9/2021 10:00	2/9/2021	10	oos	test	26.5046665	26.5046665	56.43	56.43	58.52371334	19.3128254	39.21088793	0.77472	0.82472	0.659776
2/9/2021 11:00	2/9/2021	11	oos	test	24.099	24.099	61.16	61.16	51.34204334	16.9428743	34.39916903	0.7347	0.7847	0.62776
2/9/2021 12:00	2/9/2021	12	oos	test	10.37875	10.37875	23.17	23.17	47.98732999	15.8358189	32.1515111	0.72085	0.77085	0.61668
2/9/2021 13:00	2/9/2021	13	oos	test	18.7715835	18.7715835	20.65	20.65	56.60392	18.6792936	37.9246264	0.68956	0.73956	0.591648
2/9/2021 14:00	2/9/2021	14	oos	test	16.1979165	16.1979165	44.54	44.54	51.12479	16.8711807	34.2536093	0.73686	0.78686	0.629488
2/9/2021 15:00	2/9/2021	15	oos	test	2.8491667	2.8491667	45.21	45.21	51.99162	17.1572346	34.8343854	0.74661	0.79661	0.637288
2/9/2021 16:00	2/9/2021	16	oos	test	0	0	17.93	17.93	55.15782	18.2020806	36.9557394	0.61477	0.66477	0.531816
2/9/2021 17:00	2/9/2021	17	oos	test	0	0	17.21	17.21	48.19997	15.9059901	32.2939799	0.5608	0.6108	0.48864
2/9/2021 18:00	2/9/2021	18	oos	test	0	0	17.11	17.11	75.41886666	24.888226	50.53064066	0.55372	0.60372	0.482976
2/9/2021 19:00	2/9/2021	19	oos	test	0	0	12.96	12.96	85.90042667	28.3471408	57.55328587	0.51217	0.56217	0.449736
2/9/2021 20:00	2/9/2021	20	oos	test	0	0	12.15	12.15	57.98594	19.1353602	38.8505798	0.51001	0.56001	0.448008
2/9/2021 21:00	2/9/2021	21	oos	test	0	0	0.53	0.53	63.28469334	20.8839488	42.40074454	0.57116	0.62116	0.496928
2/9/2021 22:00	2/9/2021	22	oos	test	0	0	-0.41	0	52.50466667	17.32654	35.17812667	0.51391	0.56391	0.451128
2/9/2021 23:00	2/9/2021	23	oos	test	0	0	-0.46	0	47.80140666	15.7744642	32.02694246	0.52849	0.57849	0.462792
2/10/2021 0:00	2/10/2021	0	oos	test	0	0	-0.48	0	45.42140667	14.9890642	30.43234247	0.50848	0.55848	0.446784
2/10/2021 1:00	2/10/2021	1	oos	test	0	0	0.15	0.15	50.36715333	16.6211606	33.74599273	0.49617	0.54617	0.436936
2/10/2021 2:00	2/10/2021	2	oos	test	0	0	3.63	3.63	53.30767334	17.5915322	35.71614113	0.48745	0.53745	0.42996
2/10/2021 3:00	2/10/2021	3	oos	test	0	0	-0.47	0	52.17076334	17.2163519	34.95441143	0.48929	0.53929	0.431432
2/10/2021 4:00	2/10/2021	4	oos	test	0	0	-0.53	0	52.61151666	17.3618005	35.24971616	0.50489	0.55489	0.443912
2/10/2021 5:00	2/10/2021	5	oos	test	0	0	-0.56	0	52.77148334	17.4145895	35.35689383	0.50725	0.55725	0.4458
2/10/2021 6:00	2/10/2021	6	oos	test	0	0	-0.52	0	53.17601	17.5480833	35.6279267	0.51228	0.56228	0.449824
2/10/2021 7:00	2/10/2021	7	oos	test	0	0	-0.5	0	62.40411333	20.5933574	41.81075593	0.97079	1.02079	0.816632
2/10/2021 8:00	2/10/2021	8	oos	test	0.56375	0.56375	6.21	6.21	64.60970667	21.3212032	43.28850347	0.54348	0.59348	0.474784
2/10/2021 9:00	2/10/2021	9	oos	test	2.0923334	2.0923334	-0.16	0	54.78144	18.0778752	36.7035648	0.71824	0.76824	0.614592
2/10/2021 10:00	2/10/2021	10	oos	test	1.5351666	1.5351666	-0.51	0	63.55236666	20.972281	42.58008566	0.71772	0.76772	0.614176
2/10/2021 11:00	2/10/2021	11	oos	test	9.5991667	9.5991667	-0.48	0	51.21467667	16.9008433	34.31383337	0.69505	0.74505	0.59604
2/10/2021 12:00	2/10/2021	12	oos	test	18.4315	18.4315	-0.59	0	45.63202999	15.0585699	30.5734601	0.77899	0.82899	0.663192
2/10/2021 13:00	2/10/2021	13	oos	test	17.894916	17.894916	2.59	2.59	48.94167	16.1507511	32.7909189	0.54553	0.59553	0.476424
2/10/2021 14:00	2/10/2021	14	oos	test	10.9521667	10.9521667	17.69	17.69	50.51190666	16.6689292	33.84297746	0.50581	0.55581	0.444648
2/10/2021 15:00	2/10/2021	15	oos	test	1.6669167	1.6669167	16.96	16.96	56.45736	18.6309288	37.8264312	0.50592	0.55592	0.444736
2/10/2021 16:00	2/10/2021	16	oos	test	0	0	4.03	4.03	54.52249333	17.9924228	36.53007053	0.50263	0.55263	0.442104
2/10/2021 17:00	2/10/2021	17	oos	test	0	0	-0.55	0	46.92708333	15.4859375	31.44114583	0.49986	0.54986	0.439888
2/10/2021 18:00	2/10/2021	18	oos	test	0	0	-0.65	0	49.79230667	16.4314612	33.36084547	0.50058	0.55058	0.440464
2/10/2021 19:00	2/10/2021	19	oos	test	0	0	-0.66	0	102.4189267	33.7982458	68.62068086	0.49576	0.54576	0.436608
2/10/2021 20:00	2/10/2021	20	oos	test	0	0	-0.68	0	72.98835333	24.0861566	48.90219673	0.49504	0.54504	0.436032
2/10/2021 21:00	2/10/2021	21	oos	test	0	0	16.36	16.36	62.05366001	20.4777078	41.5759522	0.50397	0.55397	0.443176
2/10/2021 22:00	2/10/2021	22	oos	test	0	0	23.21	23.21	57.24074667	18.8894464	38.35130027	0.49935	0.54935	0.43948
2/10/2021 23:00	2/10/2021	23	oos	test	0	0	38.85	38.85	54.89724333	18.1160903	36.78115303	0.50535	0.55535	0.44428
2/11/2021 0:00	2/11/2021	0	oos	test	0	0	40.98	40.98	57.48247333	18.9692162	38.51325713	0.50657	0.55657	0.445256
2/11/2021 1:00	2/11/2021	1	oos	test	0	0	47.88	47.88	51.96308	17.1478164	34.8152636	0.50442	0.55442	0.443536
2/11/2021 2:00	2/11/2021	2	oos	test	0	0	42.55	42.55	51.18836667	16.892161	34.29620567	0.5035	0.5535	0.4428
2/11/2021 3:00	2/11/2021	3	oos	test	0	0	36.22	36.22	53.31359334	17.5934858	35.72010754	0.49972	0.54972	0.439776
2/11/2021 4:00	2/11/2021	4	oos	test	0	0	35.09	35.09	47.52241666	15.6823975	31.84001917	0.49961	0.54961	0.439688
2/11/2021 5:00	2/11/2021	5	oos	test	0	0	38.9	38.9	49.60064667	16.3682134	33.23243327	0.47935	0.52935	0.42348
2/11/2021 6:00	2/11/2021	6	oos	test	0	0	35.4	35.4	55.48548	18.3102084	37.1752716	0.48406	0.53406	0.427248
2/11/2021 7:00	2/11/2021	7	oos	test	0.0457122	0.0457122	39.37	39.37	62.55618666	20.6435416	41.91264506	0.50719	0.55719	0.445752
2/11/2021 8:00	2/11/2021	8	oos	test	9.1485835	9.1485835	32.18	32.18	61.36237334	20.2495832	41.11279013	0.52735	0.57735	0.46188
2/11/2021 9:00	2/11/2021	9	oos	test	17.6872505	17.6872505	31.05	31.05	58.20806667	19.208662	38.99940467	0.55703	0.60703	0.485624
2/11/2021 10:00	2/11/2021	10	oos	test	20.7379995	20.7379995	21	21	59.19015333	19.5327506	39.65740273	0.56736	0.61736	0.493888
2/11/2021 11:00	2/11/2021	11	oos	test	26.2267495	26.2267495	18.05	18.05	58.17094	19.1964102	38.9745298	0.61331	0.66331	0.530648
2/11/2021 12:00	2/11/2021	12	oos	test	25.59325	25.59325	3.33	3.33	48.80110667	16.1043652	32.69674147	0.56378	0.61378	0.491024
2/11/2021 13:00	2/11/2021	13	oos	test	21.4574165	21.4574165	0.19	0.19	53.88975	17.7836175	36.1061325	0.51404	0.56404	0.451232
2/11/2021 14:00	2/11/2021	14	oos	test	13.1518335	13.1518335	-0.76	0	56.66042667	18.6979408	37.96248587	0.5076	0.5576	0.44608
2/11/2021 15:00	2/11/2021	15	oos	test	2.2825834	2.2825834	-0.72	0	57.82060667	19.0808002	38.73980647	0.5035	0.5535	0.4428
2/11/2021 16:00	2/11/2021	16	oos	test	0	0	13.64	13.64	58.46244	19.2926052	39.1698348	0.47966	0.52966	0.423728
2/11/2021 17:00	2/11/2021	17	oos	test	0	0	22.35	22.35	55.67532	18.3728556	37.3024644	0.47986	0.52986	0.423888
2/11/2021 18:00	2/11/2021	18	oos	test	0	0	47.34	47.34	89.13150666	29.4133972	59.71810946	0.47526	0.52526	0.420208
2/11/2021 19:00	2/11/2021	19	oos	test	0	0	13.26	13.26	84.65876667	27.937393	56.72137367	0.47168	0.52168	0.417344
2/11/2021 20:00	2/11/2021	20	oos	test	0	0	73.49	73.49	67.94335334	22.4213066	45.52204673	0.46124	0.51124	0.408992
2/11/2021 21:00	2/11/2021	21	oos	test	0	0	63.5	63.5	54.96662334	18.1389857	36.82763764	0.4596	0.5096	0.40768
2/11/2021 22:00	2/11/2021	22	oos	test	0	0	96.24	96.24	51.49949	16.9948317	34.5046583	0.45182	0.50182	0.401456
2/11/2021 23:00	2/11/2021	23	oos	test	0	0	82.95	82.95	49.36055	16.2889815	33.0715685	0.43995	0.48995	0.39196
2/12/2021 0:00	2/12/2021	0	oos	test	0	0	76.23	76.23	45.86240667	15.1345942	30.72781247	0.43913	0.48913	0.391304
2/12/2021 1:00	2/12/2021	1	oos	test	0	0	74.69	74.69	53.02330333	17.4976901	35.52561323	0.43543	0.48543	0.388344
2/12/2021 2:00	2/12/2021	2	oos	test	0	0	71.56	71.56	56.52536	18.6533688	37.8719912	0.43348	0.48348	0.386784
2/12/2021 3:00	2/12/2021	3	oos	test	0	0	78.98	78.98	51.18537333	16.8911732	34.29420013	0.43133	0.48133	0.385064
2/12/2021 4:00	2/12/2021	4	oos	test	0	0	69.43	69.43	50.17980333	16.5593351	33.62046823	0.41387	0.46387	0.371096
2/12/2021 5:00	2/12/2021	5	oos	test	0	0	71.55	71.55	48.32112666	15.9459718	32.37515486	0.38687	0.43687	0.349496
2/12/2021 6:00	2/12/2021	6	oos	test	0	0	73.4	73.4	51.25193334	16.913138	34.33879534	0.40884	0.45884	0.367072
2/12/2021 7:00	2/12/2021	7	oos	test	0.079	0.079	61.77	61.77	57.48832667	18.9711478	38.51717887	0.4151	0.4651	0.37208
2/12/2021 8:00	2/12/2021	8	oos	test	11.0176667	11.0176667	-0.52	0	63.01617333	20.7953372	42.22083613	0.42239	0.47239	0.377912
2/12/2021 9:00	2/12/2021	9	oos	test	17.946833	17.946833	2.78	2.78	57.42132666	18.9490378	38.47228886	0.42352	0.47352	0.378816
2/12/2021 10:00	2/12/2021	10	oos	test	26.941917	26.941917	47.25	47.25	51.62275667	17.0355097	34.58724697	0.41592	0.46592	0.372736
2/12/2021 11:00	2/12/2021	11	oos	test	31.675167	31.675167	42.09	42.09	45.93984	15.1601472	30.7796928	0.40812	0.45812	0.366496
2/12/2021 12:00	2/12/2021	12	oos	test	31.522999	31.522999	30	30	50.00582334	16.5019217	33.50390164	0.40032	0.45032	0.360256
2/12/2021 13:00	2/12/2021	13	oos	test	26.71325	26.71325	16.72	16.72	77.70186	25.6416138	52.0602462	0.39498	0.44498	0.355984
2/12/2021 14:00	2/12/2021	14	oos	test	16.656917	16.656917	19.89	19.89	50.55855333	16.6843226	33.87423073	0.40042	0.45042	0.360336
2/12/2021 15:00	2/12/2021	15	oos	test	3.43775	3.43775	23.58	23.58	54.11190666	17.8569292	36.25497746	0.39991	0.44991	0.359928
2/12/2021 16:00	2/12/2021	16	oos	test	0	0	26.75	26.75	54.55807334	18.0041642	36.55390913	0.40124	0.45124	0.360992
2/12/2021 17:00	2/12/2021	17	oos	test	0	0	55.28	55.28	49.39714666	16.3010584	33.09608827	0.40186	0.45186	0.361488
2/12/2021 18:00	2/12/2021	18	oos	test	0	0	60.54	60.54	79.01674667	26.0755264	52.94122027	0.40022	0.45022	0.360176
2/12/2021 19:00	2/12/2021	19	oos	test	0	0	81.23	81.23	86.00293334	28.380968	57.62196533	0.40319	0.45319	0.362552
2/12/2021 20:00	2/12/2021	20	oos	test	0	0	52.29	52.29	62.54574666	20.6400964	41.90565026	0.40022	0.45022	0.360176
2/12/2021 21:00	2/12/2021	21	oos	test	0	0	53.09	53.09	60.42754666	19.9410904	40.48645627	0.41028	0.46028	0.368224
2/12/2021 22:00	2/12/2021	22	oos	test	0	0	46.29	46.29	58.35348666	19.2566506	39.09683606	0.41028	0.46028	0.368224
2/12/2021 23:00	2/12/2021	23	oos	test	0	0	42.43	42.43	56.00052666	18.4801738	37.52035286	0.36192	0.41192	0.329536
2/13/2021 0:00	2/13/2021	0	oos	test	0	0	51.51	51.51	58.45538	19.2902754	39.1651046	0.37767	0.42767	0.342136
2/13/2021 1:00	2/13/2021	1	oos	test	0	0	42.81	42.81	53.06343333	17.510933	35.55250033	0.38096	0.43096	0.344768
2/13/2021 2:00	2/13/2021	2	oos	test	0	0	36.59	36.59	54.13280334	17.8638251	36.26897824	0.3858	0.4358	0.34864
2/13/2021 3:00	2/13/2021	3	oos	test	0	0	33.97	33.97	50.51814333	16.6709873	33.84715603	0.38817	0.43817	0.350536
2/13/2021 4:00	2/13/2021	4	oos	test	0	0	32.33	32.33	49.04251001	16.1840283	32.8584817	0.38302	0.43302	0.346416
2/13/2021 5:00	2/13/2021	5	oos	test	0	0	36.99	36.99	43.51018001	14.3583594	29.1518206	0.37129	0.42129	0.337032
2/13/2021 6:00	2/13/2021	6	oos	test	0	0	21.4	21.4	49.30522334	16.2707237	33.03449963	0.36871	0.41871	0.334968
2/13/2021 7:00	2/13/2021	7	oos	test	0.0153636	0.0153636	28.46	28.46	54.25851666	17.9053105	36.35320616	0.37612	0.42612	0.340896
2/13/2021 8:00	2/13/2021	8	oos	test	0.7634166	0.7634166	33.41	33.41	52.95634334	17.4755933	35.48075003	0.38292	0.43292	0.346336
2/13/2021 9:00	2/13/2021	9	oos	test	1.439	1.439	22.15	22.15	60.36266	19.9196778	40.4429822	0.38302	0.43302	0.346416
2/13/2021 10:00	2/13/2021	10	oos	test	2.6643333	2.6643333	25.43	25.43	51.66646001	17.0499318	34.6165282	0.39074	0.44074	0.352592
2/13/2021 11:00	2/13/2021	11	oos	test	3.3103333	3.3103333	39.47	39.47	49.99725	16.4990925	33.4981575	0.38487	0.43487	0.347896
2/13/2021 12:00	2/13/2021	12	oos	test	7.4948333	7.4948333	49.45	49.45	52.08704667	17.1887254	34.89832127	0.38292	0.43292	0.346336
2/13/2021 13:00	2/13/2021	13	oos	test	8.68625	8.68625	50.33	50.33	52.77979333	17.4173318	35.36246153	0.37911	0.42911	0.343288
2/13/2021 14:00	2/13/2021	14	oos	test	7.9478333	7.9478333	35.12	35.12	54.16438666	17.8742476	36.29013907	0.38055	0.43055	0.34444
2/13/2021 15:00	2/13/2021	15	oos	test	1.4080833	1.4080833	46.95	46.95	54.55136	18.0019488	36.5494112	0.38652	0.43652	0.349216
2/13/2021 16:00	2/13/2021	16	oos	test	0	0	87.97	87.97	51.70396666	17.062309	34.64165767	0.3893	0.4393	0.35144
2/13/2021 17:00	2/13/2021	17	oos	test	0	0	68.4	68.4	43.95153666	14.5040071	29.44752956	0.38951	0.43951	0.351608
2/13/2021 18:00	2/13/2021	18	oos	test	0	0	29.48	29.48	57.68376	19.0356408	38.6481192	0.3893	0.4393	0.35144
2/13/2021 19:00	2/13/2021	19	oos	test	0	0	29.32	29.32	69.16662	22.8249846	46.3416354	0.38642	0.43642	0.349136
2/13/2021 20:00	2/13/2021	20	oos	test	0	0	18.86	18.86	47.42982333	15.6518417	31.77798163	0.38765	0.43765	0.35012
2/13/2021 21:00	2/13/2021	21	oos	test	0	0	19.37	19.37	46.85392001	15.4617936	31.3921264	0.39064	0.44064	0.352512
2/13/2021 22:00	2/13/2021	22	oos	test	0	0	8.43	8.43	39.80455333	13.1355026	26.66905073	0.39239	0.44239	0.353912
2/13/2021 23:00	2/13/2021	23	oos	test	0	0	2.59	2.59	38.81906	12.8102898	26.0087702	0.41397	0.46397	0.371176
2/14/2021 0:00	2/14/2021	0	oos	test	0	0	-0.39	0	36.66994001	12.1010802	24.5688598	0.42491	0.47491	0.379928
2/14/2021 1:00	2/14/2021	1	oos	test	0	0	3.34	3.34	41.76033	13.7809089	27.9794211	0.43094	0.48094	0.384752
2/14/2021 2:00	2/14/2021	2	oos	test	0	0	15.74	15.74	41.64718667	13.7435716	27.90361507	0.43872	0.48872	0.390976
2/14/2021 3:00	2/14/2021	3	oos	test	0	0	13.5	13.5	43.99695666	14.5189957	29.47796096	0.4333	0.4833	0.38664
2/14/2021 4:00	2/14/2021	4	oos	test	0	0	6.9	6.9	36.61662	12.0834846	24.5331354	0.43094	0.48094	0.384752
2/14/2021 5:00	2/14/2021	5	oos	test	0	0	13.68	13.68	34.47722334	11.3774837	23.09973964	0.43493	0.48493	0.387944
2/14/2021 6:00	2/14/2021	6	oos	test	0	0	24.62	24.62	37.57125333	12.3985136	25.17273973	0.44598	0.49598	0.396784
2/14/2021 7:00	2/14/2021	7	oos	test	0.2825	0.2825	32.43	32.43	48.12588333	15.8815415	32.24434183	0.4559	0.5059	0.40472
2/14/2021 8:00	2/14/2021	8	oos	test	7.0803333	7.0803333	45.85	45.85	46.3034	15.280122	31.023278	0.47124	0.52124	0.416992
2/14/2021 9:00	2/14/2021	9	oos	test	18.371083	18.371083	38.4	38.4	55.53993	18.3281769	37.2117531	0.47175	0.52175	0.4174
2/14/2021 10:00	2/14/2021	10	oos	test	41.624584	41.624584	54.84	54.84	42.27158334	13.9496225	28.32196084	0.47113	0.52113	0.416904
2/14/2021 11:00	2/14/2021	11	oos	test	45.717833	45.717833	31.95	31.95	40.50710667	13.3673452	27.13976147	0.46152	0.51152	0.409216
2/14/2021 12:00	2/14/2021	12	oos	test	43.432668	43.432668	16.46	16.46	39.41042	13.0054386	26.4049814	0.44577	0.49577	0.396616
2/14/2021 13:00	2/14/2021	13	oos	test	32.087833	32.087833	-0.3	0	47.76841001	15.7635753	32.0048347	0.43483	0.48483	0.387864
2/14/2021 14:00	2/14/2021	14	oos	test	16.451583	16.451583	-0.32	0	44.66271333	14.7386954	29.92401793	0.44833	0.49833	0.398664
2/14/2021 15:00	2/14/2021	15	oos	test	4.7321666	4.7321666	-0.74	0	53.49622666	17.6537548	35.84247187	0.4558	0.5058	0.40464
2/14/2021 16:00	2/14/2021	16	oos	test	0	0	-0.44	0	59.37285333	19.5930416	39.77981173	0.45477	0.50477	0.403816
2/14/2021 17:00	2/14/2021	17	oos	test	0	0	-0.43	0	35.83378667	11.8251496	24.00863707	0.44117	0.49117	0.392936
2/14/2021 18:00	2/14/2021	18	oos	test	0	0	-0.47	0	85.65236	28.2652788	57.3870812	0.43943	0.48943	0.391544
2/14/2021 19:00	2/14/2021	19	oos	test	0	0	-0.53	0	50.98872333	16.8262787	34.16244463	0.43422	0.48422	0.387376
2/14/2021 20:00	2/14/2021	20	oos	test	0	0	-0.52	0	46.97795334	15.5027246	31.47522874	0.42614	0.47614	0.380912
2/14/2021 21:00	2/14/2021	21	oos	test	0	0	1.3	1.3	44.16603333	14.574791	29.59124233	0.42	0.47	0.376
2/14/2021 22:00	2/14/2021	22	oos	test	0	0	20.47	20.47	45.47383334	15.006365	30.46746833	0.41816	0.46816	0.374528
2/14/2021 23:00	2/14/2021	23	oos	test	0	0	8.09	8.09	40.27758666	13.2916036	26.98598306	0.40037	0.45037	0.360296
2/15/2021 0:00	2/15/2021	0	oos	test	0	0	4.69	4.69	37.37970666	12.3353032	25.04440346	0.39495	0.44495	0.35596
2/15/2021 1:00	2/15/2021	1	oos	test	0	0	5.3	5.3	40.02433334	13.20803	26.81630333	0.3884	0.4384	0.35072
2/15/2021 2:00	2/15/2021	2	oos	test	0	0	20.31	20.31	38.9001	12.837033	26.063067	0.38339	0.43339	0.346712
2/15/2021 3:00	2/15/2021	3	oos	test	0	0	6.88	6.88	40.37704667	13.3244254	27.05262127	0.39934	0.44934	0.359472
2/15/2021 4:00	2/15/2021	4	oos	test	0	0	5.74	5.74	41.40152	13.6625016	27.7390184	0.44905	0.49905	0.39924
2/15/2021 5:00	2/15/2021	5	oos	test	0	0	18.55	18.55	36.73059333	12.1210958	24.60949753	0.42409	0.47409	0.379272
2/15/2021 6:00	2/15/2021	6	oos	test	0.015	0.015	18.14	18.14	37.18202334	12.2700677	24.91195564	0.42215	0.47215	0.37772
2/15/2021 7:00	2/15/2021	7	oos	test	0.8779167	0.8779167	23.58	23.58	48.48257334	15.9992492	32.48332414	0.42921	0.47921	0.383368
2/15/2021 8:00	2/15/2021	8	oos	test	5.5720001	5.5720001	10.41	10.41	49.16339	16.2239187	32.9394713	0.4336	0.4836	0.38688
2/15/2021 9:00	2/15/2021	9	oos	test	6.6635834	6.6635834	2.49	2.49	47.35336334	15.6266099	31.72675343	0.44311	0.49311	0.394488
2/15/2021 10:00	2/15/2021	10	oos	test	8.7389167	8.7389167	-0.44	0	39.85307334	13.1515142	26.70155914	0.45559	0.50559	0.404472
2/15/2021 11:00	2/15/2021	11	oos	test	11.5998335	11.5998335	-0.41	0	42.51421001	14.0296893	28.4845207	0.49517	0.54517	0.436136
2/15/2021 12:00	2/15/2021	12	oos	test	16.370583	16.370583	-0.39	0	35.15584334	11.6014283	23.55441503	0.4695	0.5195	0.4156
2/15/2021 13:00	2/15/2021	13	oos	test	19.2030835	19.2030835	-0.37	0	37.90169334	12.5075588	25.39413454	0.47134	0.52134	0.417072
2/15/2021 14:00	2/15/2021	14	oos	test	6.6979167	6.6979167	-0.39	0	38.89324333	12.8347703	26.05847303	0.48105	0.53105	0.42484
2/15/2021 15:00	2/15/2021	15	oos	test	0.7611667	0.7611667	-0.47	0	44.04833334	14.53595	29.51238334	0.49036	0.54036	0.432288
2/15/2021 16:00	2/15/2021	16	oos	test	0	0	-0.42	0	34.64560001	11.433048	23.212552	0.5192	0.5692	0.45536
2/15/2021 17:00	2/15/2021	17	oos	test	0	0	-0.48	0	63.93658	21.0990714	42.8375086	0.51787	0.56787	0.454296
2/15/2021 18:00	2/15/2021	18	oos	test	0	0	-0.44	0	54.44402667	17.9665288	36.47749787	0.50856	0.55856	0.446848
2/15/2021 19:00	2/15/2021	19	oos	test	0	0	4.42	4.42	54.39147333	17.9491862	36.44228713	0.50151	0.55151	0.441208
2/15/2021 20:00	2/15/2021	20	oos	test	0	0	6.27	6.27	31.60949667	10.4311339	21.17836277	0.49292	0.54292	0.434336
2/15/2021 21:00	2/15/2021	21	oos	test	0	0	4.4	4.4	35.08507667	11.5780753	23.50700137	0.51143	0.56143	0.449144
2/15/2021 22:00	2/15/2021	22	oos	test	0	0	-0.39	0	33.53192334	11.0655347	22.46638864	0.47154	0.52154	0.417232
2/15/2021 23:00	2/15/2021	23	oos	test	0	0	-0.4	0	33.12159666	10.9301269	22.19146976	0.46129	0.51129	0.409032
2/16/2021 0:00	2/16/2021	0	oos	test	0	0	-0.39	0	31.56279666	10.4157229	21.14707376	0.4521	0.5021	0.40168
2/16/2021 1:00	2/16/2021	1	oos	test	0	0	-0.39	0	39.20336	12.9371088	26.2662512	0.44434	0.49434	0.395472
2/16/2021 2:00	2/16/2021	2	oos	test	0	0	-0.44	0	33.56976	11.0780208	22.4917392	0.43107	0.48107	0.384856
2/16/2021 3:00	2/16/2021	3	oos	test	0	0	-0.38	0	36.55476333	12.0630719	24.49169143	0.43239	0.48239	0.385912
2/16/2021 4:00	2/16/2021	4	oos	test	0	0	-0.39	0	32.33254334	10.6697393	21.66280403	0.45914	0.50914	0.407312
2/16/2021 5:00	2/16/2021	5	oos	test	0	0	-0.47	0	31.41395334	10.3666046	21.04734874	0.47579	0.52579	0.420632
2/16/2021 6:00	2/16/2021	6	oos	test	0	0	-0.44	0	33.04605	10.9051965	22.1408535	0.5786	0.6286	0.50288
2/16/2021 7:00	2/16/2021	7	oos	test	0.6666667	0.6666667	-0.44	0	42.80306667	14.125012	28.67805467	0.59198	0.64198	0.513584
2/16/2021 8:00	2/16/2021	8	oos	test	6.2394167	6.2394167	-0.51	0	42.46957	14.0149581	28.4546119	0.4912	0.5412	0.43296
2/16/2021 9:00	2/16/2021	9	oos	test	25.1888335	25.1888335	-0.54	0	38.09544333	12.5714963	25.52394703	0.47987	0.52987	0.423896
2/16/2021 10:00	2/16/2021	10	oos	test	45.982833	45.982833	-0.43	0	36.86744	12.1662552	24.7011848	0.46874	0.51874	0.414992
2/16/2021 11:00	2/16/2021	11	oos	test	50.738834	50.738834	-0.41	0	35.59658	11.7468714	23.8497086	0.46956	0.51956	0.415648
2/16/2021 12:00	2/16/2021	12	oos	test	49.723833	49.723833	-0.45	0	60.51628666	19.9703746	40.54591207	0.46772	0.51772	0.414176
2/16/2021 13:00	2/16/2021	13	oos	test	42.637667	42.637667	11.41	11.41	44.43170334	14.6624621	29.76924124	0.46394	0.51394	0.411152
2/16/2021 14:00	2/16/2021	14	oos	test	23.2666665	23.2666665	75.98	75.98	40.42841334	13.3413764	27.08703694	0.45669	0.50669	0.405352
2/16/2021 15:00	2/16/2021	15	oos	test	1.1564167	1.1564167	42.88	42.88	43.73664333	14.4330923	29.30355103	0.45802	0.50802	0.406416
2/16/2021 16:00	2/16/2021	16	oos	test	0	0	65.55	65.55	42.29122666	13.9561048	28.33512187	0.45455	0.50455	0.40364
2/16/2021 17:00	2/16/2021	17	oos	test	0	0	34.93	34.93	38.61889001	12.7442337	25.8746563	0.45087	0.50087	0.400696
2/16/2021 18:00	2/16/2021	18	oos	test	0	0	76.97	76.97	35.60496333	11.7496379	23.85532543	0.45036	0.50036	0.400288
2/16/2021 19:00	2/16/2021	19	oos	test	0	0	156.14	156.14	72.06392667	23.7810958	48.28283087	0.44801	0.49801	0.398408
2/16/2021 20:00	2/16/2021	20	oos	test	0	0	92.78	92.78	46.33329666	15.2899879	31.04330876	0.44444	0.49444	0.395552
2/16/2021 21:00	2/16/2021	21	oos	test	0	0	-0.28	0	47.25342666	15.5936308	31.65979586	0.45118	0.50118	0.400944
2/16/2021 22:00	2/16/2021	22	oos	test	0	0	78.76	78.76	45.51056334	15.0184859	30.49207744	0.43658	0.48658	0.389264
2/16/2021 23:00	2/16/2021	23	oos	test	0	0	44.29	44.29	47.55146667	15.691984	31.85948267	0.38106	0.43106	0.344848
2/17/2021 0:00	2/17/2021	0	oos	test	0	0	-0.27	0	44.87990667	14.8103692	30.06953747	0.3776	0.4276	0.34208
2/17/2021 1:00	2/17/2021	1	oos	test	0	0	115.16	115.16	45.59938667	15.0477976	30.55158907	0.38086	0.43086	0.344688
2/17/2021 2:00	2/17/2021	2	oos	test	0	0	-0.25	0	39.74604	13.1161932	26.6298468	0.38066	0.43066	0.344528
2/17/2021 3:00	2/17/2021	3	oos	test	0	0	-0.3	0	41.64626667	13.743268	27.90299867	0.38717	0.43717	0.349736
2/17/2021 4:00	2/17/2021	4	oos	test	0	0	116.52	116.52	37.87922667	12.5001448	25.37908187	0.39379	0.44379	0.355032
2/17/2021 5:00	2/17/2021	5	oos	test	0	0	-0.24	0	36.62342334	12.0857297	24.53769364	0.40315	0.45315	0.36252
2/17/2021 6:00	2/17/2021	6	oos	test	0	0	-0.27	0	44.55092	14.7018036	29.8491164	0.40651	0.45651	0.365208
2/17/2021 7:00	2/17/2021	7	oos	test	0.23675	0.23675	126.56	126.56	51.53939334	17.0079998	34.53139354	0.42829	0.47829	0.382632
2/17/2021 8:00	2/17/2021	8	oos	test	2.9591666	2.9591666	3.36	3.36	42.13728	13.9053024	28.2319776	0.42972	0.47972	0.383776
2/17/2021 9:00	2/17/2021	9	oos	test	4.6305	4.6305	-0.25	0	33.87435333	11.1785366	22.69581673	0.423	0.473	0.3784
2/17/2021 10:00	2/17/2021	10	oos	test	9.3175	9.3175	31.62	31.62	36.09862999	11.9125479	24.1860821	0.42819	0.47819	0.382552
2/17/2021 11:00	2/17/2021	11	oos	test	9.3679166	9.3679166	82.24	82.24	36.05108667	11.8968586	24.15422807	0.41862	0.46862	0.374896
2/17/2021 12:00	2/17/2021	12	oos	test	21.1625	21.1625	2.59	2.59	34.73763333	11.463419	23.27421433	0.41882	0.46882	0.375056
2/17/2021 13:00	2/17/2021	13	oos	test	6.2528332	6.2528332	-0.26	0	48.63706666	16.050232	32.58683467	0.42218	0.47218	0.377744
2/17/2021 14:00	2/17/2021	14	oos	test	1.8332501	1.8332501	-0.38	0	42.10100667	13.8933322	28.20767447	0.4234	0.4734	0.37872
2/17/2021 15:00	2/17/2021	15	oos	test	3.2263334	3.2263334	-0.4	0	26.96617999	8.898839398	18.0673406	0.41994	0.46994	0.375952
2/17/2021 16:00	2/17/2021	16	oos	test	0.0258	0.0258	-0.35	0	38.68509	12.7660797	25.9190103	0.41435	0.46435	0.37148
2/17/2021 17:00	2/17/2021	17	oos	test	0	0	-0.25	0	36.00469001	11.8815477	24.1231423	0.40651	0.45651	0.365208
2/17/2021 18:00	2/17/2021	18	oos	test	0	0	-0.25	0	62.33371334	20.5701254	41.76358793	0.40152	0.45152	0.361216
2/17/2021 19:00	2/17/2021	19	oos	test	0	0	-0.26	0	68.01247334	22.4441162	45.56835713	0.39867	0.44867	0.358936
2/17/2021 20:00	2/17/2021	20	oos	test	0	0	-0.33	0	71.7878	23.689974	48.097826	0.40122	0.45122	0.360976
2/17/2021 21:00	2/17/2021	21	oos	test	0	0	-0.31	0	47.33391666	15.6201925	31.71372416	0.40173	0.45173	0.361384
2/17/2021 22:00	2/17/2021	22	oos	test	0	0	-0.29	0	39.64417001	13.0825761	26.5615939	0.39694	0.44694	0.357552
2/17/2021 23:00	2/17/2021	23	oos	test	0	0	-0.31	0	30.18714	9.9617562	20.2253838	0.39635	0.44635	0.35708
2/18/2021 0:00	2/18/2021	0	oos	test	0	0	-0.31	0	32.59592334	10.7566547	21.83926864	0.38961	0.43961	0.351688
2/18/2021 1:00	2/18/2021	1	oos	test	0	0	-0.3	0	35.54377666	11.7294463	23.81433037	0.39789	0.44789	0.358312
2/18/2021 2:00	2/18/2021	2	oos	test	0	0	-0.28	0	34.86226333	11.5045469	23.35771643	0.39615	0.44615	0.35692
2/18/2021 3:00	2/18/2021	3	oos	test	0	0	-0.24	0	34.61071001	11.4215343	23.1891757	0.38603	0.43603	0.348824
2/18/2021 4:00	2/18/2021	4	oos	test	0	0	-0.24	0	37.30316	12.3100428	24.9931172	0.40923	0.45923	0.367384
2/18/2021 5:00	2/18/2021	5	oos	test	0	0	-0.26	0	27.55165334	9.092045601	18.45960773	0.39216	0.44216	0.353728
2/18/2021 6:00	2/18/2021	6	oos	test	0	0	-0.27	0	32.79742001	10.8231486	21.9742714	0.39921	0.44921	0.359368
2/18/2021 7:00	2/18/2021	7	oos	test	0.8974	0.8974	-0.26	0	28.25346	9.3236418	18.9298182	0.40269	0.45269	0.362152
2/18/2021 8:00	2/18/2021	8	oos	test	19.8364546	19.8364546	0.82	0.82	31.00827	10.2327291	20.7755409	0.40677	0.45677	0.365416
2/18/2021 9:00	2/18/2021	9	oos	test	18.2495	18.2495	24.59	24.59	32.64323334	10.772267	21.87096634	0.40933	0.45933	0.367464
2/18/2021 10:00	2/18/2021	10	oos	test	23.4181665	23.4181665	8.2	8.2	32.85163334	10.841039	22.01059433	0.39523	0.44523	0.356184
2/18/2021 11:00	2/18/2021	11	oos	test	20.357833	20.357833	17.41	17.41	35.33390334	11.6601881	23.67371524	0.37786	0.42786	0.342288
2/18/2021 12:00	2/18/2021	12	oos	test	28.218584	28.218584	35.17	35.17	35.50811667	11.7176785	23.79043817	0.37459	0.42459	0.339672
2/18/2021 13:00	2/18/2021	13	oos	test	15.03075	15.03075	58.13	58.13	32.96202	10.8774666	22.0845534	0.37346	0.42346	0.338768
2/18/2021 14:00	2/18/2021	14	oos	test	16.35875	16.35875	-0.29	0	34.37121333	11.3425004	23.02871293	0.37357	0.42357	0.338856
2/18/2021 15:00	2/18/2021	15	oos	test	0.72225	0.72225	-0.27	0	35.19334667	11.6138044	23.57954227	0.37653	0.42653	0.341224
2/18/2021 16:00	2/18/2021	16	oos	test	0	0	5.98	5.98	34.07254667	11.2439404	22.82860627	0.37786	0.42786	0.342288
2/18/2021 17:00	2/18/2021	17	oos	test	0	0	79.9	79.9	67.53739333	22.2873398	45.25005353	0.39942	0.44942	0.359536
2/18/2021 18:00	2/18/2021	18	oos	test	0	0	95.9	95.9	44.32142334	14.6260697	29.69535364	0.39952	0.44952	0.359616
2/18/2021 19:00	2/18/2021	19	oos	test	0	0	12.23	12.23	42.29669	13.9579077	28.3387823	0.3988	0.4488	0.35904
2/18/2021 20:00	2/18/2021	20	oos	test	0	0	-0.28	0	35.41248666	11.6861206	23.72636606	0.40279	0.45279	0.362232
2/18/2021 21:00	2/18/2021	21	oos	test	0	0	9.33	9.33	41.28512667	13.6240918	27.66103487	0.38409	0.43409	0.347272
2/18/2021 22:00	2/18/2021	22	oos	test	0	0	22.49	22.49	38.82866667	12.81346	26.01520667	0.37203	0.42203	0.337624
2/18/2021 23:00	2/18/2021	23	oos	test	0	0	70.4	70.4	33.63168666	11.0984566	22.53323006	0.37938	0.42938	0.343504
2/19/2021 0:00	2/19/2021	0	oos	test	0	0	98.51	98.51	27.78520334	9.169117101	18.61608623	0.37857	0.42857	0.342856
2/19/2021 1:00	2/19/2021	1	oos	test	0	0	-0.26	0	34.60856667	11.420827	23.18773967	0.37775	0.42775	0.3422
2/19/2021 2:00	2/19/2021	2	oos	test	0	0	-0.28	0	32.76094334	10.8111113	21.94983203	0.37458	0.42458	0.339664
2/19/2021 3:00	2/19/2021	3	oos	test	0	0	70.45	70.45	32.78845334	10.8201896	21.96826373	0.3845	0.4345	0.3476
2/19/2021 4:00	2/19/2021	4	oos	test	0	0	66.75	66.75	35.60796	11.7506268	23.8573332	0.38767	0.43767	0.350136
2/19/2021 5:00	2/19/2021	5	oos	test	0	0	-0.25	0	36.84096666	12.157519	24.68344766	0.38337	0.43337	0.346696
2/19/2021 6:00	2/19/2021	6	oos	test	0	0	-0.26	0	36.24644334	11.9613263	24.28511704	0.38838	0.43838	0.350704
2/19/2021 7:00	2/19/2021	7	oos	test	0	0	-0.03	0	35.53982334	11.7281417	23.81168164	0.41732	0.46732	0.373856
2/19/2021 8:00	2/19/2021	8	oos	test	0.2123333	0.2123333	0	0	38.96669667	12.8590099	26.10768677	0.45986	0.50986	0.407888
2/19/2021 9:00	2/19/2021	9	oos	test	0.18175	0.18175	0	0	42.14096	13.9065168	28.2344432	0.51447	0.56447	0.451576
2/19/2021 10:00	2/19/2021	10	oos	test	0	0	0	0	33.59363667	11.0859001	22.50773657	0.48696	0.53696	0.429568
2/19/2021 11:00	2/19/2021	11	oos	test	0	0	0	0	25.47926834	8.408158551	17.07110978	0.47224	0.52224	0.417792
2/19/2021 12:00	2/19/2021	12	oos	test	4.2334168	4.2334168	0.35	0.35	23.07537167	7.614872649	15.46049902	0.44381	0.49381	0.395048
2/19/2021 13:00	2/19/2021	13	oos	test	40.213083	40.213083	8.37	8.37	32.56612001	10.7468196	21.8193004	0.44575	0.49575	0.3966
2/19/2021 14:00	2/19/2021	14	oos	test	24.8930835	24.8930835	0.18	0.18	34.54473666	11.3997631	23.14497356	0.51048	0.56048	0.448384
2/19/2021 15:00	2/19/2021	15	oos	test	2.5254167	2.5254167	2.99	2.99	36.74516667	12.125905	24.61926167	0.50527	0.55527	0.444216
2/19/2021 16:00	2/19/2021	16	oos	test	0	0	5.33	5.33	56.07463334	18.504629	37.57000433	0.49402	0.54402	0.435216
2/19/2021 17:00	2/19/2021	17	oos	test	0	0	9.17	9.17	46.06249999	15.200625	30.861875	0.45608	0.50608	0.404864
2/19/2021 18:00	2/19/2021	18	oos	test	0	0	20.4	20.4	40.08526	13.2281358	26.8571242	0.41875	0.46875	0.375
2/19/2021 19:00	2/19/2021	19	oos	test	0	0	21.71	21.71	34.42995666	11.3618857	23.06807096	0.40004	0.45004	0.360032
2/19/2021 20:00	2/19/2021	20	oos	test	0	0	12.32	12.32	28.10163	9.2735379	18.8280921	0.39155	0.44155	0.35324
2/19/2021 21:00	2/19/2021	21	oos	test	0	0	-0.29	0	30.56157	10.0853181	20.4762519	0.38767	0.43767	0.350136
2/19/2021 22:00	2/19/2021	22	oos	test	0	0	-0.3	0	27.748435	9.156983552	18.59145145	0.3801	0.4301	0.34408
2/19/2021 23:00	2/19/2021	23	oos	test	0	0	-0.45	0	30.80792667	10.1666158	20.64131087	0.39651	0.44651	0.357208
2/20/2021 0:00	2/20/2021	0	oos	test	0	0	-0.5	0	29.59482666	9.766292798	19.82853386	0.38566	0.43566	0.348528
2/20/2021 1:00	2/20/2021	1	oos	test	0	0	-0.42	0	37.4936	12.372888	25.120712	0.37224	0.42224	0.337792
2/20/2021 2:00	2/20/2021	2	oos	test	0	0	-0.41	0	32.7983	10.823439	21.974861	0.36927	0.41927	0.335416
2/20/2021 3:00	2/20/2021	3	oos	test	0	0	-0.41	0	32.57203667	10.7487721	21.82326457	0.36937	0.41937	0.335496
2/20/2021 4:00	2/20/2021	4	oos	test	0	0	4.03	4.03	30.13141001	9.943365302	20.1880447	0.34961	0.39961	0.319688
2/20/2021 5:00	2/20/2021	5	oos	test	0	0	13.82	13.82	29.43370334	9.713122101	19.72058123	0.36999	0.41999	0.335992
2/20/2021 6:00	2/20/2021	6	oos	test	0	0	8.07	8.07	29.44069334	9.715428801	19.72526453	0.37091	0.42091	0.336728
2/20/2021 7:00	2/20/2021	7	oos	test	0.0579166	0.0579166	7.48	7.48	39.21099	12.9396267	26.2713633	0.38555	0.43555	0.34844
2/20/2021 8:00	2/20/2021	8	oos	test	1.8741667	1.8741667	-0.28	0	35.63905667	11.7608887	23.87816797	0.39047	0.44047	0.352376
2/20/2021 9:00	2/20/2021	9	oos	test	2.7930834	2.7930834	-0.34	0	29.08881	9.5993073	19.4895027	0.37142	0.42142	0.337136
2/20/2021 10:00	2/20/2021	10	oos	test	2.2335	2.2335	-0.24	0	24.82370334	8.191822102	16.63188124	0.36948	0.41948	0.335584
2/20/2021 11:00	2/20/2021	11	oos	test	2.8815833	2.8815833	-0.27	0	25.60998666	8.451295598	17.15869106	0.36323	0.41323	0.330584
2/20/2021 12:00	2/20/2021	12	oos	test	2.4415	2.4415	-0.35	0	26.442365	8.725980448	17.71638455	0.3575	0.4075	0.326
2/20/2021 13:00	2/20/2021	13	oos	test	4.5884166	4.5884166	-0.37	0	34.02882333	11.2295117	22.79931163	0.35483	0.40483	0.323864
2/20/2021 14:00	2/20/2021	14	oos	test	4.4599168	4.4599168	-0.25	0	60.20169333	19.8665588	40.33513453	0.35279	0.40279	0.322232
2/20/2021 15:00	2/20/2021	15	oos	test	0.5558333	0.5558333	-0.26	0	36.60269667	12.0788899	24.52380677	0.37828	0.42828	0.342624
2/20/2021 16:00	2/20/2021	16	oos	test	0	0	-0.29	0	32.46628667	10.7138746	21.75241207	0.40972	0.45972	0.367776
2/20/2021 17:00	2/20/2021	17	oos	test	0	0	-0.3	0	49.46749334	16.3242728	33.14322053	0.42263	0.47263	0.378104
2/20/2021 18:00	2/20/2021	18	oos	test	0	0	-0.37	0	59.36024667	19.5888814	39.77136527	0.40798	0.45798	0.366384
2/20/2021 19:00	2/20/2021	19	oos	test	0	0	-0.35	0	42.99257	14.1875481	28.8050219	0.37153	0.42153	0.337224
2/20/2021 20:00	2/20/2021	20	oos	test	0	0	-0.36	0	39.89744334	13.1661563	26.73128704	0.34091	0.39091	0.312728
2/20/2021 21:00	2/20/2021	21	oos	test	0	0	-0.29	0	32.79077	10.8209541	21.9698159	0.33661	0.38661	0.309288
2/20/2021 22:00	2/20/2021	22	oos	test	0	0	-0.34	0	33.32258	10.9964514	22.3261286	0.32237	0.37237	0.297896
2/20/2021 23:00	2/20/2021	23	oos	test	0	0	-0.38	0	30.81898001	10.1702634	20.6487166	0.30816	0.35816	0.286528
2/21/2021 0:00	2/21/2021	0	oos	test	0	0	-0.33	0	32.69402667	10.7890288	21.90499787	0.30343	0.35343	0.282744
2/21/2021 1:00	2/21/2021	1	oos	test	0	0	-0.32	0	38.16057333	12.5929892	25.56758413	0.29571	0.34571	0.276568
2/21/2021 2:00	2/21/2021	2	oos	test	0	0	11.21	11.21	42.41106	13.9956498	28.4154102	0.29509	0.34509	0.276072
2/21/2021 3:00	2/21/2021	3	oos	test	0	0	9.73	9.73	38.54366334	12.7194089	25.82425444	0.29849	0.34849	0.278792
2/21/2021 4:00	2/21/2021	4	oos	test	0	0	24.66	24.66	33.54085334	11.0684816	22.47237173	0.30631	0.35631	0.285048
2/21/2021 5:00	2/21/2021	5	oos	test	0	0	18.47	18.47	28.04079666	9.253462898	18.78733376	0.30785	0.35785	0.28628
2/21/2021 6:00	2/21/2021	6	oos	test	0	0	0	0	32.42664	10.7007912	21.7258488	0.30919	0.35919	0.287352
2/21/2021 7:00	2/21/2021	7	oos	test	0.3963334	0.3963334	0	0	41.47825001	13.6878225	27.7904275	0.3307	0.3807	0.30456
2/21/2021 8:00	2/21/2021	8	oos	test	1.7483333	1.7483333	153.68	153.68	38.77059666	12.7942969	25.97629976	0.35592	0.40592	0.324736
2/21/2021 9:00	2/21/2021	9	oos	test	4.4688332	4.4688332	95.54	95.54	34.26942333	11.3089097	22.96051363	0.34398	0.39398	0.315184
2/21/2021 10:00	2/21/2021	10	oos	test	9.0134167	9.0134167	16.77	16.77	30.21843333	9.972082999	20.24635033	0.34141	0.39141	0.313128
2/21/2021 11:00	2/21/2021	11	oos	test	23.1146665	23.1146665	2.25	2.25	22.48121501	7.418800952	15.06241405	0.34645	0.39645	0.31716
2/21/2021 12:00	2/21/2021	12	oos	test	51.827334	51.827334	-0.26	0	21.42086501	7.068885452	14.35197955	0.34593	0.39593	0.316744
2/21/2021 13:00	2/21/2021	13	oos	test	39.648917	39.648917	-0.26	0	28.48167333	9.398952199	19.08272113	0.35273	0.40273	0.322184
2/21/2021 14:00	2/21/2021	14	oos	test	19.0388335	19.0388335	-0.28	0	27.55136834	9.091951551	18.45941678	0.37002	0.42002	0.336016
2/21/2021 15:00	2/21/2021	15	oos	test	3.9093334	3.9093334	1.9	1.9	31.52460333	10.4031191	21.12148423	0.41294	0.46294	0.370352
2/21/2021 16:00	2/21/2021	16	oos	test	0.0576	0.0576	-0.33	0	33.32671334	10.9978154	22.32889793	0.43702	0.48702	0.389616
2/21/2021 17:00	2/21/2021	17	oos	test	0	0	-0.12	0	42.99301334	14.1876944	28.80531893	0.45874	0.50874	0.406992
2/21/2021 18:00	2/21/2021	18	oos	test	0	0	3.7	3.7	50.69204667	16.7283754	33.96367127	0.44814	0.49814	0.398512
2/21/2021 19:00	2/21/2021	19	oos	test	0	0	-0.3	0	57.47086667	18.965386	38.50548067	0.42189	0.47189	0.377512
2/21/2021 20:00	2/21/2021	20	oos	test	0	0	-0.27	0	37.85542666	12.4922908	25.36313587	0.41726	0.46726	0.373808
2/21/2021 21:00	2/21/2021	21	oos	test	0	0	-0.27	0	29.00418	9.5713794	19.4328006	0.42189	0.47189	0.377512
2/21/2021 22:00	2/21/2021	22	oos	test	0	0	-0.32	0	25.56311834	8.435829051	17.12728928	0.40615	0.45615	0.36492
2/21/2021 23:00	2/21/2021	23	oos	test	0	0	-0.31	0	25.83036666	8.524020998	17.30634566	0.40018	0.45018	0.360144
2/22/2021 0:00	2/22/2021	0	oos	test	0	0	-0.41	0	22.61806667	7.463961999	15.15410467	0.39307	0.44307	0.354456
2/22/2021 1:00	2/22/2021	1	oos	test	0	0	-0.31	0	30.76282001	10.1517306	20.6110894	0.38072	0.43072	0.344576
2/22/2021 2:00	2/22/2021	2	oos	test	0	0	-0.33	0	33.41427666	11.0267113	22.38756536	0.37939	0.42939	0.343512
2/22/2021 3:00	2/22/2021	3	oos	test	0	0	-0.38	0	34.30262667	11.3198668	22.98275987	0.38309	0.43309	0.346472
2/22/2021 4:00	2/22/2021	4	oos	test	0	0	-0.35	0	32.77333667	10.8152011	21.95813557	0.4044	0.4544	0.36352
2/22/2021 5:00	2/22/2021	5	oos	test	0	0	-0.39	0	32.62971333	10.7678054	21.86190793	0.43085	0.48085	0.38468
2/22/2021 6:00	2/22/2021	6	oos	test	0	0	-0.37	0	32.46603	10.7137899	21.7522401	0.4678	0.5178	0.41424
2/22/2021 7:00	2/22/2021	7	oos	test	0.7833333	0.7833333	-0.37	0	44.00929667	14.5230679	29.48622877	0.48138	0.53138	0.425104
2/22/2021 8:00	2/22/2021	8	oos	test	2.8049167	2.8049167	-0.36	0	49.14458667	16.2177136	32.92687307	0.47305	0.52305	0.41844
2/22/2021 9:00	2/22/2021	9	oos	test	5.8649168	5.8649168	-0.34	0	39.73269333	13.1117888	26.62090453	0.46296	0.51296	0.410368
2/22/2021 10:00	2/22/2021	10	oos	test	5.1997498	5.1997498	-0.36	0	39.01782333	12.8758817	26.14194163	0.45401	0.50401	0.403208
2/22/2021 11:00	2/22/2021	11	oos	test	9.8233333	9.8233333	-0.31	0	40.14796334	13.2488279	26.89913543	0.44495	0.49495	0.39596
2/22/2021 12:00	2/22/2021	12	oos	test	15.947917	15.947917	-0.41	0	46.38669333	15.3076088	31.07908453	0.43569	0.48569	0.388552
2/22/2021 13:00	2/22/2021	13	oos	test	9.2532499	9.2532499	-0.33	0	36.94536	12.1919688	24.7533912	0.44721	0.49721	0.397768
2/22/2021 14:00	2/22/2021	14	oos	test	3.0462499	3.0462499	-0.28	0	66.82766	22.0531278	44.7745322	0.45812	0.50812	0.406496
2/22/2021 15:00	2/22/2021	15	oos	test	0.2296667	0.2296667	-0.39	0	42.58286334	14.0523449	28.53051844	0.46759	0.51759	0.414072
2/22/2021 16:00	2/22/2021	16	oos	test	0	0	-0.34	0	35.96284001	11.8677372	24.0951028	0.46759	0.51759	0.414072
2/22/2021 17:00	2/22/2021	17	oos	test	0	0	-0.28	0	34.73245334	11.4617096	23.27074373	0.46203	0.51203	0.409624
2/22/2021 18:00	2/22/2021	18	oos	test	0	0	-0.35	0	48.32117	15.9459861	32.3751839	0.44907	0.49907	0.399256
2/22/2021 19:00	2/22/2021	19	oos	test	0	0	7.02	7.02	60.87972	20.0903076	40.7894124	0.42735	0.47735	0.38188
2/22/2021 20:00	2/22/2021	20	oos	test	0	0	-0.48	0	47.05802	15.5291466	31.5288734	0.41747	0.46747	0.373976
2/22/2021 21:00	2/22/2021	21	oos	test	0	0	-0.33	0	42.12342	13.9007286	28.2226914	0.4115	0.4615	0.3692
2/22/2021 22:00	2/22/2021	22	oos	test	0	0	-0.27	0	41.71120667	13.7646982	27.94650847	0.38659	0.43659	0.349272
2/22/2021 23:00	2/22/2021	23	oos	test	0	0	-0.32	0	33.84764334	11.1697223	22.67792104	0.37346	0.42346	0.338768
2/23/2021 0:00	2/23/2021	0	oos	test	0	0	-0.3	0	30.56178666	10.0853896	20.47639706	0.36448	0.41448	0.331584
2/23/2021 1:00	2/23/2021	1	oos	test	0	0	-0.29	0	38.69288	12.7686504	25.9242296	0.36201	0.41201	0.329608
2/23/2021 2:00	2/23/2021	2	oos	test	0	0	-0.34	0	36.52976667	12.054823	24.47494367	0.36376	0.41376	0.331008
2/23/2021 3:00	2/23/2021	3	oos	test	0	0	-0.07	0	35.91764334	11.8528223	24.06482104	0.36015	0.41015	0.32812
2/23/2021 4:00	2/23/2021	4	oos	test	0	0	5.96	5.96	35.32324334	11.6566703	23.66657303	0.36644	0.41644	0.333152
2/23/2021 5:00	2/23/2021	5	oos	test	0	0	12.79	12.79	31.37802	10.3547466	21.0232734	0.3847	0.4347	0.34776
2/23/2021 6:00	2/23/2021	6	oos	test	0.004	0.004	11.02	11.02	31.21474667	10.3008664	20.91388027	0.38243	0.43243	0.345944
2/23/2021 7:00	2/23/2021	7	oos	test	5.6737498	5.6737498	17.03	17.03	40.17883334	13.259015	26.91981833	0.39739	0.44739	0.357912
2/23/2021 8:00	2/23/2021	8	oos	test	29.784083	29.784083	24.53	24.53	37.31462	12.3138246	25.0007954	0.40534	0.45534	0.364272
2/23/2021 9:00	2/23/2021	9	oos	test	44.725666	44.725666	22.92	22.92	27.73205334	9.151577602	18.58047574	0.42514	0.47514	0.380112
2/23/2021 10:00	2/23/2021	10	oos	test	34.128916	34.128916	3.25	3.25	27.92143	9.214071902	18.7073581	0.41266	0.46266	0.370128
2/23/2021 11:00	2/23/2021	11	oos	test	22.12	22.12	3.53	3.53	30.86170667	10.1843632	20.67734347	0.40121	0.45121	0.360968
2/23/2021 12:00	2/23/2021	12	oos	test	14.0759165	14.0759165	-0.08	0	38.46638667	12.6939076	25.77247907	0.39481	0.44481	0.355848
2/23/2021 13:00	2/23/2021	13	oos	test	13.484917	13.484917	-0.26	0	46.33862	15.2917446	31.0468754	0.39739	0.44739	0.357912
2/23/2021 14:00	2/23/2021	14	oos	test	14.165667	14.165667	0.09	0.09	46.32204333	15.2862743	31.03576903	0.40059	0.45059	0.360472
2/23/2021 15:00	2/23/2021	15	oos	test	2.1709999	2.1709999	10.81	10.81	35.74253	11.7950349	23.9474951	0.3913	0.4413	0.35304
2/23/2021 16:00	2/23/2021	16	oos	test	0	0	7.89	7.89	34.5335	11.396055	23.137445	0.38233	0.43233	0.345864
2/23/2021 17:00	2/23/2021	17	oos	test	0	0	19.35	19.35	31.39744001	10.3611552	21.0362848	0.37078	0.42078	0.336624
2/23/2021 18:00	2/23/2021	18	oos	test	0	0	29.13	29.13	64.19145333	21.1831796	43.00827373	0.36624	0.41624	0.332992
2/23/2021 19:00	2/23/2021	19	oos	test	0	0	38.5	38.5	48.20226	15.9067458	32.2955142	0.36985	0.41985	0.33588
2/23/2021 20:00	2/23/2021	20	oos	test	0	0	65.23	65.23	36.16590333	11.9347481	24.23115523	0.36943	0.41943	0.335544
2/23/2021 21:00	2/23/2021	21	oos	test	0	0	111.66	111.66	31.48232667	10.3891678	21.09315887	0.37047	0.42047	0.336376
2/23/2021 22:00	2/23/2021	22	oos	test	0	0	188.17	188.17	34.12438001	11.2610454	22.8633346	0.35458	0.40458	0.323664
2/23/2021 23:00	2/23/2021	23	oos	test	0	0	88.33	88.33	30.86287	10.1847471	20.6781229	0.30859	0.35859	0.286872
2/24/2021 0:00	2/24/2021	0	oos	test	0	0	-0.27	0	25.08682334	8.278651701	16.80817163	0.27707	0.32707	0.261656
2/24/2021 1:00	2/24/2021	1	oos	test	0	0	-0.26	0	34.48534667	11.3801644	23.10518227	0.24978	0.29978	0.239824
2/24/2021 2:00	2/24/2021	2	oos	test	0	0	93.05	93.05	29.68740333	9.796843099	19.89056023	0.23232	0.28232	0.225856
2/24/2021 3:00	2/24/2021	3	oos	test	0	0	29.18	29.18	29.05326666	9.587577998	19.46568866	0.26074	0.31074	0.248592
2/24/2021 4:00	2/24/2021	4	oos	test	0	0	-0.25	0	26.45690166	8.730777548	17.72612411	0.28306	0.33306	0.266448
2/24/2021 5:00	2/24/2021	5	oos	test	0	0	-0.25	0	24.75130334	8.167930101	16.58337323	0.32874	0.37874	0.302992
2/24/2021 6:00	2/24/2021	6	oos	test	0	0	69.2	69.2	23.07817334	7.615797201	15.46237613	0.3336	0.3836	0.30688
2/24/2021 7:00	2/24/2021	7	oos	test	1.61925	1.61925	64.24	64.24	35.33872334	11.6617787	23.67694463	0.3368	0.3868	0.30944
2/24/2021 8:00	2/24/2021	8	oos	test	6.3220833	6.3220833	-0.26	0	36.18758667	11.9419036	24.24568307	0.33618	0.38618	0.308944
2/24/2021 9:00	2/24/2021	9	oos	test	17.2780005	17.2780005	-0.27	0	36.32784333	11.9881883	24.33965503	0.33132	0.38132	0.305056
2/24/2021 10:00	2/24/2021	10	oos	test	29.051333	29.051333	-0.32	0	29.66227334	9.788550201	19.87372313	0.32647	0.37647	0.301176
2/24/2021 11:00	2/24/2021	11	oos	test	37.834833	37.834833	-0.32	0	25.441085	8.395558048	17.04552695	0.32853	0.37853	0.302824
2/24/2021 12:00	2/24/2021	12	oos	test	48.045166	48.045166	-0.29	0	22.10695667	7.295295699	14.81166097	0.32595	0.37595	0.30076
2/24/2021 13:00	2/24/2021	13	oos	test	21.617083	21.617083	-0.35	0	29.60968001	9.771194402	19.8384856	0.32264	0.37264	0.298112
2/24/2021 14:00	2/24/2021	14	oos	test	15.197417	15.197417	-0.25	0	27.41810334	9.047974102	18.37012924	0.32595	0.37595	0.30076
2/24/2021 15:00	2/24/2021	15	oos	test	4.1465	4.1465	-0.32	0	29.71885334	9.807221601	19.91163173	0.3276	0.3776	0.30208
2/24/2021 16:00	2/24/2021	16	oos	test	0.2020834	0.2020834	11.31	11.31	25.01210166	8.253993548	16.75810811	0.33081	0.38081	0.304648
2/24/2021 17:00	2/24/2021	17	oos	test	0	0	0.08	0.08	58.02727334	19.1490002	38.87827313	0.33143	0.38143	0.305144
2/24/2021 18:00	2/24/2021	18	oos	test	0	0	-0.35	0	41.92261001	13.8344613	28.0881487	0.32998	0.37998	0.303984
2/24/2021 19:00	2/24/2021	19	oos	test	0	0	-0.31	0	47.13566334	15.5547689	31.58089444	0.3275	0.3775	0.302
2/24/2021 20:00	2/24/2021	20	oos	test	0	0	-0.26	0	42.76573667	14.1126931	28.65304357	0.32089	0.37089	0.296712
2/24/2021 21:00	2/24/2021	21	oos	test	0	0	-0.3	0	35.29077666	11.6459563	23.64482036	0.31097	0.36097	0.288776
2/24/2021 22:00	2/24/2021	22	oos	test	0	0	-0.26	0	34.85297334	11.5014812	23.35149214	0.28885	0.33885	0.27108
2/24/2021 23:00	2/24/2021	23	oos	test	0	0	0	0	32.46505334	10.7134676	21.75158573	0.25477	0.30477	0.243816
2/25/2021 0:00	2/25/2021	0	oos	test	0	0	-0.3	0	36.20523	11.9477259	24.2575041	0.24533	0.29533	0.236264
2/25/2021 1:00	2/25/2021	1	oos	test	0	0	-0.29	0	31.19750334	10.2951761	20.90232724	0.24317	0.29317	0.234536
2/25/2021 2:00	2/25/2021	2	oos	test	0	0	-0.31	0	28.65427001	9.455909102	19.1983609	0.24769	0.29769	0.238152
2/25/2021 3:00	2/25/2021	3	oos	test	0	0	-0.3	0	28.08564333	9.268262299	18.81738103	0.26205	0.31205	0.24964
2/25/2021 4:00	2/25/2021	4	oos	test	0	0	-0.32	0	29.15197999	9.620153398	19.5318266	0.28483	0.33483	0.267864
2/25/2021 5:00	2/25/2021	5	oos	test	0	0	-0.28	0	26.30501667	8.680655501	17.62436117	0.29171	0.34171	0.273368
2/25/2021 6:00	2/25/2021	6	oos	test	0.0091429	0.0091429	-0.33	0	29.62629666	9.776677898	19.84961876	0.29673	0.34673	0.277384
2/25/2021 7:00	2/25/2021	7	oos	test	6.8318333	6.8318333	-0.3	0	41.07029334	13.5531968	27.51709654	0.30443	0.35443	0.283544
2/25/2021 8:00	2/25/2021	8	oos	test	12.914583	12.914583	-0.26	0	42.95835666	14.1762577	28.78209896	0.30484	0.35484	0.283872
2/25/2021 9:00	2/25/2021	9	oos	test	13.74375	13.74375	-0.24	0	47.70572	15.7428876	31.9628324	0.30587	0.35587	0.284696
2/25/2021 10:00	2/25/2021	10	oos	test	23.22825	23.22825	-0.24	0	36.63829667	12.0906379	24.54765877	0.30864	0.35864	0.286912
2/25/2021 11:00	2/25/2021	11	oos	test	32.858416	32.858416	-0.3	0	32.54172333	10.7387687	21.80295463	0.30843	0.35843	0.286744
2/25/2021 12:00	2/25/2021	12	oos	test	16.867917	16.867917	-0.43	0	32.79210333	10.8213941	21.97070923	0.30823	0.35823	0.286584
2/25/2021 13:00	2/25/2021	13	oos	test	28.57525	28.57525	-0.34	0	38.79577667	12.8026063	25.99317037	0.30782	0.35782	0.286256
2/25/2021 14:00	2/25/2021	14	oos	test	5.86525	5.86525	-0.3	0	32.44529	10.7069457	21.7383443	0.30864	0.35864	0.286912
2/25/2021 15:00	2/25/2021	15	oos	test	0.4900833	0.4900833	-0.27	0	37.30770666	12.3115432	24.99616346	0.30782	0.35782	0.286256
2/25/2021 16:00	2/25/2021	16	oos	test	0.0518	0.0518	-0.49	0	39.38635001	12.9974955	26.3888545	0.30699	0.35699	0.285592
2/25/2021 17:00	2/25/2021	17	oos	test	0	0	2.31	2.31	38.82434667	12.8120344	26.01231227	0.31038	0.36038	0.288304
2/25/2021 18:00	2/25/2021	18	oos	test	0	0	0.08	0.08	58.32320667	19.2466582	39.07654847	0.30699	0.35699	0.285592
2/25/2021 19:00	2/25/2021	19	oos	test	0	0	-0.34	0	50.90074667	16.7972464	34.10350027	0.30197	0.35197	0.281576
2/25/2021 20:00	2/25/2021	20	oos	test	0	0	-0.26	0	43.5183	14.361039	29.157261	0.29612	0.34612	0.276896
2/25/2021 21:00	2/25/2021	21	oos	test	0	0	8.38	8.38	49.05329	16.1875857	32.8657043	0.28842	0.33842	0.270736
2/25/2021 22:00	2/25/2021	22	oos	test	0	0	17.74	17.74	32.21700666	10.6316122	21.58539446	0.26287	0.31287	0.250296
2/25/2021 23:00	2/25/2021	23	oos	test	0	0	30.33	30.33	26.98685334	8.905661602	18.08119174	0.24497	0.29497	0.235976
2/26/2021 0:00	2/26/2021	0	oos	test	0	0	17.65	17.65	26.41008333	8.715327499	17.69475583	0.22633	0.27633	0.221064
2/26/2021 1:00	2/26/2021	1	oos	test	0	0	1.42	1.42	34.16303334	11.273801	22.88923234	0.21634	0.26634	0.213072
2/26/2021 2:00	2/26/2021	2	oos	test	0	0	16.24	16.24	33.71384667	11.1255694	22.58827727	0.22276	0.27276	0.218208
2/26/2021 3:00	2/26/2021	3	oos	test	0	0	15.08	15.08	36.33163667	11.9894401	24.34219657	0.24946	0.29946	0.239568
2/26/2021 4:00	2/26/2021	4	oos	test	0	0	6.04	6.04	29.88247001	9.861215102	20.0212549	0.2679	0.3179	0.25432
2/26/2021 5:00	2/26/2021	5	oos	test	0	0	49.57	49.57	29.60497667	9.769642299	19.83533437	0.26811	0.31811	0.254488
2/26/2021 6:00	2/26/2021	6	oos	test	0	0	127.81	127.81	27.98485333	9.235001601	18.74985173	0.2678	0.3178	0.25424
2/26/2021 7:00	2/26/2021	7	oos	test	0.1635	0.1635	127.98	127.98	35.65453001	11.7659949	23.8885351	0.27269	0.32269	0.258152
2/26/2021 8:00	2/26/2021	8	oos	test	8.3526666	8.3526666	140.88	140.88	40.78462999	13.4589279	27.3257021	0.27473	0.32473	0.259784
2/26/2021 9:00	2/26/2021	9	oos	test	13.2694165	13.2694165	8.14	8.14	37.59535001	12.4064655	25.1888845	0.27616	0.32616	0.260928
2/26/2021 10:00	2/26/2021	10	oos	test	39.56075	39.56075	-0.27	0	37.11637001	12.2484021	24.8679679	0.27279	0.32279	0.258232
2/26/2021 11:00	2/26/2021	11	oos	test	17.749167	17.749167	-0.26	0	32.37337334	10.6832132	21.69016013	0.27341	0.32341	0.258728
2/26/2021 12:00	2/26/2021	12	oos	test	20.0035005	20.0035005	-0.28	0	52.96962666	17.4799768	35.48964986	0.26597	0.31597	0.252776
2/26/2021 13:00	2/26/2021	13	oos	test	24.22575	24.22575	-0.28	0	44.62146666	14.725084	29.89638266	0.26311	0.31311	0.250488
2/26/2021 14:00	2/26/2021	14	oos	test	19.5574165	19.5574165	16.09	16.09	34.05952667	11.2396438	22.81988287	0.26454	0.31454	0.251632
2/26/2021 15:00	2/26/2021	15	oos	test	9.50825	9.50825	45.71	45.71	35.87078334	11.8373585	24.03342484	0.26739	0.31739	0.253912
2/26/2021 16:00	2/26/2021	16	oos	test	0.0368182	0.0368182	12.85	12.85	43.78040667	14.4475342	29.33287247	0.27127	0.32127	0.257016
2/26/2021 17:00	2/26/2021	17	oos	test	0	0	19.4	19.4	37.24532667	12.2909578	24.95436887	0.26627	0.31627	0.253016
2/26/2021 18:00	2/26/2021	18	oos	test	0	0	2.77	2.77	40.57476666	13.389673	27.18509366	0.26556	0.31556	0.252448
2/26/2021 19:00	2/26/2021	19	oos	test	0	0	8.88	8.88	57.39476	18.9402708	38.4544892	0.26413	0.31413	0.251304
2/26/2021 20:00	2/26/2021	20	oos	test	0	0	9.02	9.02	89.74540001	29.615982	60.129418	0.2626	0.3126	0.25008
2/26/2021 21:00	2/26/2021	21	oos	test	0	0	4.21	4.21	46.95894333	15.4964513	31.46249203	0.25639	0.30639	0.245112
2/26/2021 22:00	2/26/2021	22	oos	test	0	0	11.3	11.3	41.91100667	13.8306322	28.08037447	0.24824	0.29824	0.238592
2/26/2021 23:00	2/26/2021	23	oos	test	0	0	16.46	16.46	44.99703333	14.849021	30.14801233	0.25382	0.30382	0.243056
2/27/2021 0:00	2/27/2021	0	oos	test	0	0	20.55	20.55	36.40655667	12.0141637	24.39239297	0.25091	0.30091	0.240728
2/27/2021 1:00	2/27/2021	1	oos	test	0	0	30.64	30.64	33.99757334	11.2191992	22.77837413	0.25132	0.30132	0.241056
2/27/2021 2:00	2/27/2021	2	oos	test	0	0	22.93	22.93	33.46928667	11.0448646	22.42442207	0.25382	0.30382	0.243056
2/27/2021 3:00	2/27/2021	3	oos	test	0	0	23.84	23.84	37.27895	12.3020535	24.9768965	0.25975	0.30975	0.2478
2/27/2021 4:00	2/27/2021	4	oos	test	0	0	16.33	16.33	31.87135667	10.5175477	21.35380897	0.26309	0.31309	0.250472
2/27/2021 5:00	2/27/2021	5	oos	test	0	0	12.29	12.29	30.80335334	10.1651066	20.63824673	0.27329	0.32329	0.258632
2/27/2021 6:00	2/27/2021	6	oos	test	0	0	19.91	19.91	32.15684667	10.6117594	21.54508727	0.27537	0.32537	0.260296
2/27/2021 7:00	2/27/2021	7	oos	test	0.1755834	0.1755834	18.47	18.47	40.78066667	13.45762	27.32304667	0.28089	0.33089	0.264712
2/27/2021 8:00	2/27/2021	8	oos	test	1.4405	1.4405	21.85	21.85	42.10234667	13.8937744	28.20857227	0.28797	0.33797	0.270376
2/27/2021 9:00	2/27/2021	9	oos	test	1.9369166	1.9369166	9.67	9.67	38.97561333	12.8619524	26.11366093	0.28745	0.33745	0.26996
2/27/2021 10:00	2/27/2021	10	oos	test	2.8321666	2.8321666	14.61	14.61	31.45954001	10.3816482	21.0778918	0.2812	0.3312	0.26496
2/27/2021 11:00	2/27/2021	11	oos	test	13.36775	13.36775	41.15	41.15	28.38883667	9.368316099	19.02052057	0.27527	0.32527	0.260216
2/27/2021 12:00	2/27/2021	12	oos	test	15.638	15.638	26.56	26.56	36.69201	12.1083633	24.5836467	0.27173	0.32173	0.257384
2/27/2021 13:00	2/27/2021	13	oos	test	4.3310834	4.3310834	75.27	75.27	36.38398667	12.0067156	24.37727107	0.2659	0.3159	0.25272
2/27/2021 14:00	2/27/2021	14	oos	test	3.3680832	3.3680832	72.31	72.31	35.18396667	11.610709	23.57325767	0.26204	0.31204	0.249632
2/27/2021 15:00	2/27/2021	15	oos	test	0.9502499	0.9502499	28.88	28.88	35.85357	11.8316781	24.0218919	0.26111	0.31111	0.248888
2/27/2021 16:00	2/27/2021	16	oos	test	0	0	33.69	33.69	38.48070666	12.6986332	25.78207346	0.26194	0.31194	0.249552
2/27/2021 17:00	2/27/2021	17	oos	test	0	0	62.63	62.63	33.10059333	10.9231958	22.17739753	0.26434	0.31434	0.251472
2/27/2021 18:00	2/27/2021	18	oos	test	0	0	83.65	83.65	60.26591334	19.8877514	40.37816194	0.26236	0.31236	0.249888
2/27/2021 19:00	2/27/2021	19	oos	test	0	0	195.57	195.57	57.47338001	18.9662154	38.5071646	0.26017	0.31017	0.248136
2/27/2021 20:00	2/27/2021	20	oos	test	0	0	44.87	44.87	49.20151334	16.2364994	32.96501393	0.25892	0.30892	0.247136
2/27/2021 21:00	2/27/2021	21	oos	test	0	0	-0.25	0	35.92546333	11.8554029	24.07006043	0.25965	0.30965	0.24772
2/27/2021 22:00	2/27/2021	22	oos	test	0	0	41.42	41.42	35.52232001	11.7223656	23.7999544	0.25694	0.30694	0.245552
2/27/2021 23:00	2/27/2021	23	oos	test	0	0	43.71	43.71	33.96076001	11.2070508	22.7537092	0.24812	0.29812	0.238496
2/28/2021 0:00	2/28/2021	0	oos	test	0	0	55.3	55.3	33.42073	11.0288409	22.3918891	0.24217	0.29217	0.233736
2/28/2021 1:00	2/28/2021	1	oos	test	0	0	30.91	30.91	35.3442	11.663586	23.680614	0.23206	0.28206	0.225648
2/28/2021 2:00	2/28/2021	2	oos	test	0	0	43.91	43.91	37.67323334	12.432167	25.24106633	0.22508	0.27508	0.220064
2/28/2021 3:00	2/28/2021	3	oos	test	0	0	15.8	15.8	34.21025334	11.2893836	22.92086974	0.23216	0.28216	0.225728
2/28/2021 4:00	2/28/2021	4	oos	test	0	0	7.8	7.8	35.62033999	11.7547122	23.8656278	0.23852	0.28852	0.230816
2/28/2021 5:00	2/28/2021	5	oos	test	0	0	7.22	7.22	29.70594666	9.802962398	19.90298426	0.23925	0.28925	0.2314
2/28/2021 6:00	2/28/2021	6	oos	test	0	0	77.72	77.72	30.43055334	10.0420826	20.38847074	0.24551	0.29551	0.236408
2/28/2021 7:00	2/28/2021	7	oos	test	0.1393333	0.1393333	47	47	40.51216667	13.369015	27.14315167	0.25552	0.30552	0.244416
2/28/2021 8:00	2/28/2021	8	oos	test	0.8545	0.8545	-0.3	0	33.85276667	11.171413	22.68135367	0.25479	0.30479	0.243832
2/28/2021 9:00	2/28/2021	9	oos	test	5.146	5.146	-0.35	0	36.17085333	11.9363816	24.23447173	0.25385	0.30385	0.24308
2/28/2021 10:00	2/28/2021	10	oos	test	8.7248333	8.7248333	60.25	60.25	30.19851666	9.965510498	20.23300616	0.25322	0.30322	0.242576
2/28/2021 11:00	2/28/2021	11	oos	test	45.604584	45.604584	32.53	32.53	34.34830334	11.3349401	23.01336323	0.25135	0.30135	0.24108
2/28/2021 12:00	2/28/2021	12	oos	test	30.084	30.084	5.28	5.28	25.17718667	8.308471599	16.86871507	0.24864	0.29864	0.238912
2/28/2021 13:00	2/28/2021	13	oos	test	30.232334	30.232334	0	0	37.57704666	12.4004254	25.17662126	0.24488	0.29488	0.235904
2/28/2021 14:00	2/28/2021	14	oos	test	29.6215	29.6215	0	0	39.70475334	13.1025686	26.60218474	0.24624	0.29624	0.236992
2/28/2021 15:00	2/28/2021	15	oos	test	6.0335835	6.0335835	0	0	36.41794001	12.0179202	24.4000198	0.25343	0.30343	0.242744
2/28/2021 16:00	2/28/2021	16	oos	test	0.21375	0.21375	0	0	28.51843999	9.411085198	19.1073548	0.25531	0.30531	0.244248
2/28/2021 17:00	2/28/2021	17	oos	test	0	0	0	0	25.874925	8.53872525	17.33619975	0.25677	0.30677	0.245416
2/28/2021 18:00	2/28/2021	18	oos	test	0	0	0	0	35.04333333	11.5643	23.47903333	0.25656	0.30656	0.245248
2/28/2021 19:00	2/28/2021	19	oos	test	0	0	0	0	64.48442667	21.2798608	43.20456587	0.25541	0.30541	0.244328
2/28/2021 20:00	2/28/2021	20	oos	test	0	0	0	0	55.90189666	18.4476259	37.45427077	0.25416	0.30416	0.243328
2/28/2021 21:00	2/28/2021	21	oos	test	0	0	0	0	32.26091667	10.6461025	21.61481417	0.25489	0.30489	0.243912
2/28/2021 22:00	2/28/2021	22	oos	test	0	0	0	0	35.01696666	11.555599	23.46136766	0.25249	0.30249	0.241992
2/28/2021 23:00	2/28/2021	23	oos	test	0	0	0	0	32.08680666	10.5886462	21.49816046	0.21006	0.26006	0.208048
3/1/2021 0:00	3/1/2021	0	oos	test	0	0	0	0	32.19343334	10.623833	21.56960033	0.20162	0.25162	0.201296
3/1/2021 1:00	3/1/2021	1	oos	test	0	0	0	0	32.51530334	10.7300501	21.78525323	0.19682	0.24682	0.197456
3/1/2021 2:00	3/1/2021	2	oos	test	0	0	0	0	30.79508	10.1623764	20.6327036	0.21048	0.26048	0.208384
3/1/2021 3:00	3/1/2021	3	oos	test	0	0	0	0	30.50278334	10.0659185	20.43686483	0.24457	0.29457	0.235656
3/1/2021 4:00	3/1/2021	4	oos	test	0	0	0	0	30.17981334	9.959338402	20.22047494	0.25531	0.30531	0.244248
3/1/2021 5:00	3/1/2021	5	oos	test	0	0	0	0	24.29501834	8.017356051	16.27766228	0.25354	0.30354	0.242832
3/1/2021 6:00	3/1/2021	6	oos	test	0	0	0	0	24.21919167	7.992333251	16.22685842	0.25614	0.30614	0.244912
3/1/2021 7:00	3/1/2021	7	oos	test	0.1670834	0.1670834	0	0	32.59140333	10.7551631	21.83624023	0.26115	0.31115	0.24892
3/1/2021 8:00	3/1/2021	8	oos	test	0.2179167	0.2179167	0	0	35.34784001	11.6647872	23.6830528	0.26292	0.31292	0.250336
3/1/2021 9:00	3/1/2021	9	oos	test	1.5749167	1.5749167	0	0	30.91894334	10.2032513	20.71569203	0.26698	0.31698	0.253584
3/1/2021 10:00	3/1/2021	10	oos	test	2.9270834	2.9270834	0	0	33.37135334	11.0125466	22.35880673	0.26719	0.31719	0.253752
3/1/2021 11:00	3/1/2021	11	oos	test	5.5099166	5.5099166	0	0	38.92986	12.8468538	26.0830062	0.26594	0.31594	0.252752
3/1/2021 12:00	3/1/2021	12	oos	test	2.2940833	2.2940833	0	0	23.15847834	7.642297852	15.51618049	0.26605	0.31605	0.25284
3/1/2021 13:00	3/1/2021	13	oos	test	0.8678333	0.8678333	0	0	30.04707333	9.915534199	20.13153913	0.26761	0.31761	0.254088
3/1/2021 14:00	3/1/2021	14	oos	test	0.3532499	0.3532499	0	0	39.35165334	12.9860456	26.36560774	0.26782	0.31782	0.254256
3/1/2021 15:00	3/1/2021	15	oos	test	0.0139999	0.0139999	0	0	37.22509001	12.2842797	24.9408103	0.26834	0.31834	0.254672
3/1/2021 16:00	3/1/2021	16	oos	test	0	0	1.24	1.24	26.784135	8.83876455	17.94537045	0.26844	0.31844	0.254752
3/1/2021 17:00	3/1/2021	17	oos	test	0	0	1.06	1.06	39.21392334	12.9405947	26.27332864	0.26855	0.31855	0.25484
3/1/2021 18:00	3/1/2021	18	oos	test	0	0	16.55	16.55	67.52101333	22.2819344	45.23907893	0.26803	0.31803	0.254424
3/1/2021 19:00	3/1/2021	19	oos	test	0	0	-0.34	0	40.9644	13.518252	27.446148	0.26657	0.31657	0.253256
3/1/2021 20:00	3/1/2021	20	oos	test	0	0	0.34	0.34	32.67532334	10.7828567	21.89246663	0.26448	0.31448	0.251584
3/1/2021 21:00	3/1/2021	21	oos	test	0	0	11.29	11.29	39.35492334	12.9871247	26.36779864	0.26407	0.31407	0.251256
3/1/2021 22:00	3/1/2021	22	oos	test	0	0	6.09	6.09	37.51985334	12.3815516	25.13830174	0.24989	0.29989	0.239912
3/1/2021 23:00	3/1/2021	23	oos	test	0	0	28.21	28.21	30.15654	9.9516582	20.2048818	0.24913	0.29913	0.239304
3/2/2021 0:00	3/2/2021	0	oos	test	0	0	45.53	45.53	31.17842667	10.2888808	20.88954587	0.24528	0.29528	0.236224
3/2/2021 1:00	3/2/2021	1	oos	test	0	0	-0.32	0	33.92049333	11.1937628	22.72673053	0.24132	0.29132	0.233056
3/2/2021 2:00	3/2/2021	2	oos	test	0	0	-0.32	0	26.28628667	8.674474599	17.61181207	0.25403	0.30403	0.243224
3/2/2021 3:00	3/2/2021	3	oos	test	0	0	-0.28	0	30.07727667	9.925501301	20.15177537	0.26841	0.31841	0.254728
3/2/2021 4:00	3/2/2021	4	oos	test	0	0	10.62	10.62	23.31793833	7.694919649	15.62301868	0.27007	0.32007	0.256056
3/2/2021 5:00	3/2/2021	5	oos	test	0	0	12.38	12.38	27.03593334	8.921858002	18.11407534	0.27028	0.32028	0.256224
3/2/2021 6:00	3/2/2021	6	oos	test	0.0541819	0.0541819	9.56	9.56	36.10596	11.9149668	24.1909932	0.27351	0.32351	0.258808
3/2/2021 7:00	3/2/2021	7	oos	test	7.1665	7.1665	4.08	4.08	45.04357667	14.8643803	30.17919637	0.28143	0.33143	0.265144
3/2/2021 8:00	3/2/2021	8	oos	test	6.472	6.472	7.05	7.05	40.91311001	13.5013263	27.4117837	0.28487	0.33487	0.267896
3/2/2021 9:00	3/2/2021	9	oos	test	23.4825	23.4825	7.21	7.21	34.48618667	11.3804416	23.10574507	0.28279	0.33279	0.266232
3/2/2021 10:00	3/2/2021	10	oos	test	38.792166	38.792166	0.75	0.75	30.97113666	10.2204751	20.75066156	0.27768	0.32768	0.262144
3/2/2021 11:00	3/2/2021	11	oos	test	16.5551665	16.5551665	-0.31	0	29.16326667	9.623878001	19.53938867	0.27466	0.32466	0.259728
3/2/2021 12:00	3/2/2021	12	oos	test	16.025	16.025	-0.29	0	29.34443667	9.683664101	19.66077257	0.27507	0.32507	0.260056
3/2/2021 13:00	3/2/2021	13	oos	test	6.15175	6.15175	-0.28	0	49.92554667	16.4754304	33.45011627	0.27549	0.32549	0.260392
3/2/2021 14:00	3/2/2021	14	oos	test	3.0115833	3.0115833	0.18	0.18	47.57339667	15.6992209	31.87417577	0.27528	0.32528	0.260224
3/2/2021 15:00	3/2/2021	15	oos	test	0.6963333	0.6963333	-0.03	0	37.71511001	12.4459863	25.2691237	0.27664	0.32664	0.261312
3/2/2021 16:00	3/2/2021	16	oos	test	0	0	5.96	5.96	34.42545666	11.3604007	23.06505596	0.27966	0.32966	0.263728
3/2/2021 17:00	3/2/2021	17	oos	test	0	0	12.04	12.04	38.25136334	12.6229499	25.62841343	0.28351	0.33351	0.266808
3/2/2021 18:00	3/2/2021	18	oos	test	0	0	11.17	11.17	66.96539334	22.0985798	44.86681354	0.2806	0.3306	0.26448
3/2/2021 19:00	3/2/2021	19	oos	test	0	0	6.99	6.99	47.61595001	15.7132635	31.9026865	0.27903	0.32903	0.263224
3/2/2021 20:00	3/2/2021	20	oos	test	0	0	4.44	4.44	40.04337333	13.2143132	26.82906013	0.27487	0.32487	0.259896
3/2/2021 21:00	3/2/2021	21	oos	test	0	0	13.01	13.01	47.78350001	15.768555	32.014945	0.27507	0.32507	0.260056
3/2/2021 22:00	3/2/2021	22	oos	test	0	0	2.24	2.24	41.50438667	13.6964476	27.80793907	0.27049	0.32049	0.256392
3/2/2021 23:00	3/2/2021	23	oos	test	0	0	2.58	2.58	30.33709334	10.0112408	20.32585253	0.25774	0.30774	0.246192
3/3/2021 0:00	3/3/2021	0	oos	test	0	0	12.07	12.07	29.85106999	9.850853098	20.0002169	0.25671	0.30671	0.245368
3/3/2021 1:00	3/3/2021	1	oos	test	0	0	24.09	24.09	37.37767999	12.3346344	25.0430456	0.24944	0.29944	0.239552
3/3/2021 2:00	3/3/2021	2	oos	test	0	0	46.41	46.41	33.01590666	10.8952492	22.12065746	0.25446	0.30446	0.243568
3/3/2021 3:00	3/3/2021	3	oos	test	0	0	69.57	69.57	34.77858333	11.4769325	23.30165083	0.26757	0.31757	0.254056
3/3/2021 4:00	3/3/2021	4	oos	test	0	0	61.46	61.46	30.18592667	9.961355799	20.22457087	0.26737	0.31737	0.253896
3/3/2021 5:00	3/3/2021	5	oos	test	0	0	84.95	84.95	36.75406666	12.128842	24.62522467	0.27013	0.32013	0.256104
3/3/2021 6:00	3/3/2021	6	oos	test	0	0	77.45	77.45	29.94823001	9.882915902	20.0653141	0.27136	0.32136	0.257088
3/3/2021 7:00	3/3/2021	7	oos	test	0.6398333	0.6398333	129.2	129.2	37.75391	12.4587903	25.2951197	0.27423	0.32423	0.259384
3/3/2021 8:00	3/3/2021	8	oos	test	1.5608333	1.5608333	64.54	64.54	38.04327333	12.5542802	25.48899313	0.27894	0.32894	0.263152
3/3/2021 9:00	3/3/2021	9	oos	test	2.3605	2.3605	39.28	39.28	40.76479667	13.4523829	27.31241377	0.27864	0.32864	0.262912
3/3/2021 10:00	3/3/2021	10	oos	test	2.20325	2.20325	-0.25	0	41.88250001	13.821225	28.061275	0.27659	0.32659	0.261272
3/3/2021 11:00	3/3/2021	11	oos	test	5.8131667	5.8131667	-0.24	0	37.85655333	12.4926626	25.36389073	0.2728	0.3228	0.25824
3/3/2021 12:00	3/3/2021	12	oos	test	3.2626666	3.2626666	42.91	42.91	28.5102	9.408366	19.101834	0.27054	0.32054	0.256432
3/3/2021 13:00	3/3/2021	13	oos	test	2.5941667	2.5941667	84.76	84.76	36.21706667	11.951632	24.26543467	0.2687	0.3187	0.25496
3/3/2021 14:00	3/3/2021	14	oos	test	4.57175	4.57175	26.96	26.96	39.35661666	12.9876835	26.36893316	0.26901	0.31901	0.255208
3/3/2021 15:00	3/3/2021	15	oos	test	7.4236667	7.4236667	-0.31	0	37.83589334	12.4858448	25.35004853	0.27024	0.32024	0.256192
3/3/2021 16:00	3/3/2021	16	oos	test	0.1791667	0.1791667	1.94	1.94	31.52774667	10.4041564	21.12359027	0.27106	0.32106	0.256848
3/3/2021 17:00	3/3/2021	17	oos	test	0	0	38.61	38.61	36.79489334	12.1423148	24.65257853	0.27321	0.32321	0.258568
3/3/2021 18:00	3/3/2021	18	oos	test	0	0	39.78	39.78	68.9666	22.758978	46.207622	0.27126	0.32126	0.257008
3/3/2021 19:00	3/3/2021	19	oos	test	0	0	34.36	34.36	63.63737334	21.0003332	42.63704014	0.26675	0.31675	0.2534
3/3/2021 20:00	3/3/2021	20	oos	test	0	0	45.85	45.85	63.19808	20.8553664	42.3427136	0.26778	0.31778	0.254224
3/3/2021 21:00	3/3/2021	21	oos	test	0	0	62.75	62.75	48.00725667	15.8423947	32.16486197	0.26686	0.31686	0.253488
3/3/2021 22:00	3/3/2021	22	oos	test	0	0	93.98	93.98	37.72650333	12.4497461	25.27675723	0.26225	0.31225	0.2498
3/3/2021 23:00	3/3/2021	23	oos	test	0	0	15.82	15.82	35.37896334	11.6750579	23.70390544	0.25804	0.30804	0.246432
3/4/2021 0:00	3/4/2021	0	oos	test	0	0	38.75	38.75	35.36762667	11.6713168	23.69630987	0.25855	0.30855	0.24684
3/4/2021 1:00	3/4/2021	1	oos	test	0	0	8.41	8.41	38.25463667	12.6240301	25.63060657	0.25876	0.30876	0.247008
3/4/2021 2:00	3/4/2021	2	oos	test	0	0	0.65	0.65	37.48657001	12.3705681	25.1160019	0.26029	0.31029	0.248232
3/4/2021 3:00	3/4/2021	3	oos	test	0	0	10.09	10.09	40.08973001	13.2296109	26.8601191	0.2699	0.3199	0.25592
3/4/2021 4:00	3/4/2021	4	oos	test	0	0	13.29	13.29	38.55742334	12.7239497	25.83347363	0.26571	0.31571	0.252568
3/4/2021 5:00	3/4/2021	5	oos	test	0	0	23.03	23.03	30.28315001	9.993439502	20.2897105	0.26959	0.31959	0.255672
3/4/2021 6:00	3/4/2021	6	oos	test	0	0	14.86	14.86	34.55058666	11.4016936	23.14889306	0.26867	0.31867	0.254936
3/4/2021 7:00	3/4/2021	7	oos	test	0.00325	0.00325	9.44	9.44	40.39136	13.3291488	27.0622112	0.26642	0.31642	0.253136
3/4/2021 8:00	3/4/2021	8	oos	test	0.6033333	0.6033333	5.44	5.44	42.35986001	13.9787538	28.3811062	0.26489	0.31489	0.251912
3/4/2021 9:00	3/4/2021	9	oos	test	4.0106666	4.0106666	23.12	23.12	39.65494001	13.0861302	26.5688098	0.26509	0.31509	0.252072
3/4/2021 10:00	3/4/2021	10	oos	test	10.34675	10.34675	11.38	11.38	38.36591334	12.6607514	25.70516194	0.26458	0.31458	0.251664
3/4/2021 11:00	3/4/2021	11	oos	test	16.2939165	16.2939165	52	52	35.47285333	11.7060416	23.76681173	0.26469	0.31469	0.251752
3/4/2021 12:00	3/4/2021	12	oos	test	4.9579168	4.9579168	84.05	84.05	36.05550666	11.8983172	24.15718946	0.26428	0.31428	0.251424
3/4/2021 13:00	3/4/2021	13	oos	test	23.1977505	23.1977505	83.22	83.22	37.19035334	12.2728166	24.91753673	0.27031	0.32031	0.256248
3/4/2021 14:00	3/4/2021	14	oos	test	27.230167	27.230167	93.84	93.84	38.01273	12.5442009	25.4685291	0.28349	0.33349	0.266792
3/4/2021 15:00	3/4/2021	15	oos	test	5.7156668	5.7156668	50.87	50.87	43.79591	14.4526503	29.3432597	0.28564	0.33564	0.268512
3/4/2021 16:00	3/4/2021	16	oos	test	0.2122	0.2122	59.01	59.01	39.1445	12.917685	26.226815	0.28594	0.33594	0.268752
3/4/2021 17:00	3/4/2021	17	oos	test	0	0	21.9	21.9	40.76185666	13.4514127	27.31044397	0.28645	0.33645	0.26916
3/4/2021 18:00	3/4/2021	18	oos	test	0	0	-0.32	0	55.07041667	18.1732375	36.89717917	0.2838	0.3338	0.26704
3/4/2021 19:00	3/4/2021	19	oos	test	0	0	11.82	11.82	69.44846	22.9179918	46.5304682	0.27623	0.32623	0.260984
3/4/2021 20:00	3/4/2021	20	oos	test	0	0	5.78	5.78	46.07608334	15.2051075	30.87097583	0.27858	0.32858	0.262864
3/4/2021 21:00	3/4/2021	21	oos	test	0	0	0.78	0.78	53.17838334	17.5488665	35.62951684	0.27531	0.32531	0.260248
3/4/2021 22:00	3/4/2021	22	oos	test	0	0	20.35	20.35	39.28219667	12.9631249	26.31907177	0.28124	0.33124	0.264992
3/4/2021 23:00	3/4/2021	23	oos	test	0	0	17.97	17.97	30.62874333	10.1074853	20.52125803	0.27866	0.32866	0.262928
3/5/2021 0:00	3/5/2021	0	oos	test	0	0	-0.27	0	31.99103667	10.5570421	21.43399457	0.28133	0.33133	0.265064
3/5/2021 1:00	3/5/2021	1	oos	test	0	0	3.45	3.45	33.98359333	11.2145858	22.76900753	0.28298	0.33298	0.266384
3/5/2021 2:00	3/5/2021	2	oos	test	0	0	1.58	1.58	34.47005667	11.3751187	23.09493797	0.28596	0.33596	0.268768
3/5/2021 3:00	3/5/2021	3	oos	test	0	0	-0.45	0	42.42708	14.0009364	28.4261436	0.28801	0.33801	0.270408
3/5/2021 4:00	3/5/2021	4	oos	test	0	0	10.96	10.96	33.6302	11.097966	22.532234	0.29048	0.34048	0.272384
3/5/2021 5:00	3/5/2021	5	oos	test	0	0	10.61	10.61	33.38426334	11.0168069	22.36745644	0.2876	0.3376	0.27008
3/5/2021 6:00	3/5/2021	6	oos	test	0	0	9.09	9.09	36.02155667	11.8871137	24.13444297	0.2951	0.3451	0.27608
3/5/2021 7:00	3/5/2021	7	oos	test	0	0	8.93	8.93	44.93715	14.8292595	30.1078905	0.30208	0.35208	0.281664
3/5/2021 8:00	3/5/2021	8	oos	test	0	0	12.54	12.54	48.50498667	16.0066456	32.49834107	0.30619	0.35619	0.284952
3/5/2021 9:00	3/5/2021	9	oos	test	0.7255833	0.7255833	4.01	4.01	42.78820667	14.1201082	28.66809847	0.30701	0.35701	0.285608
3/5/2021 10:00	3/5/2021	10	oos	test	3.28325	3.28325	0.73	0.73	40.99940667	13.5298042	27.46960247	0.30424	0.35424	0.283392
3/5/2021 11:00	3/5/2021	11	oos	test	8.9804167	8.9804167	23.47	23.47	31.95621666	10.5455515	21.41066516	0.30095	0.35095	0.28076
3/5/2021 12:00	3/5/2021	12	oos	test	9.3443333	9.3443333	22.62	22.62	35.48922666	11.7114448	23.77778186	0.29838	0.34838	0.278704
3/5/2021 13:00	3/5/2021	13	oos	test	5.5149167	5.5149167	22.3	22.3	36.24474	11.9607642	24.2839758	0.29458	0.34458	0.275664
3/5/2021 14:00	3/5/2021	14	oos	test	3.038	3.038	11.96	11.96	39.09252666	12.9005338	26.19199286	0.2876	0.3376	0.27008
3/5/2021 15:00	3/5/2021	15	oos	test	1.3174166	1.3174166	24.99	24.99	36.97393999	12.2014002	24.7725398	0.28318	0.33318	0.266544
3/5/2021 16:00	3/5/2021	16	oos	test	0	0	37.8	37.8	46.13365001	15.2241045	30.9095455	0.27692	0.32692	0.261536
3/5/2021 17:00	3/5/2021	17	oos	test	0	0	44.31	44.31	72.19387334	23.8239782	48.36989513	0.27404	0.32404	0.259232
3/5/2021 18:00	3/5/2021	18	oos	test	0	0	47.96	47.96	49.43420667	16.3132882	33.12091847	0.26952	0.31952	0.255616
3/5/2021 19:00	3/5/2021	19	oos	test	0	0	67.85	67.85	39.55244334	13.0523063	26.50013704	0.26839	0.31839	0.254712
3/5/2021 20:00	3/5/2021	20	oos	test	0	0	49.76	49.76	41.10978666	13.5662296	27.54355706	0.26623	0.31623	0.252984
3/5/2021 21:00	3/5/2021	21	oos	test	0	0	54.27	54.27	37.97827001	12.5328291	25.4454409	0.26336	0.31336	0.250688
3/5/2021 22:00	3/5/2021	22	oos	test	0	0	48.81	48.81	35.07261333	11.5739624	23.49865093	0.26079	0.31079	0.248632
3/5/2021 23:00	3/5/2021	23	oos	test	0	0	28.28	28.28	35.46114333	11.7021773	23.75896603	0.25419	0.30419	0.243352
3/6/2021 0:00	3/6/2021	0	oos	test	0	0	37.4	37.4	34.26709334	11.3081408	22.95895253	0.2456	0.2956	0.23648
3/6/2021 1:00	3/6/2021	1	oos	test	0	0	82.96	82.96	30.00498	9.9016434	20.1033366	0.21951	0.26951	0.215608
3/6/2021 2:00	3/6/2021	2	oos	test	0	0	143.94	143.94	31.99867334	10.5595622	21.43911113	0.21379	0.26379	0.211032
3/6/2021 3:00	3/6/2021	3	oos	test	0	0	122.81	122.81	31.30193334	10.329638	20.97229534	0.21409	0.26409	0.211272
3/6/2021 4:00	3/6/2021	4	oos	test	0	0	-0.26	0	36.88241	12.1711953	24.7112147	0.2146	0.2646	0.21168
3/6/2021 5:00	3/6/2021	5	oos	test	0	0	-0.28	0	37.22980334	12.2858351	24.94396823	0.2146	0.2646	0.21168
3/6/2021 6:00	3/6/2021	6	oos	test	0	0	-0.08	0	31.26690333	10.3180781	20.94882523	0.2146	0.2646	0.21168
3/6/2021 7:00	3/6/2021	7	oos	test	0.167	0.167	0	0	47.25117	15.5928861	31.6582839	0.24447	0.29447	0.235576
3/6/2021 8:00	3/6/2021	8	oos	test	2.5039167	2.5039167	0	0	41.73431334	13.7723234	27.96198994	0.24949	0.29949	0.239592
3/6/2021 9:00	3/6/2021	9	oos	test	1.3171667	1.3171667	0	0	40.59611	13.3967163	27.1993937	0.24601	0.29601	0.236808
3/6/2021 10:00	3/6/2021	10	oos	test	1.854	1.854	0	0	30.20550666	9.967817198	20.23768946	0.22616	0.27616	0.220928
3/6/2021 11:00	3/6/2021	11	oos	test	4.3809166	4.3809166	0	0	37.39445334	12.3401696	25.05428374	0.23128	0.28128	0.225024
3/6/2021 12:00	3/6/2021	12	oos	test	4.9046666	4.9046666	0	0	45.34284333	14.9631383	30.37970503	0.21276	0.26276	0.210208
3/6/2021 13:00	3/6/2021	13	oos	test	4.3443334	4.3443334	0	0	37.72523334	12.449327	25.27590634	0.19752	0.24752	0.198016
3/6/2021 14:00	3/6/2021	14	oos	test	11.0666667	11.0666667	0	0	39.07898667	12.8960656	26.18292107	0.20039	0.25039	0.200312
3/6/2021 15:00	3/6/2021	15	oos	test	3.3084696	3.3084696	0	0	36.29978	11.9789274	24.3208526	0.22269	0.27269	0.218152
3/6/2021 16:00	3/6/2021	16	oos	test	0.4735833	0.4735833	0	0	46.11821667	15.2190115	30.89920517	0.25685	0.30685	0.24548
3/6/2021 17:00	3/6/2021	17	oos	test	0	0	0	0	88.81505334	29.3089676	59.50608574	0.25419	0.30419	0.243352
3/6/2021 18:00	3/6/2021	18	oos	test	0	0	0	0	73.32956667	24.198757	49.13080967	0.24683	0.29683	0.237464
3/6/2021 19:00	3/6/2021	19	oos	test	0	0	0	0	42.45882333	14.0114117	28.44741163	0.22637	0.27637	0.221096
3/6/2021 20:00	3/6/2021	20	oos	test	0	0	0	0	40.3098	13.302234	27.007566	0.21246	0.26246	0.209968
3/6/2021 21:00	3/6/2021	21	oos	test	0	0	-0.31	0	35.40938	11.6850954	23.7242846	0.21399	0.26399	0.211192
3/6/2021 22:00	3/6/2021	22	oos	test	0	0	51.79	51.79	34.75826334	11.4702269	23.28803644	0.19998	0.24998	0.199984
3/6/2021 23:00	3/6/2021	23	oos	test	0	0	58.07	58.07	31.12108334	10.2699575	20.85112583	0.17216	0.22216	0.177728
3/7/2021 0:00	3/7/2021	0	oos	test	0	0	-0.31	0	29.86966666	9.856989999	20.01267667	0.16778	0.21778	0.174224
3/7/2021 1:00	3/7/2021	1	oos	test	0	0	2.05	2.05	26.12335167	8.620706051	17.50264562	0.16503	0.21503	0.172024
3/7/2021 2:00	3/7/2021	2	oos	test	0	0	25.58	25.58	34.25598	11.3044734	22.9515066	0.17002	0.22002	0.176016
3/7/2021 3:00	3/7/2021	3	oos	test	0	0	42.97	42.97	32.63369334	10.7691188	21.86457454	0.18173	0.23173	0.185384
3/7/2021 4:00	3/7/2021	4	oos	test	0	0	39.31	39.31	32.93753667	10.8693871	22.06814957	0.20362	0.25362	0.202896
3/7/2021 5:00	3/7/2021	5	oos	test	0	0	-0.34	0	33.60228	11.0887524	22.5135276	0.20718	0.25718	0.205744
3/7/2021 6:00	3/7/2021	6	oos	test	0	0	-0.38	0	39.60436667	13.069441	26.53492567	0.21288	0.26288	0.210304
3/7/2021 7:00	3/7/2021	7	oos	test	0.8381667	0.8381667	7.19	7.19	52.0887	17.189271	34.899429	0.23895	0.28895	0.23116
3/7/2021 8:00	3/7/2021	8	oos	test	6.4691667	6.4691667	1.7	1.7	47.38975334	15.6386186	31.75113473	0.24669	0.29669	0.237352
3/7/2021 9:00	3/7/2021	9	oos	test	38.725501	38.725501	-0.43	0	48.55105001	16.0218465	32.5292035	0.24699	0.29699	0.237592
3/7/2021 10:00	3/7/2021	10	oos	test	47.289333	47.289333	4.1	4.1	42.29284334	13.9566383	28.33620503	0.24597	0.29597	0.236776
3/7/2021 11:00	3/7/2021	11	oos	test	29.677667	29.677667	8.81	8.81	31.18270999	10.2902943	20.8924157	0.24465	0.29465	0.23572
3/7/2021 12:00	3/7/2021	12	oos	test	42.25325	42.25325	40.9	40.9	32.67435333	10.7825366	21.89181673	0.24383	0.29383	0.235064
3/7/2021 13:00	3/7/2021	13	oos	test	41.050833	41.050833	27.08	27.08	46.08677334	15.2086352	30.87813814	0.24587	0.29587	0.236696
3/7/2021 14:00	3/7/2021	14	oos	test	2.187	2.187	53.7	53.7	36.97062333	12.2003057	24.77031763	0.24984	0.29984	0.239872
3/7/2021 15:00	3/7/2021	15	oos	test	0.249	0.249	28.74	28.74	39.22278	12.9435174	26.2792626	0.25931	0.30931	0.247448
3/7/2021 16:00	3/7/2021	16	oos	test	0	0	-0.33	0	44.77059333	14.7742958	29.99629753	0.27041	0.32041	0.256328
3/7/2021 17:00	3/7/2021	17	oos	test	0	0	-0.63	0	41.97273333	13.851002	28.12173133	0.27499	0.32499	0.259992
3/7/2021 18:00	3/7/2021	18	oos	test	0	0	-0.35	0	38.82145001	12.8110785	26.0103715	0.27814	0.32814	0.262512
3/7/2021 19:00	3/7/2021	19	oos	test	0	0	-0.48	0	61.3796	20.255268	41.124332	0.27977	0.32977	0.263816
3/7/2021 20:00	3/7/2021	20	oos	test	0	0	-0.36	0	45.17468334	14.9076455	30.26703784	0.28008	0.33008	0.264064
3/7/2021 21:00	3/7/2021	21	oos	test	0	0	4.2	4.2	42.95657667	14.1756703	28.78090637	0.28772	0.33772	0.270176
3/7/2021 22:00	3/7/2021	22	oos	test	0	0	13.24	13.24	33.50528667	11.0567446	22.44854207	0.28761	0.33761	0.270088
3/7/2021 23:00	3/7/2021	23	oos	test	0	0	23.88	23.88	30.67904667	10.1240854	20.55496127	0.27743	0.32743	0.261944
