time_utc	date_utc	hour_utc	split	source_file	pv_raw_kw	pv_clean_kw	wind_raw_kw	wind_clean_kw	load_kw	critical_load_kw	noncritical_load_kw	spot_price_nok_per_kwh	buy_price_nok_per_kwh	sell_price_nok_per_kwh
1/2/2020 0:00	1/2/2020	0	development	train	0	0	21.06	21.06	13.06596	4.3117668	8.7541932	0.12897	0.17897	0.143176
1/2/2020 1:00	1/2/2020	1	development	train	0	0	13.21	13.21	13.91483	4.5918939	9.3229361	0.18732	0.23732	0.189856
1/2/2020 2:00	1/2/2020	2	development	train	0	0	12.45	12.45	14.09472444	4.651259065	9.443465375	0.20746	0.25746	0.205968
1/2/2020 3:00	1/2/2020	3	development	train	0	0	9.24	9.24	14.12158111	4.660121766	9.461459344	0.2386	0.2886	0.23088
1/2/2020 4:00	1/2/2020	4	development	train	0	0	4.82	4.82	13.45286222	4.439444533	9.013417687	0.25804	0.30804	0.246432
1/2/2020 5:00	1/2/2020	5	development	train	0	0	16.07	16.07	12.23060667	4.036100201	8.194506469	0.27248	0.32248	0.257984
1/2/2020 6:00	1/2/2020	6	development	train	0	0	3.28	3.28	13.14819	4.3389027	8.8092873	0.27887	0.32887	0.263096
1/2/2020 7:00	1/2/2020	7	development	train	0	0	13	13	22.48820444	7.421107465	15.06709697	0.2885	0.3385	0.2708
1/2/2020 8:00	1/2/2020	8	development	train	0	0	28.21	28.21	18.85918889	6.223532334	12.63565656	0.29419	0.34419	0.275352
1/2/2020 9:00	1/2/2020	9	development	train	0	0	17.66	17.66	20.74766667	6.846730001	13.90093667	0.2938	0.3438	0.27504
1/2/2020 10:00	1/2/2020	10	development	train	0	0	4.1	4.1	20.33082222	6.709171333	13.62165089	0.29429	0.34429	0.275432
1/2/2020 11:00	1/2/2020	11	development	train	0	0	0.1	0.1	14.92799	4.9262367	10.0017533	0.29409	0.34409	0.275272
1/2/2020 12:00	1/2/2020	12	development	train	0	0	-0.27	0	20.86298	6.8847834	13.9781966	0.29409	0.34409	0.275272
1/2/2020 13:00	1/2/2020	13	development	train	0	0	-0.28	0	17.38338111	5.736515766	11.64686534	0.29645	0.34645	0.27716
1/2/2020 14:00	1/2/2020	14	development	train	0	0	-0.28	0	22.34846667	7.374994001	14.97347267	0.30411	0.35411	0.283288
1/2/2020 15:00	1/2/2020	15	development	train	0	0	4.91	4.91	22.97504444	7.581764665	15.39327977	0.30647	0.35647	0.285176
1/2/2020 16:00	1/2/2020	16	development	train	0	0	-0.31	0	18.67262889	6.161967534	12.51066136	0.30431	0.35431	0.283448
1/2/2020 17:00	1/2/2020	17	development	train	0	0	-0.36	0	14.09666	4.6518978	9.4447622	0.29812	0.34812	0.278496
1/2/2020 18:00	1/2/2020	18	development	train	0	0	-0.32	0	21.34411556	7.043558135	14.30055743	0.28751	0.33751	0.270008
1/2/2020 19:00	1/2/2020	19	development	train	0	0	17.44	17.44	50.75179111	16.74809107	34.00370004	0.27671	0.32671	0.261368
1/2/2020 20:00	1/2/2020	20	development	train	0	0	50.38	50.38	24.26989556	8.009065535	16.26083003	0.27523	0.32523	0.260184
1/2/2020 21:00	1/2/2020	21	development	train	0	0	5.4	5.4	18.65073778	6.154743467	12.49599431	0.27199	0.32199	0.257592
1/2/2020 22:00	1/2/2020	22	development	train	0	0	-0.26	0	18.94588889	6.252143334	12.69374556	0.23958	0.28958	0.231664
1/2/2020 23:00	1/2/2020	23	development	train	0	0	3.97	3.97	17.45741444	5.760946765	11.69646767	0.18651	0.23651	0.189208
1/3/2020 0:00	1/3/2020	0	development	train	0	0	35.66	35.66	15.36674222	5.071024933	10.29571729	0.09833	0.14833	0.118664
1/3/2020 1:00	1/3/2020	1	development	train	0	0	4.54	4.54	16.19501111	5.344353666	10.85065744	0.01507	0.06507	0.052056
1/3/2020 2:00	1/3/2020	2	development	train	0	0	17.05	17.05	17.33339111	5.720019066	11.61337204	0.01025	0.06025	0.0482
1/3/2020 3:00	1/3/2020	3	development	train	0	0	41.2	41.2	16.20722667	5.348384801	10.85884187	0.01044	0.06044	0.048352
1/3/2020 4:00	1/3/2020	4	development	train	0	0	67.76	67.76	14.95034222	4.933612933	10.01672929	0.09774	0.14774	0.118192
1/3/2020 5:00	1/3/2020	5	development	train	0	0	112.75	112.75	16.15511889	5.331189234	10.82392966	0.24119	0.29119	0.232952
1/3/2020 6:00	1/3/2020	6	development	train	0	0	112.76	112.76	18.00457667	5.941510301	12.06306637	0.26286	0.31286	0.250288
1/3/2020 7:00	1/3/2020	7	development	train	0	0	63	63	22.00952	7.2631416	14.7463784	0.27705	0.32705	0.26164
1/3/2020 8:00	1/3/2020	8	development	train	0	0	83.15	83.15	19.90231556	6.567764135	13.33455143	0.28158	0.33158	0.265264
1/3/2020 9:00	1/3/2020	9	development	train	0	0	52.25	52.25	25.00656222	8.252165533	16.75439669	0.27744	0.32744	0.261952
1/3/2020 10:00	1/3/2020	10	development	train	0	0	43.22	43.22	26.19718222	8.645070133	17.55211209	0.28355	0.33355	0.26684
1/3/2020 11:00	1/3/2020	11	development	train	0	0	80.66	80.66	22.54926444	7.441257265	15.10800717	0.27892	0.32892	0.263136
1/3/2020 12:00	1/3/2020	12	development	train	0	0	90.88	90.88	22.55734222	7.443922933	15.11341929	0.2802	0.3302	0.26416
1/3/2020 13:00	1/3/2020	13	development	train	0	0	60.08	60.08	25.6522	8.465226	17.186974	0.28533	0.33533	0.268264
1/3/2020 14:00	1/3/2020	14	development	train	0	0	47.09	47.09	26.00156	8.5805148	17.4210452	0.29419	0.34419	0.275352
1/3/2020 15:00	1/3/2020	15	development	train	0	0	61.97	61.97	24.70379778	8.152253267	16.55154451	0.29705	0.34705	0.27764
1/3/2020 16:00	1/3/2020	16	development	train	0	0	58.27	58.27	18.36871556	6.061676135	12.30703943	0.29626	0.34626	0.277008
1/3/2020 17:00	1/3/2020	17	development	train	0	0	43.59	43.59	13.66948889	4.510931334	9.158557556	0.29104	0.34104	0.272832
1/3/2020 18:00	1/3/2020	18	development	train	0	0	114.32	114.32	47.11497778	15.54794267	31.56703511	0.2868	0.3368	0.26944
1/3/2020 19:00	1/3/2020	19	development	train	0	0	134.41	134.41	25.63110667	8.458265201	17.17284147	0.27498	0.32498	0.259984
1/3/2020 20:00	1/3/2020	20	development	train	0	0	125.1	125.1	23.43241778	7.732697867	15.69971991	0.26631	0.31631	0.253048
1/3/2020 21:00	1/3/2020	21	development	train	0	0	98.93	98.93	22.74549333	7.506012799	15.23948053	0.25321	0.30321	0.242568
1/3/2020 22:00	1/3/2020	22	development	train	0	0	142.58	142.58	23.60074667	7.788246401	15.81250027	0.21715	0.26715	0.21372
1/3/2020 23:00	1/3/2020	23	development	train	0	0	129.37	129.37	27.40675556	9.044229335	18.36252623	0.21388	0.26388	0.211104
1/4/2020 0:00	1/4/2020	0	development	train	0	0	135.54	135.54	21.82396222	7.201907533	14.62205469	0.20118	0.25118	0.200944
1/4/2020 1:00	1/4/2020	1	development	train	0	0	124.18	124.18	24.11947111	7.959425466	16.16004564	0.19843	0.24843	0.198744
1/4/2020 2:00	1/4/2020	2	development	train	0	0	0	0	20.45657111	6.750668466	13.70590264	0.19311	0.24311	0.194488
1/4/2020 3:00	1/4/2020	3	development	train	0	0	0	0	21.67259778	7.151957267	14.52064051	0.18731	0.23731	0.189848
1/4/2020 4:00	1/4/2020	4	development	train	0	0	0	0	18.31084778	6.042579767	12.26826801	0.18603	0.23603	0.188824
1/4/2020 5:00	1/4/2020	5	development	train	0	0	0	0	19.47628667	6.427174601	13.04911207	0.19429	0.24429	0.195432
1/4/2020 6:00	1/4/2020	6	development	train	0	0	0	0	15.90805556	5.249658335	10.65839723	0.21211	0.26211	0.209688
1/4/2020 7:00	1/4/2020	7	development	train	0	0	-0.54	0	21.16421111	6.984189666	14.18002144	0.21989	0.26989	0.215912
1/4/2020 8:00	1/4/2020	8	development	train	0	0	-0.35	0	28.25478444	9.324078865	18.93070557	0.238	0.288	0.2304
1/4/2020 9:00	1/4/2020	9	development	train	0	0	-0.31	0	30.17058444	9.956292865	20.21429157	0.24548	0.29548	0.236384
1/4/2020 10:00	1/4/2020	10	development	train	0	0	-0.32	0	18.36061556	6.059003135	12.30161243	0.24715	0.29715	0.23772
1/4/2020 11:00	1/4/2020	11	development	train	0	0	-0.33	0	16.50783556	5.447585735	11.06024983	0.24548	0.29548	0.236384
1/4/2020 12:00	1/4/2020	12	development	train	0	0	-0.36	0	15.67866333	5.173958899	10.50470443	0.24558	0.29558	0.236464
1/4/2020 13:00	1/4/2020	13	development	train	0	0	-0.37	0	23.51714667	7.760658401	15.75648827	0.24853	0.29853	0.238824
1/4/2020 14:00	1/4/2020	14	development	train	0	0	-0.32	0	23.68756444	7.816896265	15.87066817	0.25916	0.30916	0.247328
1/4/2020 15:00	1/4/2020	15	development	train	0	0	-0.33	0	28.88090222	9.530697733	19.35020449	0.2693	0.3193	0.25544
1/4/2020 16:00	1/4/2020	16	development	train	0	0	-0.32	0	24.31304889	8.023306134	16.28974276	0.28426	0.33426	0.267408
1/4/2020 17:00	1/4/2020	17	development	train	0	0	-0.31	0	56.17278222	18.53701813	37.63576409	0.29115	0.34115	0.27292
1/4/2020 18:00	1/4/2020	18	development	train	0	0	-0.35	0	38.29769778	12.63824027	25.65945751	0.28957	0.33957	0.271656
1/4/2020 19:00	1/4/2020	19	development	train	0	0	-0.32	0	25.83028444	8.523993865	17.30629057	0.27274	0.32274	0.258192
1/4/2020 20:00	1/4/2020	20	development	train	0	0	-0.37	0	17.34822222	5.724913333	11.62330889	0.26969	0.31969	0.255752
1/4/2020 21:00	1/4/2020	21	development	train	0	0	-0.38	0	20.27384667	6.690369401	13.58347727	0.26939	0.31939	0.255512
1/4/2020 22:00	1/4/2020	22	development	train	0	0	-0.36	0	22.76797778	7.513432667	15.25454511	0.25365	0.30365	0.24292
1/4/2020 23:00	1/4/2020	23	development	train	0	0	-0.39	0	21.41662	7.0674846	14.3491354	0.26288	0.31288	0.250304
1/5/2020 0:00	1/5/2020	0	development	train	0	0	-0.34	0	18.51679889	6.110543634	12.40625526	0.26761	0.31761	0.254088
1/5/2020 1:00	1/5/2020	1	development	train	0	0	-0.34	0	22.27895556	7.352055335	14.92690023	0.26741	0.31741	0.253928
1/5/2020 2:00	1/5/2020	2	development	train	0	0	-0.34	0	21.1146	6.967818	14.146782	0.27047	0.32047	0.256376
1/5/2020 3:00	1/5/2020	3	development	train	0	0	-0.35	0	20.59166667	6.795250001	13.79641667	0.27678	0.32678	0.261424
1/5/2020 4:00	1/5/2020	4	development	train	0	0	-0.34	0	18.04007667	5.953225301	12.08685137	0.28458	0.33458	0.267664
1/5/2020 5:00	1/5/2020	5	development	train	0	0	-0.34	0	16.39392222	5.409994333	10.98392789	0.28862	0.33862	0.270896
1/5/2020 6:00	1/5/2020	6	development	train	0	0	-0.35	0	23.85093556	7.870808735	15.98012683	0.29572	0.34572	0.276576
1/5/2020 7:00	1/5/2020	7	development	train	0	0	-0.33	0	26.4924	8.742492	17.749908	0.30638	0.35638	0.285104
1/5/2020 8:00	1/5/2020	8	development	train	0	0	-0.32	0	22.53776	7.4374608	15.1002992	0.30756	0.35756	0.286048
1/5/2020 9:00	1/5/2020	9	development	train	0	0	-0.37	0	21.67478222	7.152678133	14.52210409	0.3117	0.3617	0.28936
1/5/2020 10:00	1/5/2020	10	development	train	0	0	-0.34	0	20.85114444	6.880877665	13.97026677	0.31121	0.36121	0.288968
1/5/2020 11:00	1/5/2020	11	development	train	0	0	-0.34	0	16.97226333	5.600846899	11.37141643	0.30795	0.35795	0.28636
1/5/2020 12:00	1/5/2020	12	development	train	0	0	-0.33	0	18.84594	6.2191602	12.6267798	0.30509	0.35509	0.284072
1/5/2020 13:00	1/5/2020	13	development	train	0	0	-0.34	0	37.70091556	12.44130213	25.25961343	0.30253	0.35253	0.282024
1/5/2020 14:00	1/5/2020	14	development	train	0	0	-0.31	0	37.41676	12.3475308	25.0692292	0.30371	0.35371	0.282968
1/5/2020 15:00	1/5/2020	15	development	train	0	0	-0.28	0	19.50105111	6.435346866	13.06570424	0.30736	0.35736	0.285888
1/5/2020 16:00	1/5/2020	16	development	train	0	0	-0.25	0	22.45017778	7.408558667	15.04161911	0.31101	0.36101	0.288808
1/5/2020 17:00	1/5/2020	17	development	train	0	0	-0.26	0	19.27287778	6.360049667	12.91282811	0.30677	0.35677	0.285416
1/5/2020 18:00	1/5/2020	18	development	train	0	0	-0.25	0	23.47798222	7.747734133	15.73024809	0.30006	0.35006	0.280048
1/5/2020 19:00	1/5/2020	19	development	train	0	0	-0.27	0	42.10628889	13.89507533	28.21121356	0.29464	0.34464	0.275712
1/5/2020 20:00	1/5/2020	20	development	train	0	0	-0.27	0	21.83612667	7.205921801	14.63020487	0.28842	0.33842	0.270736
1/5/2020 21:00	1/5/2020	21	development	train	0	0	-0.27	0	17.71326111	5.845376166	11.86788494	0.27777	0.32777	0.262216
1/5/2020 22:00	1/5/2020	22	development	train	0	0	-0.28	0	19.84260444	6.548059465	13.29454497	0.26317	0.31317	0.250536
1/5/2020 23:00	1/5/2020	23	development	train	0	0	-0.26	0	17.30579111	5.710911066	11.59488004	0.26061	0.31061	0.248488
1/6/2020 0:00	1/6/2020	0	development	train	0	0	-0.25	0	14.6898	4.847634	9.842166	0.2614	0.3114	0.24912
1/6/2020 1:00	1/6/2020	1	development	train	0	0	-0.25	0	16.46444	5.4332652	11.0311748	0.26643	0.31643	0.253144
1/6/2020 2:00	1/6/2020	2	development	train	0	0	-0.25	0	16.47433222	5.436529633	11.03780259	0.26692	0.31692	0.253536
1/6/2020 3:00	1/6/2020	3	development	train	0	0	-0.26	0	18.84963556	6.220379735	12.62925583	0.26662	0.31662	0.253296
1/6/2020 4:00	1/6/2020	4	development	train	0	0	-0.26	0	16.71443444	5.515763365	11.19867107	0.27244	0.32244	0.257952
1/6/2020 5:00	1/6/2020	5	development	train	0	0	-0.25	0	13.86002333	4.573807699	9.286215631	0.27777	0.32777	0.262216
1/6/2020 6:00	1/6/2020	6	development	train	0	0	-0.24	0	13.38950222	4.418535733	8.970966487	0.28685	0.33685	0.26948
1/6/2020 7:00	1/6/2020	7	development	train	0	0	-0.29	0	20.62892	6.8075436	13.8213764	0.29326	0.34326	0.274608
1/6/2020 8:00	1/6/2020	8	development	train	0	0	-0.26	0	18.24514667	6.020898401	12.22424827	0.30105	0.35105	0.28084
1/6/2020 9:00	1/6/2020	9	development	train	0	0	-0.24	0	21.41868	7.0681644	14.3505156	0.30697	0.35697	0.285576
1/6/2020 10:00	1/6/2020	10	development	train	0	0	-0.24	0	17.86776111	5.896361166	11.97139994	0.30805	0.35805	0.28644
1/6/2020 11:00	1/6/2020	11	development	train	0	0	-0.25	0	14.83766111	4.896428166	9.941232944	0.30766	0.35766	0.286128
1/6/2020 12:00	1/6/2020	12	development	train	0	0	-0.28	0	16.15303556	5.330501735	10.82253383	0.30657	0.35657	0.285256
1/6/2020 13:00	1/6/2020	13	development	train	0	0	-0.17	0	18.24635667	6.021297701	12.22505897	0.30786	0.35786	0.286288
1/6/2020 14:00	1/6/2020	14	development	train	0	0	-0.24	0	17.00623	5.6120559	11.3941741	0.30874	0.35874	0.286992
1/6/2020 15:00	1/6/2020	15	development	train	0	0	-0.26	0	23.90998444	7.890294865	16.01968957	0.31328	0.36328	0.290624
1/6/2020 16:00	1/6/2020	16	development	train	0	0	-0.27	0	16.67433222	5.502529633	11.17180259	0.31308	0.36308	0.290464
1/6/2020 17:00	1/6/2020	17	development	train	0	0	0.77	0.77	14.98817556	4.946097935	10.04207763	0.30884	0.35884	0.287072
1/6/2020 18:00	1/6/2020	18	development	train	0	0	-0.3	0	27.86361556	9.194993135	18.66862243	0.30529	0.35529	0.284232
1/6/2020 19:00	1/6/2020	19	development	train	0	0	3.35	3.35	52.26704889	17.24812613	35.01892276	0.30164	0.35164	0.281312
1/6/2020 20:00	1/6/2020	20	development	train	0	0	16.89	16.89	23.32602	7.6975866	15.6284334	0.29868	0.34868	0.278944
1/6/2020 21:00	1/6/2020	21	development	train	0	0	5.19	5.19	22.83580889	7.535816934	15.29999196	0.29059	0.34059	0.272472
1/6/2020 22:00	1/6/2020	22	development	train	0	0	1.74	1.74	18.75030444	6.187600465	12.56270397	0.27807	0.32807	0.262456
1/6/2020 23:00	1/6/2020	23	development	train	0	0	12.4	12.4	14.36609667	4.740811901	9.625284769	0.26758	0.31758	0.254064
1/7/2020 0:00	1/7/2020	0	development	train	0	0	8.76	8.76	11.99420444	3.958087465	8.036116975	0.26679	0.31679	0.253432
1/7/2020 1:00	1/7/2020	1	development	train	0	0	-0.25	0	17.52925444	5.784653965	11.74460047	0.2662	0.3162	0.25296
1/7/2020 2:00	1/7/2020	2	development	train	0	0	-0.2	0	14.90681556	4.919249135	9.987566425	0.2658	0.3158	0.25264
1/7/2020 3:00	1/7/2020	3	development	train	0	0	0.1	0.1	17.29455667	5.707203701	11.58735297	0.26777	0.31777	0.254216
1/7/2020 4:00	1/7/2020	4	development	train	0	0	9.33	9.33	17.35140667	5.725964201	11.62544247	0.27713	0.32713	0.261704
1/7/2020 5:00	1/7/2020	5	development	train	0	0	19.6	19.6	12.41668556	4.097506235	8.319179325	0.27792	0.32792	0.262336
1/7/2020 6:00	1/7/2020	6	development	train	0	0	17.04	17.04	14.26803222	4.708450633	9.559581587	0.29112	0.34112	0.272896
1/7/2020 7:00	1/7/2020	7	development	train	0	0	22.47	22.47	21.13824222	6.975619933	14.16262229	0.29339	0.34339	0.274712
1/7/2020 8:00	1/7/2020	8	development	train	0	0	17.84	17.84	19.34087778	6.382489667	12.95838811	0.29388	0.34388	0.275104
1/7/2020 9:00	1/7/2020	9	development	train	0	0	10.84	10.84	22.20146	7.3264818	14.8749782	0.29477	0.34477	0.275816
1/7/2020 10:00	1/7/2020	10	development	train	0	0	7.5	7.5	18.76442444	6.192260065	12.57216437	0.29516	0.34516	0.276128
1/7/2020 11:00	1/7/2020	11	development	train	0	0	1.51	1.51	16.25749556	5.364973535	10.89252203	0.29703	0.34703	0.277624
1/7/2020 12:00	1/7/2020	12	development	train	0	0	21	21	12.56768222	4.147335133	8.420347087	0.2991	0.3491	0.27928
1/7/2020 13:00	1/7/2020	13	development	train	0	0	80.55	80.55	17.92244111	5.914405566	12.00803554	0.29881	0.34881	0.279048
1/7/2020 14:00	1/7/2020	14	development	train	0	0	72.85	72.85	18.67131556	6.161534135	12.50978143	0.29526	0.34526	0.276208
1/7/2020 15:00	1/7/2020	15	development	train	0	0	89.83	89.83	17.34723333	5.724586999	11.62264633	0.29457	0.34457	0.275656
1/7/2020 16:00	1/7/2020	16	development	train	0	0	94.13	94.13	17.63575222	5.819798233	11.81595399	0.29309	0.34309	0.274472
1/7/2020 17:00	1/7/2020	17	development	train	0	0	111.86	111.86	22.00347556	7.261146935	14.74232863	0.29359	0.34359	0.274872
1/7/2020 18:00	1/7/2020	18	development	train	0	0	116.92	116.92	19.79029333	6.530796799	13.25949653	0.29024	0.34024	0.272192
1/7/2020 19:00	1/7/2020	19	development	train	0	0	129.93	129.93	48.59964	16.0378812	32.5617588	0.28206	0.33206	0.265648
1/7/2020 20:00	1/7/2020	20	development	train	0	0	133.53	133.53	36.74792222	12.12681433	24.62110789	0.27566	0.32566	0.260528
1/7/2020 21:00	1/7/2020	21	development	train	0	0	109.75	109.75	24.24691556	8.001482135	16.24543343	0.26531	0.31531	0.252248
1/7/2020 22:00	1/7/2020	22	development	train	0	0	72.21	72.21	23.81320667	7.858358201	15.95484847	0.23851	0.28851	0.230808
1/7/2020 23:00	1/7/2020	23	development	train	0	0	73.24	73.24	26.76374667	8.832036401	17.93171027	0.18988	0.23988	0.191904
1/8/2020 0:00	1/8/2020	0	development	train	0	0	78.33	78.33	21.22371556	7.003826135	14.21988943	0.18338	0.23338	0.186704
1/8/2020 1:00	1/8/2020	1	development	train	0	0	22.78	22.78	16.32415667	5.386971701	10.93718497	0.16655	0.21655	0.17324
1/8/2020 2:00	1/8/2020	2	development	train	0	0	2.24	2.24	15.67894	5.1740502	10.5048898	0.15277	0.20277	0.162216
1/8/2020 3:00	1/8/2020	3	development	train	0	0	15.86	15.86	18.50041556	6.105137135	12.39527843	0.15277	0.20277	0.162216
1/8/2020 4:00	1/8/2020	4	development	train	0	0	18.15	18.15	16.68368444	5.505615865	11.17806857	0.20415	0.25415	0.20332
1/8/2020 5:00	1/8/2020	5	development	train	0	0	26.3	26.3	16.30778889	5.381570334	10.92621856	0.2517	0.3017	0.24136
1/8/2020 6:00	1/8/2020	6	development	train	0	0	61.39	61.39	20.55730222	6.783909733	13.77339249	0.26567	0.31567	0.252536
1/8/2020 7:00	1/8/2020	7	development	train	0	0	54.69	54.69	25.30034889	8.349115134	16.95123376	0.26912	0.31912	0.255296
1/8/2020 8:00	1/8/2020	8	development	train	0	0	66.52	66.52	22.82516444	7.532304265	15.29286017	0.26813	0.31813	0.254504
1/8/2020 9:00	1/8/2020	9	development	train	0	0	51.83	51.83	20.10653556	6.635156735	13.47137883	0.26823	0.31823	0.254584
1/8/2020 10:00	1/8/2020	10	development	train	0	0	60.79	60.79	18.52763333	6.114118999	12.41351433	0.26843	0.31843	0.254744
1/8/2020 11:00	1/8/2020	11	development	train	0	0	49.31	49.31	16.43207778	5.422585667	11.00949211	0.26863	0.31863	0.254904
1/8/2020 12:00	1/8/2020	12	development	train	0	0	84.85	84.85	17.09756222	5.642195533	11.45536669	0.26951	0.31951	0.255608
1/8/2020 13:00	1/8/2020	13	development	train	0	0	75.92	75.92	24.89887111	8.216627466	16.68224364	0.27217	0.32217	0.257736
1/8/2020 14:00	1/8/2020	14	development	train	0	0	30.33	30.33	21.93409778	7.238252267	14.69584551	0.27414	0.32414	0.259312
1/8/2020 15:00	1/8/2020	15	development	train	0	0	23.19	23.19	19.96983556	6.590045735	13.37978983	0.27384	0.32384	0.259072
1/8/2020 16:00	1/8/2020	16	development	train	0	0	100.78	100.78	18.78431111	6.198822666	12.58548844	0.27187	0.32187	0.257496
1/8/2020 17:00	1/8/2020	17	development	train	0	0	100.91	100.91	18.34976222	6.055421533	12.29434069	0.27197	0.32197	0.257576
1/8/2020 18:00	1/8/2020	18	development	train	0	0	30.37	30.37	40.02736889	13.20903173	26.81833716	0.27207	0.32207	0.257656
1/8/2020 19:00	1/8/2020	19	development	train	0	0	98.78	98.78	42.05716889	13.87886573	28.17830316	0.26902	0.31902	0.255216
1/8/2020 20:00	1/8/2020	20	development	train	0	0	105.13	105.13	27.73874222	9.153784933	18.58495729	0.26636	0.31636	0.253088
1/8/2020 21:00	1/8/2020	21	development	train	0	0	125.7	125.7	27.39037556	9.038823935	18.35155163	0.25859	0.30859	0.246872
1/8/2020 22:00	1/8/2020	22	development	train	0	0	132.76	132.76	22.83004667	7.533915401	15.29613127	0.2391	0.2891	0.23128
1/8/2020 23:00	1/8/2020	23	development	train	0	0	134.1	134.1	17.07492	5.6347236	11.4401964	0.21117	0.26117	0.208936
1/9/2020 0:00	1/9/2020	0	development	train	0	0	146.82	146.82	16.57806778	5.470762367	11.10730541	0.20269	0.25269	0.202152
1/9/2020 1:00	1/9/2020	1	development	train	0	0	145.67	145.67	20.56339556	6.785920535	13.77747503	0.19697	0.24697	0.197576
1/9/2020 2:00	1/9/2020	2	development	train	0	0	141.6	141.6	18.69583111	6.169624266	12.52620684	0.20782	0.25782	0.206256
1/9/2020 3:00	1/9/2020	3	development	train	0	0	116.94	116.94	18.90870667	6.239873201	12.66883347	0.23	0.28	0.224
1/9/2020 4:00	1/9/2020	4	development	train	0	0	114.55	114.55	23.06311111	7.610826666	15.45228444	0.24538	0.29538	0.236304
1/9/2020 5:00	1/9/2020	5	development	train	0	0	119.22	119.22	17.04043	5.6233419	11.4170881	0.25504	0.30504	0.244032
1/9/2020 6:00	1/9/2020	6	development	train	0	0	120.88	120.88	14.64428222	4.832613133	9.811669087	0.2577	0.3077	0.24616
1/9/2020 7:00	1/9/2020	7	development	train	0	0	76.39	76.39	21.12170222	6.970161733	14.15154049	0.25987	0.30987	0.247896
1/9/2020 8:00	1/9/2020	8	development	train	0	0	25.25	25.25	17.98943444	5.936513365	12.05292107	0.26164	0.31164	0.249312
1/9/2020 9:00	1/9/2020	9	development	train	0	0	11.97	11.97	18.42958333	6.081762499	12.34782083	0.26263	0.31263	0.250104
1/9/2020 10:00	1/9/2020	10	development	train	0	0	19.88	19.88	21.56475556	7.116369335	14.44838623	0.26332	0.31332	0.250656
1/9/2020 11:00	1/9/2020	11	development	train	0	0	20.17	20.17	24.53293778	8.095869467	16.43706831	0.26519	0.31519	0.252152
1/9/2020 12:00	1/9/2020	12	development	train	0	0	12.69	12.69	17.91531667	5.912054501	12.00326217	0.26579	0.31579	0.252632
1/9/2020 13:00	1/9/2020	13	development	train	0.2956825	0.2956825	26.74	26.74	19.21147778	6.339787667	12.87169011	0.26746	0.31746	0.253968
1/9/2020 14:00	1/9/2020	14	development	train	0	0	27.77	27.77	21.72269333	7.168488799	14.55420453	0.26884	0.31884	0.255072
1/9/2020 15:00	1/9/2020	15	development	train	0	0	45.98	45.98	21.39736889	7.061131734	14.33623716	0.26963	0.31963	0.255704
1/9/2020 16:00	1/9/2020	16	development	train	0	0	49.41	49.41	24.69721556	8.150081135	16.54713443	0.26943	0.31943	0.255544
1/9/2020 17:00	1/9/2020	17	development	train	0	0	45.46	45.46	21.16123333	6.983206999	14.17802633	0.26963	0.31963	0.255704
1/9/2020 18:00	1/9/2020	18	development	train	0	0	44.7	44.7	18.67639111	6.163209066	12.51318204	0.26993	0.31993	0.255944
1/9/2020 19:00	1/9/2020	19	development	train	0	0	42.87	42.87	46.87174222	15.46767493	31.40406729	0.26983	0.31983	0.255864
1/9/2020 20:00	1/9/2020	20	development	train	0	0	40.91	40.91	43.01721333	14.1956804	28.82153293	0.2716	0.3216	0.25728
1/9/2020 21:00	1/9/2020	21	development	train	0	0	47.09	47.09	20.11108222	6.636657133	13.47442509	0.26519	0.31519	0.252152
1/9/2020 22:00	1/9/2020	22	development	train	0	0	49.95	49.95	22.06359333	7.280985799	14.78260753	0.26036	0.31036	0.248288
1/9/2020 23:00	1/9/2020	23	development	train	0	0	44.69	44.69	26.92006889	8.883622734	18.03644616	0.2574	0.3074	0.24592
1/10/2020 0:00	1/10/2020	0	development	train	0	0	41.01	41.01	16.91211	5.5809963	11.3311137	0.25621	0.30621	0.244968
1/10/2020 1:00	1/10/2020	1	development	train	0	0	44.2	44.2	18.42610778	6.080615567	12.34549221	0.25483	0.30483	0.243864
1/10/2020 2:00	1/10/2020	2	development	train	0	0	30.42	30.42	20.46433556	6.753230735	13.71110483	0.25562	0.30562	0.244496
1/10/2020 3:00	1/10/2020	3	development	train	0	0	36.53	36.53	21.10838444	6.965766865	14.14261757	0.25868	0.30868	0.246944
1/10/2020 4:00	1/10/2020	4	development	train	0	0	38.18	38.18	16.22759111	5.355105066	10.87248604	0.26609	0.31609	0.252872
1/10/2020 5:00	1/10/2020	5	development	train	0	0	41.6	41.6	18.67287778	6.162049667	12.51082811	0.26125	0.31125	0.249
1/10/2020 6:00	1/10/2020	6	development	train	0	0	44.99	44.99	22.17253333	7.316935999	14.85559733	0.25937	0.30937	0.247496
1/10/2020 7:00	1/10/2020	7	development	train	0	0	45.75	45.75	23.56344222	7.775935933	15.78750629	0.26086	0.31086	0.248688
1/10/2020 8:00	1/10/2020	8	development	train	0.0361666	0.0361666	42.09	42.09	21.55978444	7.114728865	14.44505557	0.26115	0.31115	0.24892
1/10/2020 9:00	1/10/2020	9	development	train	1.38575	1.38575	21.66	21.66	21.05411333	6.947857399	14.10625593	0.26105	0.31105	0.24884
1/10/2020 10:00	1/10/2020	10	development	train	1.1765833	1.1765833	5.66	5.66	22.6367	7.470111	15.166589	0.26115	0.31115	0.24892
1/10/2020 11:00	1/10/2020	11	development	train	1.2096667	1.2096667	9.28	9.28	22.58246667	7.452214001	15.13025267	0.26125	0.31125	0.249
1/10/2020 12:00	1/10/2020	12	development	train	2.06925	2.06925	20.07	20.07	15.82742333	5.223049699	10.60437363	0.26115	0.31115	0.24892
1/10/2020 13:00	1/10/2020	13	development	train	0.4050833	0.4050833	31.97	31.97	21.33885556	7.041822335	14.29703323	0.26095	0.31095	0.24876
1/10/2020 14:00	1/10/2020	14	development	train	0	0	11.67	11.67	23.15870444	7.642372465	15.51633197	0.26086	0.31086	0.248688
1/10/2020 15:00	1/10/2020	15	development	train	0	0	12.8	12.8	25.18353111	8.310565266	16.87296584	0.25957	0.30957	0.247656
1/10/2020 16:00	1/10/2020	16	development	train	0	0	13.86	13.86	22.62875333	7.467488599	15.16126473	0.25809	0.30809	0.246472
1/10/2020 17:00	1/10/2020	17	development	train	0	0	12.74	12.74	56.80411556	18.74535813	38.05875743	0.26234	0.31234	0.249872
1/10/2020 18:00	1/10/2020	18	development	train	0	0	29.05	29.05	26.31452667	8.683793801	17.63073287	0.26165	0.31165	0.24932
1/10/2020 19:00	1/10/2020	19	development	train	0	0	28.08	28.08	21.18178889	6.989990334	14.19179856	0.26125	0.31125	0.249
1/10/2020 20:00	1/10/2020	20	development	train	0	0	12.79	12.79	18.42569667	6.080479901	12.34521677	0.26313	0.31313	0.250504
1/10/2020 21:00	1/10/2020	21	development	train	0	0	10.77	10.77	18.84518889	6.218912334	12.62627656	0.26086	0.31086	0.248688
1/10/2020 22:00	1/10/2020	22	development	train	0	0	17.05	17.05	17.84955222	5.890352233	11.95919999	0.25552	0.30552	0.244416
1/10/2020 23:00	1/10/2020	23	development	train	0	0	16.15	16.15	16.97922111	5.603142966	11.37607814	0.26165	0.31165	0.24932
1/11/2020 0:00	1/11/2020	0	development	train	0	0	34.03	34.03	17.86094	5.8941102	11.9668298	0.25662	0.30662	0.245296
1/11/2020 1:00	1/11/2020	1	development	train	0	0	87.63	87.63	22.34064889	7.372414134	14.96823476	0.25465	0.30465	0.24372
1/11/2020 2:00	1/11/2020	2	development	train	0	0	57.19	57.19	21.95398	7.2448134	14.7091666	0.25258	0.30258	0.242064
1/11/2020 3:00	1/11/2020	3	development	train	0	0	75.35	75.35	19.16036	6.3229188	12.8374412	0.25061	0.30061	0.240488
1/11/2020 4:00	1/11/2020	4	development	train	0	0	59.21	59.21	17.0543	5.627919	11.426381	0.24972	0.29972	0.239776
1/11/2020 5:00	1/11/2020	5	development	train	0	0	79.19	79.19	14.5346	4.796418	9.738182	0.24903	0.29903	0.239224
1/11/2020 6:00	1/11/2020	6	development	train	0	0	63.31	63.31	15.98012667	5.273441801	10.70668487	0.25061	0.30061	0.240488
1/11/2020 7:00	1/11/2020	7	development	train	0	0	74.1	74.1	23.78148	7.8478884	15.9335916	0.25317	0.30317	0.242536
1/11/2020 8:00	1/11/2020	8	development	train	0	0	55.86	55.86	20.25232444	6.683267065	13.56905737	0.25504	0.30504	0.244032
1/11/2020 9:00	1/11/2020	9	development	train	0.0046667	0.0046667	86.86	86.86	17.04385	5.6244705	11.4193795	0.25495	0.30495	0.24396
1/11/2020 10:00	1/11/2020	10	development	train	0.5548333	0.5548333	114.41	114.41	15.11714444	4.988657665	10.12848677	0.25189	0.30189	0.241512
1/11/2020 11:00	1/11/2020	11	development	train	3.9580834	3.9580834	108.17	108.17	15.50843556	5.117783735	10.39065183	0.24844	0.29844	0.238752
1/11/2020 12:00	1/11/2020	12	development	train	0.8745833	0.8745833	101.44	101.44	17.34344556	5.723337035	11.62010853	0.24666	0.29666	0.237328
1/11/2020 13:00	1/11/2020	13	development	train	0	0	52.94	52.94	23.34899556	7.705168535	15.64382703	0.24528	0.29528	0.236224
1/11/2020 14:00	1/11/2020	14	development	train	0	0	0.66	0.66	22.40787111	7.394597466	15.01327364	0.24824	0.29824	0.238592
1/11/2020 15:00	1/11/2020	15	development	train	0	0	50.6	50.6	19.21401778	6.340625867	12.87339191	0.25199	0.30199	0.241592
1/11/2020 16:00	1/11/2020	16	development	train	0	0	32.25	32.25	30.21215333	9.970010599	20.24214273	0.25297	0.30297	0.242376
1/11/2020 17:00	1/11/2020	17	development	train	0	0	32.31	32.31	52.20916	17.2290228	34.9801372	0.2507	0.3007	0.24056
1/11/2020 18:00	1/11/2020	18	development	train	0	0	59.1	59.1	20.60487333	6.799608199	13.80526513	0.24439	0.29439	0.235512
1/11/2020 19:00	1/11/2020	19	development	train	0	0	37.79	37.79	26.95023111	8.893576266	18.05665484	0.23778	0.28778	0.230224
1/11/2020 20:00	1/11/2020	20	development	train	0	0	23.57	23.57	20.32419111	6.706983066	13.61720804	0.22842	0.27842	0.222736
1/11/2020 21:00	1/11/2020	21	development	train	0	0	39.19	39.19	21.72691333	7.169881399	14.55703193	0.21037	0.26037	0.208296
1/11/2020 22:00	1/11/2020	22	development	train	0	0	14.58	14.58	18.66561556	6.159653135	12.50596243	0.19044	0.24044	0.192352
1/11/2020 23:00	1/11/2020	23	development	train	0	0	20.98	20.98	17.26389111	5.697084066	11.56680704	0.19887	0.24887	0.199096
1/12/2020 0:00	1/12/2020	0	development	train	0	0	20.96	20.96	15.44806	5.0978598	10.3502002	0.19155	0.24155	0.19324
1/12/2020 1:00	1/12/2020	1	development	train	0	0	38.46	38.46	17.91380556	5.911555835	12.00224973	0.18156	0.23156	0.185248
1/12/2020 2:00	1/12/2020	2	development	train	0	0	10.26	10.26	18.86671333	6.226015399	12.64069793	0.18136	0.23136	0.185088
1/12/2020 3:00	1/12/2020	3	development	train	0	0	18.56	18.56	17.69200444	5.838361465	11.85364297	0.17968	0.22968	0.183744
1/12/2020 4:00	1/12/2020	4	development	train	0	0	21.6	21.6	19.45691778	6.420782867	13.03613491	0.18453	0.23453	0.187624
1/12/2020 5:00	1/12/2020	5	development	train	0	0	19.79	19.79	17.20741	5.6784453	11.5289647	0.1779	0.2279	0.18232
1/12/2020 6:00	1/12/2020	6	development	train	0	0	27.69	27.69	15.74779222	5.196771433	10.55102079	0.18018	0.23018	0.184144
1/12/2020 7:00	1/12/2020	7	development	train	0	0	12.07	12.07	17.90667778	5.909203667	11.99747411	0.21855	0.26855	0.21484
1/12/2020 8:00	1/12/2020	8	development	train	0.003	0.003	7.63	7.63	22.09090444	7.289998465	14.80090597	0.23664	0.28664	0.229312
1/12/2020 9:00	1/12/2020	9	development	train	0.5185833	0.5185833	35.54	35.54	18.77275111	6.195007866	12.57774324	0.23961	0.28961	0.231688
1/12/2020 10:00	1/12/2020	10	development	train	1.6530833	1.6530833	28.71	28.71	24.00018889	7.920062334	16.08012656	0.24564	0.29564	0.236512
1/12/2020 11:00	1/12/2020	11	development	train	12.4723332	12.4723332	4.91	4.91	24.35243111	8.036302266	16.31612884	0.24179	0.29179	0.233432
1/12/2020 12:00	1/12/2020	12	development	train	11.0606667	11.0606667	11.97	11.97	23.60551778	7.789820867	15.81569691	0.24139	0.29139	0.233112
1/12/2020 13:00	1/12/2020	13	development	train	0.3203333	0.3203333	11.77	11.77	19.22832444	6.345347065	12.88297737	0.24663	0.29663	0.237304
1/12/2020 14:00	1/12/2020	14	development	train	0	0	2.99	2.99	20.12370444	6.640822465	13.48288197	0.2499	0.2999	0.23992
1/12/2020 15:00	1/12/2020	15	development	train	0	0	13.28	13.28	23.33840444	7.701673465	15.63673097	0.25405	0.30405	0.24324
1/12/2020 16:00	1/12/2020	16	development	train	0	0	33.48	33.48	38.44480444	12.68678547	25.75801897	0.26206	0.31206	0.249648
1/12/2020 17:00	1/12/2020	17	development	train	0	0	34.21	34.21	37.45062222	12.35870533	25.09191689	0.26374	0.31374	0.250992
1/12/2020 18:00	1/12/2020	18	development	train	0	0	30.72	30.72	23.96163778	7.907340467	16.05429731	0.2587	0.3087	0.24696
1/12/2020 19:00	1/12/2020	19	development	train	0	0	24.62	24.62	18.44712333	6.087550699	12.35957263	0.25336	0.30336	0.242688
1/12/2020 20:00	1/12/2020	20	development	train	0	0	59.28	59.28	15.99483889	5.278296834	10.71654206	0.25247	0.30247	0.241976
1/12/2020 21:00	1/12/2020	21	development	train	0	0	38.75	38.75	16.01407	5.2846431	10.7294269	0.25197	0.30197	0.241576
1/12/2020 22:00	1/12/2020	22	development	train	0	0	33.7	33.7	20.36706667	6.721132001	13.64593467	0.24001	0.29001	0.232008
1/12/2020 23:00	1/12/2020	23	development	train	0	0	36.57	36.57	19.48357333	6.429579199	13.05399413	0.2227	0.2727	0.21816
1/13/2020 0:00	1/13/2020	0	development	train	0	0	38.7	38.7	19.19205556	6.333378335	12.85867723	0.23645	0.28645	0.22916
1/13/2020 1:00	1/13/2020	1	development	train	0	0	28.69	28.69	18.58937222	6.134492833	12.45487939	0.23694	0.28694	0.229552
1/13/2020 2:00	1/13/2020	2	development	train	0	0	11.57	11.57	20.10488444	6.634611865	13.47027257	0.23991	0.28991	0.231928
1/13/2020 3:00	1/13/2020	3	development	train	0	0	9.43	9.43	19.82709111	6.542940066	13.28415104	0.24732	0.29732	0.237856
1/13/2020 4:00	1/13/2020	4	development	train	0	0	18.38	18.38	18.36142222	6.059269333	12.30215289	0.25702	0.30702	0.245616
1/13/2020 5:00	1/13/2020	5	development	train	0	0	20.56	20.56	19.17966667	6.329290001	12.85037667	0.25405	0.30405	0.24324
1/13/2020 6:00	1/13/2020	6	development	train	0	0	24.7	24.7	20.93638222	6.909006133	14.02737609	0.25247	0.30247	0.241976
1/13/2020 7:00	1/13/2020	7	development	train	0	0	17.36	17.36	17.30486444	5.710605265	11.59425917	0.25326	0.30326	0.242608
1/13/2020 8:00	1/13/2020	8	development	train	0	0	17.4	17.4	23.56214444	7.775507665	15.78663677	0.25385	0.30385	0.24308
1/13/2020 9:00	1/13/2020	9	development	train	0.2080833	0.2080833	22.7	22.7	23.35690222	7.707777733	15.64912449	0.25415	0.30415	0.24332
1/13/2020 10:00	1/13/2020	10	development	train	1.4148333	1.4148333	9.76	9.76	23.80484444	7.855598665	15.94924577	0.25286	0.30286	0.242288
1/13/2020 11:00	1/13/2020	11	development	train	2.9310833	2.9310833	2.76	2.76	19.53973111	6.448111266	13.09161984	0.25247	0.30247	0.241976
1/13/2020 12:00	1/13/2020	12	development	train	0.7814167	0.7814167	-0.25	0	17.51490444	5.779918465	11.73498597	0.25237	0.30237	0.241896
1/13/2020 13:00	1/13/2020	13	development	train	0.1998334	0.1998334	2.75	2.75	24.06762444	7.942316065	16.12530837	0.25286	0.30286	0.242288
1/13/2020 14:00	1/13/2020	14	development	train	0	0	-0.28	0	20.89496222	6.895337533	13.99962469	0.25286	0.30286	0.242288
1/13/2020 15:00	1/13/2020	15	development	train	0	0	-0.28	0	24.42748889	8.061071334	16.36641756	0.25306	0.30306	0.242448
1/13/2020 16:00	1/13/2020	16	development	train	0	0	-0.31	0	18.43860889	6.084740934	12.35386796	0.25415	0.30415	0.24332
1/13/2020 17:00	1/13/2020	17	development	train	0	0	-0.31	0	19.58845333	6.464189599	13.12426373	0.25444	0.30444	0.243552
1/13/2020 18:00	1/13/2020	18	development	train	0	0	3.69	3.69	46.76880444	15.43370547	31.33509897	0.25464	0.30464	0.243712
1/13/2020 19:00	1/13/2020	19	development	train	0	0	11.42	11.42	35.30886	11.6519238	23.6569362	0.25464	0.30464	0.243712
1/13/2020 20:00	1/13/2020	20	development	train	0	0	26.9	26.9	26.34802222	8.694847333	17.65317489	0.25692	0.30692	0.245536
1/13/2020 21:00	1/13/2020	21	development	train	0	0	58.89	58.89	25.97783111	8.572684266	17.40514684	0.25059	0.30059	0.240472
1/13/2020 22:00	1/13/2020	22	development	train	0	0	103.03	103.03	19.84578444	6.549108865	13.29667557	0.2314	0.2814	0.22512
1/13/2020 23:00	1/13/2020	23	development	train	0	0	109.08	109.08	20.13413333	6.644263999	13.48986933	0.21998	0.26998	0.215984
1/14/2020 0:00	1/14/2020	0	development	train	0	0	116.79	116.79	19.49306	6.4327098	13.0603502	0.18383	0.23383	0.187064
1/14/2020 1:00	1/14/2020	1	development	train	0	0	131.15	131.15	18.85333778	6.221601467	12.63173631	0.18224	0.23224	0.185792
1/14/2020 2:00	1/14/2020	2	development	train	0	0	130.36	130.36	18.9885	6.266205	12.722295	0.18175	0.23175	0.1854
1/14/2020 3:00	1/14/2020	3	development	train	0	0	116.38	116.38	19.01296889	6.274279734	12.73868916	0.18323	0.23323	0.186584
1/14/2020 4:00	1/14/2020	4	development	train	0	0	70.17	70.17	15.96326778	5.267878367	10.69538941	0.20116	0.25116	0.200928
1/14/2020 5:00	1/14/2020	5	development	train	0	0	90.06	90.06	15.54008667	5.128228601	10.41185807	0.24395	0.29395	0.23516
1/14/2020 6:00	1/14/2020	6	development	train	0	0	84.87	84.87	14.96790222	4.939407733	10.02849449	0.25306	0.30306	0.242448
1/14/2020 7:00	1/14/2020	7	development	train	0	0	118.76	118.76	25.36645778	8.370931067	16.99552671	0.25593	0.30593	0.244744
1/14/2020 8:00	1/14/2020	8	development	train	0	0	126.38	126.38	22.02471556	7.268156135	14.75655943	0.25543	0.30543	0.244344
1/14/2020 9:00	1/14/2020	9	development	train	0.4635	0.4635	123.43	123.43	21.36712	7.0511496	14.3159704	0.25464	0.30464	0.243712
1/14/2020 10:00	1/14/2020	10	development	train	1.6463333	1.6463333	72.87	72.87	17.54461	5.7897213	11.7548887	0.25355	0.30355	0.24284
1/14/2020 11:00	1/14/2020	11	development	train	6.3693333	6.3693333	50.68	50.68	14.48454444	4.779899665	9.704644775	0.25266	0.30266	0.242128
1/14/2020 12:00	1/14/2020	12	development	train	14.505583	14.505583	60.61	60.61	16.25927222	5.365559833	10.89371239	0.25355	0.30355	0.24284
1/14/2020 13:00	1/14/2020	13	development	train	4.18625	4.18625	73.57	73.57	18.67972667	6.164309801	12.51541687	0.25514	0.30514	0.244112
1/14/2020 14:00	1/14/2020	14	development	train	0.245	0.245	26.09	26.09	17.48722889	5.770785534	11.71644336	0.25553	0.30553	0.244424
1/14/2020 15:00	1/14/2020	15	development	train	0	0	9.64	9.64	20.27931778	6.692174867	13.58714291	0.25682	0.30682	0.245456
1/14/2020 16:00	1/14/2020	16	development	train	0	0	3.83	3.83	17.41677778	5.747536667	11.66924111	0.25722	0.30722	0.245776
1/14/2020 17:00	1/14/2020	17	development	train	0	0	11.65	11.65	15.78733222	5.209819633	10.57751259	0.25801	0.30801	0.246408
1/14/2020 18:00	1/14/2020	18	development	train	0	0	20.58	20.58	39.73756	13.1133948	26.6241652	0.25652	0.30652	0.245216
1/14/2020 19:00	1/14/2020	19	development	train	0	0	25.36	25.36	47.35404889	15.62683613	31.72721276	0.2488	0.2988	0.23904
1/14/2020 20:00	1/14/2020	20	development	train	0	0	57.15	57.15	18.90977778	6.240226667	12.66955111	0.23592	0.28592	0.228736
1/14/2020 21:00	1/14/2020	21	development	train	0	0	70.77	70.77	18.82094222	6.210910933	12.61003129	0.22087	0.27087	0.216696
1/14/2020 22:00	1/14/2020	22	development	train	0	0	69.56	69.56	18.26221778	6.026531867	12.23568591	0.18937	0.23937	0.191496
1/14/2020 23:00	1/14/2020	23	development	train	0	0	81.8	81.8	15.79880889	5.213606934	10.58520196	0.19024	0.24024	0.192192
1/15/2020 0:00	1/15/2020	0	development	train	0	0	86.57	86.57	13.87847	4.5798951	9.2985749	0.18628	0.23628	0.189024
1/15/2020 1:00	1/15/2020	1	development	train	0	0	51.61	51.61	20.06106667	6.620152001	13.44091467	0.18421	0.23421	0.187368
1/15/2020 2:00	1/15/2020	2	development	train	0	0	45.58	45.58	19.74341333	6.515326399	13.22808693	0.18391	0.23391	0.187128
1/15/2020 3:00	1/15/2020	3	development	train	0	0	79.51	79.51	17.55585222	5.793431233	11.76242099	0.18569	0.23569	0.188552
1/15/2020 4:00	1/15/2020	4	development	train	0	0	41.95	41.95	15.20765444	5.018525965	10.18912847	0.19143	0.24143	0.193144
1/15/2020 5:00	1/15/2020	5	development	train	0	0	10.86	10.86	13.85945667	4.573620701	9.285835969	0.24119	0.29119	0.232952
1/15/2020 6:00	1/15/2020	6	development	train	0	0	6.09	6.09	16.90410111	5.578353366	11.32574774	0.24831	0.29831	0.238648
1/15/2020 7:00	1/15/2020	7	development	train	0	0	-0.29	0	24.23555556	7.997733335	16.23782223	0.25207	0.30207	0.241656
1/15/2020 8:00	1/15/2020	8	development	train	0.0287143	0.0287143	10.78	10.78	21.72124444	7.168010665	14.55323377	0.25237	0.30237	0.241896
1/15/2020 9:00	1/15/2020	9	development	train	1.9974167	1.9974167	23.15	23.15	22.72592889	7.499556534	15.22637236	0.25069	0.30069	0.240552
1/15/2020 10:00	1/15/2020	10	development	train	11.1432499	11.1432499	14.58	14.58	21.24489556	7.010815535	14.23408003	0.24712	0.29712	0.237696
1/15/2020 11:00	1/15/2020	11	development	train	17.018	17.018	18.42	18.42	16.36181556	5.399399135	10.96241643	0.24782	0.29782	0.238256
1/15/2020 12:00	1/15/2020	12	development	train	21.223667	21.223667	3.65	3.65	17.61472556	5.812859435	11.80186613	0.24851	0.29851	0.238808
1/15/2020 13:00	1/15/2020	13	development	train	10.621	10.621	0.86	0.86	21.82415778	7.201972067	14.62218571	0.2497	0.2997	0.23976
1/15/2020 14:00	1/15/2020	14	development	train	0.1565834	0.1565834	-0.24	0	18.42655556	6.080763335	12.34579223	0.25415	0.30415	0.24332
1/15/2020 15:00	1/15/2020	15	development	train	0	0	-0.29	0	21.36623111	7.050856266	14.31537484	0.25445	0.30445	0.24356
1/15/2020 16:00	1/15/2020	16	development	train	0	0	10.17	10.17	20.7331	6.841923	13.891177	0.25375	0.30375	0.243
1/15/2020 17:00	1/15/2020	17	development	train	0	0	15.43	15.43	18.58379556	6.132652535	12.45114303	0.25385	0.30385	0.24308
1/15/2020 18:00	1/15/2020	18	development	train	0	0	21.82	21.82	44.11178667	14.5568896	29.55489707	0.25425	0.30425	0.2434
1/15/2020 19:00	1/15/2020	19	development	train	0	0	11.96	11.96	49.38724	16.2977892	33.0894508	0.24861	0.29861	0.238888
1/15/2020 20:00	1/15/2020	20	development	train	0	0	10.77	10.77	23.94221111	7.900929666	16.04128144	0.24584	0.29584	0.236672
1/15/2020 21:00	1/15/2020	21	development	train	0	0	26.15	26.15	23.65445333	7.805969599	15.84848373	0.23713	0.28713	0.229704
1/15/2020 22:00	1/15/2020	22	development	train	0	0	74	74	25.33907333	8.361894199	16.97717913	0.22308	0.27308	0.218464
1/15/2020 23:00	1/15/2020	23	development	train	0	0	80.03	80.03	25.40769333	8.384538799	17.02315453	0.21353	0.26353	0.210824
1/16/2020 0:00	1/16/2020	0	development	train	0	0	53.12	53.12	14.44912222	4.768210333	9.680911887	0.21096	0.26096	0.208768
1/16/2020 1:00	1/16/2020	1	development	train	0	0	10.8	10.8	16.78936667	5.540491001	11.24887567	0.21422	0.26422	0.211376
1/16/2020 2:00	1/16/2020	2	development	train	0	0	18.65	18.65	16.86804667	5.566455401	11.30159127	0.21947	0.26947	0.215576
1/16/2020 3:00	1/16/2020	3	development	train	0	0	20.3	20.3	18.54278889	6.119120334	12.42366856	0.22748	0.27748	0.221984
1/16/2020 4:00	1/16/2020	4	development	train	0	0	41.31	41.31	16.38745222	5.407859233	10.97959299	0.2347	0.2847	0.22776
1/16/2020 5:00	1/16/2020	5	development	train	0	0	29.08	29.08	18.22323778	6.013668467	12.20956931	0.24213	0.29213	0.233704
1/16/2020 6:00	1/16/2020	6	development	train	0	0	19.98	19.98	19.71012667	6.504341801	13.20578487	0.24737	0.29737	0.237896
1/16/2020 7:00	1/16/2020	7	development	train	0	0	11.72	11.72	25.94398	8.5615134	17.3824666	0.25113	0.30113	0.240904
1/16/2020 8:00	1/16/2020	8	development	train	0.2207	0.2207	14.32	14.32	21.91056667	7.230487001	14.68007967	0.25064	0.30064	0.240512
1/16/2020 9:00	1/16/2020	9	development	train	2.2798334	2.2798334	28.51	28.51	22.15852222	7.312312333	14.84620989	0.25004	0.30004	0.240032
1/16/2020 10:00	1/16/2020	10	development	train	2.2611667	2.2611667	16.73	16.73	16.55078667	5.461759601	11.08902707	0.24915	0.29915	0.23932
1/16/2020 11:00	1/16/2020	11	development	train	1.4646667	1.4646667	22	22	13.08505556	4.318068335	8.766987225	0.24806	0.29806	0.238448
1/16/2020 12:00	1/16/2020	12	development	train	0.207	0.207	24.93	24.93	12.55390444	4.142788465	8.411115975	0.24826	0.29826	0.238608
1/16/2020 13:00	1/16/2020	13	development	train	0.16925	0.16925	33.35	33.35	16.76058	5.5309914	11.2295886	0.24915	0.29915	0.23932
1/16/2020 14:00	1/16/2020	14	development	train	0	0	33.66	33.66	24.41496444	8.056938265	16.35802617	0.25093	0.30093	0.240744
1/16/2020 15:00	1/16/2020	15	development	train	0	0	25.02	25.02	19.83163111	6.544438266	13.28719284	0.25192	0.30192	0.241536
1/16/2020 16:00	1/16/2020	16	development	train	0	0	18.14	18.14	19.51691333	6.440581399	13.07633193	0.25004	0.30004	0.240032
1/16/2020 17:00	1/16/2020	17	development	train	0	0	20.37	20.37	14.87283556	4.908035735	9.964799825	0.24806	0.29806	0.238448
1/16/2020 18:00	1/16/2020	18	development	train	0	0	16.5	16.5	24.14533333	7.967959999	16.17737333	0.24717	0.29717	0.237736
1/16/2020 19:00	1/16/2020	19	development	train	0	0	15.9	15.9	48.87643111	16.12922227	32.74720884	0.2448	0.2948	0.23584
1/16/2020 20:00	1/16/2020	20	development	train	0	0	19.59	19.59	20.10222667	6.633734801	13.46849187	0.24252	0.29252	0.234016
1/16/2020 21:00	1/16/2020	21	development	train	0	0	9.04	9.04	17.94898222	5.923164133	12.02581809	0.23787	0.28787	0.230296
1/16/2020 22:00	1/16/2020	22	development	train	0	0	6.27	6.27	15.92200111	5.254260366	10.66774074	0.22887	0.27887	0.223096
1/16/2020 23:00	1/16/2020	23	development	train	0	0	-0.31	0	13.13383333	4.334164999	8.799668331	0.22679	0.27679	0.221432
1/17/2020 0:00	1/17/2020	0	development	train	0	0	-0.29	0	14.51097667	4.788622301	9.722354369	0.22372	0.27372	0.218976
1/17/2020 1:00	1/17/2020	1	development	train	0	0	-0.29	0	16.86535889	5.565568434	11.29979046	0.21957	0.26957	0.215656
1/17/2020 2:00	1/17/2020	2	development	train	0	0	-0.31	0	18.56561778	6.126653867	12.43896391	0.22155	0.27155	0.21724
1/17/2020 3:00	1/17/2020	3	development	train	0	0	7.16	7.16	20.37955556	6.725253335	13.65430223	0.23016	0.28016	0.224128
1/17/2020 4:00	1/17/2020	4	development	train	0	0	37.7	37.7	15.16695889	5.005096434	10.16186246	0.23362	0.28362	0.226896
1/17/2020 5:00	1/17/2020	5	development	train	0	0	32.14	32.14	13.25452444	4.373993065	8.880531375	0.23995	0.28995	0.23196
1/17/2020 6:00	1/17/2020	6	development	train	0	0	29.54	29.54	14.11450556	4.657786835	9.456718725	0.2447	0.2947	0.23576
1/17/2020 7:00	1/17/2020	7	development	train	0	0	33.9	33.9	24.44796444	8.067828265	16.38013617	0.24599	0.29599	0.236792
1/17/2020 8:00	1/17/2020	8	development	train	0	0	25.95	25.95	22.22473333	7.334161999	14.89057133	0.24717	0.29717	0.237736
1/17/2020 9:00	1/17/2020	9	development	train	0.0378333	0.0378333	9.35	9.35	21.59862	7.1275446	14.4710754	0.24826	0.29826	0.238608
1/17/2020 10:00	1/17/2020	10	development	train	0.7155833	0.7155833	2.02	2.02	16.89776444	5.576262265	11.32150217	0.24836	0.29836	0.238688
1/17/2020 11:00	1/17/2020	11	development	train	1.71625	1.71625	0	0	14.58798556	4.814035235	9.773950325	0.24826	0.29826	0.238608
1/17/2020 12:00	1/17/2020	12	development	train	1.4958333	1.4958333	0	0	20.64403111	6.812530266	13.83150084	0.24836	0.29836	0.238688
1/17/2020 13:00	1/17/2020	13	development	train	0.5065	0.5065	0	0	26.05689556	8.598775535	17.45812003	0.24846	0.29846	0.238768
1/17/2020 14:00	1/17/2020	14	development	train	0	0	0	0	20.49789556	6.764305535	13.73359003	0.24965	0.29965	0.23972
1/17/2020 15:00	1/17/2020	15	development	train	0	0	0	0	20.52721556	6.773981135	13.75323443	0.25351	0.30351	0.242808
1/17/2020 16:00	1/17/2020	16	development	train	0	0	0	0	17.30464556	5.710533035	11.59411253	0.254	0.304	0.2432
1/17/2020 17:00	1/17/2020	17	development	train	0	0	0	0	22.82982	7.5338406	15.2959794	0.25232	0.30232	0.241856
1/17/2020 18:00	1/17/2020	18	development	train	0	0	0	0	52.27358222	17.25028213	35.02330009	0.24905	0.29905	0.23924
1/17/2020 19:00	1/17/2020	19	development	train	0	0	-0.07	0	25.50466222	8.416538533	17.08812369	0.24539	0.29539	0.236312
1/17/2020 20:00	1/17/2020	20	development	train	0	0	-0.05	0	23.22374889	7.663837134	15.55991176	0.2444	0.2944	0.23552
1/17/2020 21:00	1/17/2020	21	development	train	0	0	-0.1	0	24.62544889	8.126398134	16.49905076	0.24223	0.29223	0.233784
1/17/2020 22:00	1/17/2020	22	development	train	0	0	-0.19	0	21.55926889	7.114558734	14.44471016	0.23807	0.28807	0.230456
1/17/2020 23:00	1/17/2020	23	development	train	0	0	-0.06	0	17.26268	5.6966844	11.5659956	0.2192	0.2692	0.21536
1/18/2020 0:00	1/18/2020	0	development	train	0	0	-0.13	0	15.43144444	5.092376665	10.33906777	0.22781	0.27781	0.222248
1/18/2020 1:00	1/18/2020	1	development	train	0	0	-0.12	0	17.86042222	5.893939333	11.96648289	0.22009	0.27009	0.216072
1/18/2020 2:00	1/18/2020	2	development	train	0	0	-0.13	0	19.78380889	6.528656934	13.25515196	0.22375	0.27375	0.219
1/18/2020 3:00	1/18/2020	3	development	train	0	0	-0.15	0	17.20859	5.6788347	11.5297553	0.22335	0.27335	0.21868
1/18/2020 4:00	1/18/2020	4	development	train	0	0	-0.2	0	17.72454444	5.849099665	11.87544477	0.22276	0.27276	0.218208
1/18/2020 5:00	1/18/2020	5	development	train	0	0	-0.19	0	16.47119	5.4354927	11.0356973	0.22078	0.27078	0.216624
1/18/2020 6:00	1/18/2020	6	development	train	0	0	-0.21	0	18.63234444	6.148673665	12.48367077	0.22504	0.27504	0.220032
1/18/2020 7:00	1/18/2020	7	development	train	0	0	-0.25	0	23.09798222	7.622334133	15.47564809	0.22939	0.27939	0.223512
1/18/2020 8:00	1/18/2020	8	development	train	0	0	-0.23	0	19.68713778	6.496755467	13.19038231	0.23335	0.28335	0.22668
1/18/2020 9:00	1/18/2020	9	development	train	1.0931667	1.0931667	-0.22	0	23.53002667	7.764908801	15.76511787	0.23602	0.28602	0.228816
1/18/2020 10:00	1/18/2020	10	development	train	5.1391666	5.1391666	-0.22	0	26.56807778	8.767465667	17.80061211	0.23513	0.28513	0.228104
1/18/2020 11:00	1/18/2020	11	development	train	5.6714166	5.6714166	-0.21	0	21.58027333	7.121490199	14.45878313	0.23374	0.28374	0.226992
1/18/2020 12:00	1/18/2020	12	development	train	4.1075002	4.1075002	-0.22	0	17.02681556	5.618849135	11.40796643	0.23226	0.28226	0.225808
1/18/2020 13:00	1/18/2020	13	development	train	0.71175	0.71175	-0.17	0	20.63841333	6.810676399	13.82773693	0.23275	0.28275	0.2262
1/18/2020 14:00	1/18/2020	14	development	train	0.1626667	0.1626667	-0.16	0	20.34275778	6.713110067	13.62964771	0.23592	0.28592	0.228736
1/18/2020 15:00	1/18/2020	15	development	train	0	0	-0.19	0	19.88728	6.5628024	13.3244776	0.2382	0.2882	0.23056
1/18/2020 16:00	1/18/2020	16	development	train	0	0	-0.18	0	17.03525556	5.621634335	11.41362123	0.24087	0.29087	0.232696
1/18/2020 17:00	1/18/2020	17	development	train	0	0	-0.18	0	25.52049111	8.421762066	17.09872904	0.23879	0.28879	0.231032
1/18/2020 18:00	1/18/2020	18	development	train	0	0	-0.13	0	62.97776889	20.78266373	42.19510516	0.23572	0.28572	0.228576
1/18/2020 19:00	1/18/2020	19	development	train	0	0	-0.15	0	44.80468	14.7855444	30.0191356	0.23147	0.28147	0.225176
1/18/2020 20:00	1/18/2020	20	development	train	0	0	-0.1	0	23.73107556	7.831254935	15.89982063	0.22899	0.27899	0.223192
1/18/2020 21:00	1/18/2020	21	development	train	0	0	-0.11	0	25.74615111	8.496229866	17.24992124	0.22889	0.27889	0.223112
1/18/2020 22:00	1/18/2020	22	development	train	0	0	-0.15	0	24.2078	7.988574	16.219226	0.22424	0.27424	0.219392
1/18/2020 23:00	1/18/2020	23	development	train	0	0	-0.04	0	23.48341778	7.749527867	15.73388991	0.22006	0.27006	0.216048
1/19/2020 0:00	1/19/2020	0	development	train	0	0	81.74	81.74	20.07829556	6.625837535	13.45245803	0.21631	0.26631	0.213048
1/19/2020 1:00	1/19/2020	1	development	train	0	0	106.05	106.05	19.68553556	6.496226735	13.18930883	0.21413	0.26413	0.211304
1/19/2020 2:00	1/19/2020	2	development	train	0	0	111.18	111.18	16.95495556	5.595135335	11.35982023	0.21255	0.26255	0.21004
1/19/2020 3:00	1/19/2020	3	development	train	0	0	105.32	105.32	17.71982778	5.847543167	11.87228461	0.21334	0.26334	0.210672
1/19/2020 4:00	1/19/2020	4	development	train	0	0	102.93	102.93	16.92114	5.5839762	11.3371638	0.21621	0.26621	0.212968
1/19/2020 5:00	1/19/2020	5	development	train	0	0	122.47	122.47	17.19472889	5.674260534	11.52046836	0.21868	0.26868	0.214944
1/19/2020 6:00	1/19/2020	6	development	train	0	0	136.01	136.01	18.48193778	6.099039467	12.38289831	0.21818	0.26818	0.214544
1/19/2020 7:00	1/19/2020	7	development	train	0	0	115.43	115.43	25.20756667	8.318497001	16.88906967	0.22095	0.27095	0.21676
1/19/2020 8:00	1/19/2020	8	development	train	0	0	93.56	93.56	24.82168	8.1911544	16.6305256	0.22361	0.27361	0.218888
1/19/2020 9:00	1/19/2020	9	development	train	0.31875	0.31875	89.33	89.33	24.28876	8.0152908	16.2734692	0.22717	0.27717	0.221736
1/19/2020 10:00	1/19/2020	10	development	train	1.91425	1.91425	70.94	70.94	27.13271556	8.953796135	18.17891943	0.22786	0.27786	0.222288
1/19/2020 11:00	1/19/2020	11	development	train	2.6258334	2.6258334	57.91	57.91	21.61429333	7.132716799	14.48157653	0.22766	0.27766	0.222128
1/19/2020 12:00	1/19/2020	12	development	train	1.4774167	1.4774167	37.64	37.64	20.53411778	6.776258867	13.75785891	0.22756	0.27756	0.222048
1/19/2020 13:00	1/19/2020	13	development	train	0.8019167	0.8019167	33.91	33.91	23.16719111	7.645173066	15.52201804	0.22618	0.27618	0.220944
1/19/2020 14:00	1/19/2020	14	development	train	0	0	37.81	37.81	24.95618667	8.235541601	16.72064507	0.22993	0.27993	0.223944
1/19/2020 15:00	1/19/2020	15	development	train	0	0	10.33	10.33	25.35632889	8.367588534	16.98874036	0.23566	0.28566	0.228528
1/19/2020 16:00	1/19/2020	16	development	train	0	0	19.85	19.85	21.31194222	7.032940933	14.27900129	0.23793	0.28793	0.230344
1/19/2020 17:00	1/19/2020	17	development	train	0	0	29.23	29.23	31.97424222	10.55149993	21.42274229	0.23743	0.28743	0.229944
1/19/2020 18:00	1/19/2020	18	development	train	0	0	28.38	28.38	51.26171111	16.91636467	34.34534644	0.23615	0.28615	0.22892
1/19/2020 19:00	1/19/2020	19	development	train	0	0	37.3	37.3	26.25926	8.6655558	17.5937042	0.23299	0.28299	0.226392
1/19/2020 20:00	1/19/2020	20	development	train	0	0	34.08	34.08	24.53419111	8.096283066	16.43790804	0.23368	0.28368	0.226944
1/19/2020 21:00	1/19/2020	21	development	train	0	0	18.27	18.27	22.23118	7.3362894	14.8948906	0.23161	0.28161	0.225288
1/19/2020 22:00	1/19/2020	22	development	train	0	0	20.73	20.73	22.95625333	7.575563599	15.38068973	0.22805	0.27805	0.22244
1/19/2020 23:00	1/19/2020	23	development	train	0	0	30.78	30.78	19.82177111	6.541184466	13.28058664	0.22371	0.27371	0.218968
1/20/2020 0:00	1/20/2020	0	development	train	0	0	21.29	21.29	13.76261778	4.541663867	9.220953913	0.22055	0.27055	0.21644
1/20/2020 1:00	1/20/2020	1	development	train	0	0	20.46	20.46	16.32114667	5.385978401	10.93516827	0.2166	0.2666	0.21328
1/20/2020 2:00	1/20/2020	2	development	train	0	0	36.48	36.48	16.75452222	5.528992333	11.22552989	0.21601	0.26601	0.212808
1/20/2020 3:00	1/20/2020	3	development	train	0	0	40.5	40.5	17.41004333	5.745314299	11.66472903	0.21937	0.26937	0.215496
1/20/2020 4:00	1/20/2020	4	development	train	0	0	28.92	28.92	14.74180111	4.864794366	9.877006744	0.22736	0.27736	0.221888
1/20/2020 5:00	1/20/2020	5	development	train	0	0	18.43	18.43	15.62157556	5.155119935	10.46645563	0.22499	0.27499	0.219992
1/20/2020 6:00	1/20/2020	6	development	train	0	0	16.33	16.33	16.80057	5.5441881	11.2563819	0.22954	0.27954	0.223632
1/20/2020 7:00	1/20/2020	7	development	train	0	0	20.43	20.43	21.84995111	7.210483866	14.63946724	0.22993	0.27993	0.223944
1/20/2020 8:00	1/20/2020	8	development	train	0	0	22.28	22.28	23.31562444	7.694156065	15.62146837	0.22973	0.27973	0.223784
1/20/2020 9:00	1/20/2020	9	development	train	0	0	29.7	29.7	21.73848667	7.173700601	14.56478607	0.22973	0.27973	0.223784
1/20/2020 10:00	1/20/2020	10	development	train	0.2424166	0.2424166	31.99	31.99	17.69893	5.8406469	11.8582831	0.22954	0.27954	0.223632
1/20/2020 11:00	1/20/2020	11	development	train	0.5603334	0.5603334	36.57	36.57	15.903	5.24799	10.65501	0.23023	0.28023	0.224184
1/20/2020 12:00	1/20/2020	12	development	train	0.4161666	0.4161666	39.84	39.84	13.75576889	4.539403734	9.216365156	0.23052	0.28052	0.224416
1/20/2020 13:00	1/20/2020	13	development	train	0.245	0.245	32.95	32.95	15.96375556	5.268039335	10.69571623	0.23033	0.28033	0.224264
1/20/2020 14:00	1/20/2020	14	development	train	0	0	-0.34	0	23.41212	7.7259996	15.6861204	0.23092	0.28092	0.224736
1/20/2020 15:00	1/20/2020	15	development	train	0	0	-0.1	0	23.03917333	7.602927199	15.43624613	0.23161	0.28161	0.225288
1/20/2020 16:00	1/20/2020	16	development	train	0	0	0	0	13.87258667	4.577953601	9.294633069	0.23042	0.28042	0.224336
1/20/2020 17:00	1/20/2020	17	development	train	0	0	0	0	13.34490111	4.403817366	8.941083744	0.23112	0.28112	0.224896
1/20/2020 18:00	1/20/2020	18	development	train	0	0	0	0	40.59670667	13.3969132	27.19979347	0.22618	0.27618	0.220944
1/20/2020 19:00	1/20/2020	19	development	train	0	0	0	0	47.13812444	15.55558107	31.58254337	0.21601	0.26601	0.212808
1/20/2020 20:00	1/20/2020	20	development	train	0	0	0	0	23.95607556	7.905504935	16.05057063	0.21009	0.26009	0.208072
1/20/2020 21:00	1/20/2020	21	development	train	0	0	0	0	27.60360667	9.109190201	18.49441647	0.19992	0.24992	0.199936
1/20/2020 22:00	1/20/2020	22	development	train	0	0	3.09	3.09	22.74162444	7.504736065	15.23688837	0.17692	0.22692	0.181536
1/20/2020 23:00	1/20/2020	23	development	train	0	0	131.77	131.77	15.89838667	5.246467601	10.65191907	0.17723	0.22723	0.181784
1/21/2020 0:00	1/21/2020	0	development	train	0	0	40.41	40.41	12.86287667	4.244749301	8.618127369	0.17674	0.22674	0.181392
1/21/2020 1:00	1/21/2020	1	development	train	0	0	45.06	45.06	16.50442556	5.446460435	11.05796513	0.17466	0.22466	0.179728
1/21/2020 2:00	1/21/2020	2	development	train	0	0	38	38	15.44585	5.0971305	10.3487195	0.17545	0.22545	0.18036
1/21/2020 3:00	1/21/2020	3	development	train	0	0	38.96	38.96	16.06244667	5.300607401	10.76183927	0.19176	0.24176	0.193408
1/21/2020 4:00	1/21/2020	4	development	train	0	0	54.49	54.49	16.08512111	5.308089966	10.77703114	0.19433	0.24433	0.195464
1/21/2020 5:00	1/21/2020	5	development	train	0	0	69.31	69.31	13.61929111	4.494366066	9.124925044	0.2054	0.2554	0.20432
1/21/2020 6:00	1/21/2020	6	development	train	0	0	95.92	95.92	15.02591222	4.958551033	10.06736119	0.2145	0.2645	0.2116
1/21/2020 7:00	1/21/2020	7	development	train	0	0	123.67	123.67	26.73927111	8.823959466	17.91531164	0.21796	0.26796	0.214368
1/21/2020 8:00	1/21/2020	8	development	train	0	0	96.12	96.12	19.81039778	6.537431267	13.27296651	0.21716	0.26716	0.213728
1/21/2020 9:00	1/21/2020	9	development	train	0.88175	0.88175	126.34	126.34	22.32888	7.3685304	14.9603496	0.21687	0.26687	0.213496
1/21/2020 10:00	1/21/2020	10	development	train	1.46	1.46	105.45	105.45	20.44542667	6.746990801	13.69843587	0.21628	0.26628	0.213024
1/21/2020 11:00	1/21/2020	11	development	train	1.2256666	1.2256666	128.32	128.32	16.21805556	5.351958335	10.86609723	0.21736	0.26736	0.213888
1/21/2020 12:00	1/21/2020	12	development	train	0.1996667	0.1996667	132	132	16.84564	5.5590612	11.2865788	0.21716	0.26716	0.213728
1/21/2020 13:00	1/21/2020	13	development	train	0.0238333	0.0238333	136.21	136.21	22.42846889	7.401394734	15.02707416	0.21746	0.26746	0.213968
1/21/2020 14:00	1/21/2020	14	development	train	0	0	117.16	117.16	22.98897333	7.586361199	15.40261213	0.21865	0.26865	0.21492
1/21/2020 15:00	1/21/2020	15	development	train	0	0	64.4	64.4	24.21383778	7.990566467	16.22327131	0.21973	0.26973	0.215784
1/21/2020 16:00	1/21/2020	16	development	train	0	0	64.53	64.53	21.35006444	7.045521265	14.30454317	0.21944	0.26944	0.215552
1/21/2020 17:00	1/21/2020	17	development	train	0	0	108.02	108.02	20.51637111	6.770402466	13.74596864	0.21914	0.26914	0.215312
1/21/2020 18:00	1/21/2020	18	development	train	0	0	123.85	123.85	31.15802889	10.28214953	20.87587936	0.21746	0.26746	0.213968
1/21/2020 19:00	1/21/2020	19	development	train	0	0	115.46	115.46	61.89682222	20.42595133	41.47087089	0.20896	0.25896	0.207168
1/21/2020 20:00	1/21/2020	20	development	train	0	0	139.06	139.06	27.99928667	9.239764601	18.75952207	0.20649	0.25649	0.205192
1/21/2020 21:00	1/21/2020	21	development	train	0	0	144.88	144.88	23.53918	7.7679294	15.7712506	0.19749	0.24749	0.197992
1/21/2020 22:00	1/21/2020	22	development	train	0	0	128.94	128.94	25.06343778	8.270934467	16.79250331	0.18474	0.23474	0.187792
1/21/2020 23:00	1/21/2020	23	development	train	0	0	141.64	141.64	23.77798222	7.846734133	15.93124809	0.15138	0.20138	0.161104
1/22/2020 0:00	1/22/2020	0	development	train	0	0	129.08	129.08	18.91201333	6.240964399	12.67104893	0.14333	0.19333	0.154664
1/22/2020 1:00	1/22/2020	1	development	train	0	0	139.45	139.45	18.30772333	6.041548699	12.26617463	0.13638	0.18638	0.149104
1/22/2020 2:00	1/22/2020	2	development	train	0	0	147.82	147.82	22.46308889	7.412819334	15.05026956	0.14999	0.19999	0.159992
1/22/2020 3:00	1/22/2020	3	development	train	0	0	143.12	143.12	20.1688	6.655704	13.513096	0.16995	0.21995	0.17596
1/22/2020 4:00	1/22/2020	4	development	train	0	0	142.82	142.82	17.99288	5.9376504	12.0552296	0.19856	0.24856	0.198848
1/22/2020 5:00	1/22/2020	5	development	train	0	0	148.2	148.2	15.83392778	5.225196167	10.60873161	0.20452	0.25452	0.203616
1/22/2020 6:00	1/22/2020	6	development	train	0	0	136.71	136.71	18.00328778	5.941084967	12.06220281	0.20859	0.25859	0.206872
1/22/2020 7:00	1/22/2020	7	development	train	0	0	89.99	89.99	23.01724444	7.595690665	15.42155377	0.21157	0.26157	0.209256
1/22/2020 8:00	1/22/2020	8	development	train	0	0	27.63	27.63	24.52207333	8.092284199	16.42978913	0.21117	0.26117	0.208936
1/22/2020 9:00	1/22/2020	9	development	train	0.10625	0.10625	20.19	20.19	21.33008	7.0389264	14.2911536	0.21157	0.26157	0.209256
1/22/2020 10:00	1/22/2020	10	development	train	1.4260833	1.4260833	19.5	19.5	18.73638444	6.183006865	12.55337757	0.21306	0.26306	0.210448
1/22/2020 11:00	1/22/2020	11	development	train	10.9735	10.9735	29.85	29.85	16.49259111	5.442555066	11.05003604	0.21306	0.26306	0.210448
1/22/2020 12:00	1/22/2020	12	development	train	20.6453335	20.6453335	29.5	29.5	17.4567	5.760711	11.695989	0.21425	0.26425	0.2114
1/22/2020 13:00	1/22/2020	13	development	train	1.7839166	1.7839166	30.74	30.74	22.59950444	7.457836465	15.14166797	0.21465	0.26465	0.21172
1/22/2020 14:00	1/22/2020	14	development	train	0.0326667	0.0326667	36.34	36.34	26.31684889	8.684560134	17.63228876	0.21574	0.26574	0.212592
1/22/2020 15:00	1/22/2020	15	development	train	0	0	24.16	24.16	24.23188667	7.996522601	16.23536407	0.21693	0.26693	0.213544
1/22/2020 16:00	1/22/2020	16	development	train	0	0	5.12	5.12	24.33024222	8.028979933	16.30126229	0.21753	0.26753	0.214024
1/22/2020 17:00	1/22/2020	17	development	train	0	0	2.9	2.9	19.76397556	6.522111935	13.24186363	0.21783	0.26783	0.214264
1/22/2020 18:00	1/22/2020	18	development	train	0	0	14.97	14.97	34.78618222	11.47944013	23.30674209	0.21802	0.26802	0.214416
1/22/2020 19:00	1/22/2020	19	development	train	0	0	11.45	11.45	46.68410222	15.40575373	31.27834849	0.21773	0.26773	0.214184
1/22/2020 20:00	1/22/2020	20	development	train	0	0	16.23	16.23	20.54823778	6.780918467	13.76731931	0.21832	0.26832	0.214656
1/22/2020 21:00	1/22/2020	21	development	train	0	0	16.06	16.06	18.57663333	6.130288999	12.44634433	0.21564	0.26564	0.212512
1/22/2020 22:00	1/22/2020	22	development	train	0	0	38.75	38.75	18.98239333	6.264189799	12.71820353	0.21226	0.26226	0.209808
1/22/2020 23:00	1/22/2020	23	development	train	0	0	67	67	16.35200222	5.396160733	10.95584149	0.2065	0.2565	0.2052
1/23/2020 0:00	1/23/2020	0	development	train	0	0	47.68	47.68	19.26191778	6.356432867	12.90548491	0.20461	0.25461	0.203688
1/23/2020 1:00	1/23/2020	1	development	train	0	0	33.75	33.75	19.88910667	6.563405201	13.32570147	0.20341	0.25341	0.202728
1/23/2020 2:00	1/23/2020	2	development	train	0	0	18.61	18.61	19.46703556	6.424121735	13.04291383	0.20361	0.25361	0.202888
1/23/2020 3:00	1/23/2020	3	development	train	0	0	23.93	23.93	18.62569778	6.146480267	12.47921751	0.20769	0.25769	0.206152
1/23/2020 4:00	1/23/2020	4	development	train	0	0	16.25	16.25	17.62560778	5.816450567	11.80915721	0.20769	0.25769	0.206152
1/23/2020 5:00	1/23/2020	5	development	train	0	0	24.23	24.23	18.37740111	6.064542366	12.31285874	0.20779	0.25779	0.206232
1/23/2020 6:00	1/23/2020	6	development	train	0	0	22.12	22.12	19.57719333	6.460473799	13.11671953	0.20958	0.25958	0.207664
1/23/2020 7:00	1/23/2020	7	development	train	0	0	8.89	8.89	19.42816889	6.411295734	13.01687316	0.21018	0.26018	0.208144
1/23/2020 8:00	1/23/2020	8	development	train	0	0	2.24	2.24	16.90906222	5.579990533	11.32907169	0.20799	0.25799	0.206392
1/23/2020 9:00	1/23/2020	9	development	train	0.1488333	0.1488333	17.74	17.74	17.17422444	5.667494065	11.50673037	0.20729	0.25729	0.205832
1/23/2020 10:00	1/23/2020	10	development	train	2.0740833	2.0740833	20.68	20.68	23.14750222	7.638675733	15.50882649	0.206	0.256	0.2048
1/23/2020 11:00	1/23/2020	11	development	train	5.5921666	5.5921666	28.45	28.45	21.08997556	6.959691935	14.13028363	0.2051	0.2551	0.20408
1/23/2020 12:00	1/23/2020	12	development	train	9.2365834	9.2365834	37.22	37.22	24.53030222	8.094999733	16.43530249	0.20461	0.25461	0.203688
1/23/2020 13:00	1/23/2020	13	development	train	1.1543334	1.1543334	76.5	76.5	19.89796889	6.566329734	13.33163916	0.20441	0.25441	0.203528
1/23/2020 14:00	1/23/2020	14	development	train	0.0105834	0.0105834	21.77	21.77	18.02986222	5.949854533	12.08000769	0.20431	0.25431	0.203448
1/23/2020 15:00	1/23/2020	15	development	train	0	0	18.99	18.99	16.84478889	5.558780334	11.28600856	0.20381	0.25381	0.203048
1/23/2020 16:00	1/23/2020	16	development	train	0	0	104.5	104.5	17.5451	5.789883	11.755217	0.20371	0.25371	0.202968
1/23/2020 17:00	1/23/2020	17	development	train	0	0	41.86	41.86	39.01015556	12.87335133	26.13680423	0.20321	0.25321	0.202568
1/23/2020 18:00	1/23/2020	18	development	train	0	0	37.94	37.94	34.05954	11.2396482	22.8198918	0.20282	0.25282	0.202256
1/23/2020 19:00	1/23/2020	19	development	train	0	0	6.77	6.77	23.14584889	7.638130134	15.50771876	0.19933	0.24933	0.199464
1/23/2020 20:00	1/23/2020	20	development	train	0	0	-0.07	0	21.26554667	7.017630401	14.24791627	0.19685	0.24685	0.19748
1/23/2020 21:00	1/23/2020	21	development	train	0	0	11.96	11.96	20.87831556	6.889844135	13.98847143	0.18372	0.23372	0.186976
1/23/2020 22:00	1/23/2020	22	development	train	0	0	27.32	27.32	20.68154444	6.824909665	13.85663477	0.1685	0.2185	0.1748
1/23/2020 23:00	1/23/2020	23	development	train	0	0	16.6	16.6	21.53215111	7.105609866	14.42654124	0.16649	0.21649	0.173192
1/24/2020 0:00	1/24/2020	0	development	train	0	0	23.65	23.65	14.53517111	4.796606466	9.738564644	0.16888	0.21888	0.175104
1/24/2020 1:00	1/24/2020	1	development	train	0	0	23.3	23.3	18.88703556	6.232721735	12.65431383	0.16579	0.21579	0.172632
1/24/2020 2:00	1/24/2020	2	development	train	0	0	16.76	16.76	18.03309111	5.950920066	12.08217104	0.16748	0.21748	0.173984
1/24/2020 3:00	1/24/2020	3	development	train	0	0	14.21	14.21	19.76237556	6.521583935	13.24079163	0.17894	0.22894	0.183152
1/24/2020 4:00	1/24/2020	4	development	train	0	0	35.86	35.86	16.41709889	5.417642634	10.99945626	0.1897	0.2397	0.19176
1/24/2020 5:00	1/24/2020	5	development	train	0	0	6.19	6.19	19.53918222	6.447930133	13.09125209	0.19857	0.24857	0.198856
1/24/2020 6:00	1/24/2020	6	development	train	0	0	13.58	13.58	23.19007556	7.652724935	15.53735063	0.20464	0.25464	0.203712
1/24/2020 7:00	1/24/2020	7	development	train	0	0	15.79	15.79	21.48878222	7.091298133	14.39748409	0.20674	0.25674	0.205392
1/24/2020 8:00	1/24/2020	8	development	train	0.0446889	0.0446889	33.86	33.86	19.96795778	6.589426067	13.37853171	0.20564	0.25564	0.204512
1/24/2020 9:00	1/24/2020	9	development	train	0.1028334	0.1028334	29.86	29.86	20.89873778	6.896583467	14.00215431	0.20464	0.25464	0.203712
1/24/2020 10:00	1/24/2020	10	development	train	0.608	0.608	46.14	46.14	19.48906667	6.431392001	13.05767467	0.20325	0.25325	0.2026
1/24/2020 11:00	1/24/2020	11	development	train	0.46825	0.46825	65.12	65.12	18.09876667	5.972593001	12.12617367	0.20285	0.25285	0.20228
1/24/2020 12:00	1/24/2020	12	development	train	0.1102501	0.1102501	41.12	41.12	19.25572222	6.354388333	12.90133389	0.20275	0.25275	0.2022
1/24/2020 13:00	1/24/2020	13	development	train	0.12225	0.12225	62.52	62.52	23.79738667	7.853137601	15.94424907	0.20265	0.25265	0.20212
1/24/2020 14:00	1/24/2020	14	development	train	0.0320001	0.0320001	93.77	93.77	22.43272889	7.402800534	15.02992836	0.20225	0.25225	0.2018
1/24/2020 15:00	1/24/2020	15	development	train	0	0	105.59	105.59	23.52944	7.7647152	15.7647248	0.20175	0.25175	0.2014
1/24/2020 16:00	1/24/2020	16	development	train	0	0	79.92	79.92	19.73667778	6.513103667	13.22357411	0.20166	0.25166	0.201328
1/24/2020 17:00	1/24/2020	17	development	train	0	0	110.94	110.94	32.11257111	10.59714847	21.51542264	0.20116	0.25116	0.200928
1/24/2020 18:00	1/24/2020	18	development	train	0	0	55.81	55.81	45.03854667	14.8627204	30.17582627	0.20265	0.25265	0.20212
1/24/2020 19:00	1/24/2020	19	development	train	0	0	69.54	69.54	27.18448	8.9708784	18.2136016	0.19976	0.24976	0.199808
1/24/2020 20:00	1/24/2020	20	development	train	0	0	69.35	69.35	23.14480667	7.637786201	15.50702047	0.19508	0.24508	0.196064
1/24/2020 21:00	1/24/2020	21	development	train	0	0	72.32	72.32	20.99197778	6.927352667	14.06462511	0.18781	0.23781	0.190248
1/24/2020 22:00	1/24/2020	22	development	train	0	0	109.95	109.95	20.93168	6.9074544	14.0242256	0.17266	0.22266	0.178128
1/24/2020 23:00	1/24/2020	23	development	train	0	0	107.57	107.57	18.82394	6.2119002	12.6120398	0.18545	0.23545	0.18836
1/25/2020 0:00	1/25/2020	0	development	train	0	0	65.67	65.67	16.95536	5.5952688	11.3600912	0.18485	0.23485	0.18788
1/25/2020 1:00	1/25/2020	1	development	train	0	0	82.84	82.84	20.70861556	6.833843135	13.87477243	0.18664	0.23664	0.189312
1/25/2020 2:00	1/25/2020	2	development	train	0	0	62.96	62.96	21.19940667	6.995804201	14.20360247	0.18744	0.23744	0.189952
1/25/2020 3:00	1/25/2020	3	development	train	0	0	2.56	2.56	21.85049333	7.210662799	14.63983053	0.18843	0.23843	0.190744
1/25/2020 4:00	1/25/2020	4	development	train	0	0	3.47	3.47	18.44057556	6.085389935	12.35518563	0.18833	0.23833	0.190664
1/25/2020 5:00	1/25/2020	5	development	train	0	0	-0.28	0	18.65131333	6.154933399	12.49637993	0.1932	0.2432	0.19456
1/25/2020 6:00	1/25/2020	6	development	train	0	0	6.78	6.78	18.68494	6.1660302	12.5189098	0.20114	0.25114	0.200912
1/25/2020 7:00	1/25/2020	7	development	train	0	0	6.24	6.24	23.24637333	7.671303199	15.57507013	0.20581	0.25581	0.204648
1/25/2020 8:00	1/25/2020	8	development	train	0	0	12.61	12.61	27.75383333	9.158764999	18.59506833	0.2075	0.2575	0.206
1/25/2020 9:00	1/25/2020	9	development	train	0	0	13.89	13.89	24.26045111	8.005948866	16.25450224	0.20839	0.25839	0.206712
1/25/2020 10:00	1/25/2020	10	development	train	0.0058334	0.0058334	15.03	15.03	22.34360667	7.373390201	14.97021647	0.21088	0.26088	0.208704
1/25/2020 11:00	1/25/2020	11	development	train	0.0226666	0.0226666	15.5	15.5	21.87189556	7.217725535	14.65417003	0.21098	0.26098	0.208784
1/25/2020 12:00	1/25/2020	12	development	train	0.0003333	0.0003333	27.43	27.43	21.48003556	7.088411735	14.39162383	0.20889	0.25889	0.207112
1/25/2020 13:00	1/25/2020	13	development	train	0.0006667	0.0006667	8.14	8.14	22.89761556	7.556213135	15.34140243	0.20859	0.25859	0.206872
1/25/2020 14:00	1/25/2020	14	development	train	0.0195833	0.0195833	-0.26	0	22.37480667	7.383686201	14.99112047	0.20998	0.25998	0.207984
1/25/2020 15:00	1/25/2020	15	development	train	0	0	-0.31	0	21.28374222	7.023634933	14.26010729	0.21406	0.26406	0.211248
1/25/2020 16:00	1/25/2020	16	development	train	0	0	-0.25	0	20.65256444	6.815346265	13.83721817	0.21555	0.26555	0.21244
1/25/2020 17:00	1/25/2020	17	development	train	0	0	1.97	1.97	17.44228222	5.755953133	11.68632909	0.21406	0.26406	0.211248
1/25/2020 18:00	1/25/2020	18	development	train	0	0	13.47	13.47	23.06581556	7.611719135	15.45409643	0.20849	0.25849	0.206792
1/25/2020 19:00	1/25/2020	19	development	train	0	0	24.76	24.76	55.66448444	18.36927987	37.29520457	0.20651	0.25651	0.205208
1/25/2020 20:00	1/25/2020	20	development	train	0	0	24.49	24.49	27.24310667	8.990225201	18.25288147	0.20412	0.25412	0.203296
1/25/2020 21:00	1/25/2020	21	development	train	0	0	21.19	21.19	22.93641778	7.569017867	15.36739991	0.20224	0.25224	0.201792
1/25/2020 22:00	1/25/2020	22	development	train	0	0	21.62	21.62	20.21837778	6.672064667	13.54631311	0.19836	0.24836	0.198688
1/25/2020 23:00	1/25/2020	23	development	train	0	0	26	26	21.16902667	6.985778801	14.18324787	0.19277	0.24277	0.194216
1/26/2020 0:00	1/26/2020	0	development	train	0	0	31.77	31.77	21.76432889	7.182228534	14.58210036	0.18997	0.23997	0.191976
1/26/2020 1:00	1/26/2020	1	development	train	0	0	38.34	38.34	17.44748222	5.757669133	11.68981309	0.18656	0.23656	0.189248
1/26/2020 2:00	1/26/2020	2	development	train	0	0	21.51	21.51	15.97211778	5.270798867	10.70131891	0.18405	0.23405	0.18724
1/26/2020 3:00	1/26/2020	3	development	train	0	0	12.5	12.5	17.60295333	5.808974599	11.79397873	0.18856	0.23856	0.190848
1/26/2020 4:00	1/26/2020	4	development	train	0	0	14.52	14.52	13.48082556	4.448672435	9.032153125	0.18776	0.23776	0.190208
1/26/2020 5:00	1/26/2020	5	development	train	0	0	16.18	16.18	12.71810333	4.196974099	8.521129231	0.18896	0.23896	0.191168
1/26/2020 6:00	1/26/2020	6	development	train	0	0	14.25	14.25	13.19464222	4.354231933	8.840410287	0.19277	0.24277	0.194216
1/26/2020 7:00	1/26/2020	7	development	train	0	0	10.58	10.58	17.32123444	5.716007365	11.60522707	0.19598	0.24598	0.196784
1/26/2020 8:00	1/26/2020	8	development	train	0.10925	0.10925	7.88	7.88	20.48317778	6.759448667	13.72372911	0.2001	0.2501	0.20008
1/26/2020 9:00	1/26/2020	9	development	train	1.2149167	1.2149167	2.44	2.44	19.83015556	6.543951335	13.28620423	0.20341	0.25341	0.202728
1/26/2020 10:00	1/26/2020	10	development	train	2.5730833	2.5730833	0.42	0.42	20.95832222	6.916246333	14.04207589	0.20441	0.25441	0.203528
1/26/2020 11:00	1/26/2020	11	development	train	3.0994999	3.0994999	0.73	0.73	21.30554222	7.030828933	14.27471329	0.20461	0.25461	0.203688
1/26/2020 12:00	1/26/2020	12	development	train	3.8749998	3.8749998	0.01	0.01	14.88607444	4.912404565	9.973669875	0.20501	0.25501	0.204008
1/26/2020 13:00	1/26/2020	13	development	train	1.9175833	1.9175833	-0.27	0	19.36542667	6.390590801	12.97483587	0.20581	0.25581	0.204648
1/26/2020 14:00	1/26/2020	14	development	train	0.4134167	0.4134167	-0.3	0	17.65670667	5.826713201	11.82999347	0.20862	0.25862	0.206896
1/26/2020 15:00	1/26/2020	15	development	train	0	0	-0.37	0	17.89277667	5.904616301	11.98816037	0.21223	0.26223	0.209784
1/26/2020 16:00	1/26/2020	16	development	train	0	0	-0.26	0	17.88955556	5.903553335	11.98600223	0.21394	0.26394	0.211152
1/26/2020 17:00	1/26/2020	17	development	train	0	0	-0.31	0	17.02629444	5.618677165	11.40761727	0.21314	0.26314	0.210512
1/26/2020 18:00	1/26/2020	18	development	train	0	0	-0.27	0	16.57141111	5.468565666	11.10284544	0.21103	0.26103	0.208824
1/26/2020 19:00	1/26/2020	19	development	train	0	0	-0.27	0	49.78299556	16.42838853	33.35460703	0.20722	0.25722	0.205776
1/26/2020 20:00	1/26/2020	20	development	train	0	0	8.88	8.88	36.17653111	11.93825527	24.23827584	0.20351	0.25351	0.202808
1/26/2020 21:00	1/26/2020	21	development	train	0	0	14.84	14.84	21.31658222	7.034472133	14.28211009	0.2013	0.2513	0.20104
1/26/2020 22:00	1/26/2020	22	development	train	0	0	1.59	1.59	19.53175778	6.445480067	13.08627771	0.19899	0.24899	0.199192
1/26/2020 23:00	1/26/2020	23	development	train	0	0	-0.25	0	19.01596222	6.275267533	12.74069469	0.19598	0.24598	0.196784
1/27/2020 0:00	1/27/2020	0	development	train	0	0	-0.32	0	16.02978222	5.289828133	10.73995409	0.19418	0.24418	0.195344
1/27/2020 1:00	1/27/2020	1	development	train	0	0	-0.33	0	21.80867333	7.196862199	14.61181113	0.19308	0.24308	0.194464
1/27/2020 2:00	1/27/2020	2	development	train	0	0	-0.33	0	21.74181778	7.174799867	14.56701791	0.19408	0.24408	0.195264
1/27/2020 3:00	1/27/2020	3	development	train	0	0	-0.32	0	23.22644444	7.664726665	15.56171777	0.19819	0.24819	0.198552
1/27/2020 4:00	1/27/2020	4	development	train	0	0	-0.29	0	20.42911111	6.741606666	13.68750444	0.2011	0.2511	0.20088
1/27/2020 5:00	1/27/2020	5	development	train	0	0	-0.34	0	18.44434444	6.086633665	12.35771077	0.20772	0.25772	0.206176
1/27/2020 6:00	1/27/2020	6	development	train	0	0	-0.34	0	19.04901333	6.286174399	12.76283893	0.21223	0.26223	0.209784
1/27/2020 7:00	1/27/2020	7	development	train	0	0	-0.32	0	28.21655111	9.311461866	18.90508924	0.21374	0.26374	0.210992
1/27/2020 8:00	1/27/2020	8	development	train	0.3959167	0.3959167	-0.37	0	26.23616889	8.657935734	17.57823316	0.21354	0.26354	0.210832
1/27/2020 9:00	1/27/2020	9	development	train	2.4655833	2.4655833	-0.38	0	23.91350444	7.891456465	16.02204797	0.21374	0.26374	0.210992
1/27/2020 10:00	1/27/2020	10	development	train	6.0939167	6.0939167	-0.35	0	22.07948444	7.286229865	14.79325457	0.21364	0.26364	0.210912
1/27/2020 11:00	1/27/2020	11	development	train	3.6175834	3.6175834	-0.32	0	21.30177333	7.029585199	14.27218813	0.21374	0.26374	0.210992
1/27/2020 12:00	1/27/2020	12	development	train	2.8175833	2.8175833	-0.34	0	20.14849778	6.649004267	13.49949351	0.21374	0.26374	0.210992
1/27/2020 13:00	1/27/2020	13	development	train	3.4685834	3.4685834	-0.3	0	26.73521556	8.822621135	17.91259443	0.21444	0.26444	0.211552
1/27/2020 14:00	1/27/2020	14	development	train	1.1355001	1.1355001	-0.31	0	29.54722889	9.750585534	19.79664336	0.21685	0.26685	0.21348
1/27/2020 15:00	1/27/2020	15	development	train	0	0	-0.37	0	28.98026889	9.563488734	19.41678016	0.22547	0.27547	0.220376
1/27/2020 16:00	1/27/2020	16	development	train	0	0	-0.39	0	22.00803333	7.262650999	14.74538233	0.23961	0.28961	0.231688
1/27/2020 17:00	1/27/2020	17	development	train	0	0	-0.37	0	24.74161556	8.164733135	16.57688243	0.23089	0.28089	0.224712
1/27/2020 18:00	1/27/2020	18	development	train	0	0	-0.36	0	45.74844444	15.09698667	30.65145777	0.21655	0.26655	0.21324
1/27/2020 19:00	1/27/2020	19	development	train	0	0	-0.31	0	44.68116889	14.74478573	29.93638316	0.21213	0.26213	0.209704
1/27/2020 20:00	1/27/2020	20	development	train	0	0	-0.29	0	29.09522222	9.601423333	19.49379889	0.21113	0.26113	0.208904
1/27/2020 21:00	1/27/2020	21	development	train	0	0	-0.34	0	29.49412667	9.733061801	19.76106487	0.20702	0.25702	0.205616
1/27/2020 22:00	1/27/2020	22	development	train	0	0	-0.31	0	24.11812667	7.958981801	16.15914487	0.20361	0.25361	0.202888
1/27/2020 23:00	1/27/2020	23	development	train	0	0	-0.33	0	25.51804	8.4209532	17.0970868	0.20185	0.25185	0.20148
1/28/2020 0:00	1/28/2020	0	development	train	0	0	-0.33	0	26.50573556	8.746892735	17.75884283	0.20155	0.25155	0.20124
1/28/2020 1:00	1/28/2020	1	development	train	0	0	-0.33	0	25.06455333	8.271302599	16.79325073	0.20155	0.25155	0.20124
1/28/2020 2:00	1/28/2020	2	development	train	0	0	-0.31	0	22.26221778	7.346531867	14.91568591	0.20205	0.25205	0.20164
1/28/2020 3:00	1/28/2020	3	development	train	0	0	-0.35	0	22.32166222	7.366148533	14.95551369	0.20416	0.25416	0.203328
1/28/2020 4:00	1/28/2020	4	development	train	0	0	-0.35	0	20.31171111	6.702864666	13.60884644	0.20656	0.25656	0.205248
1/28/2020 5:00	1/28/2020	5	development	train	0	0	-0.35	0	17.33082444	5.719172065	11.61165237	0.21268	0.26268	0.210144
1/28/2020 6:00	1/28/2020	6	development	train	0	0	-0.33	0	12.65110556	4.174864835	8.476240725	0.23344	0.28344	0.226752
1/28/2020 7:00	1/28/2020	7	development	train	0	0	-0.4	0	21.62516889	7.136305734	14.48886316	0.23594	0.28594	0.228752
1/28/2020 8:00	1/28/2020	8	development	train	0.9291667	0.9291667	-0.43	0	21.72727778	7.170001667	14.55727611	0.23454	0.28454	0.227632
1/28/2020 9:00	1/28/2020	9	development	train	12.7078332	12.7078332	-0.41	0	20.21281333	6.670228399	13.54258493	0.23484	0.28484	0.227872
1/28/2020 10:00	1/28/2020	10	development	train	26.236667	26.236667	-0.39	0	20.74262222	6.845065333	13.89755689	0.23303	0.28303	0.226424
1/28/2020 11:00	1/28/2020	11	development	train	36.000749	36.000749	-0.39	0	22.18221556	7.320131135	14.86208443	0.23043	0.28043	0.224344
1/28/2020 12:00	1/28/2020	12	development	train	29.562417	29.562417	-0.4	0	21.6662	7.149846	14.516354	0.23023	0.28023	0.224184
1/28/2020 13:00	1/28/2020	13	development	train	14.15375	14.15375	-0.34	0	24.42224889	8.059342134	16.36290676	0.23033	0.28033	0.224264
1/28/2020 14:00	1/28/2020	14	development	train	2.9433845	2.9433845	-0.37	0	24.99532667	8.248457801	16.74686887	0.23454	0.28454	0.227632
1/28/2020 15:00	1/28/2020	15	development	train	0	0	-0.38	0	23.48248	7.7492184	15.7332616	0.23715	0.28715	0.22972
1/28/2020 16:00	1/28/2020	16	development	train	0	0	-0.41	0	22.24350667	7.340357201	14.90314947	0.23674	0.28674	0.229392
1/28/2020 17:00	1/28/2020	17	development	train	0	0	-0.47	0	25.62058889	8.454794334	17.16579456	0.23063	0.28063	0.224504
1/28/2020 18:00	1/28/2020	18	development	train	0	0	-0.42	0	48.09369778	15.87092027	32.22277751	0.22521	0.27521	0.220168
1/28/2020 19:00	1/28/2020	19	development	train	0	0	-0.4	0	32.62449111	10.76608207	21.85840904	0.21509	0.26509	0.212072
1/28/2020 20:00	1/28/2020	20	development	train	0	0	-0.41	0	29.92084222	9.873877933	20.04696429	0.21158	0.26158	0.209264
1/28/2020 21:00	1/28/2020	21	development	train	0	0	-0.4	0	29.44231333	9.715963399	19.72634993	0.20546	0.25546	0.204368
1/28/2020 22:00	1/28/2020	22	development	train	0	0	-0.42	0	21.90732	7.2294156	14.6779044	0.20135	0.25135	0.20108
1/28/2020 23:00	1/28/2020	23	development	train	0	0	1.46	1.46	15.75016111	5.197553166	10.55260794	0.20153	0.25153	0.201224
1/29/2020 0:00	1/29/2020	0	development	train	0	0	-0.38	0	15.10460556	4.984519835	10.12008573	0.19779	0.24779	0.198232
1/29/2020 1:00	1/29/2020	1	development	train	0	0	-0.37	0	13.79021	4.5507693	9.2394407	0.19355	0.24355	0.19484
1/29/2020 2:00	1/29/2020	2	development	train	0	0	-0.33	0	14.56781	4.8073773	9.7604327	0.19809	0.24809	0.198472
1/29/2020 3:00	1/29/2020	3	development	train	0	0	-0.37	0	20.45185778	6.749113067	13.70274471	0.20173	0.25173	0.201384
1/29/2020 4:00	1/29/2020	4	development	train	0	0	-0.31	0	15.03364444	4.961102665	10.07254177	0.20496	0.25496	0.203968
1/29/2020 5:00	1/29/2020	5	development	train	0	0	-0.27	0	16.18817444	5.342097565	10.84607687	0.21223	0.26223	0.209784
1/29/2020 6:00	1/29/2020	6	development	train	0	0	-0.29	0	16.71116889	5.514685734	11.19648316	0.21739	0.26739	0.213912
1/29/2020 7:00	1/29/2020	7	development	train	0	0	-0.32	0	23.46541778	7.743587867	15.72182991	0.22112	0.27112	0.216896
1/29/2020 8:00	1/29/2020	8	development	train	0.0179091	0.0179091	-0.31	0	28.61366667	9.442510001	19.17115667	0.21971	0.26971	0.215768
1/29/2020 9:00	1/29/2020	9	development	train	0.9213333	0.9213333	-0.32	0	28.28589333	9.334344799	18.95154853	0.21941	0.26941	0.215528
1/29/2020 10:00	1/29/2020	10	development	train	2.8983333	2.8983333	-0.3	0	21.66998222	7.151094133	14.51888809	0.2191	0.2691	0.21528
1/29/2020 11:00	1/29/2020	11	development	train	4.0705834	4.0705834	-0.33	0	17.88463556	5.901929735	11.98270583	0.21708	0.26708	0.213664
1/29/2020 12:00	1/29/2020	12	development	train	3.3335834	3.3335834	-0.32	0	21.07154667	6.953610401	14.11793627	0.21658	0.26658	0.213264
1/29/2020 13:00	1/29/2020	13	development	train	0.6685833	0.6685833	-0.29	0	19.98843111	6.596182266	13.39224884	0.21648	0.26648	0.213184
1/29/2020 14:00	1/29/2020	14	development	train	0.0559166	0.0559166	-0.27	0	21.17311111	6.987126666	14.18598444	0.21698	0.26698	0.213584
1/29/2020 15:00	1/29/2020	15	development	train	0	0	-0.34	0	22.01409111	7.264650066	14.74944104	0.22042	0.27042	0.216336
1/29/2020 16:00	1/29/2020	16	development	train	0	0	-0.47	0	17.40178667	5.742589601	11.65919707	0.22335	0.27335	0.21868
1/29/2020 17:00	1/29/2020	17	development	train	0	0	-0.39	0	20.40919556	6.735034535	13.67416103	0.22082	0.27082	0.216656
1/29/2020 18:00	1/29/2020	18	development	train	0	0	-0.29	0	49.35809333	16.2881708	33.06992253	0.21809	0.26809	0.214472
1/29/2020 19:00	1/29/2020	19	development	train	0	0	-0.3	0	24.59667556	8.116902935	16.47977263	0.21516	0.26516	0.212128
1/29/2020 20:00	1/29/2020	20	development	train	0	0	7.1	7.1	25.7084	8.483772	17.224628	0.21324	0.26324	0.210592
1/29/2020 21:00	1/29/2020	21	development	train	0	0	14.11	14.11	22.06294222	7.280770933	14.78217129	0.20819	0.25819	0.206552
1/29/2020 22:00	1/29/2020	22	development	train	0	0	0.2	0.2	23.82891111	7.863540666	15.96537044	0.20234	0.25234	0.201872
1/29/2020 23:00	1/29/2020	23	development	train	0	0	-0.3	0	20.50229333	6.765756799	13.73653653	0.19874	0.24874	0.198992
1/30/2020 0:00	1/30/2020	0	development	train	0	0	-0.4	0	20.92505778	6.905269067	14.01978871	0.19764	0.24764	0.198112
1/30/2020 1:00	1/30/2020	1	development	train	0	0	-0.37	0	19.71115333	6.504680599	13.20647273	0.19784	0.24784	0.198272
1/30/2020 2:00	1/30/2020	2	development	train	0	0	-0.36	0	18.84308222	6.218217133	12.62486509	0.19864	0.24864	0.198912
1/30/2020 3:00	1/30/2020	3	development	train	0	0	-0.39	0	19.69695333	6.499994599	13.19695873	0.20015	0.25015	0.20012
1/30/2020 4:00	1/30/2020	4	development	train	0	0	-0.38	0	17.88815556	5.903091335	11.98506423	0.20719	0.25719	0.205752
1/30/2020 5:00	1/30/2020	5	development	train	0	0	-0.43	0	16.87380778	5.568356567	11.30545121	0.21292	0.26292	0.210336
1/30/2020 6:00	1/30/2020	6	development	train	0	0	-0.38	0	20.28773556	6.694952735	13.59278283	0.22146	0.27146	0.217168
1/30/2020 7:00	1/30/2020	7	development	train	0	0	-0.4	0	32.03057333	10.5700892	21.46048413	0.22548	0.27548	0.220384
1/30/2020 8:00	1/30/2020	8	development	train	3.2131667	3.2131667	-0.42	0	30.10566222	9.934868533	20.17079369	0.22448	0.27448	0.219584
1/30/2020 9:00	1/30/2020	9	development	train	19.773667	19.773667	0.61	0.61	21.39278667	7.059619601	14.33316707	0.22568	0.27568	0.220544
1/30/2020 10:00	1/30/2020	10	development	train	33.5453086	33.5453086	-0.38	0	17.09157222	5.640218833	11.45135339	0.22528	0.27528	0.220224
1/30/2020 11:00	1/30/2020	11	development	train	40.226333	40.226333	-0.41	0	14.25555778	4.704334067	9.551223713	0.22508	0.27508	0.220064
1/30/2020 12:00	1/30/2020	12	development	train	25.4535093	25.4535093	-0.34	0	14.46356	4.7729748	9.6905852	0.22438	0.27438	0.219504
1/30/2020 13:00	1/30/2020	13	development	train	8.0923333	8.0923333	-0.33	0	18.98793778	6.266019467	12.72191831	0.22337	0.27337	0.218696
1/30/2020 14:00	1/30/2020	14	development	train	0	0	-0.39	0	20.42644889	6.740728134	13.68572076	0.22448	0.27448	0.219584
1/30/2020 15:00	1/30/2020	15	development	train	0	0	-0.39	0	23.99652	7.9188516	16.0776684	0.22588	0.27588	0.220704
1/30/2020 16:00	1/30/2020	16	development	train	0	0	-0.43	0	23.85826889	7.873228734	15.98504016	0.22689	0.27689	0.221512
1/30/2020 17:00	1/30/2020	17	development	train	0	0	-0.4	0	24.26708444	8.008137865	16.25894657	0.22277	0.27277	0.218216
1/30/2020 18:00	1/30/2020	18	development	train	0	0	-0.41	0	50.88868444	16.79326587	34.09541857	0.21553	0.26553	0.212424
1/30/2020 19:00	1/30/2020	19	development	train	0	0	-0.42	0	40.83818667	13.4766016	27.36158507	0.21131	0.26131	0.209048
1/30/2020 20:00	1/30/2020	20	development	train	0	0	-0.42	0	26.07650444	8.605246465	17.47125797	0.20849	0.25849	0.206792
1/30/2020 21:00	1/30/2020	21	development	train	0	0	-0.41	0	22.15513111	7.311193266	14.84393784	0.20377	0.25377	0.203016
1/30/2020 22:00	1/30/2020	22	development	train	0	0	14.27	14.27	21.82938889	7.203698334	14.62569056	0.19663	0.24663	0.197304
1/30/2020 23:00	1/30/2020	23	development	train	0	0	16.1	16.1	19.4172	6.407676	13.009524	0.1775	0.2275	0.182
1/31/2020 0:00	1/31/2020	0	development	train	0	0	31.59	31.59	16.79537556	5.542473935	11.25290163	0.16236	0.21236	0.169888
1/31/2020 1:00	1/31/2020	1	development	train	0	0	66.55	66.55	20.12419333	6.640983799	13.48320953	0.1587	0.2087	0.16696
1/31/2020 2:00	1/31/2020	2	development	train	0	0	51.38	51.38	22.16553556	7.314626735	14.85090883	0.15992	0.20992	0.167936
1/31/2020 3:00	1/31/2020	3	development	train	0	0	76.35	76.35	22.32278222	7.366518133	14.95626409	0.17018	0.22018	0.176144
1/31/2020 4:00	1/31/2020	4	development	train	0	0	105.35	105.35	17.86649222	5.895942433	11.97054979	0.18116	0.23116	0.184928
1/31/2020 5:00	1/31/2020	5	development	train	0	0	123.68	123.68	16.62051556	5.484770135	11.13574543	0.19528	0.24528	0.196224
1/31/2020 6:00	1/31/2020	6	development	train	0	0	109.7	109.7	18.08416667	5.967775001	12.11639167	0.20249	0.25249	0.201992
1/31/2020 7:00	1/31/2020	7	development	train	0	0	128.82	128.82	26.44655111	8.727361866	17.71918924	0.20463	0.25463	0.203704
1/31/2020 8:00	1/31/2020	8	development	train	0	0	124.4	124.4	23.12906444	7.632591265	15.49647317	0.2032	0.2532	0.20256
1/31/2020 9:00	1/31/2020	9	development	train	0	0	140.86	140.86	21.82606444	7.202601265	14.62346317	0.20239	0.25239	0.201912
1/31/2020 10:00	1/31/2020	10	development	train	0	0	86.91	86.91	19.76116889	6.521185734	13.23998316	0.20127	0.25127	0.201016
1/31/2020 11:00	1/31/2020	11	development	train	0	0	0	0	18.35204111	6.056173566	12.29586754	0.19995	0.24995	0.19996
1/31/2020 12:00	1/31/2020	12	development	train	0	0	20.48	20.48	21.21212667	7.000001801	14.21212487	0.19924	0.24924	0.199392
1/31/2020 13:00	1/31/2020	13	development	train	0	0	56.73	56.73	23.50702889	7.757319534	15.74970936	0.19863	0.24863	0.198904
1/31/2020 14:00	1/31/2020	14	development	train	0	0	5.15	5.15	25.38863111	8.378248266	17.01038284	0.19863	0.24863	0.198904
1/31/2020 15:00	1/31/2020	15	development	train	0	0	17.72	17.72	20.78645111	6.859528866	13.92692224	0.20138	0.25138	0.201104
1/31/2020 16:00	1/31/2020	16	development	train	0	0	10.51	10.51	18.57187333	6.128718199	12.44315513	0.2028	0.2528	0.20224
1/31/2020 17:00	1/31/2020	17	development	train	0	0	6.29	6.29	16.87191556	5.567732135	11.30418343	0.20138	0.25138	0.201104
1/31/2020 18:00	1/31/2020	18	development	train	0	0	31	31	48.64105778	16.05154907	32.58950871	0.19894	0.24894	0.199152
1/31/2020 19:00	1/31/2020	19	development	train	0	0	13.13	13.13	35.12724667	11.5919914	23.53525527	0.19396	0.24396	0.195168
1/31/2020 20:00	1/31/2020	20	development	train	0	0	-0.28	0	20.84354444	6.878369665	13.96517477	0.1901	0.2401	0.19208
1/31/2020 21:00	1/31/2020	21	development	train	0	0	-0.29	0	21.89153333	7.224205999	14.66732733	0.18593	0.23593	0.188744
1/31/2020 22:00	1/31/2020	22	development	train	0	0	-0.29	0	20.90683778	6.899256467	14.00758131	0.17364	0.22364	0.178912
1/31/2020 23:00	1/31/2020	23	development	train	0	0	-0.12	0	20.12946667	6.642724001	13.48674267	0.15395	0.20395	0.16316
2/1/2020 0:00	2/1/2020	0	development	train	0	0	24.45	24.45	18.00998111	5.943293766	12.06668734	0.15487	0.20487	0.163896
2/1/2020 1:00	2/1/2020	1	development	train	0	0	57.05	57.05	18.95870889	6.256373934	12.70233496	0.15477	0.20477	0.163816
2/1/2020 2:00	2/1/2020	2	development	train	0	0	68.15	68.15	18.44098	6.0855234	12.3554566	0.1564	0.2064	0.16512
2/1/2020 3:00	2/1/2020	3	development	train	0	0	69.37	69.37	17.49238111	5.772485766	11.71989534	0.15853	0.20853	0.166824
2/1/2020 4:00	2/1/2020	4	development	train	0	0	42.16	42.16	16.04063778	5.293410467	10.74722731	0.16108	0.21108	0.168864
2/1/2020 5:00	2/1/2020	5	development	train	0	0	0.64	0.64	14.17640444	4.678213465	9.498190975	0.16362	0.21362	0.170896
2/1/2020 6:00	2/1/2020	6	development	train	0	0	-0.24	0	17.31078444	5.712558865	11.59822557	0.16301	0.21301	0.170408
2/1/2020 7:00	2/1/2020	7	development	train	0	0	-0.27	0	18.28063222	6.032608633	12.24802359	0.16362	0.21362	0.170896
2/1/2020 8:00	2/1/2020	8	development	train	0	0	-0.3	0	17.49156556	5.772216635	11.71934893	0.16586	0.21586	0.172688
2/1/2020 9:00	2/1/2020	9	development	train	0	0	-0.26	0	18.98721111	6.265779666	12.72143144	0.16658	0.21658	0.173264
2/1/2020 10:00	2/1/2020	10	development	train	0	0	-0.25	0	24.70479333	8.152581799	16.55221153	0.16597	0.21597	0.172776
2/1/2020 11:00	2/1/2020	11	development	train	0	0	-0.29	0	23.62198889	7.795256334	15.82673256	0.16474	0.21474	0.171792
2/1/2020 12:00	2/1/2020	12	development	train	0	0	1.69	1.69	21.58391778	7.122692867	14.46122491	0.16383	0.21383	0.171064
2/1/2020 13:00	2/1/2020	13	development	train	0	0	7.92	7.92	22.10748	7.2954684	14.8120116	0.16342	0.21342	0.170736
2/1/2020 14:00	2/1/2020	14	development	train	0	0	7.5	7.5	21.35991556	7.048772135	14.31114343	0.16373	0.21373	0.170984
2/1/2020 15:00	2/1/2020	15	development	train	0	0	17.45	17.45	23.33690889	7.701179934	15.63572896	0.16597	0.21597	0.172776
2/1/2020 16:00	2/1/2020	16	development	train	0	0	40.8	40.8	22.29816222	7.358393533	14.93976869	0.17096	0.22096	0.176768
2/1/2020 17:00	2/1/2020	17	development	train	0	0	33.31	33.31	33.33273778	10.99980347	22.33293431	0.17279	0.22279	0.178232
2/1/2020 18:00	2/1/2020	18	development	train	0	0	26.5	26.5	51.83631556	17.10598413	34.73033143	0.16281	0.21281	0.170248
2/1/2020 19:00	2/1/2020	19	development	train	0	0	23.67	23.67	29.76312667	9.821831801	19.94129487	0.15721	0.20721	0.165768
2/1/2020 20:00	2/1/2020	20	development	train	0	0	16.81	16.81	22.45743556	7.410953735	15.04648183	0.1513	0.2013	0.16104
2/1/2020 21:00	2/1/2020	21	development	train	0	0	18.66	18.66	20.14336	6.6473088	13.4960512	0.13868	0.18868	0.150944
2/1/2020 22:00	2/1/2020	22	development	train	0	0	23.45	23.45	18.06224444	5.960540665	12.10170377	0.13797	0.18797	0.150376
2/1/2020 23:00	2/1/2020	23	development	train	0	0	22.09	22.09	18.50912444	6.108011065	12.40111337	0.14074	0.19074	0.152592
2/2/2020 0:00	2/2/2020	0	development	train	0	0	34.89	34.89	19.61728222	6.473703133	13.14357909	0.13962	0.18962	0.151696
2/2/2020 1:00	2/2/2020	1	development	train	0	0	77.06	77.06	25.31811111	8.354976666	16.96313444	0.13839	0.18839	0.150712
2/2/2020 2:00	2/2/2020	2	development	train	0	0	71.63	71.63	22.12952667	7.302743801	14.82678287	0.13819	0.18819	0.150552
2/2/2020 3:00	2/2/2020	3	development	train	0	0	52.86	52.86	22.40280667	7.392926201	15.00988047	0.13901	0.18901	0.151208
2/2/2020 4:00	2/2/2020	4	development	train	0	0	83.36	83.36	21.31763111	7.034818266	14.28281284	0.1434	0.1934	0.15472
2/2/2020 5:00	2/2/2020	5	development	train	0	0	22.38	22.38	20.10408889	6.634349334	13.46973956	0.14493	0.19493	0.155944
2/2/2020 6:00	2/2/2020	6	development	train	0	0	100.56	100.56	22.53911778	7.437908867	15.10120891	0.14513	0.19513	0.156104
2/2/2020 7:00	2/2/2020	7	development	train	0	0	101.68	101.68	26.32454667	8.687100401	17.63744627	0.15177	0.20177	0.161416
2/2/2020 8:00	2/2/2020	8	development	train	0	0	75.03	75.03	30.18174222	9.959974933	20.22176729	0.17148	0.22148	0.177184
2/2/2020 9:00	2/2/2020	9	development	train	0	0	39.29	39.29	28.50578667	9.406909601	19.09887707	0.17373	0.22373	0.178984
2/2/2020 10:00	2/2/2020	10	development	train	0	0	48.35	48.35	27.33972444	9.022109065	18.31761537	0.17373	0.22373	0.178984
2/2/2020 11:00	2/2/2020	11	development	train	0	0	9.87	9.87	20.29414444	6.697067665	13.59707677	0.17322	0.22322	0.178576
2/2/2020 12:00	2/2/2020	12	development	train	0	0	23.86	23.86	19.51818222	6.441000133	13.07718209	0.17302	0.22302	0.178416
2/2/2020 13:00	2/2/2020	13	development	train	0	0	50.92	50.92	24.61305333	8.122307599	16.49074573	0.17353	0.22353	0.178824
2/2/2020 14:00	2/2/2020	14	development	train	0	0	45.76	45.76	17.44050444	5.755366465	11.68513797	0.17782	0.22782	0.182256
2/2/2020 15:00	2/2/2020	15	development	train	0	0	20.45	20.45	22.12181333	7.300198399	14.82161493	0.18384	0.23384	0.187072
2/2/2020 16:00	2/2/2020	16	development	train	0	0	0.02	0.02	32.20024444	10.62608067	21.57416377	0.19314	0.24314	0.194512
2/2/2020 17:00	2/2/2020	17	development	train	0	0	-0.26	0	42.71850222	14.09710573	28.62139649	0.19263	0.24263	0.194104
2/2/2020 18:00	2/2/2020	18	development	train	0	0	0.3	0.3	19.33917778	6.381928667	12.95724911	0.18813	0.23813	0.190504
2/2/2020 19:00	2/2/2020	19	development	train	0	0	3.79	3.79	20.91976889	6.903523734	14.01624516	0.18211	0.23211	0.185688
2/2/2020 20:00	2/2/2020	20	development	train	0	0	7.05	7.05	23.13028	7.6329924	15.4972876	0.18109	0.23109	0.184872
2/2/2020 21:00	2/2/2020	21	development	train	0	0	1.76	1.76	24.66850889	8.140607934	16.52790096	0.17945	0.22945	0.18356
2/2/2020 22:00	2/2/2020	22	development	train	0	0	-0.26	0	15.54661556	5.130383135	10.41623243	0.17322	0.22322	0.178576
2/2/2020 23:00	2/2/2020	23	development	train	0	0	-0.31	0	14.59926222	4.817756533	9.781505687	0.16658	0.21658	0.173264
2/3/2020 0:00	2/3/2020	0	development	train	0	0	4.33	4.33	11.42642333	3.770719699	7.655703631	0.15984	0.20984	0.167872
2/3/2020 1:00	2/3/2020	1	development	train	0	0	2.46	2.46	17.48451667	5.769890501	11.71462617	0.15678	0.20678	0.165424
2/3/2020 2:00	2/3/2020	2	development	train	0	0	-0.32	0	17.59542889	5.806491534	11.78893736	0.15678	0.20678	0.165424
2/3/2020 3:00	2/3/2020	3	development	train	0	0	-0.41	0	17.50825556	5.777724335	11.73053123	0.16658	0.21658	0.173264
2/3/2020 4:00	2/3/2020	4	development	train	0	0	-0.36	0	15.33770778	5.061443567	10.27626421	0.17955	0.22955	0.18364
2/3/2020 5:00	2/3/2020	5	development	train	0	0	1.66	1.66	14.97515111	4.941799866	10.03335124	0.19906	0.24906	0.199248
2/3/2020 6:00	2/3/2020	6	development	train	0	0	4.62	4.62	12.63121667	4.168301501	8.462915169	0.20519	0.25519	0.204152
2/3/2020 7:00	2/3/2020	7	development	train	0	0	0.15	0.15	16.01330556	5.284390835	10.72891473	0.20846	0.25846	0.206768
2/3/2020 8:00	2/3/2020	8	development	train	0	0	-0.36	0	25.97747333	8.572566199	17.40490713	0.20948	0.25948	0.207584
2/3/2020 9:00	2/3/2020	9	development	train	0	0	-0.37	0	26.96035556	8.896917335	18.06343823	0.21111	0.26111	0.208888
2/3/2020 10:00	2/3/2020	10	development	train	0	0	-0.36	0	30.93531333	10.2086534	20.72665993	0.21244	0.26244	0.209952
2/3/2020 11:00	2/3/2020	11	development	train	0	0	-0.35	0	30.26136	9.9862488	20.2751112	0.21397	0.26397	0.211176
2/3/2020 12:00	2/3/2020	12	development	train	0	0	-0.34	0	28.89643778	9.535824467	19.36061331	0.21479	0.26479	0.211832
2/3/2020 13:00	2/3/2020	13	development	train	0	0	-0.34	0	23.64673333	7.803421999	15.84331133	0.2153	0.2653	0.21224
2/3/2020 14:00	2/3/2020	14	development	train	0	0	-0.38	0	25.71656222	8.486465533	17.23009669	0.21561	0.26561	0.212488
2/3/2020 15:00	2/3/2020	15	development	train	0	0	-0.44	0	27.16075111	8.963047866	18.19770324	0.21724	0.26724	0.213792
2/3/2020 16:00	2/3/2020	16	development	train	0	0	-0.48	0	26.16896667	8.635759001	17.53320767	0.21755	0.26755	0.21404
2/3/2020 17:00	2/3/2020	17	development	train	0	0	-0.44	0	22.57413556	7.449464735	15.12467083	0.21612	0.26612	0.212896
2/3/2020 18:00	2/3/2020	18	development	train	0	0	-0.47	0	55.91218222	18.45102013	37.46116209	0.21602	0.26602	0.212816
2/3/2020 19:00	2/3/2020	19	development	train	0	0	-0.45	0	29.69292222	9.798664333	19.89425789	0.20376	0.25376	0.203008
2/3/2020 20:00	2/3/2020	20	development	train	0	0	-0.42	0	28.42371333	9.379825399	19.04388793	0.19681	0.24681	0.197448
2/3/2020 21:00	2/3/2020	21	development	train	0	0	-0.51	0	27.87921556	9.200141135	18.67907443	0.1912	0.2412	0.19296
2/3/2020 22:00	2/3/2020	22	development	train	0	0	-0.45	0	19.40149778	6.402494267	12.99900351	0.18364	0.23364	0.186912
2/3/2020 23:00	2/3/2020	23	development	train	0	0	-0.43	0	21.35298889	7.046486334	14.30650256	0.18166	0.23166	0.185328
2/4/2020 0:00	2/4/2020	0	development	train	0	0	-0.51	0	20.15453778	6.650997467	13.50354031	0.17581	0.22581	0.180648
2/4/2020 1:00	2/4/2020	1	development	train	0	0	-0.54	0	20.62234	6.8053722	13.8169678	0.16944	0.21944	0.175552
2/4/2020 2:00	2/4/2020	2	development	train	0	0	-0.41	0	20.86606222	6.885800533	13.98026169	0.16493	0.21493	0.171944
2/4/2020 3:00	2/4/2020	3	development	train	0	0	-0.45	0	24.87364444	8.208302665	16.66534177	0.17211	0.22211	0.177688
2/4/2020 4:00	2/4/2020	4	development	train	0	0	-0.5	0	19.28045333	6.362549599	12.91790373	0.18515	0.23515	0.18812
2/4/2020 5:00	2/4/2020	5	development	train	0	0	-0.5	0	18.48100444	6.098731465	12.38227297	0.21019	0.26019	0.208152
2/4/2020 6:00	2/4/2020	6	development	train	0	0	-0.46	0	18.85793333	6.223117999	12.63481533	0.24262	0.29262	0.234096
2/4/2020 7:00	2/4/2020	7	development	train	0	0	-0.45	0	21.74193111	7.174837266	14.56709384	0.25206	0.30206	0.241648
2/4/2020 8:00	2/4/2020	8	development	train	0	0	-0.46	0	30.95745778	10.21596107	20.74149671	0.24683	0.29683	0.237464
2/4/2020 9:00	2/4/2020	9	development	train	0	0	-0.49	0	30.03823778	9.912618467	20.12561931	0.24057	0.29057	0.232456
2/4/2020 10:00	2/4/2020	10	development	train	0	0	-0.45	0	23.06897778	7.612762667	15.45621511	0.23071	0.28071	0.224568
2/4/2020 11:00	2/4/2020	11	development	train	0	0	-0.43	0	23.75094444	7.837811665	15.91313277	0.22651	0.27651	0.221208
2/4/2020 12:00	2/4/2020	12	development	train	0	0	-0.38	0	19.22518222	6.344310133	12.88087209	0.22281	0.27281	0.218248
2/4/2020 13:00	2/4/2020	13	development	train	0	0	-0.39	0	17.48678889	5.770640334	11.71614856	0.21532	0.26532	0.212256
2/4/2020 14:00	2/4/2020	14	development	train	0	0	3.7	3.7	26.13574222	8.624794933	17.51094729	0.21132	0.26132	0.209056
2/4/2020 15:00	2/4/2020	15	development	train	0	0	0	0	31.71835333	10.4670566	21.25129673	0.20926	0.25926	0.207408
2/4/2020 16:00	2/4/2020	16	development	train	0	0	0	0	46.90829333	15.4797368	31.42855653	0.20495	0.25495	0.20396
2/4/2020 17:00	2/4/2020	17	development	train	0	0	0	0	35.5885	11.744205	23.844295	0.20105	0.25105	0.20084
2/4/2020 18:00	2/4/2020	18	development	train	0	0	0	0	26.41164667	8.715843401	17.69580327	0.19962	0.24962	0.199696
2/4/2020 19:00	2/4/2020	19	development	train	0	0	0	0	27.26486667	8.997406001	18.26746067	0.19839	0.24839	0.198712
2/4/2020 20:00	2/4/2020	20	development	train	0	0	0	0	27.56003111	9.094810266	18.46522084	0.19623	0.24623	0.196984
2/4/2020 21:00	2/4/2020	21	development	train	0	0	0	0	29.29882667	9.668612801	19.63021387	0.19079	0.24079	0.192632
2/4/2020 22:00	2/4/2020	22	development	train	0	0	0	0	26.89183778	8.874306467	18.01753131	0.1833	0.2333	0.18664
2/4/2020 23:00	2/4/2020	23	development	train	0	0	0	0	24.39876889	8.051593734	16.34717516	0.16631	0.21631	0.173048
2/5/2020 0:00	2/5/2020	0	development	train	0	0	0	0	23.98091111	7.913700666	16.06721044	0.16416	0.21416	0.171328
2/5/2020 1:00	2/5/2020	1	development	train	0	0	0	0	20.15647556	6.651636935	13.50483863	0.16365	0.21365	0.17092
2/5/2020 2:00	2/5/2020	2	development	train	0	0	0	0	17.38066556	5.735619635	11.64504593	0.16447	0.21447	0.171576
2/5/2020 3:00	2/5/2020	3	development	train	0	0	0	0	17.24743556	5.691653735	11.55578183	0.16896	0.21896	0.175168
2/5/2020 4:00	2/5/2020	4	development	train	0	0	0	0	17.15074556	5.659746035	11.49099953	0.17274	0.22274	0.178192
2/5/2020 5:00	2/5/2020	5	development	train	0	0	0	0	16.28732444	5.374817065	10.91250737	0.18182	0.23182	0.185456
2/5/2020 6:00	2/5/2020	6	development	train	0	0	0	0	15.29132	5.0461356	10.2451844	0.18417	0.23417	0.187336
2/5/2020 7:00	2/5/2020	7	development	train	0	0	0	0	20.25119556	6.682894535	13.56830103	0.18826	0.23826	0.190608
2/5/2020 8:00	2/5/2020	8	development	train	0	0	2.15	2.15	24.94126667	8.230618001	16.71064867	0.18836	0.23836	0.190688
2/5/2020 9:00	2/5/2020	9	development	train	0	0	80.17	80.17	24.61784667	8.123889401	16.49395727	0.18662	0.23662	0.189296
2/5/2020 10:00	2/5/2020	10	development	train	0	0	83.44	83.44	23.00296889	7.590979734	15.41198916	0.18325	0.23325	0.1866
2/5/2020 11:00	2/5/2020	11	development	train	0	0	97.83	97.83	24.15237778	7.970284667	16.18209311	0.1807	0.2307	0.18456
2/5/2020 12:00	2/5/2020	12	development	train	0	0	72.02	72.02	27.80732667	9.176417801	18.63090887	0.17876	0.22876	0.183008
2/5/2020 13:00	2/5/2020	13	development	train	0	0	108.15	108.15	46.55081778	15.36176987	31.18904791	0.17743	0.22743	0.181944
2/5/2020 14:00	2/5/2020	14	development	train	0	0	113.61	113.61	49.52516	16.3433028	33.1818572	0.17703	0.22703	0.181624
2/5/2020 15:00	2/5/2020	15	development	train	0	0	25.85	25.85	28.05642	9.2586186	18.7978014	0.17866	0.22866	0.182928
2/5/2020 16:00	2/5/2020	16	development	train	0	0	8.81	8.81	23.09244222	7.620505933	15.47193629	0.17978	0.22978	0.183824
2/5/2020 17:00	2/5/2020	17	development	train	0	0	0.72	0.72	20.22986889	6.675856734	13.55401216	0.17794	0.22794	0.182352
2/5/2020 18:00	2/5/2020	18	development	train	0	0	0.45	0.45	22.41913556	7.398314735	15.02082083	0.17427	0.22427	0.179416
2/5/2020 19:00	2/5/2020	19	development	train	0	0	-0.25	0	24.93191556	8.227532135	16.70438343	0.16845	0.21845	0.17476
2/5/2020 20:00	2/5/2020	20	development	train	0	0	-0.25	0	24.98273111	8.244301266	16.73842984	0.1661	0.2161	0.17288
2/5/2020 21:00	2/5/2020	21	development	train	0	0	-0.3	0	22.83128222	7.534323133	15.29695909	0.16069	0.21069	0.168552
2/5/2020 22:00	2/5/2020	22	development	train	0	0	-0.28	0	19.89775111	6.566257866	13.33149324	0.15273	0.20273	0.162184
2/5/2020 23:00	2/5/2020	23	development	train	0	0	-0.3	0	17.65357444	5.825679565	11.82789487	0.14918	0.19918	0.159344
2/6/2020 0:00	2/6/2020	0	development	train	0	0	-0.29	0	14.70856111	4.853825166	9.854735944	0.14807	0.19807	0.158456
2/6/2020 1:00	2/6/2020	1	development	train	0	0	-0.31	0	28.73890889	9.483839934	19.25506896	0.14725	0.19725	0.1578
2/6/2020 2:00	2/6/2020	2	development	train	0	0	-0.3	0	24.04566889	7.935070734	16.11059816	0.14908	0.19908	0.159264
2/6/2020 3:00	2/6/2020	3	development	train	0	0	-0.32	0	22.53742889	7.437351534	15.10007736	0.15344	0.20344	0.162752
2/6/2020 4:00	2/6/2020	4	development	train	0	0	-0.61	0	19.66938222	6.490896133	13.17848609	0.16105	0.21105	0.16884
2/6/2020 5:00	2/6/2020	5	development	train	0	0	-0.31	0	20.74257556	6.845049935	13.89752563	0.16713	0.21713	0.173704
2/6/2020 6:00	2/6/2020	6	development	train	0	0	-0.32	0	18.13289889	5.983856634	12.14904226	0.17484	0.22484	0.179872
2/6/2020 7:00	2/6/2020	7	development	train	0	0	-0.32	0	20.98991111	6.926670666	14.06324044	0.18245	0.23245	0.18596
2/6/2020 8:00	2/6/2020	8	development	train	0	0	-0.31	0	21.98728667	7.255804601	14.73148207	0.18346	0.23346	0.186768
2/6/2020 9:00	2/6/2020	9	development	train	0	0	-0.31	0	20.02322222	6.607663333	13.41555889	0.18376	0.23376	0.187008
2/6/2020 10:00	2/6/2020	10	development	train	0	0	-0.32	0	22.08774889	7.288957134	14.79879176	0.18174	0.23174	0.185392
2/6/2020 11:00	2/6/2020	11	development	train	0	0	-0.34	0	24.36119556	8.039194535	16.32200103	0.17991	0.22991	0.183928
2/6/2020 12:00	2/6/2020	12	development	train	0	0	-0.32	0	20.81328444	6.868383865	13.94490057	0.17768	0.22768	0.182144
2/6/2020 13:00	2/6/2020	13	development	train	0	0	-0.31	0	22.05154222	7.277008933	14.77453329	0.17829	0.22829	0.182632
2/6/2020 14:00	2/6/2020	14	development	train	0	0	-0.32	0	24.39826222	8.051426533	16.34683569	0.18174	0.23174	0.185392
2/6/2020 15:00	2/6/2020	15	development	train	0	0	-0.37	0	23.22532222	7.664356333	15.56096589	0.18569	0.23569	0.188552
2/6/2020 16:00	2/6/2020	16	development	train	0	0	-0.34	0	20.56517778	6.786508667	13.77866911	0.18671	0.23671	0.189368
2/6/2020 17:00	2/6/2020	17	development	train	0	0	-0.32	0	36.83065778	12.15411707	24.67654071	0.18762	0.23762	0.190096
2/6/2020 18:00	2/6/2020	18	development	train	0	0	-0.32	0	30.48204	10.0590732	20.4229668	0.18883	0.23883	0.191064
2/6/2020 19:00	2/6/2020	19	development	train	0	0	-0.31	0	24.14628	7.9682724	16.1780076	0.18944	0.23944	0.191552
2/6/2020 20:00	2/6/2020	20	development	train	0	0	-0.3	0	25.61149333	8.451792799	17.15970053	0.19025	0.24025	0.1922
2/6/2020 21:00	2/6/2020	21	development	train	0	0	-0.3	0	22.06134	7.2802422	14.7810978	0.18305	0.23305	0.18644
2/6/2020 22:00	2/6/2020	22	development	train	0	0	-0.35	0	25.97577778	8.572006667	17.40377111	0.17646	0.22646	0.181168
2/6/2020 23:00	2/6/2020	23	development	train	0	0	-0.38	0	21.93787556	7.239498935	14.69837663	0.16678	0.21678	0.173424
2/7/2020 0:00	2/7/2020	0	development	train	0	0	5.92	5.92	22.61901111	7.464273666	15.15473744	0.16434	0.21434	0.171472
2/7/2020 1:00	2/7/2020	1	development	train	0	0	13.21	13.21	22.75971333	7.510705399	15.24900793	0.16221	0.21221	0.169768
2/7/2020 2:00	2/7/2020	2	development	train	0	0	42.57	42.57	21.40807556	7.064664935	14.34341063	0.16191	0.21191	0.169528
2/7/2020 3:00	2/7/2020	3	development	train	0	0	38.18	38.18	18.40470778	6.073553567	12.33115421	0.16241	0.21241	0.169928
2/7/2020 4:00	2/7/2020	4	development	train	0	0	15.71	15.71	17.37527556	5.733840935	11.64143463	0.16444	0.21444	0.171552
2/7/2020 5:00	2/7/2020	5	development	train	0	0	6.24	6.24	14.14134556	4.666644035	9.474701525	0.16059	0.21059	0.168472
2/7/2020 6:00	2/7/2020	6	development	train	0	0	4.77	4.77	16.75497333	5.529141199	11.22583213	0.16343	0.21343	0.170744
2/7/2020 7:00	2/7/2020	7	development	train	0	0	12.85	12.85	25.88616889	8.542435734	17.34373316	0.16333	0.21333	0.170664
2/7/2020 8:00	2/7/2020	8	development	train	0	0	3.95	3.95	21.98012	7.2534396	14.7266804	0.1617	0.2117	0.16936
2/7/2020 9:00	2/7/2020	9	development	train	0	0	10.42	10.42	18.47942333	6.098209699	12.38121363	0.15896	0.20896	0.167168
2/7/2020 10:00	2/7/2020	10	development	train	0	0	9.66	9.66	16.41102889	5.415639534	10.99538936	0.15694	0.20694	0.165552
2/7/2020 11:00	2/7/2020	11	development	train	0	0	6.6	6.6	15.41019	5.0853627	10.3248273	0.15643	0.20643	0.165144
2/7/2020 12:00	2/7/2020	12	development	train	4.5799166	4.5799166	4.61	4.61	14.78828222	4.880133133	9.908149087	0.15734	0.20734	0.165872
2/7/2020 13:00	2/7/2020	13	development	train	6.4576666	6.4576666	2	2	18.58019333	6.131463799	12.44872953	0.15846	0.20846	0.166768
2/7/2020 14:00	2/7/2020	14	development	train	12.4849168	12.4849168	-0.23	0	18.83396	6.2152068	12.6187532	0.16038	0.21038	0.168304
2/7/2020 15:00	2/7/2020	15	development	train	8.9963333	8.9963333	-0.27	0	19.62749111	6.477072066	13.15041904	0.1616	0.2116	0.16928
2/7/2020 16:00	2/7/2020	16	development	train	1.1903333	1.1903333	-0.24	0	15.86825889	5.236525434	10.63173346	0.16323	0.21323	0.170584
2/7/2020 17:00	2/7/2020	17	development	train	0	0	-0.35	0	16.92274556	5.584506035	11.33823953	0.16363	0.21363	0.170904
2/7/2020 18:00	2/7/2020	18	development	train	0	0	-0.31	0	42.39636444	13.99080027	28.40556417	0.16251	0.21251	0.170008
2/7/2020 19:00	2/7/2020	19	development	train	0	0	-0.32	0	44.45177333	14.6690852	29.78268813	0.15866	0.20866	0.166928
2/7/2020 20:00	2/7/2020	20	development	train	0	0	-0.32	0	29.32475556	9.677169335	19.64758623	0.15643	0.20643	0.165144
2/7/2020 21:00	2/7/2020	21	development	train	0	0	-0.31	0	21.69313111	7.158733266	14.53439784	0.15136	0.20136	0.161088
2/7/2020 22:00	2/7/2020	22	development	train	0	0	-0.33	0	17.49138778	5.772157967	11.71922981	0.14882	0.19882	0.159056
2/7/2020 23:00	2/7/2020	23	development	train	0	0	-0.36	0	16.69373333	5.508931999	11.18480133	0.14067	0.19067	0.152536
2/8/2020 0:00	2/8/2020	0	development	train	0	0	-0.33	0	15.70023444	5.181077365	10.51915707	0.13874	0.18874	0.150992
2/8/2020 1:00	2/8/2020	1	development	train	0	0	-0.32	0	19.01682222	6.275551333	12.74127089	0.136	0.186	0.1488
2/8/2020 2:00	2/8/2020	2	development	train	0	0	-0.4	0	21.23748	7.0083684	14.2291116	0.13407	0.18407	0.147256
2/8/2020 3:00	2/8/2020	3	development	train	0	0	-0.38	0	19.49437333	6.433143199	13.06123013	0.13316	0.18316	0.146528
2/8/2020 4:00	2/8/2020	4	development	train	0	0	-0.39	0	17.19007333	5.672724199	11.51734913	0.13265	0.18265	0.14612
2/8/2020 5:00	2/8/2020	5	development	train	0	0	-0.42	0	15.79063889	5.210910834	10.57972806	0.13346	0.18346	0.146768
2/8/2020 6:00	2/8/2020	6	development	train	0	0	-0.41	0	18.17404889	5.997436134	12.17661276	0.13519	0.18519	0.148152
2/8/2020 7:00	2/8/2020	7	development	train	0.68	0.68	-0.38	0	25.94084889	8.560480134	17.38036876	0.13895	0.18895	0.15116
2/8/2020 8:00	2/8/2020	8	development	train	3.3353335	3.3353335	-0.38	0	23.28927556	7.685460935	15.60381463	0.14148	0.19148	0.153184
2/8/2020 9:00	2/8/2020	9	development	train	1.3684167	1.3684167	-0.41	0	20.74025778	6.844285067	13.89597271	0.1424	0.1924	0.15392
2/8/2020 10:00	2/8/2020	10	development	train	1.8496667	1.8496667	-0.34	0	25.59234889	8.445475134	17.14687376	0.1428	0.1928	0.15424
2/8/2020 11:00	2/8/2020	11	development	train	6.1881667	6.1881667	15.52	15.52	22.8707	7.547331	15.323369	0.14199	0.19199	0.153592
2/8/2020 12:00	2/8/2020	12	development	train	4.8824166	4.8824166	81.95	81.95	16.05019667	5.296564901	10.75363177	0.14138	0.19138	0.153104
2/8/2020 13:00	2/8/2020	13	development	train	6.7565833	6.7565833	103.45	103.45	27.53776	9.0874608	18.4502992	0.14179	0.19179	0.153432
2/8/2020 14:00	2/8/2020	14	development	train	3.9389166	3.9389166	112.59	112.59	24.08603556	7.948391735	16.13764383	0.1428	0.1928	0.15424
2/8/2020 15:00	2/8/2020	15	development	train	0.1813031	0.1813031	135.62	135.62	26.63413778	8.789265467	17.84487231	0.14616	0.19616	0.156928
2/8/2020 16:00	2/8/2020	16	development	train	0	0	160.28	160.28	22.76769556	7.513339535	15.25435603	0.14859	0.19859	0.158872
2/8/2020 17:00	2/8/2020	17	development	train	0	0	103.92	103.92	25.61855556	8.454123335	17.16443223	0.14707	0.19707	0.157656
2/8/2020 18:00	2/8/2020	18	development	train	0	0	68.46	68.46	52.58243556	17.35220373	35.23023183	0.14362	0.19362	0.154896
2/8/2020 19:00	2/8/2020	19	development	train	0	0	8.33	8.33	40.71550222	13.43611573	27.27938649	0.13813	0.18813	0.150504
2/8/2020 20:00	2/8/2020	20	development	train	0	0	26.94	26.94	17.79884111	5.873617566	11.92522354	0.13569	0.18569	0.148552
2/8/2020 21:00	2/8/2020	21	development	train	0	0	59.79	59.79	20.61793556	6.803918735	13.81401683	0.13184	0.18184	0.145472
2/8/2020 22:00	2/8/2020	22	development	train	0	0	71.69	71.69	17.30924222	5.712049933	11.59719229	0.12341	0.17341	0.138728
2/8/2020 23:00	2/8/2020	23	development	train	0	0	58.2	58.2	18.07660667	5.965280201	12.11132647	0.1296	0.1796	0.14368
2/9/2020 0:00	2/9/2020	0	development	train	0	0	118.12	118.12	17.17887333	5.669028199	11.50984513	0.12555	0.17555	0.14044
2/9/2020 1:00	2/9/2020	1	development	train	0	0	170.3	170.3	18.64565556	6.153066335	12.49258923	0.1213	0.1713	0.13704
2/9/2020 2:00	2/9/2020	2	development	train	0	0	193.79	193.79	17.86115111	5.894179866	11.96697124	0.09287	0.14287	0.114296
2/9/2020 3:00	2/9/2020	3	development	train	0	0	206.18	206.18	17.15847333	5.662296199	11.49617713	0.07628	0.12628	0.101024
2/9/2020 4:00	2/9/2020	4	development	train	0	0	197.59	197.59	17.69222222	5.838433333	11.85378889	0.05595	0.10595	0.08476
2/9/2020 5:00	2/9/2020	5	development	train	0	0	199.85	199.85	13.84212889	4.567902534	9.274226356	0.04725	0.09725	0.0778
2/9/2020 6:00	2/9/2020	6	development	train	0	0	206.26	206.26	16.35853444	5.398316365	10.96021807	0.06515	0.11515	0.09212
2/9/2020 7:00	2/9/2020	7	development	train	0	0	214.28	214.28	18.84536444	6.218970265	12.62639417	0.07497	0.12497	0.099976
2/9/2020 8:00	2/9/2020	8	development	train	0.021	0.021	215.51	215.51	19.77694222	6.526390933	13.25055129	0.09419	0.14419	0.115352
2/9/2020 9:00	2/9/2020	9	development	train	1.5491667	1.5491667	166.05	166.05	21.93674	7.2391242	14.6976158	0.10178	0.15178	0.121424
2/9/2020 10:00	2/9/2020	10	development	train	6.4360833	6.4360833	171.2	171.2	18.47769333	6.097638799	12.38005453	0.10208	0.15208	0.121664
2/9/2020 11:00	2/9/2020	11	development	train	6.3935833	6.3935833	132.94	132.94	22.25389778	7.343786267	14.91011151	0.10188	0.15188	0.121504
2/9/2020 12:00	2/9/2020	12	development	train	5.9667369	5.9667369	144.47	144.47	13.82075222	4.560848233	9.259903987	0.10097	0.15097	0.120776
2/9/2020 13:00	2/9/2020	13	development	train	3.448375	3.448375	173.27	173.27	18.26254111	6.026638566	12.23590254	0.08539	0.13539	0.108312
2/9/2020 14:00	2/9/2020	14	development	train	0.9004167	0.9004167	162.26	162.26	20.96234444	6.917573665	14.04477077	0.08448	0.13448	0.107584
2/9/2020 15:00	2/9/2020	15	development	train	0	0	173.39	173.39	17.23826778	5.688628367	11.54963941	0.10046	0.15046	0.120368
2/9/2020 16:00	2/9/2020	16	development	train	0	0	157.97	157.97	16.93093222	5.587207633	11.34372459	0.11897	0.16897	0.135176
2/9/2020 17:00	2/9/2020	17	development	train	0	0	118.83	118.83	16.13339444	5.324020165	10.80937427	0.1211	0.1711	0.13688
2/9/2020 18:00	2/9/2020	18	development	train	0	0	150.55	150.55	40.26652889	13.28795453	26.97857436	0.087	0.137	0.1096
2/9/2020 19:00	2/9/2020	19	development	train	0	0	144.56	144.56	51.54982667	17.0114428	34.53838387	0.07992	0.12992	0.103936
2/9/2020 20:00	2/9/2020	20	development	train	0	0	87.7	87.7	18.63121222	6.148300033	12.48291219	0.07942	0.12942	0.103536
2/9/2020 21:00	2/9/2020	21	development	train	0	0	43.62	43.62	19.32722667	6.377984801	12.94924187	0.07851	0.12851	0.102808
2/9/2020 22:00	2/9/2020	22	development	train	0	0	41.92	41.92	20.29316222	6.696743533	13.59641869	0.07689	0.12689	0.101512
2/9/2020 23:00	2/9/2020	23	development	train	0	0	86	86	14.65056778	4.834687367	9.815880413	0.08448	0.13448	0.107584
2/10/2020 0:00	2/10/2020	0	development	train	0	0	95.5	95.5	14.55260222	4.802358733	9.750243487	0.08609	0.13609	0.108872
2/10/2020 1:00	2/10/2020	1	development	train	0	0	68.36	68.36	17.12558889	5.651444334	11.47414456	0.08498	0.13498	0.107984
2/10/2020 2:00	2/10/2020	2	development	train	0	0	2.46	2.46	17.54595333	5.790164599	11.75578873	0.08336	0.13336	0.106688
2/10/2020 3:00	2/10/2020	3	development	train	0	0	-0.26	0	18.24448889	6.020681334	12.22380756	0.08316	0.13316	0.106528
2/10/2020 4:00	2/10/2020	4	development	train	0	0	3.83	3.83	14.11869111	4.659168066	9.459523044	0.08407	0.13407	0.107256
2/10/2020 5:00	2/10/2020	5	development	train	0	0	8.08	8.08	13.39853667	4.421517101	8.977019569	0.09085	0.14085	0.11268
2/10/2020 6:00	2/10/2020	6	development	train	0	0	12.46	12.46	15.55120333	5.131897099	10.41930623	0.13253	0.18253	0.146024
2/10/2020 7:00	2/10/2020	7	development	train	0	0	43.72	43.72	20.29903556	6.698681735	13.60035383	0.14255	0.19255	0.15404
2/10/2020 8:00	2/10/2020	8	development	train	0.5571667	0.5571667	47.43	47.43	22.57223333	7.448836999	15.12339633	0.13354	0.18354	0.146832
2/10/2020 9:00	2/10/2020	9	development	train	1.1738333	1.1738333	135.16	135.16	23.76232889	7.841568534	15.92076036	0.12686	0.17686	0.141488
2/10/2020 10:00	2/10/2020	10	development	train	2.8845001	2.8845001	166.29	166.29	23.12268	7.6304844	15.4921956	0.12717	0.17717	0.141736
2/10/2020 11:00	2/10/2020	11	development	train	3.8506668	3.8506668	166.98	166.98	21.11264889	6.967174134	14.14547476	0.1215	0.1715	0.1372
2/10/2020 12:00	2/10/2020	12	development	train	5.324	5.324	149.7	149.7	18.68721556	6.166781135	12.52043443	0.1213	0.1713	0.13704
2/10/2020 13:00	2/10/2020	13	development	train	2.2104167	2.2104167	104.39	104.39	25.59265556	8.445576335	17.14707923	0.1212	0.1712	0.13696
2/10/2020 14:00	2/10/2020	14	development	train	1.5559167	1.5559167	39.61	39.61	25.65381556	8.465759135	17.18805643	0.12383	0.17383	0.139064
2/10/2020 15:00	2/10/2020	15	development	train	0.1208333	0.1208333	55.76	55.76	22.99205556	7.587378335	15.40467723	0.12919	0.17919	0.143352
2/10/2020 16:00	2/10/2020	16	development	train	0	0	30.53	30.53	25.29874444	8.348585665	16.95015877	0.14153	0.19153	0.153224
2/10/2020 17:00	2/10/2020	17	development	train	0	0	19.78	19.78	21.02790444	6.939208465	14.08869597	0.14093	0.19093	0.152744
2/10/2020 18:00	2/10/2020	18	development	train	0	0	13.88	13.88	37.45001778	12.35850587	25.09151191	0.13526	0.18526	0.148208
2/10/2020 19:00	2/10/2020	19	development	train	0	0	11.5	11.5	49.93461333	16.4784224	33.45619093	0.13263	0.18263	0.146104
2/10/2020 20:00	2/10/2020	20	development	train	0	0	8.37	8.37	23.84474667	7.868766401	15.97598027	0.12616	0.17616	0.140928
2/10/2020 21:00	2/10/2020	21	development	train	0	0	7.31	7.31	27.53744222	9.087355933	18.45008629	0.11816	0.16816	0.134528
2/10/2020 22:00	2/10/2020	22	development	train	0	0	5.78	5.78	23.90764444	7.889522665	16.01812177	0.08265	0.13265	0.10612
2/10/2020 23:00	2/10/2020	23	development	train	0	0	9.22	9.22	20.98767556	6.925932935	14.06174263	0.11088	0.16088	0.128704
2/11/2020 0:00	2/11/2020	0	development	train	0	0	9.62	9.62	20.36062889	6.719007534	13.64162136	0.08872	0.13872	0.110976
2/11/2020 1:00	2/11/2020	1	development	train	0	0	13.24	13.24	14.55323444	4.802567365	9.750667075	0.09024	0.14024	0.112192
2/11/2020 2:00	2/11/2020	2	development	train	0	0	27.66	27.66	14.94945444	4.933319965	10.01613447	0.09793	0.14793	0.118344
2/11/2020 3:00	2/11/2020	3	development	train	0	0	32.68	32.68	15.35204	5.0661732	10.2858668	0.10744	0.15744	0.125952
2/11/2020 4:00	2/11/2020	4	development	train	0	0	47.04	47.04	14.83075222	4.894148233	9.936603987	0.11685	0.16685	0.13348
2/11/2020 5:00	2/11/2020	5	development	train	0	0	47.02	47.02	13.30844	4.3917852	8.9166548	0.12828	0.17828	0.142624
2/11/2020 6:00	2/11/2020	6	development	train	0	0	34.61	34.61	18.38768667	6.067936601	12.31975007	0.14113	0.19113	0.152904
2/11/2020 7:00	2/11/2020	7	development	train	0.2596	0.2596	17.29	17.29	21.1329	6.973857	14.159043	0.14275	0.19275	0.1542
2/11/2020 8:00	2/11/2020	8	development	train	10.6411667	10.6411667	21.47	21.47	17.31836556	5.715060635	11.60330493	0.13476	0.18476	0.147808
2/11/2020 9:00	2/11/2020	9	development	train	36.329249	36.329249	11.07	11.07	15.43927556	5.094960935	10.34431463	0.13263	0.18263	0.146104
2/11/2020 10:00	2/11/2020	10	development	train	16.4992495	16.4992495	2.29	2.29	14.97820778	4.942808567	10.03539921	0.13152	0.18152	0.145216
2/11/2020 11:00	2/11/2020	11	development	train	26.436833	26.436833	11.77	11.77	16.73478	5.5224774	11.2123026	0.13	0.18	0.144
2/11/2020 12:00	2/11/2020	12	development	train	36.878751	36.878751	6.14	6.14	18.72862889	6.180447534	12.54818136	0.12919	0.17919	0.143352
2/11/2020 13:00	2/11/2020	13	development	train	37.22475	37.22475	16.6	16.6	21.65260222	7.145358733	14.50724349	0.13152	0.18152	0.145216
2/11/2020 14:00	2/11/2020	14	development	train	10.1990001	10.1990001	17.93	17.93	24.08256667	7.947247001	16.13531967	0.13091	0.18091	0.144728
2/11/2020 15:00	2/11/2020	15	development	train	0.379106	0.379106	19.7	19.7	19.16576	6.3247008	12.8410592	0.1383	0.1883	0.15064
2/11/2020 16:00	2/11/2020	16	development	train	0	0	6.02	6.02	20.58894	6.7943502	13.7945898	0.14285	0.19285	0.15428
2/11/2020 17:00	2/11/2020	17	development	train	0	0	9.07	9.07	51.86635556	17.11589733	34.75045823	0.14224	0.19224	0.153792
2/11/2020 18:00	2/11/2020	18	development	train	0	0	20.15	20.15	39.27066222	12.95931853	26.31134369	0.1389	0.1889	0.15112
2/11/2020 19:00	2/11/2020	19	development	train	0	0	13.69	13.69	24.68991556	8.147672135	16.54224343	0.13091	0.18091	0.144728
2/11/2020 20:00	2/11/2020	20	development	train	0	0	16.06	16.06	20.11721778	6.638681867	13.47853591	0.12363	0.17363	0.138904
2/11/2020 21:00	2/11/2020	21	development	train	0	0	19.18	19.18	17.90832778	5.909748167	11.99857961	0.12059	0.17059	0.136472
2/11/2020 22:00	2/11/2020	22	development	train	0	0	26.39	26.39	15.17864889	5.008954134	10.16969476	0.11624	0.16624	0.132992
2/11/2020 23:00	2/11/2020	23	development	train	0	0	14.47	14.47	19.14718222	6.318570133	12.82861209	0.11432	0.16432	0.131456
2/12/2020 0:00	2/12/2020	0	development	train	0	0	23.33	23.33	19.59626444	6.466767265	13.12949717	0.1131	0.1631	0.13048
2/12/2020 1:00	2/12/2020	1	development	train	0	0	17.52	17.52	17.81843667	5.880084101	11.93835257	0.1124	0.1624	0.12992
2/12/2020 2:00	2/12/2020	2	development	train	0	0	13.76	13.76	17.98557333	5.935239199	12.05033413	0.11321	0.16321	0.130568
2/12/2020 3:00	2/12/2020	3	development	train	0	0	15.19	15.19	21.02197333	6.937251199	14.08472213	0.11664	0.16664	0.133312
2/12/2020 4:00	2/12/2020	4	development	train	0	0	19.07	19.07	14.00274667	4.620906401	9.381840269	0.12755	0.17755	0.14204
2/12/2020 5:00	2/12/2020	5	development	train	0	0	14.1	14.1	14.50821667	4.787711501	9.720505169	0.13633	0.18633	0.149064
2/12/2020 6:00	2/12/2020	6	development	train	0	0	18.6	18.6	22.31513333	7.363993999	14.95113933	0.14532	0.19532	0.156256
2/12/2020 7:00	2/12/2020	7	development	train	0.0353637	0.0353637	21.03	21.03	29.95214889	9.884209134	20.06793976	0.1433	0.1933	0.15464
2/12/2020 8:00	2/12/2020	8	development	train	3.795	3.795	19.29	19.29	20.57959778	6.791267267	13.78833051	0.14269	0.19269	0.154152
2/12/2020 9:00	2/12/2020	9	development	train	7.8409167	7.8409167	14.88	14.88	19.17186444	6.326715265	12.84514917	0.14461	0.19461	0.155688
2/12/2020 10:00	2/12/2020	10	development	train	7.8486667	7.8486667	11.88	11.88	23.56499778	7.776449267	15.78854851	0.14067	0.19067	0.152536
2/12/2020 11:00	2/12/2020	11	development	train	7.859	7.859	9.89	9.89	19.46923556	6.424847735	13.04438783	0.13825	0.18825	0.1506
2/12/2020 12:00	2/12/2020	12	development	train	5.37825	5.37825	19.16	19.16	12.60598	4.1599734	8.4460066	0.13815	0.18815	0.15052
2/12/2020 13:00	2/12/2020	13	development	train	3.7068332	3.7068332	25.16	25.16	18.23616111	6.017933166	12.21822794	0.13674	0.18674	0.149392
2/12/2020 14:00	2/12/2020	14	development	train	1.5910833	1.5910833	24.95	24.95	26.86743778	8.866254467	18.00118331	0.13694	0.18694	0.149552
2/12/2020 15:00	2/12/2020	15	development	train	1.8980834	1.8980834	22.63	22.63	24.93479778	8.228483267	16.70631451	0.13845	0.18845	0.15076
2/12/2020 16:00	2/12/2020	16	development	train	0	0	38.9	38.9	18.57199778	6.128759267	12.44323851	0.14158	0.19158	0.153264
2/12/2020 17:00	2/12/2020	17	development	train	0	0	40.34	40.34	22.55868889	7.444367334	15.11432156	0.14088	0.19088	0.152704
2/12/2020 18:00	2/12/2020	18	development	train	0	0	27.14	27.14	60.34238667	19.9129876	40.42939907	0.13936	0.18936	0.151488
2/12/2020 19:00	2/12/2020	19	development	train	0	0	21.2	21.2	40.26701333	13.2881144	26.97889893	0.13744	0.18744	0.149952
2/12/2020 20:00	2/12/2020	20	development	train	0	0	23.43	23.43	27.90018444	9.207060865	18.69312357	0.13552	0.18552	0.148416
2/12/2020 21:00	2/12/2020	21	development	train	0	0	41.71	41.71	29.50748889	9.737471334	19.77001756	0.13118	0.18118	0.144944
2/12/2020 22:00	2/12/2020	22	development	train	0	0	35.33	35.33	27.53257111	9.085748466	18.44682264	0.12835	0.17835	0.14268
2/12/2020 23:00	2/12/2020	23	development	train	0	0	54.28	54.28	23.89451333	7.885189399	16.00932393	0.12878	0.17878	0.143024
2/13/2020 0:00	2/13/2020	0	development	train	0	0	76.29	76.29	20.46678667	6.754039601	13.71274707	0.12898	0.17898	0.143184
2/13/2020 1:00	2/13/2020	1	development	train	0	0	63.18	63.18	23.82822444	7.863314065	15.96491037	0.12888	0.17888	0.143104
2/13/2020 2:00	2/13/2020	2	development	train	0	0	58.9	58.9	23.99024889	7.916782134	16.07346676	0.12938	0.17938	0.143504
2/13/2020 3:00	2/13/2020	3	development	train	0	0	35.53	35.53	24.72042	8.1577386	16.5626814	0.13039	0.18039	0.144312
2/13/2020 4:00	2/13/2020	4	development	train	0	0	13.83	13.83	24.22279778	7.993523267	16.22927451	0.1327	0.1827	0.14616
2/13/2020 5:00	2/13/2020	5	development	train	0	0	0.7	0.7	23.95000222	7.903500733	16.04650149	0.14005	0.19005	0.15204
2/13/2020 6:00	2/13/2020	6	development	train	0	0	-0.35	0	27.14150667	8.956697201	18.18480947	0.16409	0.21409	0.171272
2/13/2020 7:00	2/13/2020	7	development	train	0	0	-0.34	0	31.40404222	10.36333393	21.04070829	0.17074	0.22074	0.176592
2/13/2020 8:00	2/13/2020	8	development	train	0.3348334	0.3348334	-0.35	0	27.92729778	9.216008267	18.71128951	0.17023	0.22023	0.176184
2/13/2020 9:00	2/13/2020	9	development	train	1.1551667	1.1551667	-0.32	0	26.40548444	8.713809865	17.69167457	0.17134	0.22134	0.177072
2/13/2020 10:00	2/13/2020	10	development	train	2.5755	2.5755	17.13	17.13	25.09067556	8.279922935	16.81075263	0.17043	0.22043	0.176344
2/13/2020 11:00	2/13/2020	11	development	train	4.0036668	4.0036668	5.07	5.07	18.7238	6.178854	12.544946	0.16943	0.21943	0.175544
2/13/2020 12:00	2/13/2020	12	development	train	14.791083	14.791083	11.95	11.95	18.53343444	6.116033365	12.41740107	0.17003	0.22003	0.176024
2/13/2020 13:00	2/13/2020	13	development	train	4.64275	4.64275	-0.29	0	22.77221333	7.514830399	15.25738293	0.16812	0.21812	0.174496
2/13/2020 14:00	2/13/2020	14	development	train	3.52475	3.52475	-0.26	0	28.97485778	9.561703067	19.41315471	0.16852	0.21852	0.174816
2/13/2020 15:00	2/13/2020	15	development	train	0.5920001	0.5920001	1.8	1.8	26.80216889	8.844715734	17.95745316	0.15967	0.20967	0.167736
2/13/2020 16:00	2/13/2020	16	development	train	0	0	9.25	9.25	43.52885333	14.3645216	29.16433173	0.15554	0.20554	0.164432
2/13/2020 17:00	2/13/2020	17	development	train	0	0	4.61	4.61	47.93513778	15.81859547	32.11654231	0.15192	0.20192	0.161536
2/13/2020 18:00	2/13/2020	18	development	train	0	0	3.01	3.01	24.60606667	8.120002001	16.48606467	0.15001	0.20001	0.160008
2/13/2020 19:00	2/13/2020	19	development	train	0	0	6.11	6.11	28.74298667	9.485185601	19.25780107	0.14609	0.19609	0.156872
2/13/2020 20:00	2/13/2020	20	development	train	0	0	2.02	2.02	22.64500444	7.472851465	15.17215297	0.14407	0.19407	0.155256
2/13/2020 21:00	2/13/2020	21	development	train	0	0	-0.29	0	18.74373778	6.185433467	12.55830431	0.14297	0.19297	0.154376
2/13/2020 22:00	2/13/2020	22	development	train	0	0	-0.3	0	22.37991111	7.385370666	14.99454044	0.14005	0.19005	0.15204
2/13/2020 23:00	2/13/2020	23	development	train	0	0	-0.33	0	21.37330222	7.053189733	14.32011249	0.16049	0.21049	0.168392
2/14/2020 0:00	2/14/2020	0	development	train	0	0	4.83	4.83	15.22498	5.0242434	10.2007366	0.16069	0.21069	0.168552
2/14/2020 1:00	2/14/2020	1	development	train	0	0	15.64	15.64	26.19175111	8.643277866	17.54847324	0.16441	0.21441	0.171528
2/14/2020 2:00	2/14/2020	2	development	train	0	0	18.77	18.77	25.23583111	8.327824266	16.90800684	0.16864	0.21864	0.174912
2/14/2020 3:00	2/14/2020	3	development	train	0	0	27.52	27.52	25.26695556	8.338095335	16.92886023	0.17145	0.22145	0.17716
2/14/2020 4:00	2/14/2020	4	development	train	0	0	29.74	29.74	21.80106444	7.194351265	14.60671317	0.17205	0.22205	0.17764
2/14/2020 5:00	2/14/2020	5	development	train	0	0	28.39	28.39	19.64440444	6.482653465	13.16175097	0.15617	0.20617	0.164936
2/14/2020 6:00	2/14/2020	6	development	train	0	0	29.84	29.84	20.84705556	6.879528335	13.96752723	0.16683	0.21683	0.173464
2/14/2020 7:00	2/14/2020	7	development	train	0.1102727	0.1102727	23.35	23.35	32.87984444	10.85034867	22.02949577	0.17175	0.22175	0.1774
2/14/2020 8:00	2/14/2020	8	development	train	3.2176668	3.2176668	13.79	13.79	26.9785	8.902905	18.075595	0.17407	0.22407	0.179256
2/14/2020 9:00	2/14/2020	9	development	train	20.6045835	20.6045835	6.78	6.78	30.64899778	10.11416927	20.53482851	0.17628	0.22628	0.181024
2/14/2020 10:00	2/14/2020	10	development	train	42.846	42.846	19.38	19.38	26.99824667	8.909421401	18.08882527	0.17889	0.22889	0.183112
2/14/2020 11:00	2/14/2020	11	development	train	45.666583	45.666583	17.72	17.72	25.84171111	8.527764666	17.31394644	0.17738	0.22738	0.181904
2/14/2020 12:00	2/14/2020	12	development	train	22.5939165	22.5939165	4.61	4.61	25.0368	8.262144	16.774656	0.17276	0.22276	0.178208
2/14/2020 13:00	2/14/2020	13	development	train	10.4860833	10.4860833	2.86	2.86	22.47908	7.4180964	15.0609836	0.17024	0.22024	0.176192
2/14/2020 14:00	2/14/2020	14	development	train	4.1125834	4.1125834	4.18	4.18	22.65688	7.4767704	15.1801096	0.16874	0.21874	0.174992
2/14/2020 15:00	2/14/2020	15	development	train	0.49525	0.49525	-0.36	0	26.24979111	8.662431066	17.58736004	0.15979	0.20979	0.167832
2/14/2020 16:00	2/14/2020	16	development	train	0	0	-0.36	0	24.12221333	7.960330399	16.16188293	0.15888	0.20888	0.167104
2/14/2020 17:00	2/14/2020	17	development	train	0	0	-0.4	0	24.36074	8.0390442	16.3216958	0.15677	0.20677	0.165416
2/14/2020 18:00	2/14/2020	18	development	train	0	0	18.63	18.63	48.25126222	15.92291653	32.32834569	0.15134	0.20134	0.161072
2/14/2020 19:00	2/14/2020	19	development	train	0	0	25.54	25.54	31.73339556	10.47202053	21.26137503	0.13686	0.18686	0.149488
2/14/2020 20:00	2/14/2020	20	development	train	0	0	0.96	0.96	21.97217111	7.250816466	14.72135464	0.13103	0.18103	0.144824
2/14/2020 21:00	2/14/2020	21	development	train	0	0	-0.27	0	18.37453778	6.063597467	12.31094031	0.12711	0.17711	0.141688
2/14/2020 22:00	2/14/2020	22	development	train	0	0	-0.34	0	18.13889222	5.985834433	12.15305779	0.1267	0.1767	0.14136
2/14/2020 23:00	2/14/2020	23	development	train	0	0	-0.3	0	20.27878222	6.691998133	13.58678409	0.11748	0.16748	0.133984
2/15/2020 0:00	2/15/2020	0	development	train	0	0	-0.28	0	19.43643333	6.414022999	13.02241033	0.11497	0.16497	0.131976
2/15/2020 1:00	2/15/2020	1	development	train	0	0	-0.27	0	18.11364778	5.977503767	12.13614401	0.11277	0.16277	0.130216
2/15/2020 2:00	2/15/2020	2	development	train	0	0	4.68	4.68	18.21974	6.0125142	12.2072258	0.11137	0.16137	0.129096
2/15/2020 3:00	2/15/2020	3	development	train	0	0	110.67	110.67	20.19242222	6.663499333	13.52892289	0.11217	0.16217	0.129736
2/15/2020 4:00	2/15/2020	4	development	train	0	0	90.38	90.38	19.34132	6.3826356	12.9586844	0.11477	0.16477	0.131816
2/15/2020 5:00	2/15/2020	5	development	train	0	0	47.49	47.49	14.25494222	4.704130933	9.550811287	0.11487	0.16487	0.131896
2/15/2020 6:00	2/15/2020	6	development	train	0	0	42.86	42.86	14.34002556	4.732208435	9.607817125	0.11778	0.16778	0.134224
2/15/2020 7:00	2/15/2020	7	development	train	0.0625	0.0625	64.69	64.69	23.78602667	7.849388801	15.93663787	0.12049	0.17049	0.136392
2/15/2020 8:00	2/15/2020	8	development	train	8.7229166	8.7229166	41.96	41.96	20.36771556	6.721346135	13.64636943	0.12369	0.17369	0.138952
2/15/2020 9:00	2/15/2020	9	development	train	31.836417	31.836417	51.1	51.1	23.06113778	7.610175467	15.45096231	0.1255	0.1755	0.1404
2/15/2020 10:00	2/15/2020	10	development	train	40.740333	40.740333	33.64	33.64	18.00299556	5.940988535	12.06200703	0.1256	0.1756	0.14048
2/15/2020 11:00	2/15/2020	11	development	train	48.132751	48.132751	21.23	21.23	16.71257111	5.515148466	11.19742264	0.1249	0.1749	0.13992
2/15/2020 12:00	2/15/2020	12	development	train	46.926667	46.926667	12.55	12.55	16.17889444	5.339035165	10.83985927	0.1242	0.1742	0.13936
2/15/2020 13:00	2/15/2020	13	development	train	18.9937505	18.9937505	8.32	8.32	16.14345778	5.327341067	10.81611671	0.1239	0.1739	0.13912
2/15/2020 14:00	2/15/2020	14	development	train	6.48025	6.48025	19.25	19.25	16.80137111	5.544452466	11.25691864	0.1243	0.1743	0.13944
2/15/2020 15:00	2/15/2020	15	development	train	0.7919166	0.7919166	25.91	25.91	19.55334889	6.452605134	13.10074376	0.1257	0.1757	0.14056
2/15/2020 16:00	2/15/2020	16	development	train	0	0	49.41	49.41	16.66602111	5.499786966	11.16623414	0.12821	0.17821	0.142568
2/15/2020 17:00	2/15/2020	17	development	train	0	0	77.47	77.47	14.29150556	4.716196835	9.575308725	0.1256	0.1756	0.14048
2/15/2020 18:00	2/15/2020	18	development	train	0	0	56.77	56.77	34.61784222	11.42388793	23.19395429	0.12089	0.17089	0.136712
2/15/2020 19:00	2/15/2020	19	development	train	0	0	69.73	69.73	46.93519556	15.48861453	31.44658103	0.11137	0.16137	0.129096
2/15/2020 20:00	2/15/2020	20	development	train	0	0	169.81	169.81	29.08275556	9.597309335	19.48544623	0.10044	0.15044	0.120352
2/15/2020 21:00	2/15/2020	21	development	train	0	0	154.18	154.18	20.35834889	6.718255134	13.64009376	0.09974	0.14974	0.119792
2/15/2020 22:00	2/15/2020	22	development	train	0	0	156.94	156.94	25.10988	8.2862604	16.8236196	0.09763	0.14763	0.118104
2/15/2020 23:00	2/15/2020	23	development	train	0	0	145.52	145.52	20.55622	6.7835526	13.7726674	0.09596	0.14596	0.116768
2/16/2020 0:00	2/16/2020	0	development	train	0	0	163.66	163.66	18.25355333	6.023672599	12.22988073	0.09365	0.14365	0.11492
2/16/2020 1:00	2/16/2020	1	development	train	0	0	135.64	135.64	20.10376	6.6342408	13.4695192	0.08753	0.13753	0.110024
2/16/2020 2:00	2/16/2020	2	development	train	0	0	180.47	180.47	21.87379778	7.218353267	14.65544451	0.08663	0.13663	0.109304
2/16/2020 3:00	2/16/2020	3	development	train	0	0	116.48	116.48	22.78048	7.5175584	15.2629216	0.08643	0.13643	0.109144
2/16/2020 4:00	2/16/2020	4	development	train	0	0	173.55	173.55	18.70051111	6.171168666	12.52934244	0.08663	0.13663	0.109304
2/16/2020 5:00	2/16/2020	5	development	train	0	0	115.93	115.93	17.15827444	5.662230565	11.49604387	0.08583	0.13583	0.108664
2/16/2020 6:00	2/16/2020	6	development	train	0	0	17.35	17.35	14.93169333	4.927458799	10.00423453	0.08703	0.13703	0.109624
2/16/2020 7:00	2/16/2020	7	development	train	0.0265833	0.0265833	3.54	3.54	23.39829778	7.721438267	15.67685951	0.08774	0.13774	0.110192
2/16/2020 8:00	2/16/2020	8	development	train	2.2871667	2.2871667	1.05	1.05	22.98482889	7.584993534	15.39983536	0.08994	0.13994	0.111952
2/16/2020 9:00	2/16/2020	9	development	train	5.0655832	5.0655832	-0.12	0	18.82526889	6.212338734	12.61293016	0.09435	0.14435	0.11548
2/16/2020 10:00	2/16/2020	10	development	train	8.14375	8.14375	-0.3	0	14.30956222	4.722155533	9.587406687	0.09566	0.14566	0.116528
2/16/2020 11:00	2/16/2020	11	development	train	8.1835	8.1835	10.47	10.47	14.19041556	4.682837135	9.507578425	0.09646	0.14646	0.117168
2/16/2020 12:00	2/16/2020	12	development	train	8.1314166	8.1314166	0.1	0.1	14.59363667	4.815900101	9.777736569	0.09606	0.14606	0.116848
2/16/2020 13:00	2/16/2020	13	development	train	2.3990833	2.3990833	-0.3	0	18.84717778	6.219568667	12.62760911	0.09435	0.14435	0.11548
2/16/2020 14:00	2/16/2020	14	development	train	0.3084167	0.3084167	-0.08	0	21.14311556	6.977228135	14.16588743	0.09465	0.14465	0.11572
2/16/2020 15:00	2/16/2020	15	development	train	0.05725	0.05725	-0.26	0	20.34759111	6.714705066	13.63288604	0.09977	0.14977	0.119816
2/16/2020 16:00	2/16/2020	16	development	train	0	0	-0.38	0	16.77672	5.5363176	11.2404024	0.10498	0.15498	0.123984
2/16/2020 17:00	2/16/2020	17	development	train	0	0	-0.31	0	18.05944222	5.959615933	12.09982629	0.10528	0.15528	0.124224
2/16/2020 18:00	2/16/2020	18	development	train	0	0	-0.33	0	38.03733778	12.55232147	25.48501631	0.10268	0.15268	0.122144
2/16/2020 19:00	2/16/2020	19	development	train	0	0	-0.31	0	49.93713778	16.47925547	33.45788231	0.09846	0.14846	0.118768
2/16/2020 20:00	2/16/2020	20	development	train	0	0	-0.29	0	30.45514444	10.05019767	20.40494677	0.09465	0.14465	0.11572
2/16/2020 21:00	2/16/2020	21	development	train	0	0	-0.28	0	21.34916	7.0452228	14.3039372	0.09385	0.14385	0.11508
2/16/2020 22:00	2/16/2020	22	development	train	0	0	-0.25	0	23.06388444	7.611081865	15.45280257	0.09405	0.14405	0.11524
2/16/2020 23:00	2/16/2020	23	development	train	0	0	-0.26	0	22.09077333	7.289955199	14.80081813	0.09225	0.14225	0.1138
2/17/2020 0:00	2/17/2020	0	development	train	0	0	-0.28	0	21.31584889	7.034230134	14.28161876	0.09084	0.14084	0.112672
2/17/2020 1:00	2/17/2020	1	development	train	0	0	-0.27	0	20.91014667	6.900348401	14.00979827	0.09024	0.14024	0.112192
2/17/2020 2:00	2/17/2020	2	development	train	0	0	-0.26	0	20.53927111	6.777959466	13.76131164	0.08964	0.13964	0.111712
2/17/2020 3:00	2/17/2020	3	development	train	0	0	-0.26	0	17.50446111	5.776472166	11.72798894	0.08994	0.13994	0.111952
2/17/2020 4:00	2/17/2020	4	development	train	0	0	-0.24	0	16.40420444	5.413387465	10.99081697	0.09516	0.14516	0.116128
2/17/2020 5:00	2/17/2020	5	development	train	0	0	-0.26	0	15.13157222	4.993418833	10.13815339	0.112	0.162	0.1296
2/17/2020 6:00	2/17/2020	6	development	train	0	0	-0.25	0	18.55371222	6.122725033	12.43098719	0.11631	0.16631	0.133048
2/17/2020 7:00	2/17/2020	7	development	train	0.3914167	0.3914167	42.54	42.54	25.96530222	8.568549733	17.39675249	0.11802	0.16802	0.134416
2/17/2020 8:00	2/17/2020	8	development	train	2.6714167	2.6714167	104.57	104.57	21.34519111	7.043913066	14.30127804	0.11812	0.16812	0.134496
2/17/2020 9:00	2/17/2020	9	development	train	12.2160832	12.2160832	88.19	88.19	18.63673	6.1501209	12.4866091	0.11792	0.16792	0.134336
2/17/2020 10:00	2/17/2020	10	development	train	47.403666	47.403666	113.07	113.07	16.16920667	5.335838201	10.83336847	0.11631	0.16631	0.133048
2/17/2020 11:00	2/17/2020	11	development	train	49.7325	49.7325	104.89	104.89	12.68878556	4.187299235	8.501486325	0.11531	0.16531	0.132248
2/17/2020 12:00	2/17/2020	12	development	train	24.6015	24.6015	116.74	116.74	13.55274333	4.472405299	9.080338031	0.11491	0.16491	0.131928
2/17/2020 13:00	2/17/2020	13	development	train	3.5623332	3.5623332	133.62	133.62	22.28514444	7.354097665	14.93104677	0.11511	0.16511	0.132088
2/17/2020 14:00	2/17/2020	14	development	train	4.3043332	4.3043332	125.84	125.84	17.47406222	5.766440533	11.70762169	0.11481	0.16481	0.131848
2/17/2020 15:00	2/17/2020	15	development	train	0.6321666	0.6321666	93.31	93.31	18.48934556	6.101484035	12.38786153	0.11601	0.16601	0.132808
2/17/2020 16:00	2/17/2020	16	development	train	0	0	39.64	39.64	19.24459333	6.350715799	12.89387753	0.11741	0.16741	0.133928
2/17/2020 17:00	2/17/2020	17	development	train	0	0	33.6	33.6	50.72892444	16.74054507	33.98837937	0.11701	0.16701	0.133608
2/17/2020 18:00	2/17/2020	18	development	train	0	0	36.97	36.97	22.04106444	7.273551265	14.76751317	0.11591	0.16591	0.132728
2/17/2020 19:00	2/17/2020	19	development	train	0	0	13.2	13.2	13.48180667	4.448996201	9.032810469	0.113	0.163	0.1304
2/17/2020 20:00	2/17/2020	20	development	train	0	0	-0.31	0	15.63304556	5.158905035	10.47414053	0.1115	0.1615	0.1292
2/17/2020 21:00	2/17/2020	21	development	train	0	0	-0.33	0	15.22538222	5.024376133	10.20100609	0.10869	0.15869	0.126952
2/17/2020 22:00	2/17/2020	22	development	train	0	0	-0.26	0	13.61445556	4.492770335	9.121685225	0.09806	0.14806	0.118448
2/17/2020 23:00	2/17/2020	23	development	train	0	0	-0.28	0	16.23781667	5.358479501	10.87933717	0.09782	0.14782	0.118256
2/18/2020 0:00	2/18/2020	0	development	train	0	0	-0.31	0	15.59289333	5.145654799	10.44723853	0.09712	0.14712	0.117696
2/18/2020 1:00	2/18/2020	1	development	train	0	0	-0.26	0	17.37302778	5.733099167	11.63992861	0.09039	0.14039	0.112312
2/18/2020 2:00	2/18/2020	2	development	train	0	0	-0.3	0	17.10862	5.6458446	11.4627754	0.08617	0.13617	0.108936
2/18/2020 3:00	2/18/2020	3	development	train	0	0	-0.29	0	19.07519111	6.294813066	12.78037804	0.08978	0.13978	0.111824
2/18/2020 4:00	2/18/2020	4	development	train	0	0	-0.31	0	17.64322	5.8222626	11.8209574	0.10214	0.15214	0.121712
2/18/2020 5:00	2/18/2020	5	development	train	0	0	-0.28	0	19.69156222	6.498215533	13.19334669	0.10917	0.15917	0.127336
2/18/2020 6:00	2/18/2020	6	development	train	0	0	-0.32	0	19.14397333	6.317511199	12.82646213	0.11459	0.16459	0.131672
2/18/2020 7:00	2/18/2020	7	development	train	0.04675	0.04675	0.24	0.24	22.39077333	7.388955199	15.00181813	0.11389	0.16389	0.131112
2/18/2020 8:00	2/18/2020	8	development	train	0.1333333	0.1333333	25.44	25.44	22.83548	7.5357084	15.2997716	0.11439	0.16439	0.131512
2/18/2020 9:00	2/18/2020	9	development	train	2.2086667	2.2086667	19.02	19.02	22.55380222	7.442754733	15.11104749	0.11288	0.16288	0.130304
2/18/2020 10:00	2/18/2020	10	development	train	1.5979999	1.5979999	23.68	23.68	18.35304333	6.056504299	12.29653903	0.10957	0.15957	0.127656
2/18/2020 11:00	2/18/2020	11	development	train	1.1814167	1.1814167	8.57	8.57	18.61581111	6.143217666	12.47259344	0.10505	0.15505	0.12404
2/18/2020 12:00	2/18/2020	12	development	train	6.0063334	6.0063334	31.81	31.81	20.20958222	6.669162133	13.54042009	0.10515	0.15515	0.12412
2/18/2020 13:00	2/18/2020	13	development	train	4.3773332	4.3773332	31.54	31.54	25.25186222	8.333114533	16.91874769	0.11118	0.16118	0.128944
2/18/2020 14:00	2/18/2020	14	development	train	3.9646666	3.9646666	22.76	22.76	23.54828444	7.770933865	15.77735057	0.11228	0.16228	0.129824
2/18/2020 15:00	2/18/2020	15	development	train	1.4253333	1.4253333	29.23	29.23	20.70560889	6.832850934	13.87275796	0.11489	0.16489	0.131912
2/18/2020 16:00	2/18/2020	16	development	train	0	0	42.78	42.78	17.68827111	5.837129466	11.85114164	0.1167	0.1667	0.13336
2/18/2020 17:00	2/18/2020	17	development	train	0	0	43.38	43.38	45.06562222	14.87165533	30.19396689	0.1171	0.1671	0.13368
2/18/2020 18:00	2/18/2020	18	development	train	0	0	23.5	23.5	33.60297333	11.0889812	22.51399213	0.1166	0.1666	0.13328
2/18/2020 19:00	2/18/2020	19	development	train	0	0	26.79	26.79	17.28047889	5.702558034	11.57792086	0.1175	0.1675	0.134
2/18/2020 20:00	2/18/2020	20	development	train	0	0	19.24	19.24	25.11172889	8.286870534	16.82485836	0.1157	0.1657	0.13256
2/18/2020 21:00	2/18/2020	21	development	train	0	0	1.84	1.84	25.01738667	8.255737601	16.76164907	0.11298	0.16298	0.130384
2/18/2020 22:00	2/18/2020	22	development	train	0	0	10.01	10.01	20.04133111	6.613639266	13.42769184	0.10987	0.15987	0.127896
2/18/2020 23:00	2/18/2020	23	development	train	0	0	17.32	17.32	19.10681333	6.305248399	12.80156493	0.10339	0.15339	0.122712
2/19/2020 0:00	2/19/2020	0	development	train	0	0	16.87	16.87	21.49812444	7.094381065	14.40374337	0.10298	0.15298	0.122384
2/19/2020 1:00	2/19/2020	1	development	train	0	0	15.19	15.19	23.18761333	7.651912399	15.53570093	0.10419	0.15419	0.123352
2/19/2020 2:00	2/19/2020	2	development	train	0	0	1.35	1.35	23.47961556	7.748273135	15.73134243	0.11004	0.16004	0.128032
2/19/2020 3:00	2/19/2020	3	development	train	0	0	9.22	9.22	23.70191111	7.821630666	15.88028044	0.11347	0.16347	0.130776
2/19/2020 4:00	2/19/2020	4	development	train	0	0	11.9	11.9	18.71874	6.1771842	12.5415558	0.12084	0.17084	0.136672
2/19/2020 5:00	2/19/2020	5	development	train	0	0	-0.26	0	21.43439111	7.073349066	14.36104204	0.12527	0.17527	0.140216
2/19/2020 6:00	2/19/2020	6	development	train	0	0	-0.25	0	19.09306667	6.300712001	12.79235467	0.13062	0.18062	0.144496
2/19/2020 7:00	2/19/2020	7	development	train	0.8865833	0.8865833	-0.29	0	26.10016889	8.613055734	17.48711316	0.14091	0.19091	0.152728
2/19/2020 8:00	2/19/2020	8	development	train	4.5723334	4.5723334	-0.31	0	27.55408222	9.092847133	18.46123509	0.14535	0.19535	0.15628
2/19/2020 9:00	2/19/2020	9	development	train	9.2809166	9.2809166	-0.27	0	18.17689222	5.998374433	12.17851779	0.14958	0.19958	0.159664
2/19/2020 10:00	2/19/2020	10	development	train	31.710333	31.710333	-0.28	0	13.27217333	4.379817199	8.892356131	0.14999	0.19999	0.159992
2/19/2020 11:00	2/19/2020	11	development	train	39.124584	39.124584	-0.26	0	13.41496444	4.426938265	8.988026175	0.15079	0.20079	0.160632
2/19/2020 12:00	2/19/2020	12	development	train	24.219	24.219	-0.26	0	17.24531333	5.690953399	11.55435993	0.15422	0.20422	0.163376
2/19/2020 13:00	2/19/2020	13	development	train	26.589667	26.589667	-0.29	0	19.86905333	6.556787599	13.31226573	0.16108	0.21108	0.168864
2/19/2020 14:00	2/19/2020	14	development	train	28.05125	28.05125	-0.26	0	21.49858889	7.094534334	14.40405456	0.17137	0.22137	0.177096
2/19/2020 15:00	2/19/2020	15	development	train	8.7374167	8.7374167	-0.34	0	22.40061778	7.392203867	15.00841391	0.16895	0.21895	0.17516
2/19/2020 16:00	2/19/2020	16	development	train	0.00425	0.00425	0.25	0.25	33.00338	10.8911154	22.1122646	0.17056	0.22056	0.176448
2/19/2020 17:00	2/19/2020	17	development	train	0	0	7.38	7.38	53.41148	17.6257884	35.7856916	0.17087	0.22087	0.176696
2/19/2020 18:00	2/19/2020	18	development	train	0	0	1.03	1.03	26.52438667	8.753047601	17.77133907	0.16804	0.21804	0.174432
2/19/2020 19:00	2/19/2020	19	development	train	0	0	-0.33	0	25.96243111	8.567602266	17.39482884	0.16713	0.21713	0.173704
2/19/2020 20:00	2/19/2020	20	development	train	0	0	-0.39	0	24.14118444	7.966590865	16.17459357	0.15513	0.20513	0.164104
2/19/2020 21:00	2/19/2020	21	development	train	0	0	-0.39	0	23.61440444	7.792753465	15.82165097	0.14666	0.19666	0.157328
2/19/2020 22:00	2/19/2020	22	development	train	0	0	-0.42	0	22.74602444	7.506188065	15.23983637	0.14111	0.19111	0.152888
2/19/2020 23:00	2/19/2020	23	development	train	0	0	-0.42	0	19.41076222	6.405551533	13.00521069	0.12754	0.17754	0.142032
2/20/2020 0:00	2/20/2020	0	development	train	0	0	-0.39	0	22.32204667	7.366275401	14.95577127	0.11962	0.16962	0.135696
2/20/2020 1:00	2/20/2020	1	development	train	0	0	-0.41	0	26.98818444	8.906100865	18.08208357	0.11711	0.16711	0.133688
2/20/2020 2:00	2/20/2020	2	development	train	0	0	65.31	65.31	23.20205333	7.656677599	15.54537573	0.1142	0.1642	0.13136
2/20/2020 3:00	2/20/2020	3	development	train	0	0	121.05	121.05	23.02357333	7.597779199	15.42579413	0.1133	0.1633	0.13064
2/20/2020 4:00	2/20/2020	4	development	train	0	0	143.38	143.38	21.23565556	7.007766335	14.22788923	0.1143	0.1643	0.13144
2/20/2020 5:00	2/20/2020	5	development	train	0	0	135.7	135.7	22.03321556	7.270961135	14.76225443	0.1136	0.1636	0.13088
2/20/2020 6:00	2/20/2020	6	development	train	0	0	120.36	120.36	23.29592222	7.687654333	15.60826789	0.1147	0.1647	0.13176
2/20/2020 7:00	2/20/2020	7	development	train	0.0325	0.0325	139.28	139.28	28.10548889	9.274811334	18.83067756	0.1139	0.1639	0.13112
2/20/2020 8:00	2/20/2020	8	development	train	1.84625	1.84625	159.73	159.73	21.24276667	7.010113001	14.23265367	0.1131	0.1631	0.13048
2/20/2020 9:00	2/20/2020	9	development	train	1.7231667	1.7231667	153.96	153.96	23.28052444	7.682573065	15.59795137	0.1128	0.1628	0.13024
2/20/2020 10:00	2/20/2020	10	development	train	2.7763334	2.7763334	155.59	155.59	24.67431111	8.142522666	16.53178844	0.112	0.162	0.1296
2/20/2020 11:00	2/20/2020	11	development	train	3.3493332	3.3493332	184.83	184.83	20.56312222	6.785830333	13.77729189	0.10979	0.15979	0.127832
2/20/2020 12:00	2/20/2020	12	development	train	2.9587501	2.9587501	190.91	190.91	20.30108222	6.699357133	13.60172509	0.10718	0.15718	0.125744
2/20/2020 13:00	2/20/2020	13	development	train	0.6664167	0.6664167	187.98	187.98	22.71304444	7.495304665	15.21773977	0.10548	0.15548	0.124384
2/20/2020 14:00	2/20/2020	14	development	train	0.2668333	0.2668333	215.85	215.85	22.64639778	7.473311267	15.17308651	0.10347	0.15347	0.122776
2/20/2020 15:00	2/20/2020	15	development	train	0.0095833	0.0095833	124.78	124.78	21.52863778	7.104450467	14.42418731	0.10287	0.15287	0.122296
2/20/2020 16:00	2/20/2020	16	development	train	0	0	145.55	145.55	23.09433778	7.621131467	15.47320631	0.10668	0.15668	0.125344
2/20/2020 17:00	2/20/2020	17	development	train	0	0	151.13	151.13	34.65287556	11.43544893	23.21742663	0.10618	0.15618	0.124944
2/20/2020 18:00	2/20/2020	18	development	train	0	0	66.21	66.21	49.13751556	16.21538013	32.92213543	0.10147	0.15147	0.121176
2/20/2020 19:00	2/20/2020	19	development	train	0	0	9.36	9.36	55.05882222	18.16941133	36.88941089	0.09796	0.14796	0.118368
2/20/2020 20:00	2/20/2020	20	development	train	0	0	5.98	5.98	22.29626444	7.357767265	14.93849717	0.09325	0.14325	0.1146
2/20/2020 21:00	2/20/2020	21	development	train	0	0	0.8	0.8	21.85332	7.2115956	14.6417244	0.08823	0.13823	0.110584
2/20/2020 22:00	2/20/2020	22	development	train	0	0	4.76	4.76	23.65233111	7.805269266	15.84706184	0.08452	0.13452	0.107616
2/20/2020 23:00	2/20/2020	23	development	train	0	0	0.88	0.88	18.87194667	6.227742401	12.64420427	0.08314	0.13314	0.106512
2/21/2020 0:00	2/21/2020	0	development	train	0	0	10.82	10.82	14.26890111	4.708737366	9.560163744	0.07631	0.12631	0.101048
2/21/2020 1:00	2/21/2020	1	development	train	0	0	8.31	8.31	18.00816778	5.942695367	12.06547241	0.074	0.124	0.0992
2/21/2020 2:00	2/21/2020	2	development	train	0	0	14.17	14.17	19.55915556	6.454521335	13.10463423	0.07972	0.12972	0.103776
2/21/2020 3:00	2/21/2020	3	development	train	0	0	18.78	18.78	21.76718222	7.183170133	14.58401209	0.08505	0.13505	0.10804
2/21/2020 4:00	2/21/2020	4	development	train	0	0	14.81	14.81	15.75547889	5.199308034	10.55617086	0.08816	0.13816	0.110528
2/21/2020 5:00	2/21/2020	5	development	train	0	0	32.49	32.49	16.19932222	5.345776333	10.85354589	0.09579	0.14579	0.116632
2/21/2020 6:00	2/21/2020	6	development	train	0	0	46.8	46.8	20.29696667	6.697999001	13.59896767	0.11045	0.16045	0.12836
2/21/2020 7:00	2/21/2020	7	development	train	3.0438333	3.0438333	34.9	34.9	22.80061333	7.524202399	15.27641093	0.11306	0.16306	0.130448
2/21/2020 8:00	2/21/2020	8	development	train	26.431834	26.431834	37.6	37.6	20.64942667	6.814310801	13.83511587	0.11467	0.16467	0.131736
2/21/2020 9:00	2/21/2020	9	development	train	34.644083	34.644083	21.91	21.91	21.21202222	6.999967333	14.21205489	0.11015	0.16015	0.12812
2/21/2020 10:00	2/21/2020	10	development	train	29.048167	29.048167	25.2	25.2	19.63716222	6.480263533	13.15689869	0.10553	0.15553	0.124424
2/21/2020 11:00	2/21/2020	11	development	train	21.9430835	21.9430835	63.33	63.33	14.05184222	4.637107933	9.414734287	0.0976	0.1476	0.11808
2/21/2020 12:00	2/21/2020	12	development	train	24.7411665	24.7411665	124.54	124.54	14.10882556	4.655912435	9.452913125	0.09438	0.14438	0.115504
2/21/2020 13:00	2/21/2020	13	development	train	10.7968334	10.7968334	121.15	121.15	16.98433778	5.604831467	11.37950631	0.09177	0.14177	0.113416
2/21/2020 14:00	2/21/2020	14	development	train	8.2136666	8.2136666	169.62	169.62	18.81354889	6.208471134	12.60507776	0.09017	0.14017	0.112136
2/21/2020 15:00	2/21/2020	15	development	train	1.3430833	1.3430833	82.94	82.94	24.03152222	7.930402333	16.10111989	0.09057	0.14057	0.112456
2/21/2020 16:00	2/21/2020	16	development	train	0	0	68.98	68.98	21.72877333	7.170495199	14.55827813	0.09469	0.14469	0.115752
2/21/2020 17:00	2/21/2020	17	development	train	0	0	23.7	23.7	21.58763556	7.123919735	14.46371583	0.09539	0.14539	0.116312
2/21/2020 18:00	2/21/2020	18	development	train	0	0	29.3	29.3	44.77108889	14.77445933	29.99662956	0.09077	0.14077	0.112616
2/21/2020 19:00	2/21/2020	19	development	train	0	0	52.39	52.39	54.53390667	17.9961892	36.53771747	0.08776	0.13776	0.110208
2/21/2020 20:00	2/21/2020	20	development	train	0	0	105.79	105.79	24.20589556	7.987945535	16.21795003	0.08545	0.13545	0.10836
2/21/2020 21:00	2/21/2020	21	development	train	0	0	147.13	147.13	22.97935556	7.583187335	15.39616823	0.08143	0.13143	0.105144
2/21/2020 22:00	2/21/2020	22	development	train	0	0	75.64	75.64	19.43426	6.4133058	13.0209542	0.07109	0.12109	0.096872
2/21/2020 23:00	2/21/2020	23	development	train	0	0	70.35	70.35	16.86080444	5.564065465	11.29673897	0.07882	0.12882	0.103056
2/22/2020 0:00	2/22/2020	0	development	train	0	0	135.57	135.57	18.85721778	6.222881867	12.63433591	0.06322	0.11322	0.090576
2/22/2020 1:00	2/22/2020	1	development	train	0	0	85.84	85.84	20.89273556	6.894602735	13.99813283	0.0604	0.1104	0.08832
2/22/2020 2:00	2/22/2020	2	development	train	0	0	78.9	78.9	25.59849556	8.447503535	17.15099203	0.05889	0.10889	0.087112
2/22/2020 3:00	2/22/2020	3	development	train	0	0	42.31	42.31	21.79912667	7.193711801	14.60541487	0.05899	0.10899	0.087192
2/22/2020 4:00	2/22/2020	4	development	train	0	0	42.78	42.78	21.06631778	6.951884867	14.11443291	0.06151	0.11151	0.089208
2/22/2020 5:00	2/22/2020	5	development	train	0	0	19.79	19.79	19.01111333	6.273667399	12.73744593	0.06775	0.11775	0.0942
2/22/2020 6:00	2/22/2020	6	development	train	0	0	5.54	5.54	20.14540222	6.647982733	13.49741949	0.07007	0.12007	0.096056
2/22/2020 7:00	2/22/2020	7	development	train	0	0	26.79	26.79	27.38130889	9.035831934	18.34547696	0.0749	0.1249	0.09992
2/22/2020 8:00	2/22/2020	8	development	train	1.1516667	1.1516667	53.33	53.33	25.95357111	8.564678466	17.38889264	0.08104	0.13104	0.104832
2/22/2020 9:00	2/22/2020	9	development	train	3.5715832	3.5715832	41.62	41.62	26.00148222	8.580489133	17.42099309	0.08597	0.13597	0.108776
2/22/2020 10:00	2/22/2020	10	development	train	19.8377271	19.8377271	14.81	14.81	18.01395667	5.944605701	12.06935097	0.08637	0.13637	0.109096
2/22/2020 11:00	2/22/2020	11	development	train	13.6178335	13.6178335	2.6	2.6	14.78586444	4.879335265	9.906529175	0.08627	0.13627	0.109016
2/22/2020 12:00	2/22/2020	12	development	train	0	0	0	0	18.74235556	6.184977335	12.55737823	0.08406	0.13406	0.107248
2/22/2020 13:00	2/22/2020	13	development	train	0	0	0	0	21.89777778	7.226266667	14.67151111	0.08033	0.13033	0.104264
2/22/2020 14:00	2/22/2020	14	development	train	0	0	0	0	21.31166222	7.032848533	14.27881369	0.08033	0.13033	0.104264
2/22/2020 15:00	2/22/2020	15	development	train	0	0	0	0	20.82869778	6.873470267	13.95522751	0.08587	0.13587	0.108696
2/22/2020 16:00	2/22/2020	16	development	train	0	0	0	0	20.48994222	6.761680933	13.72826129	0.0905	0.1405	0.1124
2/22/2020 17:00	2/22/2020	17	development	train	0	0	0	0	19.39789111	6.401304066	12.99658704	0.09121	0.14121	0.112968
2/22/2020 18:00	2/22/2020	18	development	train	0	0	-0.4	0	30.86613778	10.18582547	20.68031231	0.08919	0.13919	0.111352
2/22/2020 19:00	2/22/2020	19	development	train	0	0	-0.13	0	70.36662222	23.22098533	47.14563689	0.07983	0.12983	0.103864
2/22/2020 20:00	2/22/2020	20	development	train	0	0	43.39	43.39	27.50872222	9.077878333	18.43084389	0.07007	0.12007	0.096056
2/22/2020 21:00	2/22/2020	21	development	train	0	0	51.03	51.03	24.43085556	8.062182335	16.36867323	0.06835	0.11835	0.09468
2/22/2020 22:00	2/22/2020	22	development	train	0	0	69.89	69.89	23.44411333	7.736557399	15.70755593	0.06845	0.11845	0.09476
2/22/2020 23:00	2/22/2020	23	development	train	0	0	86.65	86.65	25.87143556	8.537573735	17.33386183	0.07049	0.12049	0.096392
2/23/2020 0:00	2/23/2020	0	development	train	0	0	89.74	89.74	20.25186667	6.683116001	13.56875067	0.0708	0.1208	0.09664
2/23/2020 1:00	2/23/2020	1	development	train	0	0	109.63	109.63	23.38338444	7.716516865	15.66686757	0.07049	0.12049	0.096392
2/23/2020 2:00	2/23/2020	2	development	train	0	0	58.14	58.14	22.12040889	7.299734934	14.82067396	0.07029	0.12029	0.096232
2/23/2020 3:00	2/23/2020	3	development	train	0	0	86.16	86.16	22.29214889	7.356409134	14.93573976	0.06988	0.11988	0.095904
2/23/2020 4:00	2/23/2020	4	development	train	0	0	121.16	121.16	21.70901556	7.163975135	14.54504043	0.07039	0.12039	0.096312
2/23/2020 5:00	2/23/2020	5	development	train	0	0	111.34	111.34	20.42836222	6.741359533	13.68700269	0.07049	0.12049	0.096392
2/23/2020 6:00	2/23/2020	6	development	train	0	0	109.53	109.53	16.38421778	5.406791867	10.97742591	0.0708	0.1208	0.09664
2/23/2020 7:00	2/23/2020	7	development	train	0.3299167	0.3299167	46.31	46.31	21.99903556	7.259681735	14.73935383	0.07394	0.12394	0.099152
2/23/2020 8:00	2/23/2020	8	development	train	5.5315834	5.5315834	23.56	23.56	22.66074444	7.478045665	15.18269877	0.08832	0.13832	0.110656
2/23/2020 9:00	2/23/2020	9	development	train	29.063667	29.063667	35.64	35.64	22.21451556	7.330790135	14.88372543	0.09318	0.14318	0.114544
2/23/2020 10:00	2/23/2020	10	development	train	7.0805001	7.0805001	52.05	52.05	20.87635778	6.889198067	13.98715971	0.09136	0.14136	0.113088
2/23/2020 11:00	2/23/2020	11	development	train	5.2251668	5.2251668	47.09	47.09	18.59207222	6.135383833	12.45668839	0.09014	0.14014	0.112112
2/23/2020 12:00	2/23/2020	12	development	train	2.9224168	2.9224168	102.57	102.57	17.09940111	5.642802366	11.45659874	0.09075	0.14075	0.1126
2/23/2020 13:00	2/23/2020	13	development	train	14.600417	14.600417	68.07	68.07	24.90164667	8.217543401	16.68410327	0.08943	0.13943	0.111544
2/23/2020 14:00	2/23/2020	14	development	train	8.31375	8.31375	24.7	24.7	25.77824222	8.506819933	17.27142229	0.08822	0.13822	0.110576
2/23/2020 15:00	2/23/2020	15	development	train	4.9714166	4.9714166	77.38	77.38	22.99983333	7.589944999	15.40988833	0.08862	0.13862	0.110896
2/23/2020 16:00	2/23/2020	16	development	train	0	0	29.74	29.74	27.35886222	9.028424533	18.33043769	0.10128	0.15128	0.121024
2/23/2020 17:00	2/23/2020	17	development	train	0	0	44.24	44.24	22.56292	7.4457636	15.1171564	0.10756	0.15756	0.126048
2/23/2020 18:00	2/23/2020	18	development	train	0	0	32.49	32.49	53.38420444	17.61678747	35.76741697	0.10169	0.15169	0.121352
2/23/2020 19:00	2/23/2020	19	development	train	0	0	31.5	31.5	61.90906222	20.42999053	41.47907169	0.08923	0.13923	0.111384
2/23/2020 20:00	2/23/2020	20	development	train	0	0	30.51	30.51	35.51078	11.7185574	23.7922226	0.08649	0.13649	0.109192
2/23/2020 21:00	2/23/2020	21	development	train	0	0	22.83	22.83	27.60000667	9.108002201	18.49200447	0.08842	0.13842	0.110736
2/23/2020 22:00	2/23/2020	22	development	train	0	0	48.65	48.65	22.01156	7.2638148	14.7477452	0.08285	0.13285	0.10628
2/23/2020 23:00	2/23/2020	23	development	train	0	0	72.9	72.9	16.97615333	5.602130599	11.37402273	0.07718	0.12718	0.101744
2/24/2020 0:00	2/24/2020	0	development	train	0	0	19.37	19.37	13.12560667	4.331450201	8.794156469	0.07545	0.12545	0.10036
2/24/2020 1:00	2/24/2020	1	development	train	0	0	126.97	126.97	17.95702556	5.925818435	12.03120713	0.07556	0.12556	0.100448
2/24/2020 2:00	2/24/2020	2	development	train	0	0	39.11	39.11	17.13538444	5.654676865	11.48070757	0.08801	0.13801	0.110408
2/24/2020 3:00	2/24/2020	3	development	train	0	0	33.61	33.61	19.87335778	6.558208067	13.31514971	0.0948	0.1448	0.11584
2/24/2020 4:00	2/24/2020	4	development	train	0	0	43.73	43.73	17.03438	5.6213454	11.4130346	0.10543	0.15543	0.124344
2/24/2020 5:00	2/24/2020	5	development	train	0	0	14.32	14.32	16.83605667	5.555898701	11.28015797	0.1108	0.1608	0.12864
2/24/2020 6:00	2/24/2020	6	development	train	0	0	13.4	13.4	14.84847556	4.899996935	9.948478625	0.10878	0.15878	0.127024
2/24/2020 7:00	2/24/2020	7	development	train	0	0	11.8	11.8	20.50849778	6.767804267	13.74069351	0.11019	0.16019	0.128152
2/24/2020 8:00	2/24/2020	8	development	train	0	0	12.05	12.05	25.05609556	8.268511535	16.78758403	0.11121	0.16121	0.128968
2/24/2020 9:00	2/24/2020	9	development	train	0	0	4.75	4.75	25.96912889	8.569812534	17.39931636	0.11171	0.16171	0.129368
2/24/2020 10:00	2/24/2020	10	development	train	0.0145833	0.0145833	-0.29	0	20.10368889	6.634217334	13.46947156	0.11181	0.16181	0.129448
2/24/2020 11:00	2/24/2020	11	development	train	2.1690833	2.1690833	-0.28	0	17.61188222	5.811921133	11.79996109	0.11161	0.16161	0.129288
2/24/2020 12:00	2/24/2020	12	development	train	11.5000832	11.5000832	-0.31	0	13.55737333	4.473933199	9.083440131	0.11323	0.16323	0.130584
2/24/2020 13:00	2/24/2020	13	development	train	33.2733335	33.2733335	-0.27	0	19.82584222	6.542527933	13.28331429	0.11566	0.16566	0.132528
2/24/2020 14:00	2/24/2020	14	development	train	12.9948337	12.9948337	-0.31	0	27.21350667	8.980457201	18.23304947	0.11718	0.16718	0.133744
2/24/2020 15:00	2/24/2020	15	development	train	0.79425	0.79425	-0.31	0	24.88159556	8.210926535	16.67066903	0.11971	0.16971	0.135768
2/24/2020 16:00	2/24/2020	16	development	train	0.0341667	0.0341667	-0.33	0	21.65559778	7.146347267	14.50925051	0.12265	0.17265	0.13812
2/24/2020 17:00	2/24/2020	17	development	train	0	0	4.2	4.2	31.09825333	10.2624236	20.83582973	0.13926	0.18926	0.151408
2/24/2020 18:00	2/24/2020	18	development	train	0	0	5.69	5.69	27.75647111	9.159635466	18.59683564	0.13936	0.18936	0.151488
2/24/2020 19:00	2/24/2020	19	development	train	0	0	3.52	3.52	55.86088	18.4340904	37.4267896	0.13703	0.18703	0.149624
2/24/2020 20:00	2/24/2020	20	development	train	0	0	-0.37	0	49.24472889	16.25076053	32.99396836	0.13997	0.18997	0.151976
2/24/2020 21:00	2/24/2020	21	development	train	0	0	8.68	8.68	30.08051778	9.926570867	20.15394691	0.14584	0.19584	0.156672
2/24/2020 22:00	2/24/2020	22	development	train	0	0	11.16	11.16	25.90980889	8.550236934	17.35957196	0.11009	0.16009	0.128072
2/24/2020 23:00	2/24/2020	23	development	train	0	0	26.5	26.5	25.23813333	8.328583999	16.90954933	0.11107	0.16107	0.128856
2/25/2020 0:00	2/25/2020	0	development	train	0	0	24.84	24.84	25.55498667	8.433145601	17.12184107	0.10306	0.15306	0.122448
2/25/2020 1:00	2/25/2020	1	development	train	0	0	15.8	15.8	26.26185111	8.666410866	17.59544024	0.10164	0.15164	0.121312
2/25/2020 2:00	2/25/2020	2	development	train	0	0	19.99	19.99	26.03482667	8.591492801	17.44333387	0.10113	0.15113	0.120904
2/25/2020 3:00	2/25/2020	3	development	train	0	0	17.41	17.41	23.92162667	7.894136801	16.02748987	0.10133	0.15133	0.121064
2/25/2020 4:00	2/25/2020	4	development	train	0	0	5.96	5.96	22.11575556	7.298199335	14.81755623	0.11695	0.16695	0.13356
2/25/2020 5:00	2/25/2020	5	development	train	0	0	1.07	1.07	22.38063111	7.385608266	14.99502284	0.15103	0.20103	0.160824
2/25/2020 6:00	2/25/2020	6	development	train	0	0	3.12	3.12	20.45898889	6.751466334	13.70752256	0.19749	0.24749	0.197992
2/25/2020 7:00	2/25/2020	7	development	train	0.3816667	0.3816667	11.12	11.12	29.67655556	9.793263335	19.88329223	0.2195	0.2695	0.2156
2/25/2020 8:00	2/25/2020	8	development	train	4.69075	4.69075	12.49	12.49	26.80767333	8.846532199	17.96114113	0.19597	0.24597	0.196776
2/25/2020 9:00	2/25/2020	9	development	train	15.5365	15.5365	7.21	7.21	25.07688222	8.275371133	16.80151109	0.16503	0.21503	0.172024
2/25/2020 10:00	2/25/2020	10	development	train	36.171917	36.171917	-0.07	0	23.72848889	7.830401334	15.89808756	0.16432	0.21432	0.171456
2/25/2020 11:00	2/25/2020	11	development	train	52.2285	52.2285	-0.34	0	20.14537778	6.647974667	13.49740311	0.15499	0.20499	0.163992
2/25/2020 12:00	2/25/2020	12	development	train	54.1725	54.1725	-0.31	0	18.43531778	6.083654867	12.35166291	0.15022	0.20022	0.160176
2/25/2020 13:00	2/25/2020	13	development	train	43.471667	43.471667	-0.34	0	22.78128	7.5178224	15.2634576	0.14069	0.19069	0.152552
2/25/2020 14:00	2/25/2020	14	development	train	23.444667	23.444667	-0.36	0	22.53307556	7.435914935	15.09716063	0.13714	0.18714	0.149712
2/25/2020 15:00	2/25/2020	15	development	train	8.4625	8.4625	-0.38	0	25.05681778	8.268749867	16.78806791	0.13633	0.18633	0.149064
2/25/2020 16:00	2/25/2020	16	development	train	0.4507	0.4507	-0.45	0	24.05286222	7.937444533	16.11541769	0.16676	0.21676	0.173408
2/25/2020 17:00	2/25/2020	17	development	train	0	0	-0.42	0	21.39288889	7.059653334	14.33323556	0.15682	0.20682	0.165456
2/25/2020 18:00	2/25/2020	18	development	train	0	0	-0.46	0	45.75248444	15.09831987	30.65416457	0.14738	0.19738	0.157904
2/25/2020 19:00	2/25/2020	19	development	train	0	0	13.25	13.25	30.01975111	9.906517866	20.11323324	0.13734	0.18734	0.149872
2/25/2020 20:00	2/25/2020	20	development	train	0	0	10.11	10.11	21.73557778	7.172740667	14.56283711	0.13977	0.18977	0.151816
2/25/2020 21:00	2/25/2020	21	development	train	0	0	12.04	12.04	27.37697333	9.034401199	18.34257213	0.1342	0.1842	0.14736
2/25/2020 22:00	2/25/2020	22	development	train	0	0	28.43	28.43	24.27110222	8.009463733	16.26163849	0.12497	0.17497	0.139976
2/25/2020 23:00	2/25/2020	23	development	train	0	0	21.99	21.99	16.47427778	5.436511667	11.03776611	0.1341	0.1841	0.14728
2/26/2020 0:00	2/26/2020	0	development	train	0	0	11.92	11.92	15.10501333	4.984654399	10.12035893	0.13238	0.18238	0.145904
2/26/2020 1:00	2/26/2020	1	development	train	0	0	0.55	0.55	19.03605333	6.281897599	12.75415573	0.13126	0.18126	0.145008
2/26/2020 2:00	2/26/2020	2	development	train	0	0	-0.55	0	19.07478444	6.294678865	12.78010557	0.13197	0.18197	0.145576
2/26/2020 3:00	2/26/2020	3	development	train	0	0	5.56	5.56	18.47666444	6.097299265	12.37936517	0.13522	0.18522	0.148176
2/26/2020 4:00	2/26/2020	4	development	train	0	0	28.79	28.79	18.79846667	6.203494001	12.59497267	0.14445	0.19445	0.15556
2/26/2020 5:00	2/26/2020	5	development	train	0	0	18.64	18.64	17.19179778	5.673293267	11.51850451	0.19192	0.24192	0.193536
2/26/2020 6:00	2/26/2020	6	development	train	0.1375	0.1375	37.74	37.74	16.32977222	5.388824833	10.94094739	0.21555	0.26555	0.21244
2/26/2020 7:00	2/26/2020	7	development	train	9.0268334	9.0268334	62.58	62.58	24.37274	8.0430042	16.3297358	0.22509	0.27509	0.220072
2/26/2020 8:00	2/26/2020	8	development	train	32.934833	32.934833	47.35	47.35	30.50015778	10.06505207	20.43510571	0.21616	0.26616	0.212928
2/26/2020 9:00	2/26/2020	9	development	train	52.204168	52.204168	62.89	62.89	25.06004444	8.269814665	16.79022977	0.21413	0.26413	0.211304
2/26/2020 10:00	2/26/2020	10	development	train	60.439	60.439	25.36	25.36	22.57992222	7.451374333	15.12854789	0.20145	0.25145	0.20116
2/26/2020 11:00	2/26/2020	11	development	train	60.384668	60.384668	4.86	4.86	21.12788	6.9722004	14.1556796	0.21312	0.26312	0.210496
2/26/2020 12:00	2/26/2020	12	development	train	58.914	58.914	18.67	18.67	19.81340444	6.538423465	13.27498097	0.1905	0.2405	0.1924
2/26/2020 13:00	2/26/2020	13	development	train	51.4555	51.4555	-0.27	0	21.32792889	7.038216534	14.28971236	0.18908	0.23908	0.191264
2/26/2020 14:00	2/26/2020	14	development	train	33.070666	33.070666	-0.36	0	20.99067556	6.926922935	14.06375263	0.18076	0.23076	0.184608
2/26/2020 15:00	2/26/2020	15	development	train	13.7890835	13.7890835	19.35	19.35	24.78640222	8.179512733	16.60688949	0.17041	0.22041	0.176328
2/26/2020 16:00	2/26/2020	16	development	train	0.6978182	0.6978182	45.92	45.92	23.63080222	7.798164733	15.83263749	0.18675	0.23675	0.1894
2/26/2020 17:00	2/26/2020	17	development	train	0	0	101.95	101.95	43.35294667	14.3064724	29.04647427	0.18837	0.23837	0.190696
2/26/2020 18:00	2/26/2020	18	development	train	0	0	78.05	78.05	46.58241333	15.3721964	31.21021693	0.18969	0.23969	0.191752
2/26/2020 19:00	2/26/2020	19	development	train	0	0	16.43	16.43	27.84228222	9.187953133	18.65432909	0.18959	0.23959	0.191672
2/26/2020 20:00	2/26/2020	20	development	train	0	0	-0.35	0	27.62957778	9.117760667	18.51181711	0.19303	0.24303	0.194424
2/26/2020 21:00	2/26/2020	21	development	train	0	0	4.21	4.21	27.90278889	9.207920334	18.69486856	0.19202	0.24202	0.193616
2/26/2020 22:00	2/26/2020	22	development	train	0	0	60.47	60.47	26.21397556	8.650611935	17.56336363	0.1903	0.2403	0.19224
2/26/2020 23:00	2/26/2020	23	development	train	0	0	91	91	20.85775111	6.883057866	13.97469324	0.19082	0.24082	0.192656
2/27/2020 0:00	2/27/2020	0	development	train	0	0	77.8	77.8	17.98048667	5.933560601	12.04692607	0.18929	0.23929	0.191432
2/27/2020 1:00	2/27/2020	1	development	train	0	0	111.77	111.77	21.57069333	7.118328799	14.45236453	0.18286	0.23286	0.186288
2/27/2020 2:00	2/27/2020	2	development	train	0	0	113.06	113.06	22.52569111	7.433478066	15.09221304	0.18266	0.23266	0.186128
2/27/2020 3:00	2/27/2020	3	development	train	0	0	112.85	112.85	20.20290667	6.666959201	13.53594747	0.18919	0.23919	0.191352
2/27/2020 4:00	2/27/2020	4	development	train	0	0	95.82	95.82	22.80699111	7.526307066	15.28068404	0.19031	0.24031	0.192248
2/27/2020 5:00	2/27/2020	5	development	train	0	0	124.36	124.36	17.17079889	5.666363634	11.50443526	0.19429	0.24429	0.195432
2/27/2020 6:00	2/27/2020	6	development	train	0.3348	0.3348	101.01	101.01	25.00464	8.2515312	16.7531088	0.20369	0.25369	0.202952
2/27/2020 7:00	2/27/2020	7	development	train	5.538	5.538	67.51	67.51	27.98652444	9.235553065	18.75097137	0.22135	0.27135	0.21708
2/27/2020 8:00	2/27/2020	8	development	train	18.5041816	18.5041816	61.2	61.2	24.64839778	8.133971267	16.51442651	0.22013	0.27013	0.216104
2/27/2020 9:00	2/27/2020	9	development	train	41.165166	41.165166	47.1	47.1	22.53585778	7.436833067	15.09902471	0.19889	0.24889	0.199112
2/27/2020 10:00	2/27/2020	10	development	train	45.1090605	45.1090605	68.65	68.65	23.87597333	7.879071199	15.99690213	0.19879	0.24879	0.199032
2/27/2020 11:00	2/27/2020	11	development	train	54.837916	54.837916	91.64	91.64	24.10399778	7.954319267	16.14967851	0.19766	0.24766	0.198128
2/27/2020 12:00	2/27/2020	12	development	train	51.953084	51.953084	143.28	143.28	21.57988667	7.121362601	14.45852407	0.19705	0.24705	0.19764
2/27/2020 13:00	2/27/2020	13	development	train	40.45225	40.45225	122.65	122.65	22.07572	7.2849876	14.7907324	0.19715	0.24715	0.19772
2/27/2020 14:00	2/27/2020	14	development	train	13.698583	13.698583	91.85	91.85	25.28831556	8.345144135	16.94317143	0.19777	0.24777	0.198216
2/27/2020 15:00	2/27/2020	15	development	train	3.1584167	3.1584167	68.84	68.84	22.66852889	7.480614534	15.18791436	0.19858	0.24858	0.198864
2/27/2020 16:00	2/27/2020	16	development	train	0.2868182	0.2868182	42.92	42.92	23.20772222	7.658548333	15.54917389	0.20001	0.25001	0.200008
2/27/2020 17:00	2/27/2020	17	development	train	0	0	28.79	28.79	42.75951556	14.11064013	28.64887543	0.22033	0.27033	0.216264
2/27/2020 18:00	2/27/2020	18	development	train	0	0	33.66	33.66	60.79805333	20.0633576	40.73469573	0.22064	0.27064	0.216512
2/27/2020 19:00	2/27/2020	19	development	train	0	0	28.22	28.22	44.84015556	14.79725133	30.04290423	0.22196	0.27196	0.217568
2/27/2020 20:00	2/27/2020	20	development	train	0	0	16.5	16.5	25.91740667	8.552744201	17.36466247	0.21308	0.26308	0.210464
2/27/2020 21:00	2/27/2020	21	development	train	0	0	10.63	10.63	25.45417111	8.399876466	17.05429464	0.19848	0.24848	0.198784
2/27/2020 22:00	2/27/2020	22	development	train	0	0	5.83	5.83	20.49898222	6.764664133	13.73431809	0.19736	0.24736	0.197888
2/27/2020 23:00	2/27/2020	23	development	train	0	0	6.58	6.58	20.38299556	6.726388535	13.65660703	0.2014	0.2514	0.20112
2/28/2020 0:00	2/28/2020	0	development	train	0	0	7.67	7.67	18.29013333	6.035743999	12.25438933	0.19904	0.24904	0.199232
2/28/2020 1:00	2/28/2020	1	development	train	0	0	15.24	15.24	22.38368667	7.386616601	14.99707007	0.19523	0.24523	0.196184
2/28/2020 2:00	2/28/2020	2	development	train	0	0	20.25	20.25	21.62607556	7.136604935	14.48947063	0.19513	0.24513	0.196104
2/28/2020 3:00	2/28/2020	3	development	train	0	0	7.37	7.37	24.9557	8.235381	16.720319	0.19729	0.24729	0.197832
2/28/2020 4:00	2/28/2020	4	development	train	0	0	1.36	1.36	20.76274444	6.851705665	13.91103877	0.2014	0.2514	0.20112
2/28/2020 5:00	2/28/2020	5	development	train	0	0	-0.49	0	21.82990444	7.203868465	14.62603597	0.20274	0.25274	0.202192
2/28/2020 6:00	2/28/2020	6	development	train	0.2228	0.2228	-0.51	0	20.21987556	6.672558935	13.54731663	0.19729	0.24729	0.197832
2/28/2020 7:00	2/28/2020	7	development	train	8.1649167	8.1649167	-0.57	0	25.04307111	8.264213466	16.77885764	0.19986	0.24986	0.199888
2/28/2020 8:00	2/28/2020	8	development	train	21.78475	21.78475	-0.49	0	25.54244444	8.429006665	17.11343777	0.19832	0.24832	0.198656
2/28/2020 9:00	2/28/2020	9	development	train	19.05375	19.05375	-0.44	0	28.60104889	9.438346134	19.16270276	0.19934	0.24934	0.199472
2/28/2020 10:00	2/28/2020	10	development	train	15.01675	15.01675	-0.43	0	25.34215556	8.362911335	16.97924423	0.20058	0.25058	0.200464
2/28/2020 11:00	2/28/2020	11	development	train	13.204	13.204	-0.45	0	27.07577778	8.935006667	18.14077111	0.19976	0.24976	0.199808
2/28/2020 12:00	2/28/2020	12	development	train	20.0341665	20.0341665	-0.35	0	24.45289333	8.069454799	16.38343853	0.19904	0.24904	0.199232
2/28/2020 13:00	2/28/2020	13	development	train	30	30	-0.33	0	23.89539778	7.885481267	16.00991651	0.19719	0.24719	0.197752
2/28/2020 14:00	2/28/2020	14	development	train	18.330833	18.330833	-0.41	0	22.69996889	7.490989734	15.20897916	0.19626	0.24626	0.197008
2/28/2020 15:00	2/28/2020	15	development	train	2.1653182	2.1653182	-0.38	0	22.39432	7.3901256	15.0041944	0.19452	0.24452	0.195616
2/28/2020 16:00	2/28/2020	16	development	train	0.2887272	0.2887272	-0.5	0	21.24419556	7.010584535	14.23361103	0.19462	0.24462	0.195696
2/28/2020 17:00	2/28/2020	17	development	train	0	0	-0.39	0	49.27199111	16.25975707	33.01223404	0.19482	0.24482	0.195856
2/28/2020 18:00	2/28/2020	18	development	train	0	0	0.19	0.19	47.87499556	15.79874853	32.07624703	0.19359	0.24359	0.194872
2/28/2020 19:00	2/28/2020	19	development	train	0	0	-0.53	0	25.39766	8.3812278	17.0164322	0.19626	0.24626	0.197008
2/28/2020 20:00	2/28/2020	20	development	train	0	0	-0.44	0	27.74289111	9.155154066	18.58773704	0.1939	0.2439	0.19512
2/28/2020 21:00	2/28/2020	21	development	train	0	0	-0.47	0	24.96137333	8.237253199	16.72412013	0.2051	0.2551	0.20408
2/28/2020 22:00	2/28/2020	22	development	train	0	0	-0.4	0	21.64846222	7.143992533	14.50446969	0.20417	0.25417	0.203336
2/28/2020 23:00	2/28/2020	23	development	train	0	0	-0.37	0	25.2632	8.336856	16.926344	0.13508	0.18508	0.148064
2/29/2020 0:00	2/29/2020	0	development	train	0	0	-0.45	0	22.48519333	7.420113799	15.06507953	0.11409	0.16409	0.131272
2/29/2020 1:00	2/29/2020	1	development	train	0	0	-0.47	0	20.25131111	6.682932666	13.56837844	0.1169	0.1669	0.13352
2/29/2020 2:00	2/29/2020	2	development	train	0	0	-0.41	0	17.69347778	5.838847667	11.85463011	0.11825	0.16825	0.1346
2/29/2020 3:00	2/29/2020	3	development	train	0	0	-0.43	0	18.43068	6.0821244	12.3485556	0.11877	0.16877	0.135016
2/29/2020 4:00	2/29/2020	4	development	train	0	0	-0.42	0	17.85862111	5.893344966	11.96527614	0.10869	0.15869	0.126952
2/29/2020 5:00	2/29/2020	5	development	train	0	0	-0.42	0	17.70124222	5.841409933	11.85983229	0.10838	0.15838	0.126704
2/29/2020 6:00	2/29/2020	6	development	train	0	0	-0.43	0	15.46045556	5.101950335	10.35850523	0.12012	0.17012	0.136096
2/29/2020 7:00	2/29/2020	7	development	train	0.35725	0.35725	-0.43	0	24.73799778	8.163539267	16.57445851	0.13498	0.18498	0.147984
2/29/2020 8:00	2/29/2020	8	development	train	2.1055834	2.1055834	-0.41	0	21.28804222	7.025053933	14.26298829	0.14558	0.19558	0.156464
2/29/2020 9:00	2/29/2020	9	development	train	7.8456667	7.8456667	-0.46	0	18.1527	5.990391	12.162309	0.14443	0.19443	0.155544
2/29/2020 10:00	2/29/2020	10	development	train	35.2779165	35.2779165	-0.36	0	19.82148222	6.541089133	13.28039309	0.13914	0.18914	0.151312
2/29/2020 11:00	2/29/2020	11	development	train	49.427917	49.427917	-0.34	0	16.38406	5.4067398	10.9773202	0.13519	0.18519	0.148152
2/29/2020 12:00	2/29/2020	12	development	train	55.5673242	55.5673242	-0.31	0	20.09830444	6.632440465	13.46586397	0.12594	0.17594	0.140752
2/29/2020 13:00	2/29/2020	13	development	train	45.673083	45.673083	-0.32	0	17.89224889	5.904442134	11.98780676	0.12407	0.17407	0.139256
2/29/2020 14:00	2/29/2020	14	development	train	15.64475	15.64475	-0.4	0	17.29195333	5.706344599	11.58560873	0.12334	0.17334	0.138672
2/29/2020 15:00	2/29/2020	15	development	train	3.5628334	3.5628334	-0.41	0	18.88040222	6.230532733	12.64986949	0.12635	0.17635	0.14108
2/29/2020 16:00	2/29/2020	16	development	train	0.2277272	0.2277272	-0.44	0	15.57891444	5.141041765	10.43787267	0.14454	0.19454	0.155632
2/29/2020 17:00	2/29/2020	17	development	train	0	0	12.96	12.96	19.16086444	6.323085265	12.83777917	0.14464	0.19464	0.155712
2/29/2020 18:00	2/29/2020	18	development	train	0	0	26.83	26.83	53.30588	17.5909404	35.7149396	0.1328	0.1828	0.14624
2/29/2020 19:00	2/29/2020	19	development	train	0	0	45.59	45.59	34.10660444	11.25517947	22.85142497	0.10661	0.15661	0.125288
2/29/2020 20:00	2/29/2020	20	development	train	0	0	50.21	50.21	28.80387333	9.505278199	19.29859513	0.10557	0.15557	0.124456
2/29/2020 21:00	2/29/2020	21	development	train	0	0	28.29	28.29	24.53025333	8.094983599	16.43526973	0.10817	0.15817	0.126536
2/29/2020 22:00	2/29/2020	22	development	train	0	0	16.52	16.52	22.20318889	7.327052334	14.87613656	0.1011	0.1511	0.12088
2/29/2020 23:00	2/29/2020	23	development	train	0	0	3.98	3.98	23.85291333	7.871461399	15.98145193	0.10283	0.15283	0.122264
3/1/2020 0:00	3/1/2020	0	development	train	0	0	-0.43	0	21.56384444	7.116068665	14.44777577	0.102	0.152	0.1216
3/1/2020 1:00	3/1/2020	1	development	train	0	0	-0.4	0	22.48131111	7.418832666	15.06247844	0.10138	0.15138	0.121104
3/1/2020 2:00	3/1/2020	2	development	train	0	0	4.28	4.28	25.62532444	8.456357065	17.16896737	0.10107	0.15107	0.120856
3/1/2020 3:00	3/1/2020	3	development	train	0	0	4.1	4.1	24.2772	8.011476	16.265724	0.10107	0.15107	0.120856
3/1/2020 4:00	3/1/2020	4	development	train	0	0	12.94	12.94	21.77428889	7.185515334	14.58877356	0.10117	0.15117	0.120936
3/1/2020 5:00	3/1/2020	5	development	train	0	0	2.64	2.64	18.94586444	6.252135265	12.69372917	0.10231	0.15231	0.121848
3/1/2020 6:00	3/1/2020	6	development	train	0.2042222	0.2042222	-0.43	0	19.97138	6.5905554	13.3808246	0.10314	0.15314	0.122512
3/1/2020 7:00	3/1/2020	7	development	train	2.22275	2.22275	20.16	20.16	25.76891111	8.503740666	17.26517044	0.10386	0.15386	0.123088
3/1/2020 8:00	3/1/2020	8	development	train	3.9428334	3.9428334	3.38	3.38	25.68022667	8.474474801	17.20575187	0.10448	0.15448	0.123584
3/1/2020 9:00	3/1/2020	9	development	train	7.1435834	7.1435834	-0.39	0	25.92563556	8.555459735	17.37017583	0.10583	0.15583	0.124664
3/1/2020 10:00	3/1/2020	10	development	train	12.8184165	12.8184165	-0.41	0	25.01806	8.2559598	16.7621002	0.10614	0.15614	0.124912
3/1/2020 11:00	3/1/2020	11	development	train	16.563083	16.563083	8.21	8.21	20.50558	6.7668414	13.7387386	0.10448	0.15448	0.123584
3/1/2020 12:00	3/1/2020	12	development	train	10.9268333	10.9268333	-0.39	0	23.13674444	7.635125665	15.50161877	0.10407	0.15407	0.123256
3/1/2020 13:00	3/1/2020	13	development	train	4.9235	4.9235	23.25	23.25	22.56915556	7.447821335	15.12133423	0.10397	0.15397	0.123176
3/1/2020 14:00	3/1/2020	14	development	train	2.3928333	2.3928333	93.54	93.54	22.89140889	7.554164934	15.33724396	0.10417	0.15417	0.123336
3/1/2020 15:00	3/1/2020	15	development	train	1.38825	1.38825	116.21	116.21	29.50718	9.7373694	19.7698106	0.11978	0.16978	0.135824
3/1/2020 16:00	3/1/2020	16	development	train	0.0651818	0.0651818	130.48	130.48	26.11123556	8.616707735	17.49452783	0.14406	0.19406	0.155248
3/1/2020 17:00	3/1/2020	17	development	train	0	0	77.88	77.88	22.39204222	7.389373933	15.00266829	0.14696	0.19696	0.157568
3/1/2020 18:00	3/1/2020	18	development	train	0	0	98.22	98.22	58.15342222	19.19062933	38.96279289	0.13528	0.18528	0.148224
3/1/2020 19:00	3/1/2020	19	development	train	0	0	89.62	89.62	47.73802222	15.75354733	31.98447489	0.13011	0.18011	0.144088
3/1/2020 20:00	3/1/2020	20	development	train	0	0	34.97	34.97	29.30205111	9.669676866	19.63237424	0.12391	0.17391	0.139128
3/1/2020 21:00	3/1/2020	21	development	train	0	0	31.56	31.56	32.65715333	10.7768606	21.88029273	0.12288	0.17288	0.138304
3/1/2020 22:00	3/1/2020	22	development	train	0	0	30.97	30.97	28.97015333	9.560150599	19.41000273	0.11874	0.16874	0.134992
3/1/2020 23:00	3/1/2020	23	development	train	0	0	17.21	17.21	26.55306889	8.762512734	17.79055616	0.10624	0.15624	0.124992
3/2/2020 0:00	3/2/2020	0	development	train	0	0	54.15	54.15	22.27537778	7.350874667	14.92450311	0.1112	0.1612	0.12896
3/2/2020 1:00	3/2/2020	1	development	train	0	0	25.85	25.85	26.23054222	8.656078933	17.57446329	0.11327	0.16327	0.130616
3/2/2020 2:00	3/2/2020	2	development	train	0	0	24.97	24.97	26.62393556	8.785898735	17.83803683	0.11616	0.16616	0.132928
3/2/2020 3:00	3/2/2020	3	development	train	0	0	19.42	19.42	26.18666444	8.641599265	17.54506517	0.12381	0.17381	0.139048
3/2/2020 4:00	3/2/2020	4	development	train	0	0	14.83	14.83	25.14574222	8.298094933	16.84764729	0.14344	0.19344	0.154752
3/2/2020 5:00	3/2/2020	5	development	train	0	0	20.52	20.52	24.02446667	7.928074001	16.09639267	0.15884	0.20884	0.167072
3/2/2020 6:00	3/2/2020	6	development	train	0.0134545	0.0134545	17.14	17.14	22.08938889	7.289498334	14.79989056	0.16907	0.21907	0.175256
3/2/2020 7:00	3/2/2020	7	development	train	1.8965834	1.8965834	30.51	30.51	29.25648667	9.654640601	19.60184607	0.17641	0.22641	0.181128
3/2/2020 8:00	3/2/2020	8	development	train	14.0388332	14.0388332	14.78	14.78	30.57824	10.0908192	20.4874208	0.17724	0.22724	0.181792
3/2/2020 9:00	3/2/2020	9	development	train	45.666833	45.666833	22.89	22.89	20.32161111	6.706131666	13.61547944	0.17806	0.22806	0.182448
3/2/2020 10:00	3/2/2020	10	development	train	46.554584	46.554584	23.09	23.09	22.34342667	7.373330801	14.97009587	0.17786	0.22786	0.182288
3/2/2020 11:00	3/2/2020	11	development	train	61.657166	61.657166	13.49	13.49	22.31112667	7.362671801	14.94845487	0.1793	0.2293	0.18344
3/2/2020 12:00	3/2/2020	12	development	train	36.086417	36.086417	36.6	36.6	20.12591556	6.641552135	13.48436343	0.17941	0.22941	0.183528
3/2/2020 13:00	3/2/2020	13	development	train	29.368083	29.368083	30.13	30.13	23.37411556	7.713458135	15.66065743	0.17992	0.22992	0.183936
3/2/2020 14:00	3/2/2020	14	development	train	17.5334165	17.5334165	30.38	30.38	25.11008444	8.286327865	16.82375657	0.17879	0.22879	0.183032
3/2/2020 15:00	3/2/2020	15	development	train	5.7073335	5.7073335	10.73	10.73	27.57817778	9.100798667	18.47737911	0.1761	0.2261	0.18088
3/2/2020 16:00	3/2/2020	16	development	train	0.4461667	0.4461667	-0.32	0	23.10295556	7.623975335	15.47898023	0.17414	0.22414	0.179312
3/2/2020 17:00	3/2/2020	17	development	train	0	0	0.18	0.18	23.62545333	7.796399599	15.82905373	0.17341	0.22341	0.178728
3/2/2020 18:00	3/2/2020	18	development	train	0	0	15.76	15.76	54.93943111	18.13001227	36.80941884	0.17011	0.22011	0.176088
3/2/2020 19:00	3/2/2020	19	development	train	0	0	15.41	15.41	34.10418889	11.25438233	22.84980656	0.17011	0.22011	0.176088
3/2/2020 20:00	3/2/2020	20	development	train	0	0	4.94	4.94	30.77766	10.1566278	20.6210322	0.1731	0.2231	0.17848
3/2/2020 21:00	3/2/2020	21	development	train	0	0	37.38	37.38	30.99023556	10.22677773	20.76345783	0.16463	0.21463	0.171704
3/2/2020 22:00	3/2/2020	22	development	train	0	0	55	55	20.30424444	6.700400665	13.60384377	0.15626	0.20626	0.165008
3/2/2020 23:00	3/2/2020	23	development	train	0	0	41.46	41.46	20.93844	6.9096852	14.0287548	0.16027	0.21027	0.168216
3/3/2020 0:00	3/3/2020	0	development	train	0	0	20.38	20.38	20.39048	6.7288584	13.6616216	0.16579	0.21579	0.172632
3/3/2020 1:00	3/3/2020	1	development	train	0	0	35.44	35.44	21.94697333	7.242501199	14.70447213	0.16901	0.21901	0.175208
3/3/2020 2:00	3/3/2020	2	development	train	0	0	17.9	17.9	21.57386222	7.119374533	14.45448769	0.17099	0.22099	0.176792
3/3/2020 3:00	3/3/2020	3	development	train	0	0	21.94	21.94	23.82798667	7.863235601	15.96475107	0.17307	0.22307	0.178456
3/3/2020 4:00	3/3/2020	4	development	train	0	0	0.1	0.1	20.35788222	6.718101133	13.63978109	0.15798	0.20798	0.166384
3/3/2020 5:00	3/3/2020	5	development	train	0	0	49.4	49.4	20.38870889	6.728273934	13.66043496	0.14934	0.19934	0.159472
3/3/2020 6:00	3/3/2020	6	development	train	0.2945834	0.2945834	36.96	36.96	20.74442	6.8456586	13.8987614	0.15965	0.20965	0.16772
3/3/2020 7:00	3/3/2020	7	development	train	11.1861667	11.1861667	5.41	5.41	26.21292889	8.650266534	17.56266236	0.16121	0.21121	0.168968
3/3/2020 8:00	3/3/2020	8	development	train	36.964499	36.964499	-0.28	0	28.75073778	9.487743467	19.26299431	0.15923	0.20923	0.167384
3/3/2020 9:00	3/3/2020	9	development	train	51.971918	51.971918	11.08	11.08	23.39078667	7.718959601	15.67182707	0.15892	0.20892	0.167136
3/3/2020 10:00	3/3/2020	10	development	train	61.184584	61.184584	55.92	55.92	19.88091778	6.560702867	13.32021491	0.15777	0.20777	0.166216
3/3/2020 11:00	3/3/2020	11	development	train	64.468584	64.468584	97.09	97.09	18.33602667	6.050888801	12.28513787	0.156	0.206	0.1648
3/3/2020 12:00	3/3/2020	12	development	train	63.01925	63.01925	108.69	108.69	16.41617556	5.417337935	10.99883763	0.15007	0.20007	0.160056
3/3/2020 13:00	3/3/2020	13	development	train	54.900584	54.900584	120.97	120.97	22.07089778	7.283396267	14.78750151	0.14549	0.19549	0.156392
3/3/2020 14:00	3/3/2020	14	development	train	39.129583	39.129583	157.72	157.72	25.08010444	8.276434465	16.80366997	0.14487	0.19487	0.155896
3/3/2020 15:00	3/3/2020	15	development	train	17.740083	17.740083	222.3	222.3	28.93819333	9.549603799	19.38858953	0.14466	0.19466	0.155728
3/3/2020 16:00	3/3/2020	16	development	train	2.9501666	2.9501666	191.19	191.19	59.89423111	19.76509627	40.12913484	0.14695	0.19695	0.15756
3/3/2020 17:00	3/3/2020	17	development	train	0	0	225.5	225	42.51252889	14.02913453	28.48339436	0.14841	0.19841	0.158728
3/3/2020 18:00	3/3/2020	18	development	train	0	0	153.22	153.22	24.23471556	7.997456135	16.23725943	0.16162	0.21162	0.169296
3/3/2020 19:00	3/3/2020	19	development	train	0	0	142.35	142.35	21.47840889	7.087874934	14.39053396	0.14903	0.19903	0.159224
3/3/2020 20:00	3/3/2020	20	development	train	0	0	61.33	61.33	28.01124222	9.243709933	18.76753229	0.14622	0.19622	0.156976
3/3/2020 21:00	3/3/2020	21	development	train	0	0	11.17	11.17	25.99282667	8.577632801	17.41519387	0.14206	0.19206	0.153648
3/3/2020 22:00	3/3/2020	22	development	train	0	0	-0.27	0	21.00291556	6.930962135	14.07195343	0.1278	0.1778	0.14224
3/3/2020 23:00	3/3/2020	23	development	train	0	0	-0.38	0	17.92928889	5.916665334	12.01262356	0.13705	0.18705	0.14964
3/4/2020 0:00	3/4/2020	0	development	train	0	0	-0.35	0	17.20444333	5.677466299	11.52697703	0.1356	0.1856	0.14848
3/4/2020 1:00	3/4/2020	1	development	train	0	0	-0.36	0	21.41322444	7.066364065	14.34686037	0.13581	0.18581	0.148648
3/4/2020 2:00	3/4/2020	2	development	train	0	0	-0.41	0	22.48259778	7.419257267	15.06334051	0.13643	0.18643	0.149144
3/4/2020 3:00	3/4/2020	3	development	train	0	0	-0.42	0	24.98769778	8.245940267	16.74175751	0.13829	0.18829	0.150632
3/4/2020 4:00	3/4/2020	4	development	train	0	0	-0.35	0	20.61735556	6.803727335	13.81362823	0.14025	0.19025	0.1522
3/4/2020 5:00	3/4/2020	5	development	train	0	0	-0.38	0	17.09239889	5.640491634	11.45190726	0.14138	0.19138	0.153104
3/4/2020 6:00	3/4/2020	6	development	train	0.1501	0.1501	-0.33	0	16.79997667	5.543992301	11.25598437	0.14283	0.19283	0.154264
3/4/2020 7:00	3/4/2020	7	development	train	2.2283333	2.2283333	21.18	21.18	25.38363111	8.376598266	17.00703284	0.14314	0.19314	0.154512
3/4/2020 8:00	3/4/2020	8	development	train	5.7194166	5.7194166	35.95	35.95	23.56251556	7.775630135	15.78688543	0.14304	0.19304	0.154432
3/4/2020 9:00	3/4/2020	9	development	train	7.3510833	7.3510833	34.24	34.24	24.52718889	8.093972334	16.43321656	0.14304	0.19304	0.154432
3/4/2020 10:00	3/4/2020	10	development	train	8.1165	8.1165	118.76	118.76	26.69746	8.8101618	17.8872982	0.14242	0.19242	0.153936
3/4/2020 11:00	3/4/2020	11	development	train	7.4774167	7.4774167	63.08	63.08	18.87841333	6.229876399	12.64853693	0.14231	0.19231	0.153848
3/4/2020 12:00	3/4/2020	12	development	train	5.9963334	5.9963334	31.42	31.42	21.35678222	7.047738133	14.30904409	0.1418	0.1918	0.15344
3/4/2020 13:00	3/4/2020	13	development	train	6.3136667	6.3136667	9.48	9.48	21.93826444	7.239627265	14.69863717	0.14118	0.19118	0.152944
3/4/2020 14:00	3/4/2020	14	development	train	5.8739166	5.8739166	48.86	48.86	27.18471111	8.970954666	18.21375644	0.14056	0.19056	0.152448
3/4/2020 15:00	3/4/2020	15	development	train	3.69275	3.69275	2.73	2.73	22.96799111	7.579437066	15.38855404	0.14025	0.19025	0.1522
3/4/2020 16:00	3/4/2020	16	development	train	0.3074167	0.3074167	7.32	7.32	22.62970667	7.467803201	15.16190347	0.14056	0.19056	0.152448
3/4/2020 17:00	3/4/2020	17	development	train	0	0	1.1	1.1	21.26508222	7.017477133	14.24760509	0.14046	0.19046	0.152368
3/4/2020 18:00	3/4/2020	18	development	train	0	0	-0.07	0	42.58457778	14.05291067	28.53166711	0.14386	0.19386	0.155088
3/4/2020 19:00	3/4/2020	19	development	train	0	0	-0.32	0	37.52979556	12.38483253	25.14496303	0.14397	0.19397	0.155176
3/4/2020 20:00	3/4/2020	20	development	train	0	0	-0.35	0	22.42077333	7.398855199	15.02191813	0.14552	0.19552	0.156416
3/4/2020 21:00	3/4/2020	21	development	train	0	0	-0.34	0	30.55832222	10.08424633	20.47407589	0.14262	0.19262	0.154096
3/4/2020 22:00	3/4/2020	22	development	train	0	0	-0.33	0	23.912	7.89096	16.02104	0.13829	0.18829	0.150632
3/4/2020 23:00	3/4/2020	23	development	train	0	0	-0.33	0	19.97153333	6.590605999	13.38092733	0.136	0.186	0.1488
3/5/2020 0:00	3/5/2020	0	development	train	0	0	-0.36	0	18.54739333	6.120639799	12.42675353	0.1391	0.1891	0.15128
3/5/2020 1:00	3/5/2020	1	development	train	0	0	-0.43	0	23.84905778	7.870189067	15.97886871	0.1393	0.1893	0.15144
3/5/2020 2:00	3/5/2020	2	development	train	0	0	-0.4	0	22.2674	7.348242	14.919158	0.14188	0.19188	0.153504
3/5/2020 3:00	3/5/2020	3	development	train	0	0	-0.37	0	24.64432444	8.132627065	16.51169737	0.14528	0.19528	0.156224
3/5/2020 4:00	3/5/2020	4	development	train	0	0	-0.41	0	15.39511	5.0803863	10.3147237	0.14198	0.19198	0.153584
3/5/2020 5:00	3/5/2020	5	development	train	0	0	-0.39	0	16.12717333	5.321967199	10.80520613	0.14188	0.19188	0.153504
3/5/2020 6:00	3/5/2020	6	development	train	0	0	-0.41	0	14.23840444	4.698673465	9.539730975	0.14673	0.19673	0.157384
3/5/2020 7:00	3/5/2020	7	development	train	0.0626667	0.0626667	-0.41	0	21.31352444	7.033463065	14.28006137	0.1491	0.1991	0.15928
3/5/2020 8:00	3/5/2020	8	development	train	1.2763333	1.2763333	-0.37	0	21.82194889	7.201243134	14.62070576	0.1492	0.1992	0.15936
3/5/2020 9:00	3/5/2020	9	development	train	10.6621666	10.6621666	-0.32	0	19.56024444	6.454880665	13.10536377	0.1493	0.1993	0.15944
3/5/2020 10:00	3/5/2020	10	development	train	21.1484995	21.1484995	-0.33	0	17.10046444	5.643153265	11.45731117	0.14941	0.19941	0.159528
3/5/2020 11:00	3/5/2020	11	development	train	41.815417	41.815417	-0.25	0	16.93799222	5.589537433	11.34845479	0.14827	0.19827	0.158616
3/5/2020 12:00	3/5/2020	12	development	train	35.322	35.322	-0.27	0	20.07936444	6.626190265	13.45317417	0.14734	0.19734	0.157872
3/5/2020 13:00	3/5/2020	13	development	train	13.3225	13.3225	-0.28	0	22.97042222	7.580239333	15.39018289	0.14642	0.19642	0.157136
3/5/2020 14:00	3/5/2020	14	development	train	14.8150835	14.8150835	-0.28	0	25.05939556	8.269600535	16.78979503	0.14848	0.19848	0.158784
3/5/2020 15:00	3/5/2020	15	development	train	7.9933333	7.9933333	-0.29	0	22.92456222	7.565105533	15.35945669	0.14796	0.19796	0.158368
3/5/2020 16:00	3/5/2020	16	development	train	0.968	0.968	-0.27	0	44.69389778	14.74898627	29.94491151	0.14807	0.19807	0.158456
3/5/2020 17:00	3/5/2020	17	development	train	0	0	-0.28	0	37.55938222	12.39459613	25.16478609	0.14796	0.19796	0.158368
3/5/2020 18:00	3/5/2020	18	development	train	0	0	-0.3	0	30.0435	9.914355	20.129145	0.17178	0.22178	0.177424
3/5/2020 19:00	3/5/2020	19	development	train	0	0	-0.32	0	30.57118222	10.08849013	20.48269209	0.16013	0.21013	0.168104
3/5/2020 20:00	3/5/2020	20	development	train	0	0	-0.34	0	25.32041111	8.355735666	16.96467544	0.1592	0.2092	0.16736
3/5/2020 21:00	3/5/2020	21	development	train	0	0	4.71	4.71	26.34477778	8.693776667	17.65100111	0.15343	0.20343	0.162744
3/5/2020 22:00	3/5/2020	22	development	train	0	0	3.08	3.08	22.63865778	7.470757067	15.16790071	0.14188	0.19188	0.153504
3/5/2020 23:00	3/5/2020	23	development	train	0	0	9.84	9.84	18.84109333	6.217560799	12.62353253	0.15995	0.20995	0.16796
3/6/2020 0:00	3/6/2020	0	development	train	0	0	12.73	12.73	17.38712333	5.737750699	11.64937263	0.15498	0.20498	0.163984
3/6/2020 1:00	3/6/2020	1	development	train	0	0	2.1	2.1	21.49378889	7.092950334	14.40083856	0.15529	0.20529	0.164232
3/6/2020 2:00	3/6/2020	2	development	train	0	0	11.06	11.06	21.89774667	7.226256401	14.67149027	0.15829	0.20829	0.166632
3/6/2020 3:00	3/6/2020	3	development	train	0	0	20.86	20.86	27.18445556	8.970870335	18.21358523	0.16088	0.21088	0.168704
3/6/2020 4:00	3/6/2020	4	development	train	0	0	8.41	8.41	13.39717333	4.421067199	8.976106131	0.16596	0.21596	0.172768
3/6/2020 5:00	3/6/2020	5	development	train	0	0	19.48	19.48	13.72880556	4.530505835	9.198299725	0.1529	0.2029	0.16232
3/6/2020 6:00	3/6/2020	6	development	train	0.8413333	0.8413333	15.8	15.8	15.82883556	5.223515735	10.60531983	0.16492	0.21492	0.171936
3/6/2020 7:00	3/6/2020	7	development	train	3.844	3.844	23.99	23.99	24.01553111	7.925125266	16.09040584	0.19061	0.24061	0.192488
3/6/2020 8:00	3/6/2020	8	development	train	8.0064167	8.0064167	18.79	18.79	22.10940667	7.296104201	14.81330247	0.2018	0.2518	0.20144
3/6/2020 9:00	3/6/2020	9	development	train	20.53025	20.53025	11.83	11.83	22.81114667	7.527678401	15.28346827	0.19558	0.24558	0.196464
3/6/2020 10:00	3/6/2020	10	development	train	44.086584	44.086584	-0.25	0	19.32119333	6.375993799	12.94519953	0.18212	0.23212	0.185696
3/6/2020 11:00	3/6/2020	11	development	train	36.92825	36.92825	-0.28	0	19.00735111	6.272425866	12.73492524	0.16388	0.21388	0.171104
3/6/2020 12:00	3/6/2020	12	development	train	17.331417	17.331417	-0.26	0	18.42024889	6.078682134	12.34156676	0.15549	0.20549	0.164392
3/6/2020 13:00	3/6/2020	13	development	train	7.8797501	7.8797501	-0.25	0	21.24783333	7.011784999	14.23604833	0.15114	0.20114	0.160912
3/6/2020 14:00	3/6/2020	14	development	train	6.4167501	6.4167501	-0.29	0	21.27428444	7.020513865	14.25377057	0.14793	0.19793	0.158344
3/6/2020 15:00	3/6/2020	15	development	train	1.398	1.398	3.9	3.9	22.98626889	7.585468734	15.40080016	0.14482	0.19482	0.155856
3/6/2020 16:00	3/6/2020	16	development	train	0.9748333	0.9748333	20.21	20.21	18.55005778	6.121519067	12.42853871	0.14368	0.19368	0.154944
3/6/2020 17:00	3/6/2020	17	development	train	0	0	10.25	10.25	26.44424222	8.726599933	17.71764229	0.14431	0.19431	0.155448
3/6/2020 18:00	3/6/2020	18	development	train	0	0	6.64	6.64	47.09235556	15.54047733	31.55187823	0.1498	0.1998	0.15984
3/6/2020 19:00	3/6/2020	19	development	train	0	0	4.61	4.61	37.54515111	12.38989987	25.15525124	0.15187	0.20187	0.161496
3/6/2020 20:00	3/6/2020	20	development	train	0	0	13.24	13.24	24.51484222	8.089897933	16.42494429	0.14472	0.19472	0.155776
3/6/2020 21:00	3/6/2020	21	development	train	0	0	10.64	10.64	16.82522667	5.552324801	11.27290187	0.14358	0.19358	0.154864
3/6/2020 22:00	3/6/2020	22	development	train	0	0	22.01	22.01	17.08547667	5.638207301	11.44726937	0.13415	0.18415	0.14732
3/6/2020 23:00	3/6/2020	23	development	train	0	0	35.02	35.02	18.32142889	6.046071534	12.27535736	0.13348	0.18348	0.146784
3/7/2020 0:00	3/7/2020	0	development	train	0	0	19.18	19.18	15.81427111	5.218709466	10.59556164	0.13086	0.18086	0.144688
3/7/2020 1:00	3/7/2020	1	development	train	0	0	-0.27	0	18.93179778	6.247493267	12.68430451	0.13075	0.18075	0.1446
3/7/2020 2:00	3/7/2020	2	development	train	0	0	-0.35	0	18.83099778	6.214229267	12.61676851	0.1318	0.1818	0.14544
3/7/2020 3:00	3/7/2020	3	development	train	0	0	-0.38	0	19.65231111	6.485262666	13.16704844	0.13526	0.18526	0.148208
3/7/2020 4:00	3/7/2020	4	development	train	0	0	-0.37	0	17.11411	5.6476563	11.4664537	0.12782	0.17782	0.142256
3/7/2020 5:00	3/7/2020	5	development	train	0	0	-0.39	0	17.29158222	5.706222133	11.58536009	0.13536	0.18536	0.148288
3/7/2020 6:00	3/7/2020	6	development	train	1.0251667	1.0251667	-0.41	0	16.87826222	5.569826533	11.30843569	0.14018	0.19018	0.152144
3/7/2020 7:00	3/7/2020	7	development	train	14.07675	14.07675	-0.38	0	25.40393333	8.383297999	17.02063533	0.14731	0.19731	0.157848
3/7/2020 8:00	3/7/2020	8	development	train	28.941083	28.941083	-0.36	0	23.11786444	7.628895265	15.48896917	0.15558	0.20558	0.164464
3/7/2020 9:00	3/7/2020	9	development	train	42.83975	42.83975	-0.44	0	23.51944889	7.761418134	15.75803076	0.15579	0.20579	0.164632
3/7/2020 10:00	3/7/2020	10	development	train	58.664666	58.664666	-0.29	0	18.80727556	6.206400935	12.60087463	0.15349	0.20349	0.162792
3/7/2020 11:00	3/7/2020	11	development	train	64.869416	64.869416	-0.27	0	19.13046222	6.313052533	12.81740969	0.14971	0.19971	0.159768
3/7/2020 12:00	3/7/2020	12	development	train	62.481666	62.481666	1.43	1.43	16.24697111	5.361500466	10.88547064	0.14626	0.19626	0.157008
3/7/2020 13:00	3/7/2020	13	development	train	55.44125	55.44125	-0.28	0	17.00080222	5.610264733	11.39053749	0.14479	0.19479	0.155832
3/7/2020 14:00	3/7/2020	14	development	train	40.949	40.949	6.15	6.15	19.38593111	6.397357266	12.98857384	0.14563	0.19563	0.156504
3/7/2020 15:00	3/7/2020	15	development	train	16.565583	16.565583	107.86	107.86	19.21524889	6.341032134	12.87421676	0.14689	0.19689	0.157512
3/7/2020 16:00	3/7/2020	16	development	train	0.85125	0.85125	116.78	116.78	15.87974	5.2403142	10.6394258	0.15202	0.20202	0.161616
3/7/2020 17:00	3/7/2020	17	development	train	0	0	130.44	130.44	33.21096444	10.95961827	22.25134617	0.1493	0.1993	0.15944
3/7/2020 18:00	3/7/2020	18	development	train	0	0	98.77	98.77	52.67008	17.3811264	35.2889536	0.14521	0.19521	0.156168
3/7/2020 19:00	3/7/2020	19	development	train	0	0	144.32	144.32	26.84633333	8.859289999	17.98704333	0.13725	0.18725	0.1498
3/7/2020 20:00	3/7/2020	20	development	train	0	0	145.28	145.28	21.32181111	7.036197666	14.28561344	0.1362	0.1862	0.14896
3/7/2020 21:00	3/7/2020	21	development	train	0	0	173.14	173.14	21.64539111	7.142979066	14.50241204	0.13065	0.18065	0.14452
3/7/2020 22:00	3/7/2020	22	development	train	0	0	92	92	21.72015333	7.167650599	14.55250273	0.12562	0.17562	0.140496
3/7/2020 23:00	3/7/2020	23	development	train	0	0	127.03	127.03	22.94212889	7.570902534	15.37122636	0.10856	0.15856	0.126848
3/8/2020 0:00	3/8/2020	0	development	train	0	0	148.64	148.64	16.28832556	5.375147435	10.91317813	0.1055	0.1555	0.1244
3/8/2020 1:00	3/8/2020	1	development	train	0	0	157.94	157.94	20.34831111	6.714942666	13.63336844	0.10374	0.15374	0.122992
3/8/2020 2:00	3/8/2020	2	development	train	0	0	177.67	177.67	18.88693333	6.232687999	12.65424533	0.09881	0.14881	0.119048
3/8/2020 3:00	3/8/2020	3	development	train	0	0	183.31	183.31	18.27184444	6.029708665	12.24213577	0.09487	0.14487	0.115896
3/8/2020 4:00	3/8/2020	4	development	train	0	0	203.29	203.29	17.27422556	5.700494435	11.57373113	0.09553	0.14553	0.116424
3/8/2020 5:00	3/8/2020	5	development	train	0	0	193.07	193.07	19.33102889	6.379239534	12.95178936	0.09498	0.14498	0.115984
3/8/2020 6:00	3/8/2020	6	development	train	0.0258181	0.0258181	199.83	199.83	17.71153778	5.844807467	11.86673031	0.1009	0.1509	0.12072
3/8/2020 7:00	3/8/2020	7	development	train	1.1565	1.1565	197.14	197.14	21.45373111	7.079731266	14.37399984	0.10331	0.15331	0.122648
3/8/2020 8:00	3/8/2020	8	development	train	5.66275	5.66275	178.26	178.26	19.69130222	6.498129733	13.19317249	0.10276	0.15276	0.122208
3/8/2020 9:00	3/8/2020	9	development	train	5.7999999	5.7999999	183	183	22.56927556	7.447860935	15.12141463	0.10495	0.15495	0.12396
3/8/2020 10:00	3/8/2020	10	development	train	9.7631666	9.7631666	166.44	166.44	16.34351667	5.393360501	10.95015617	0.10298	0.15298	0.122384
3/8/2020 11:00	3/8/2020	11	development	train	7.0619167	7.0619167	187.43	187.43	15.25440222	5.033952733	10.22044949	0.09783	0.14783	0.118264
3/8/2020 12:00	3/8/2020	12	development	train	6.7793333	6.7793333	192.82	192.82	14.84472778	4.898760167	9.945967613	0.09717	0.14717	0.117736
3/8/2020 13:00	3/8/2020	13	development	train	6.4024167	6.4024167	178.26	178.26	21.72729333	7.170006799	14.55728653	0.09805	0.14805	0.11844
3/8/2020 14:00	3/8/2020	14	development	train	3.2701666	3.2701666	140.78	140.78	22.42744889	7.401058134	15.02639076	0.10473	0.15473	0.123784
3/8/2020 15:00	3/8/2020	15	development	train	1.31725	1.31725	122.06	122.06	23.39494222	7.720330933	15.67461129	0.10659	0.15659	0.125272
3/8/2020 16:00	3/8/2020	16	development	train	0.0798334	0.0798334	142.87	142.87	21.93705111	7.239226866	14.69782424	0.10999	0.15999	0.127992
3/8/2020 17:00	3/8/2020	17	development	train	0	0	104.11	104.11	16.74937778	5.527294667	11.22208311	0.11601	0.16601	0.132808
3/8/2020 18:00	3/8/2020	18	development	train	0	0	32.68	32.68	44.98724	14.8457892	30.1414508	0.11558	0.16558	0.132464
3/8/2020 19:00	3/8/2020	19	development	train	0	0	1.44	1.44	32.94831111	10.87294267	22.07536844	0.11065	0.16065	0.12852
3/8/2020 20:00	3/8/2020	20	development	train	0	0	-0.34	0	18.47901778	6.098075867	12.38094191	0.10867	0.15867	0.126936
3/8/2020 21:00	3/8/2020	21	development	train	0	0	-0.48	0	13.74213778	4.534905467	9.207232313	0.10528	0.15528	0.124224
3/8/2020 22:00	3/8/2020	22	development	train	0	0	-0.44	0	12.10894667	3.995952401	8.112994269	0.10133	0.15133	0.121064
3/8/2020 23:00	3/8/2020	23	development	train	0	0	3.25	3.25	18.32718333	6.047970499	12.27921283	0.09575	0.14575	0.1166
3/9/2020 0:00	3/9/2020	0	development	train	0	0	18.03	18.03	11.94410222	3.941553733	8.002548487	0.0952	0.1452	0.11616
3/9/2020 1:00	3/9/2020	1	development	train	0	0	9.54	9.54	14.49510889	4.783385934	9.711722956	0.09564	0.14564	0.116512
3/9/2020 2:00	3/9/2020	2	development	train	0	0	13.27	13.27	14.25891778	4.705442867	9.553474913	0.09761	0.14761	0.118088
3/9/2020 3:00	3/9/2020	3	development	train	0	0	11.51	11.51	14.39038444	4.748826865	9.641557575	0.10035	0.15035	0.12028
3/9/2020 4:00	3/9/2020	4	development	train	0	0	3.77	3.77	15.31157	5.0528181	10.2587519	0.10703	0.15703	0.125624
3/9/2020 5:00	3/9/2020	5	development	train	0	0	-0.36	0	14.18849333	4.682202799	9.506290531	0.11229	0.16229	0.129832
3/9/2020 6:00	3/9/2020	6	development	train	0.6653333	0.6653333	2.69	2.69	15.70110111	5.181363366	10.51973774	0.11919	0.16919	0.135352
3/9/2020 7:00	3/9/2020	7	development	train	14.196	14.196	7.86	7.86	20.83299333	6.874887799	13.95810553	0.12182	0.17182	0.137456
3/9/2020 8:00	3/9/2020	8	development	train	13.0114165	13.0114165	-0.31	0	24.21545333	7.991099599	16.22435373	0.1227	0.1727	0.13816
3/9/2020 9:00	3/9/2020	9	development	train	17.5575	17.5575	-0.28	0	20.54805111	6.780856866	13.76719424	0.12018	0.17018	0.136144
3/9/2020 10:00	3/9/2020	10	development	train	12.1944167	12.1944167	-0.32	0	16.40212333	5.412700699	10.98942263	0.1182	0.1682	0.13456
3/9/2020 11:00	3/9/2020	11	development	train	12.2892501	12.2892501	13.49	13.49	16.03024889	5.289982134	10.74026676	0.11711	0.16711	0.133688
3/9/2020 12:00	3/9/2020	12	development	train	11.6095835	11.6095835	16.43	16.43	12.36312889	4.079832534	8.283296356	0.11733	0.16733	0.133864
3/9/2020 13:00	3/9/2020	13	development	train	6.8379166	6.8379166	15.59	15.59	18.52442778	6.113061167	12.41136661	0.11755	0.16755	0.13404
3/9/2020 14:00	3/9/2020	14	development	train	4.5180002	4.5180002	7.89	7.89	24.23471333	7.997455399	16.23725793	0.11711	0.16711	0.133688
3/9/2020 15:00	3/9/2020	15	development	train	3.7165	3.7165	1.93	1.93	21.45282889	7.079433534	14.37339536	0.11886	0.16886	0.135088
3/9/2020 16:00	3/9/2020	16	development	train	0.5899166	0.5899166	17.54	17.54	19.15027778	6.319591667	12.83068611	0.12061	0.17061	0.136488
3/9/2020 17:00	3/9/2020	17	development	train	0	0	6.56	6.56	21.24452667	7.010693801	14.23383287	0.1204	0.1704	0.13632
3/9/2020 18:00	3/9/2020	18	development	train	0	0	1.75	1.75	30.95162667	10.2140368	20.73758987	0.12018	0.17018	0.136144
3/9/2020 19:00	3/9/2020	19	development	train	0	0	4.73	4.73	52.32004	17.2656132	35.0544268	0.11864	0.16864	0.134912
3/9/2020 20:00	3/9/2020	20	development	train	0	0	-0.27	0	33.17817111	10.94879647	22.22937464	0.11645	0.16645	0.13316
3/9/2020 21:00	3/9/2020	21	development	train	0	0	2.21	2.21	22.28893778	7.355349467	14.93358831	0.11382	0.16382	0.131056
3/9/2020 22:00	3/9/2020	22	development	train	0	0	-0.37	0	23.02732889	7.599018534	15.42831036	0.10626	0.15626	0.125008
3/9/2020 23:00	3/9/2020	23	development	train	0	0	-0.29	0	20.16404	6.6541332	13.5099068	0.10023	0.15023	0.120184
3/10/2020 0:00	3/10/2020	0	development	train	0	0	-0.29	0	16.20314333	5.347037299	10.85610603	0.10001	0.15001	0.120008
3/10/2020 1:00	3/10/2020	1	development	train	0	0	-0.29	0	15.20186444	5.016615265	10.18524917	0.09751	0.14751	0.118008
3/10/2020 2:00	3/10/2020	2	development	train	0	0	-0.27	0	20.58887333	6.794328199	13.79454513	0.10077	0.15077	0.120616
3/10/2020 3:00	3/10/2020	3	development	train	0	0	-0.66	0	21.08792222	6.959014333	14.12890789	0.10807	0.15807	0.126456
3/10/2020 4:00	3/10/2020	4	development	train	0	0	-0.32	0	18.08561556	5.968253135	12.11736243	0.1073	0.1573	0.12584
3/10/2020 5:00	3/10/2020	5	development	train	0	0	-0.33	0	16.93531111	5.588652666	11.34665844	0.12123	0.17123	0.136984
3/10/2020 6:00	3/10/2020	6	development	train	1.4988333	1.4988333	-0.36	0	19.51608889	6.440309334	13.07577956	0.13538	0.18538	0.148304
3/10/2020 7:00	3/10/2020	7	development	train	23.2275835	23.2275835	3.61	3.61	28.83421111	9.515289666	19.31892144	0.14126	0.19126	0.153008
3/10/2020 8:00	3/10/2020	8	development	train	39.678084	39.678084	-0.31	0	25.18037333	8.309523199	16.87085013	0.14441	0.19441	0.155528
3/10/2020 9:00	3/10/2020	9	development	train	41.104249	41.104249	11.28	11.28	21.51706667	7.100632001	14.41643467	0.14594	0.19594	0.156752
3/10/2020 10:00	3/10/2020	10	development	train	37.23875	37.23875	49.12	49.12	25.91998667	8.553595601	17.36639107	0.13832	0.18832	0.150656
3/10/2020 11:00	3/10/2020	11	development	train	20.452083	20.452083	59.33	59.33	21.35968222	7.048695133	14.31098709	0.13005	0.18005	0.14404
3/10/2020 12:00	3/10/2020	12	development	train	31.087	31.087	67.73	67.73	20.74331556	6.845294135	13.89802143	0.12548	0.17548	0.140384
3/10/2020 13:00	3/10/2020	13	development	train	20.4905835	20.4905835	118.5	118.5	21.23108444	7.006257865	14.22482657	0.12113	0.17113	0.136904
3/10/2020 14:00	3/10/2020	14	development	train	13.5061665	13.5061665	144.01	144.01	20.88107111	6.890753466	13.99031764	0.12178	0.17178	0.137424
3/10/2020 15:00	3/10/2020	15	development	train	6.74125	6.74125	117.6	117.6	18.43620778	6.083948567	12.35225921	0.12004	0.17004	0.136032
3/10/2020 16:00	3/10/2020	16	development	train	1.9111666	1.9111666	102.7	102.7	20.75213778	6.848205467	13.90393231	0.12657	0.17657	0.141256
3/10/2020 17:00	3/10/2020	17	development	train	0	0	114.62	114.62	25.95224667	8.564241401	17.38800527	0.12613	0.17613	0.140904
3/10/2020 18:00	3/10/2020	18	development	train	0	0	103.18	103.18	50.0558	16.518414	33.537386	0.12123	0.17123	0.136984
3/10/2020 19:00	3/10/2020	19	development	train	0	0	87.79	87.79	21.80254222	7.194838933	14.60770329	0.11525	0.16525	0.1322
3/10/2020 20:00	3/10/2020	20	development	train	0	0	82.82	82.82	21.54688444	7.110471865	14.43641257	0.11155	0.16155	0.12924
3/10/2020 21:00	3/10/2020	21	development	train	0	0	78.07	78.07	21.94980889	7.243436934	14.70637196	0.09599	0.14599	0.116792
3/10/2020 22:00	3/10/2020	22	development	train	0	0	84.72	84.72	18.35140444	6.055963465	12.29544097	0.08804	0.13804	0.110432
3/10/2020 23:00	3/10/2020	23	development	train	0	0	59.84	59.84	14.94194333	4.930841299	10.01110203	0.08264	0.13264	0.106112
3/11/2020 0:00	3/11/2020	0	development	train	0	0	31.39	31.39	10.78471333	3.558955399	7.225757931	0.08145	0.13145	0.10516
3/11/2020 1:00	3/11/2020	1	development	train	0	0	58.27	58.27	16.09312889	5.310732534	10.78239636	0.0807	0.1307	0.10456
3/11/2020 2:00	3/11/2020	2	development	train	0	0	48.66	48.66	14.66133333	4.838239999	9.823093331	0.08382	0.13382	0.107056
3/11/2020 3:00	3/11/2020	3	development	train	0	0	24.64	24.64	18.34937222	6.055292833	12.29407939	0.08921	0.13921	0.111368
3/11/2020 4:00	3/11/2020	4	development	train	0	0	-0.23	0	13.55556444	4.473336265	9.082228175	0.09503	0.14503	0.116024
3/11/2020 5:00	3/11/2020	5	development	train	0	0	0.56	0.56	13.87729778	4.579508267	9.297789513	0.10106	0.15106	0.120848
3/11/2020 6:00	3/11/2020	6	development	train	0.1655	0.1655	4	4	14.72909333	4.860600799	9.868492531	0.11517	0.16517	0.132136
3/11/2020 7:00	3/11/2020	7	development	train	1.6496667	1.6496667	8.81	8.81	21.4808	7.088664	14.392136	0.11776	0.16776	0.134208
3/11/2020 8:00	3/11/2020	8	development	train	11.8051668	11.8051668	-0.3	0	21.83128222	7.204323133	14.62695909	0.11399	0.16399	0.131192
3/11/2020 9:00	3/11/2020	9	development	train	5.9094167	5.9094167	-0.33	0	19.48550667	6.430217201	13.05528947	0.1113	0.1613	0.12904
3/11/2020 10:00	3/11/2020	10	development	train	7.6484166	7.6484166	14.68	14.68	20.02165111	6.607144866	13.41450624	0.10688	0.15688	0.125504
3/11/2020 11:00	3/11/2020	11	development	train	9.2453334	9.2453334	38.45	38.45	16.58105778	5.471749067	11.10930871	0.10084	0.15084	0.120672
3/11/2020 12:00	3/11/2020	12	development	train	11.327	11.327	93.19	93.19	13.90007222	4.587023833	9.313048387	0.09998	0.14998	0.119984
3/11/2020 13:00	3/11/2020	13	development	train	14.83375	14.83375	74.84	74.84	17.42188333	5.749221499	11.67266183	0.09934	0.14934	0.119472
3/11/2020 14:00	3/11/2020	14	development	train	7.2943334	7.2943334	57.39	57.39	17.13079	5.6531607	11.4776293	0.10063	0.15063	0.120504
3/11/2020 15:00	3/11/2020	15	development	train	5.1263332	5.1263332	9.41	9.41	21.61401556	7.132625135	14.48139043	0.10225	0.15225	0.1218
3/11/2020 16:00	3/11/2020	16	development	train	5.2176666	5.2176666	6.87	6.87	21.34676889	7.044433734	14.30233516	0.10968	0.15968	0.127744
3/11/2020 17:00	3/11/2020	17	development	train	0.0067143	0.0067143	13.81	13.81	24.47488889	8.076713334	16.39817556	0.11668	0.16668	0.133344
3/11/2020 18:00	3/11/2020	18	development	train	0	0	11.01	11.01	55.21370222	18.22052173	36.99318049	0.11388	0.16388	0.131104
3/11/2020 19:00	3/11/2020	19	development	train	0	0	6.69	6.69	24.74347556	8.165346935	16.57812863	0.1086	0.1586	0.12688
3/11/2020 20:00	3/11/2020	20	development	train	0	0	24.92	24.92	21.66929778	7.150868267	14.51842951	0.10128	0.15128	0.121024
3/11/2020 21:00	3/11/2020	21	development	train	0	0	18.45	18.45	23.48392444	7.749695065	15.73422937	0.09664	0.14664	0.117312
3/11/2020 22:00	3/11/2020	22	development	train	0	0	2.04	2.04	22.59097778	7.455022667	15.13595511	0.09503	0.14503	0.116024
3/11/2020 23:00	3/11/2020	23	development	train	0	0	3.65	3.65	21.55659333	7.113675799	14.44291753	0.08992	0.13992	0.111936
3/12/2020 0:00	3/12/2020	0	development	train	0	0	-0.27	0	16.02554222	5.288428933	10.73711329	0.08808	0.13808	0.110464
3/12/2020 1:00	3/12/2020	1	development	train	0	0	-0.24	0	17.86882333	5.896711699	11.97211163	0.08634	0.13634	0.109072
3/12/2020 2:00	3/12/2020	2	development	train	0	0	-0.25	0	15.11874778	4.989186767	10.12956101	0.08135	0.13135	0.10508
3/12/2020 3:00	3/12/2020	3	development	train	0	0	11.43	11.43	15.49975111	5.114917866	10.38483324	0.07777	0.12777	0.102216
3/12/2020 4:00	3/12/2020	4	development	train	0	0	-0.31	0	13.28746444	4.384863265	8.902601175	0.08786	0.13786	0.110288
3/12/2020 5:00	3/12/2020	5	development	train	0	0	1.07	1.07	17.46948222	5.764929133	11.70455309	0.0961	0.1461	0.11688
3/12/2020 6:00	3/12/2020	6	development	train	0.0320834	0.0320834	1.8	1.8	16.48188444	5.439021865	11.04286257	0.10901	0.15901	0.127208
3/12/2020 7:00	3/12/2020	7	development	train	1.9675001	1.9675001	-0.31	0	20.72048	6.8377584	13.8827216	0.11379	0.16379	0.131032
3/12/2020 8:00	3/12/2020	8	development	train	4.3468332	4.3468332	-0.37	0	17.58918889	5.804432334	11.78475656	0.09958	0.14958	0.119664
3/12/2020 9:00	3/12/2020	9	development	train	6.96025	6.96025	-0.27	0	18.63873	6.1507809	12.4879491	0.09556	0.14556	0.116448
3/12/2020 10:00	3/12/2020	10	development	train	3.8265	3.8265	-0.4	0	18.58453111	6.132895266	12.45163584	0.09437	0.14437	0.115496
3/12/2020 11:00	3/12/2020	11	development	train	5.7474165	5.7474165	-0.26	0	15.39877444	5.081595565	10.31717887	0.09198	0.14198	0.113584
3/12/2020 12:00	3/12/2020	12	development	train	3.5688334	3.5688334	-0.32	0	20.22602889	6.674589534	13.55143936	0.09079	0.14079	0.112632
3/12/2020 13:00	3/12/2020	13	development	train	13.2806665	13.2806665	-0.29	0	17.91569889	5.912180634	12.00351826	0.09144	0.14144	0.113152
3/12/2020 14:00	3/12/2020	14	development	train	6.5242499	6.5242499	-0.31	0	17.48796222	5.771027533	11.71693469	0.09469	0.14469	0.115752
3/12/2020 15:00	3/12/2020	15	development	train	0.5845834	0.5845834	-0.31	0	27.39738889	9.041138334	18.35625056	0.09556	0.14556	0.116448
3/12/2020 16:00	3/12/2020	16	development	train	0.011	0.011	-0.33	0	24.35243333	8.036302999	16.31613033	0.0973	0.1473	0.11784
3/12/2020 17:00	3/12/2020	17	development	train	0	0	-0.31	0	23.41280889	7.726226934	15.68658196	0.09914	0.14914	0.119312
3/12/2020 18:00	3/12/2020	18	development	train	0	0	-0.31	0	34.42161778	11.35913387	23.06248391	0.09806	0.14806	0.118448
3/12/2020 19:00	3/12/2020	19	development	train	0	0	-0.35	0	60.93678222	20.10913813	40.82764409	0.09589	0.14589	0.116712
3/12/2020 20:00	3/12/2020	20	development	train	0	0	-0.34	0	34.03290667	11.2308592	22.80204747	0.09328	0.14328	0.114624
3/12/2020 21:00	3/12/2020	21	development	train	0	0	-0.33	0	27.22010222	8.982633733	18.23746849	0.09014	0.14014	0.112112
3/12/2020 22:00	3/12/2020	22	development	train	0	0	-0.36	0	20.49177556	6.762285935	13.72948963	0.08135	0.13135	0.10508
3/12/2020 23:00	3/12/2020	23	development	train	0	0	-0.36	0	13.09206222	4.320380533	8.771681687	0.0859	0.1359	0.10872
3/13/2020 0:00	3/13/2020	0	development	train	0	0	-0.4	0	13.58708556	4.483738235	9.103347325	0.07911	0.12911	0.103288
3/13/2020 1:00	3/13/2020	1	development	train	0	0	-0.44	0	14.97616889	4.942135734	10.03403316	0.07379	0.12379	0.099032
3/13/2020 2:00	3/13/2020	2	development	train	0	0	-0.43	0	16.87462667	5.568626801	11.30599987	0.07968	0.12968	0.103744
3/13/2020 3:00	3/13/2020	3	development	train	0	0	35.69	35.69	16.10267667	5.313883301	10.78879337	0.08466	0.13466	0.107728
3/13/2020 4:00	3/13/2020	4	development	train	0	0	92.36	92.36	16.23567889	5.357774034	10.87790486	0.09009	0.14009	0.112072
3/13/2020 5:00	3/13/2020	5	development	train	0	0	136.4	136.4	14.06795778	4.642426067	9.425531713	0.0996	0.1496	0.11968
3/13/2020 6:00	3/13/2020	6	development	train	0.0054167	0.0054167	170.47	170.47	15.30348	5.0501484	10.2533316	0.10877	0.15877	0.127016
3/13/2020 7:00	3/13/2020	7	development	train	0.0853333	0.0853333	122.88	122.88	22.38143778	7.385874467	14.99556331	0.10797	0.15797	0.126376
3/13/2020 8:00	3/13/2020	8	development	train	0.258	0.258	73.25	73.25	28.99958889	9.569864334	19.42972456	0.09937	0.14937	0.119496
3/13/2020 9:00	3/13/2020	9	development	train	0.2051666	0.2051666	29.4	29.4	25.50566444	8.416869265	17.08879517	0.09575	0.14575	0.1166
3/13/2020 10:00	3/13/2020	10	development	train	1.7153333	1.7153333	73.19	73.19	24.50778667	8.087569601	16.42021707	0.09586	0.14586	0.116688
3/13/2020 11:00	3/13/2020	11	development	train	1.0590001	1.0590001	108.9	108.9	29.54985333	9.751451599	19.79840173	0.09066	0.14066	0.112528
3/13/2020 12:00	3/13/2020	12	development	train	3.2558333	3.2558333	95.75	95.75	23.07570222	7.614981733	15.46072049	0.08907	0.13907	0.111256
3/13/2020 13:00	3/13/2020	13	development	train	3.97175	3.97175	53.25	53.25	22.4319	7.402527	15.029373	0.08953	0.13953	0.111624
3/13/2020 14:00	3/13/2020	14	development	train	6.7680833	6.7680833	35.39	35.39	30.43303778	10.04290247	20.39013531	0.09032	0.14032	0.112256
3/13/2020 15:00	3/13/2020	15	development	train	0.4111667	0.4111667	46.87	46.87	28.52022444	9.411674065	19.10855037	0.09496	0.14496	0.115968
3/13/2020 16:00	3/13/2020	16	development	train	0.4524167	0.4524167	76.57	76.57	25.87665778	8.539297067	17.33736071	0.10186	0.15186	0.121488
3/13/2020 17:00	3/13/2020	17	development	train	0	0	21.18	21.18	20.40055556	6.732183335	13.66837223	0.11126	0.16126	0.129008
3/13/2020 18:00	3/13/2020	18	development	train	0	0	42.47	42.47	39.83593333	13.145858	26.69007533	0.1116	0.1616	0.12928
3/13/2020 19:00	3/13/2020	19	development	train	0	0	66.85	66.85	54.36571556	17.94068613	36.42502943	0.10899	0.15899	0.127192
3/13/2020 20:00	3/13/2020	20	development	train	0	0	23.28	23.28	26.87104889	8.867446134	18.00360276	0.10786	0.15786	0.126288
3/13/2020 21:00	3/13/2020	21	development	train	0	0	3.46	3.46	26.38732667	8.707817801	17.67950887	0.10152	0.15152	0.121216
3/13/2020 22:00	3/13/2020	22	development	train	0	0	1.81	1.81	26.32304889	8.686606134	17.63644276	0.09835	0.14835	0.11868
3/13/2020 23:00	3/13/2020	23	development	train	0	0	3.19	3.19	25.07622222	8.275153333	16.80106889	0.09722	0.14722	0.117776
3/14/2020 0:00	3/14/2020	0	development	train	0	0	20.84	20.84	24.90339111	8.218119066	16.68527204	0.09411	0.14411	0.115288
3/14/2020 1:00	3/14/2020	1	development	train	0	0	24.04	24.04	21.74912222	7.177210333	14.57191189	0.09377	0.14377	0.115016
3/14/2020 2:00	3/14/2020	2	development	train	0	0	30.29	30.29	32.81560889	10.82915093	21.98645796	0.09522	0.14522	0.116176
3/14/2020 3:00	3/14/2020	3	development	train	0	0	33.7	33.7	25.45740222	8.400942733	17.05645949	0.10001	0.15001	0.120008
3/14/2020 4:00	3/14/2020	4	development	train	0	0	27.76	27.76	23.95417333	7.904877199	16.04929613	0.09979	0.14979	0.119832
3/14/2020 5:00	3/14/2020	5	development	train	0	0	26.77	26.77	21.36116	7.0491828	14.3119772	0.09589	0.14589	0.116712
3/14/2020 6:00	3/14/2020	6	development	train	0.0790834	0.0790834	32.5	32.5	25.76633333	8.502889999	17.26344333	0.09945	0.14945	0.11956
3/14/2020 7:00	3/14/2020	7	development	train	0.39675	0.39675	36.24	36.24	28.40618444	9.374040865	19.03214357	0.10769	0.15769	0.126152
3/14/2020 8:00	3/14/2020	8	development	train	0.8805833	0.8805833	61.46	61.46	24.19815333	7.985390599	16.21276273	0.11571	0.16571	0.132568
3/14/2020 9:00	3/14/2020	9	development	train	7.8412501	7.8412501	88.03	88.03	28.50693111	9.407287266	19.09964384	0.12139	0.17139	0.137112
3/14/2020 10:00	3/14/2020	10	development	train	29.6750005	29.6750005	103.05	103.05	25.28359111	8.343585066	16.94000604	0.12284	0.17284	0.138272
3/14/2020 11:00	3/14/2020	11	development	train	56.540249	56.540249	102.21	102.21	24.85168889	8.201057334	16.65063156	0.11705	0.16705	0.13364
3/14/2020 12:00	3/14/2020	12	development	train	56.256332	56.256332	85.12	85.12	27.36968444	9.031995865	18.33768857	0.11293	0.16293	0.130344
3/14/2020 13:00	3/14/2020	13	development	train	46.174749	46.174749	65.19	65.19	28.85435111	9.521935866	19.33241524	0.11081	0.16081	0.128648
3/14/2020 14:00	3/14/2020	14	development	train	18.4424165	18.4424165	55.22	55.22	21.98377778	7.254646667	14.72913111	0.1176	0.1676	0.13408
3/14/2020 15:00	3/14/2020	15	development	train	8.3648334	8.3648334	62.56	62.56	23.82180222	7.861194733	15.96060749	0.11515	0.16515	0.13212
3/14/2020 16:00	3/14/2020	16	development	train	2.4385834	2.4385834	64.95	64.95	21.58514	7.1230962	14.4620438	0.11048	0.16048	0.128384
3/14/2020 17:00	3/14/2020	17	development	train	0.008	0.008	94.44	94.44	49.53669333	16.3471088	33.18958453	0.10357	0.15357	0.122856
3/14/2020 18:00	3/14/2020	18	development	train	0	0	135.76	135.76	56.89024	18.7737792	38.1164608	0.09912	0.14912	0.119296
3/14/2020 19:00	3/14/2020	19	development	train	0	0	159.45	159.45	29.64059111	9.781395066	19.85919604	0.09411	0.14411	0.115288
3/14/2020 20:00	3/14/2020	20	development	train	0	0	129.02	129.02	24.93298667	8.227885601	16.70510107	0.09054	0.14054	0.112432
3/14/2020 21:00	3/14/2020	21	development	train	0	0	122.25	122.25	19.54433778	6.449631467	13.09470631	0.08754	0.13754	0.110032
3/14/2020 22:00	3/14/2020	22	development	train	0	0	149.18	149.18	17.35790667	5.728109201	11.62979747	0.08386	0.13386	0.107088
3/14/2020 23:00	3/14/2020	23	development	train	0	0	155.26	155.26	16.06821556	5.302511135	10.76570443	0.08691	0.13691	0.109528
3/15/2020 0:00	3/15/2020	0	development	train	0	0	153.65	153.65	15.02284889	4.957540134	10.06530876	0.08225	0.13225	0.1058
3/15/2020 1:00	3/15/2020	1	development	train	0	0	169.99	169.99	18.30924778	6.042051767	12.26719601	0.07601	0.12601	0.100808
3/15/2020 2:00	3/15/2020	2	development	train	0	0	161.67	161.67	15.57340333	5.139223099	10.43418023	0.06794	0.11794	0.094352
3/15/2020 3:00	3/15/2020	3	development	train	0	0	170.33	170.33	18.42056	6.0787848	12.3417752	0.06783	0.11783	0.094264
3/15/2020 4:00	3/15/2020	4	development	train	0	0	164.33	164.33	14.92458889	4.925114334	9.999474556	0.05669	0.10669	0.085352
3/15/2020 5:00	3/15/2020	5	development	train	0	0	184.4	184.4	13.58130222	4.481829733	9.099472487	0.05715	0.10715	0.08572
3/15/2020 6:00	3/15/2020	6	development	train	0.0953333	0.0953333	169.7	169.7	13.8634	4.574922	9.288478	0.05942	0.10942	0.087536
3/15/2020 7:00	3/15/2020	7	development	train	2.66175	2.66175	137.32	137.32	22.64727111	7.473599466	15.17367164	0.07328	0.12328	0.098624
3/15/2020 8:00	3/15/2020	8	development	train	5.216	5.216	159.73	159.73	24.36886222	8.041724533	16.32713769	0.07725	0.12725	0.1018
3/15/2020 9:00	3/15/2020	9	development	train	7.95375	7.95375	122.82	122.82	24.69932222	8.150776333	16.54854589	0.07907	0.12907	0.103256
3/15/2020 10:00	3/15/2020	10	development	train	9.26025	9.26025	94.44	94.44	22.22753778	7.335087467	14.89245031	0.07873	0.12873	0.102984
3/15/2020 11:00	3/15/2020	11	development	train	17.3700005	17.3700005	60.92	60.92	22.66038667	7.477927601	15.18245907	0.07703	0.12703	0.101624
3/15/2020 12:00	3/15/2020	12	development	train	34.212416	34.212416	26.16	26.16	17.97897444	5.933061565	12.04591287	0.0776	0.1276	0.10208
3/15/2020 13:00	3/15/2020	13	development	train	49.235333	49.235333	19.95	19.95	20.18692889	6.661686534	13.52524236	0.07737	0.12737	0.101896
3/15/2020 14:00	3/15/2020	14	development	train	47.766917	47.766917	19.79	19.79	17.52696	5.7838968	11.7430632	0.07828	0.12828	0.102624
3/15/2020 15:00	3/15/2020	15	development	train	21.2918335	21.2918335	49.01	49.01	21.32163556	7.036139735	14.28549583	0.08134	0.13134	0.105072
3/15/2020 16:00	3/15/2020	16	development	train	4.4286668	4.4286668	110.48	110.48	17.80550667	5.875817201	11.92968947	0.09032	0.14032	0.112256
3/15/2020 17:00	3/15/2020	17	development	train	0	0	97.53	97.53	18.25042889	6.022641534	12.22778736	0.09452	0.14452	0.115616
3/15/2020 18:00	3/15/2020	18	development	train	0	0	53.53	53.53	27.21422667	8.980694801	18.23353187	0.09327	0.14327	0.114616
3/15/2020 19:00	3/15/2020	19	development	train	0	0	8.11	8.11	56.60074222	18.67824493	37.92249729	0.09009	0.14009	0.112072
3/15/2020 20:00	3/15/2020	20	development	train	0	0	32.12	32.12	32.29608889	10.65770933	21.63837956	0.08737	0.13737	0.109896
3/15/2020 21:00	3/15/2020	21	development	train	0	0	35.8	35.8	20.85520222	6.882216733	13.97298549	0.08328	0.13328	0.106624
3/15/2020 22:00	3/15/2020	22	development	train	0	0	19.54	19.54	21.61043778	7.131444467	14.47899331	0.07566	0.12566	0.100528
3/15/2020 23:00	3/15/2020	23	development	train	0	0	28.96	28.96	21.74709111	7.176540066	14.57055104	0.07566	0.12566	0.100528
3/16/2020 0:00	3/16/2020	0	development	train	0	0	37.72	37.72	15.79428	5.2121124	10.5821676	0.07464	0.12464	0.099712
3/16/2020 1:00	3/16/2020	1	development	train	0	0	29.18	29.18	18.01885	5.9462205	12.0726295	0.07601	0.12601	0.100808
3/16/2020 2:00	3/16/2020	2	development	train	0	0	23.55	23.55	18.68039778	6.164531267	12.51586651	0.07862	0.12862	0.102896
3/16/2020 3:00	3/16/2020	3	development	train	0	0	28.46	28.46	18.72879778	6.180503267	12.54829451	0.08316	0.13316	0.106528
3/16/2020 4:00	3/16/2020	4	development	train	0	0	-0.3	0	15.231	5.02623	10.20477	0.08964	0.13964	0.111712
3/16/2020 5:00	3/16/2020	5	development	train	0.004075	0.004075	-0.32	0	18.50449667	6.106483901	12.39801277	0.09907	0.14907	0.119256
3/16/2020 6:00	3/16/2020	6	development	train	2.0066667	2.0066667	7.43	7.43	18.91524889	6.242032134	12.67321676	0.1102	0.1602	0.12816
3/16/2020 7:00	3/16/2020	7	development	train	19.414	19.414	12.72	12.72	21.02828667	6.939334601	14.08895207	0.11191	0.16191	0.129528
3/16/2020 8:00	3/16/2020	8	development	train	45.431083	45.431083	14.82	14.82	21.2769	7.021377	14.255523	0.11304	0.16304	0.130432
3/16/2020 9:00	3/16/2020	9	development	train	58.9085	58.9085	5.49	5.49	19.90088222	6.567291133	13.33359109	0.1127	0.1627	0.13016
3/16/2020 10:00	3/16/2020	10	development	train	67.362332	67.362332	16.12	16.12	14.50207333	4.785684199	9.716389131	0.11316	0.16316	0.130528
3/16/2020 11:00	3/16/2020	11	development	train	70.89975	70.89975	32.01	32.01	19.19093111	6.333007266	12.85792384	0.1169	0.1669	0.13352
3/16/2020 12:00	3/16/2020	12	development	train	68.192332	68.192332	33.8	33.8	19.23482222	6.347491333	12.88733089	0.11634	0.16634	0.133072
3/16/2020 13:00	3/16/2020	13	development	train	59.761084	59.761084	29.93	29.93	21.50356222	7.096175533	14.40738669	0.11531	0.16531	0.132248
3/16/2020 14:00	3/16/2020	14	development	train	46.0595	46.0595	57.72	57.72	23.04814222	7.605886933	15.44225529	0.1127	0.1627	0.13016
3/16/2020 15:00	3/16/2020	15	development	train	16.053917	16.053917	48.64	48.64	19.89735111	6.566125866	13.33122524	0.11157	0.16157	0.129256
3/16/2020 16:00	3/16/2020	16	development	train	2.7860834	2.7860834	56.73	56.73	20.36565333	6.720665599	13.64498773	0.11088	0.16088	0.128704
3/16/2020 17:00	3/16/2020	17	development	train	0.0141111	0.0141111	72.08	72.08	13.72241556	4.528397135	9.194018425	0.10997	0.15997	0.127976
3/16/2020 18:00	3/16/2020	18	development	train	0	0	88.13	88.13	33.31786444	10.99489527	22.32296917	0.10804	0.15804	0.126432
3/16/2020 19:00	3/16/2020	19	development	train	0	0	115.93	115.93	42.76478222	14.11237813	28.65240409	0.10111	0.15111	0.120888
3/16/2020 20:00	3/16/2020	20	development	train	0	0	96.75	96.75	21.95185778	7.244113067	14.70774471	0.09691	0.14691	0.117528
3/16/2020 21:00	3/16/2020	21	development	train	0	0	92.63	92.63	19.70315778	6.502042067	13.20111571	0.0977	0.1477	0.11816
3/16/2020 22:00	3/16/2020	22	development	train	0	0	100.31	100.31	17.23344222	5.687035933	11.54640629	0.09418	0.14418	0.115344
3/16/2020 23:00	3/16/2020	23	development	train	0	0	81.98	81.98	15.26652	5.0379516	10.2285684	0.08591	0.13591	0.108728
3/17/2020 0:00	3/17/2020	0	development	train	0	0	40.36	40.36	14.08800333	4.649041099	9.438962231	0.08361	0.13361	0.106888
3/17/2020 1:00	3/17/2020	1	development	train	0	0	45.26	45.26	18.59722556	6.137084435	12.46014113	0.08167	0.13167	0.105336
3/17/2020 2:00	3/17/2020	2	development	train	0	0	36.41	36.41	19.65763778	6.487020467	13.17061731	0.08064	0.13064	0.104512
3/17/2020 3:00	3/17/2020	3	development	train	0	0	58.24	58.24	19.16857333	6.325629199	12.84294413	0.08098	0.13098	0.104784
3/17/2020 4:00	3/17/2020	4	development	train	0	0	85.15	85.15	15.92016444	5.253654265	10.66651017	0.08361	0.13361	0.106888
3/17/2020 5:00	3/17/2020	5	development	train	0.0371112	0.0371112	104.57	104.57	13.08805111	4.319056866	8.768994244	0.07983	0.12983	0.103864
3/17/2020 6:00	3/17/2020	6	development	train	1.8648333	1.8648333	55.27	55.27	15.52844556	5.124387035	10.40405853	0.08682	0.13682	0.109456
3/17/2020 7:00	3/17/2020	7	development	train	3.7344166	3.7344166	59.22	59.22	18.01902556	5.946278435	12.07274713	0.09117	0.14117	0.112936
3/17/2020 8:00	3/17/2020	8	development	train	19.9180835	19.9180835	40.45	40.45	21.41445778	7.066771067	14.34768671	0.09117	0.14117	0.112936
3/17/2020 9:00	3/17/2020	9	development	train	22.4656665	22.4656665	22.31	22.31	23.18056667	7.649587001	15.53097967	0.0906	0.1406	0.11248
3/17/2020 10:00	3/17/2020	10	development	train	49.219751	49.219751	77.45	77.45	19.92393778	6.574899467	13.34903831	0.0898	0.1398	0.11184
3/17/2020 11:00	3/17/2020	11	development	train	58.45225	58.45225	64.73	64.73	16.97330889	5.601191934	11.37211696	0.08877	0.13877	0.111016
3/17/2020 12:00	3/17/2020	12	development	train	25.1385005	25.1385005	112.66	112.66	15.54186111	5.128814166	10.41304694	0.08751	0.13751	0.110008
3/17/2020 13:00	3/17/2020	13	development	train	44.2985	44.2985	50.68	50.68	16.73984889	5.524150134	11.21569876	0.08659	0.13659	0.109272
3/17/2020 14:00	3/17/2020	14	development	train	15.8268335	15.8268335	76.82	76.82	18.20572222	6.007888333	12.19783389	0.08533	0.13533	0.108264
3/17/2020 15:00	3/17/2020	15	development	train	4.9288334	4.9288334	101.46	101.46	25.24068	8.3294244	16.9112556	0.08613	0.13613	0.108904
3/17/2020 16:00	3/17/2020	16	development	train	1.1225001	1.1225001	61.49	61.49	19.70820889	6.503708934	13.20449996	0.08659	0.13659	0.109272
3/17/2020 17:00	3/17/2020	17	development	train	0.1522	0.1522	19.83	19.83	37.28701778	12.30471587	24.98230191	0.08831	0.13831	0.110648
3/17/2020 18:00	3/17/2020	18	development	train	0	0	32.72	32.72	56.71506667	18.715972	37.99909467	0.08831	0.13831	0.110648
3/17/2020 19:00	3/17/2020	19	development	train	0	0	30.69	30.69	29.88232	9.8611656	20.0211544	0.08728	0.13728	0.109824
3/17/2020 20:00	3/17/2020	20	development	train	0	0	35.48	35.48	25.26672667	8.338019801	16.92870687	0.08579	0.13579	0.108632
3/17/2020 21:00	3/17/2020	21	development	train	0	0	29.41	29.41	23.27538889	7.680878334	15.59451056	0.08132	0.13132	0.105056
3/17/2020 22:00	3/17/2020	22	development	train	0	0	29.27	29.27	25.33187111	8.359517466	16.97235364	0.07399	0.12399	0.099192
3/17/2020 23:00	3/17/2020	23	development	train	0	0	18.32	18.32	21.15626667	6.981568001	14.17469867	0.06735	0.11735	0.09388
3/18/2020 0:00	3/18/2020	0	development	train	0	0	21.54	21.54	16.18948889	5.342531334	10.84695756	0.06471	0.11471	0.091768
3/18/2020 1:00	3/18/2020	1	development	train	0	0	24.25	24.25	18.62983333	6.147844999	12.48198833	0.06058	0.11058	0.088464
3/18/2020 2:00	3/18/2020	2	development	train	0	0	25.84	25.84	20.22331333	6.673693399	13.54961993	0.06001	0.11001	0.088008
3/18/2020 3:00	3/18/2020	3	development	train	0	0	30.1	30.1	19.80360444	6.535189465	13.26841497	0.06517	0.11517	0.092136
3/18/2020 4:00	3/18/2020	4	development	train	0	0	22.2	22.2	18.77034889	6.194215134	12.57613376	0.07252	0.12252	0.098016
3/18/2020 5:00	3/18/2020	5	development	train	0.2347	0.2347	30.66	30.66	19.47503556	6.426761735	13.04827383	0.08273	0.13273	0.106184
3/18/2020 6:00	3/18/2020	6	development	train	3.9363334	3.9363334	12.34	12.34	22.18803556	7.322051735	14.86598383	0.08996	0.13996	0.111968
3/18/2020 7:00	3/18/2020	7	development	train	21.097667	21.097667	24.69	24.69	25.30405111	8.350336866	16.95371424	0.10063	0.15063	0.120504
3/18/2020 8:00	3/18/2020	8	development	train	34.894833	34.894833	28.08	28.08	22.96093556	7.577108735	15.38382683	0.10866	0.15866	0.126928
3/18/2020 9:00	3/18/2020	9	development	train	43.518833	43.518833	13.28	13.28	22.67074	7.4813442	15.1893958	0.10969	0.15969	0.127752
3/18/2020 10:00	3/18/2020	10	development	train	55.272166	55.272166	5.88	5.88	20.52990222	6.774867733	13.75503449	0.10786	0.15786	0.126288
3/18/2020 11:00	3/18/2020	11	development	train	27.0059995	27.0059995	35.63	35.63	18.8904	6.233832	12.656568	0.10269	0.15269	0.122152
3/18/2020 12:00	3/18/2020	12	development	train	51.411418	51.411418	20.16	20.16	18.42785111	6.081190866	12.34666024	0.10304	0.15304	0.122432
3/18/2020 13:00	3/18/2020	13	development	train	10.3394167	10.3394167	64.39	64.39	20.54767556	6.780732935	13.76694263	0.09971	0.14971	0.119768
3/18/2020 14:00	3/18/2020	14	development	train	12.09175	12.09175	59.16	59.16	19.95506667	6.585172001	13.36989467	0.09959	0.14959	0.119672
3/18/2020 15:00	3/18/2020	15	development	train	11.4959999	11.4959999	53.48	53.48	25.12134889	8.290045134	16.83130376	0.10097	0.15097	0.120776
3/18/2020 16:00	3/18/2020	16	development	train	0.418	0.418	86.7	86.7	22.15453556	7.310996735	14.84353883	0.09868	0.14868	0.118944
3/18/2020 17:00	3/18/2020	17	development	train	0.0972727	0.0972727	33.01	33.01	18.34972556	6.055409435	12.29431613	0.095	0.145	0.116
3/18/2020 18:00	3/18/2020	18	development	train	0	0	12.65	12.65	53.83742667	17.7663508	36.07107587	0.09237	0.14237	0.113896
3/18/2020 19:00	3/18/2020	19	development	train	0	0	22.8	22.8	31.60320889	10.42905893	21.17414996	0.08869	0.13869	0.110952
3/18/2020 20:00	3/18/2020	20	development	train	0	0	21.14	21.14	23.32423556	7.696997735	15.62723783	0.08525	0.13525	0.1082
3/18/2020 21:00	3/18/2020	21	development	train	0	0	55.23	55.23	20.72270667	6.838493201	13.88421347	0.08307	0.13307	0.106456
3/18/2020 22:00	3/18/2020	22	development	train	0	0	79.54	79.54	18.47804444	6.097754665	12.38028977	0.08089	0.13089	0.104712
3/18/2020 23:00	3/18/2020	23	development	train	0	0	90.44	90.44	10.29104556	3.396045035	6.895000525	0.07562	0.12562	0.100496
3/19/2020 0:00	3/19/2020	0	development	train	0	0	67.65	67.65	17.24084444	5.689478665	11.55136577	0.07273	0.12273	0.098184
3/19/2020 1:00	3/19/2020	1	development	train	0	0	69.95	69.95	20.61534667	6.803064401	13.81228227	0.07238	0.12238	0.097904
3/19/2020 2:00	3/19/2020	2	development	train	0	0	59.3	59.3	19.09929111	6.302766066	12.79652504	0.07366	0.12366	0.098928
3/19/2020 3:00	3/19/2020	3	development	train	0	0	16.92	16.92	22.36721111	7.381179666	14.98603144	0.07678	0.12678	0.101424
3/19/2020 4:00	3/19/2020	4	development	train	0	0	13.99	13.99	16.17974	5.3393142	10.8404258	0.08036	0.13036	0.104288
3/19/2020 5:00	3/19/2020	5	development	train	0	0	16.41	16.41	16.83613556	5.555924735	11.28021083	0.07944	0.12944	0.103552
3/19/2020 6:00	3/19/2020	6	development	train	0.5836667	0.5836667	18.6	18.6	16.80629889	5.546078634	11.26022026	0.08198	0.13198	0.105584
3/19/2020 7:00	3/19/2020	7	development	train	14.4070835	14.4070835	25.93	25.93	23.64637778	7.803304667	15.84307311	0.08337	0.13337	0.106696
3/19/2020 8:00	3/19/2020	8	development	train	37.593583	37.593583	114.72	114.72	26.65294667	8.795472401	17.85747427	0.08383	0.13383	0.107064
3/19/2020 9:00	3/19/2020	9	development	train	33.111583	33.111583	121.79	121.79	24.37323556	8.043167735	16.33006783	0.08279	0.13279	0.106232
3/19/2020 10:00	3/19/2020	10	development	train	15.54425	15.54425	128.7	128.7	21.35886	7.0484238	14.3104362	0.08163	0.13163	0.105304
3/19/2020 11:00	3/19/2020	11	development	train	11.9523331	11.9523331	26.19	26.19	21.15205111	6.980176866	14.17187424	0.08129	0.13129	0.105032
3/19/2020 12:00	3/19/2020	12	development	train	24.9189995	24.9189995	34.51	34.51	20.49845333	6.764489599	13.73396373	0.08094	0.13094	0.104752
3/19/2020 13:00	3/19/2020	13	development	train	8.4029999	8.4029999	23.5	23.5	20.32144	6.7060752	13.6153648	0.08083	0.13083	0.104664
3/19/2020 14:00	3/19/2020	14	development	train	14.7415	14.7415	25.08	25.08	23.30324444	7.690070665	15.61317377	0.08117	0.13117	0.104936
3/19/2020 15:00	3/19/2020	15	development	train	12.3775832	12.3775832	21.24	21.24	25.96624444	8.568860665	17.39738377	0.08302	0.13302	0.106416
3/19/2020 16:00	3/19/2020	16	development	train	2.1306667	2.1306667	11.52	11.52	23.99124444	7.917110665	16.07413377	0.08314	0.13314	0.106512
3/19/2020 17:00	3/19/2020	17	development	train	0.2068333	0.2068333	1.94	1.94	22.02997778	7.269892667	14.76008511	0.08406	0.13406	0.107248
3/19/2020 18:00	3/19/2020	18	development	train	0	0	7.31	7.31	20.19915111	6.665719866	13.53343124	0.08429	0.13429	0.107432
3/19/2020 19:00	3/19/2020	19	development	train	0	0	9.11	9.11	60.01186222	19.80391453	40.20794769	0.08441	0.13441	0.107528
3/19/2020 20:00	3/19/2020	20	development	train	0	0	-0.29	0	38.61657333	12.7434692	25.87310413	0.08834	0.13834	0.110672
3/19/2020 21:00	3/19/2020	21	development	train	0	0	-0.27	0	23.04025778	7.603285067	15.43697271	0.08441	0.13441	0.107528
3/19/2020 22:00	3/19/2020	22	development	train	0	0	-0.3	0	20.46148	6.7522884	13.7091916	0.08083	0.13083	0.104664
3/19/2020 23:00	3/19/2020	23	development	train	0	0	-0.42	0	24.47556444	8.076936265	16.39862817	0.08986	0.13986	0.111888
3/20/2020 0:00	3/20/2020	0	development	train	0	0	17.5	17.5	19.47667778	6.427303667	13.04937411	0.0901	0.1401	0.11208
3/20/2020 1:00	3/20/2020	1	development	train	0	0	-0.35	0	19.45459778	6.420017267	13.03458051	0.09183	0.14183	0.113464
3/20/2020 2:00	3/20/2020	2	development	train	0	0	-0.43	0	21.35725778	7.047895067	14.30936271	0.09442	0.14442	0.115536
3/20/2020 3:00	3/20/2020	3	development	train	0	0	-0.37	0	25.82550444	8.522416465	17.30308797	0.09615	0.14615	0.11692
3/20/2020 4:00	3/20/2020	4	development	train	0	0	-0.37	0	21.30156222	7.029515533	14.27204669	0.09763	0.14763	0.118104
3/20/2020 5:00	3/20/2020	5	development	train	0	0	-0.39	0	20.65441556	6.815957135	13.83845843	0.10627	0.15627	0.125016
3/20/2020 6:00	3/20/2020	6	development	train	0.0933334	0.0933334	-0.35	0	22.32468	7.3671444	14.9575356	0.13565	0.18565	0.14852
3/20/2020 7:00	3/20/2020	7	development	train	1.7460833	1.7460833	-0.22	0	23.68609556	7.816411535	15.86968403	0.15453	0.20453	0.163624
3/20/2020 8:00	3/20/2020	8	development	train	0.946	0.946	-0.39	0	26.94849333	8.893002799	18.05549053	0.15318	0.20318	0.162544
3/20/2020 9:00	3/20/2020	9	development	train	0.1119167	0.1119167	-0.37	0	24.12072444	7.959839065	16.16088537	0.13182	0.18182	0.145456
3/20/2020 10:00	3/20/2020	10	development	train	3.7594166	3.7594166	-0.31	0	24.70619111	8.153043066	16.55314804	0.10985	0.15985	0.12788
3/20/2020 11:00	3/20/2020	11	development	train	2.596	2.596	-0.31	0	17.75127333	5.857920199	11.89335313	0.10405	0.15405	0.12324
3/20/2020 12:00	3/20/2020	12	development	train	8.1790833	8.1790833	-0.29	0	17.44761778	5.757713867	11.68990391	0.10084	0.15084	0.120672
3/20/2020 13:00	3/20/2020	13	development	train	5.8605833	5.8605833	-0.38	0	19.83258444	6.544752865	13.28783157	0.09714	0.14714	0.117712
3/20/2020 14:00	3/20/2020	14	development	train	6.4060001	6.4060001	-0.31	0	21.50177778	7.095586667	14.40619111	0.09504	0.14504	0.116032
3/20/2020 15:00	3/20/2020	15	development	train	1.4303333	1.4303333	-0.34	0	33.32200222	10.99626073	22.32574149	0.09553	0.14553	0.116424
3/20/2020 16:00	3/20/2020	16	development	train	1.6020834	1.6020834	-0.36	0	28.05813111	9.259183266	18.79894784	0.09763	0.14763	0.118104
3/20/2020 17:00	3/20/2020	17	development	train	0.032	0.032	-0.34	0	50.75472444	16.74905907	34.00566537	0.09689	0.14689	0.117512
3/20/2020 18:00	3/20/2020	18	development	train	0	0	-0.37	0	45.95611111	15.16551667	30.79059444	0.09689	0.14689	0.117512
3/20/2020 19:00	3/20/2020	19	development	train	0	0	-0.35	0	22.70507333	7.492674199	15.21239913	0.09628	0.14628	0.117024
3/20/2020 20:00	3/20/2020	20	development	train	0	0	-0.38	0	18.44795333	6.087824599	12.36012873	0.09541	0.14541	0.116328
3/20/2020 21:00	3/20/2020	21	development	train	0	0	-0.37	0	18.09102889	5.970039534	12.12098936	0.09159	0.14159	0.113272
3/20/2020 22:00	3/20/2020	22	development	train	0	0	-0.36	0	16.56423667	5.466198101	11.09803857	0.08838	0.13838	0.110704
3/20/2020 23:00	3/20/2020	23	development	train	0	0	-0.41	0	16.22079778	5.352863267	10.86793451	0.09044	0.14044	0.112352
3/21/2020 0:00	3/21/2020	0	development	train	0	0	-0.44	0	14.14605333	4.668197599	9.477855731	0.08925	0.13925	0.1114
3/21/2020 1:00	3/21/2020	1	development	train	0	0	-0.42	0	16.22484444	5.354198665	10.87064577	0.0889	0.1389	0.11112
3/21/2020 2:00	3/21/2020	2	development	train	0	0	-0.45	0	16.19749556	5.345173535	10.85232203	0.08913	0.13913	0.111304
3/21/2020 3:00	3/21/2020	3	development	train	0	0	-0.41	0	16.88939889	5.573501634	11.31589726	0.08996	0.13996	0.111968
3/21/2020 4:00	3/21/2020	4	development	train	0	0	-0.44	0	13.93931333	4.599973399	9.339339931	0.08973	0.13973	0.111784
3/21/2020 5:00	3/21/2020	5	development	train	0.0003077	0.0003077	-0.39	0	14.79779111	4.883271066	9.914520044	0.08878	0.13878	0.111024
3/21/2020 6:00	3/21/2020	6	development	train	1.8053334	1.8053334	-0.39	0	18.20514778	6.007698767	12.19744901	0.09151	0.14151	0.113208
3/21/2020 7:00	3/21/2020	7	development	train	13.2491668	13.2491668	-0.41	0	22.35719111	7.377873066	14.97931804	0.09447	0.14447	0.115576
3/21/2020 8:00	3/21/2020	8	development	train	35.41325	35.41325	-0.37	0	24.79563556	8.182559735	16.61307583	0.09636	0.14636	0.117088
3/21/2020 9:00	3/21/2020	9	development	train	45.686584	45.686584	-0.28	0	22.60608222	7.460007133	15.14607509	0.08902	0.13902	0.111216
3/21/2020 10:00	3/21/2020	10	development	train	64.80575	64.80575	-0.26	0	22.04618	7.2752394	14.7709406	0.0851	0.1351	0.10808
3/21/2020 11:00	3/21/2020	11	development	train	71.047668	71.047668	-0.26	0	18.61396889	6.142609734	12.47135916	0.08451	0.13451	0.107608
3/21/2020 12:00	3/21/2020	12	development	train	67.928416	67.928416	-0.26	0	16.69265111	5.508574866	11.18407624	0.07965	0.12965	0.10372
3/21/2020 13:00	3/21/2020	13	development	train	62.238918	62.238918	-0.07	0	17.72701778	5.849915867	11.87710191	0.07799	0.12799	0.102392
3/21/2020 14:00	3/21/2020	14	development	train	48.360834	48.360834	-0.27	0	19.13806444	6.315561265	12.82250317	0.08036	0.13036	0.104288
3/21/2020 15:00	3/21/2020	15	development	train	29.476001	29.476001	-0.25	0	17.79643778	5.872824467	11.92361331	0.08878	0.13878	0.111024
3/21/2020 16:00	3/21/2020	16	development	train	10.7224167	10.7224167	-0.25	0	17.62879556	5.817502535	11.81129303	0.09423	0.14423	0.115384
3/21/2020 17:00	3/21/2020	17	development	train	0.5864166	0.5864166	-0.31	0	36.98201778	12.20406587	24.77795191	0.09471	0.14471	0.115768
3/21/2020 18:00	3/21/2020	18	development	train	0	0	-0.41	0	50.69324444	16.72877067	33.96447377	0.09791	0.14791	0.118328
3/21/2020 19:00	3/21/2020	19	development	train	0	0	-0.4	0	24.94504222	8.231863933	16.71317829	0.10205	0.15205	0.12164
3/21/2020 20:00	3/21/2020	20	development	train	0	0	-0.4	0	23.49942222	7.754809333	15.74461289	0.09897	0.14897	0.119176
3/21/2020 21:00	3/21/2020	21	development	train	0	0	-0.44	0	20.19833333	6.665449999	13.53288333	0.09648	0.14648	0.117184
3/21/2020 22:00	3/21/2020	22	development	train	0	0	-0.42	0	19.02112444	6.276971065	12.74415337	0.09411	0.14411	0.115288
3/21/2020 23:00	3/21/2020	23	development	train	0	0	-0.41	0	16.96922333	5.599843699	11.36937963	0.09485	0.14485	0.11588
3/22/2020 0:00	3/22/2020	0	development	train	0	0	-0.43	0	18.35411111	6.056856666	12.29725444	0.09485	0.14485	0.11588
3/22/2020 1:00	3/22/2020	1	development	train	0	0	-0.42	0	19.84995333	6.550484599	13.29946873	0.08955	0.13955	0.11164
3/22/2020 2:00	3/22/2020	2	development	train	0	0	-0.44	0	19.52935556	6.444687335	13.08466823	0.08083	0.13083	0.104664
3/22/2020 3:00	3/22/2020	3	development	train	0	0	-0.45	0	22.15897556	7.312461935	14.84651363	0.07692	0.12692	0.101536
3/22/2020 4:00	3/22/2020	4	development	train	0	0	1.24	1.24	19.47935333	6.428186599	13.05116673	0.07881	0.12881	0.103048
3/22/2020 5:00	3/22/2020	5	development	train	0.2495	0.2495	-0.45	0	16.97642333	5.602219699	11.37420363	0.07654	0.12654	0.101232
3/22/2020 6:00	3/22/2020	6	development	train	3.1613333	3.1613333	-0.66	0	18.75179556	6.188092535	12.56370303	0.07351	0.12351	0.098808
3/22/2020 7:00	3/22/2020	7	development	train	9.76925	9.76925	-0.49	0	23.62884444	7.797518665	15.83132577	0.07793	0.12793	0.102344
3/22/2020 8:00	3/22/2020	8	development	train	21.583417	21.583417	-0.47	0	26.23786	8.6584938	17.5793662	0.07856	0.12856	0.102848
3/22/2020 9:00	3/22/2020	9	development	train	18.4364165	18.4364165	-0.43	0	22.53566222	7.436768533	15.09889369	0.07527	0.12527	0.100216
3/22/2020 10:00	3/22/2020	10	development	train	13.0996665	13.0996665	-0.43	0	23.31539333	7.694079799	15.62131353	0.07376	0.12376	0.099008
3/22/2020 11:00	3/22/2020	11	development	train	15.9501665	15.9501665	1.11	1.11	16.81842889	5.550081534	11.26834736	0.07237	0.12237	0.097896
3/22/2020 12:00	3/22/2020	12	development	train	17.451667	17.451667	-0.32	0	17.97707778	5.932435667	12.04464211	0.07085	0.12085	0.09668
3/22/2020 13:00	3/22/2020	13	development	train	8.578	8.578	-0.4	0	45.95389333	15.1647848	30.78910853	0.07022	0.12022	0.096176
3/22/2020 14:00	3/22/2020	14	development	train	2.9630833	2.9630833	-0.37	0	32.05848889	10.57930133	21.47918756	0.07224	0.12224	0.097792
3/22/2020 15:00	3/22/2020	15	development	train	2.1911667	2.1911667	3.61	3.61	19.43264667	6.412773401	13.01987327	0.07742	0.12742	0.101936
3/22/2020 16:00	3/22/2020	16	development	train	1.3855	1.3855	7.62	7.62	17.04865111	5.626054866	11.42259624	0.08778	0.13778	0.110224
3/22/2020 17:00	3/22/2020	17	development	train	0.0462091	0.0462091	24.52	24.52	22.49835333	7.424456599	15.07389673	0.08626	0.13626	0.109008
3/22/2020 18:00	3/22/2020	18	development	train	0	0	28.95	28.95	53.58327556	17.68248093	35.90079463	0.09574	0.14574	0.116592
3/22/2020 19:00	3/22/2020	19	development	train	0	0	21.85	21.85	25.98334	8.5745022	17.4088378	0.09561	0.14561	0.116488
3/22/2020 20:00	3/22/2020	20	development	train	0	0	30.16	30.16	22.28880667	7.355306201	14.93350047	0.09523	0.14523	0.116184
3/22/2020 21:00	3/22/2020	21	development	train	0	0	25.62	25.62	19.09251778	6.300530867	12.79198691	0.09485	0.14485	0.11588
3/22/2020 22:00	3/22/2020	22	development	train	0	0	31.32	31.32	16.89592556	5.575655435	11.32027013	0.09056	0.14056	0.112448
3/22/2020 23:00	3/22/2020	23	development	train	0	0	61.3	61.3	15.37950667	5.075237201	10.30426947	0.08816	0.13816	0.110528
3/23/2020 0:00	3/23/2020	0	development	train	0	0	66.77	66.77	13.89474778	4.585266767	9.309481013	0.08551	0.13551	0.108408
3/23/2020 1:00	3/23/2020	1	development	train	0	0	72.19	72.19	16.86408667	5.565148601	11.29893807	0.08551	0.13551	0.108408
3/23/2020 2:00	3/23/2020	2	development	train	0	0	86.97	86.97	21.02260667	6.937460201	14.08514647	0.08778	0.13778	0.110224
3/23/2020 3:00	3/23/2020	3	development	train	0	0	65.3	65.3	19.43497333	6.413541199	13.02143213	0.09043	0.14043	0.112344
3/23/2020 4:00	3/23/2020	4	development	train	0	0	62.86	62.86	18.06604778	5.961795767	12.10425201	0.09473	0.14473	0.115784
3/23/2020 5:00	3/23/2020	5	development	train	0.1426591	0.1426591	13.88	13.88	16.40131111	5.412432666	10.98887844	0.097	0.147	0.1176
3/23/2020 6:00	3/23/2020	6	development	train	3.0229166	3.0229166	0.02	0.02	16.64664444	5.493392665	11.15325177	0.0999	0.1499	0.11992
3/23/2020 7:00	3/23/2020	7	development	train	5.6620832	5.6620832	1.3	1.3	20.72121778	6.838001867	13.88321591	0.1042	0.1542	0.12336
3/23/2020 8:00	3/23/2020	8	development	train	13.57075	13.57075	-0.27	0	22.60980222	7.461234733	15.14856749	0.1042	0.1542	0.12336
3/23/2020 9:00	3/23/2020	9	development	train	14.4849165	14.4849165	-0.3	0	21.61823333	7.134016999	14.48421633	0.10268	0.15268	0.122144
3/23/2020 10:00	3/23/2020	10	development	train	12.1990834	12.1990834	-0.25	0	19.10288	6.3039504	12.7989296	0.10104	0.15104	0.120832
3/23/2020 11:00	3/23/2020	11	development	train	20.4143335	20.4143335	0.6	0.6	15.91769333	5.252838799	10.66485453	0.09965	0.14965	0.11972
3/23/2020 12:00	3/23/2020	12	development	train	23.014333	23.014333	14.4	14.4	12.74833222	4.206949633	8.541382587	0.09851	0.14851	0.118808
3/23/2020 13:00	3/23/2020	13	development	train	18.0707505	18.0707505	61.19	61.19	17.02467222	5.618141833	11.40653039	0.09788	0.14788	0.118304
3/23/2020 14:00	3/23/2020	14	development	train	12.3321669	12.3321669	131.32	131.32	22.03154222	7.270408933	14.76113329	0.09675	0.14675	0.1174
3/23/2020 15:00	3/23/2020	15	development	train	10.2759167	10.2759167	156.82	156.82	18.43075667	6.082149701	12.34860697	0.09624	0.14624	0.116992
3/23/2020 16:00	3/23/2020	16	development	train	11.1889167	11.1889167	171.02	171.02	17.75462444	5.859026065	11.89559837	0.09473	0.14473	0.115784
3/23/2020 17:00	3/23/2020	17	development	train	0.4935	0.4935	149.68	149.68	16.51054	5.4484782	11.0620618	0.0946	0.1446	0.11568
3/23/2020 18:00	3/23/2020	18	development	train	0	0	171.1	171.1	55.13299556	18.19388853	36.93910703	0.09384	0.14384	0.115072
3/23/2020 19:00	3/23/2020	19	development	train	0	0	114.9	114.9	44.47479111	14.67668107	29.79811004	0.0922	0.1422	0.11376
3/23/2020 20:00	3/23/2020	20	development	train	0	0	113.32	113.32	23.23039111	7.666029066	15.56436204	0.09081	0.14081	0.112648
3/23/2020 21:00	3/23/2020	21	development	train	0	0	123.22	123.22	24.35842	8.0382786	16.3201414	0.09043	0.14043	0.112344
3/23/2020 22:00	3/23/2020	22	development	train	0	0	109.64	109.64	22.73868889	7.503767334	15.23492156	0.08525	0.13525	0.1082
3/23/2020 23:00	3/23/2020	23	development	train	0	0	92.27	92.27	15.59815556	5.147391335	10.45076423	0.0757	0.1257	0.10056
3/24/2020 0:00	3/24/2020	0	development	train	0	0	61.16	61.16	13.93039889	4.597031634	9.333367256	0.07299	0.12299	0.098392
3/24/2020 1:00	3/24/2020	1	development	train	0	0	46.63	46.63	17.92365333	5.914805599	12.00884773	0.07115	0.12115	0.09692
3/24/2020 2:00	3/24/2020	2	development	train	0	0	21.59	21.59	20.04485333	6.614801599	13.43005173	0.07201	0.12201	0.097608
3/24/2020 3:00	3/24/2020	3	development	train	0	0	3.28	3.28	16.81450333	5.548786099	11.26571723	0.07557	0.12557	0.100456
3/24/2020 4:00	3/24/2020	4	development	train	0	0	-0.05	0	14.97109111	4.940460066	10.03063104	0.0816	0.1316	0.10528
3/24/2020 5:00	3/24/2020	5	development	train	0.3474167	0.3474167	2.66	2.66	17.48559111	5.770245066	11.71534604	0.08172	0.13172	0.105376
3/24/2020 6:00	3/24/2020	6	development	train	2.6270833	2.6270833	-0.29	0	16.97946111	5.603222166	11.37623894	0.08196	0.13196	0.105568
3/24/2020 7:00	3/24/2020	7	development	train	6.1327499	6.1327499	-0.32	0	19.14512889	6.317892534	12.82723636	0.08356	0.13356	0.106848
3/24/2020 8:00	3/24/2020	8	development	train	8.4565834	8.4565834	-0.28	0	21.48936222	7.091489533	14.39787269	0.08467	0.13467	0.107736
3/24/2020 9:00	3/24/2020	9	development	train	10.6586666	10.6586666	-0.29	0	18.12922111	5.982642966	12.14657814	0.08491	0.13491	0.107928
3/24/2020 10:00	3/24/2020	10	development	train	7.519	7.519	-0.24	0	17.34602556	5.724188435	11.62183713	0.08504	0.13504	0.108032
3/24/2020 11:00	3/24/2020	11	development	train	5.41525	5.41525	-0.27	0	11.77617556	3.886137935	7.890037625	0.08491	0.13491	0.107928
3/24/2020 12:00	3/24/2020	12	development	train	4.1845832	4.1845832	-0.29	0	14.01495222	4.624934233	9.390017987	0.08405	0.13405	0.10724
3/24/2020 13:00	3/24/2020	13	development	train	5.1793334	5.1793334	-0.33	0	20.7561	6.849513	13.906587	0.08405	0.13405	0.10724
3/24/2020 14:00	3/24/2020	14	development	train	4.2196666	4.2196666	-0.27	0	20.43012667	6.741941801	13.68818487	0.08442	0.13442	0.107536
3/24/2020 15:00	3/24/2020	15	development	train	1.5898333	1.5898333	-0.28	0	19.65104667	6.484845401	13.16620127	0.08454	0.13454	0.107632
3/24/2020 16:00	3/24/2020	16	development	train	0.5524166	0.5524166	-0.24	0	16.63750333	5.490376099	11.14712723	0.08405	0.13405	0.10724
3/24/2020 17:00	3/24/2020	17	development	train	0	0	-0.27	0	19.15651556	6.321650135	12.83486543	0.0843	0.1343	0.10744
3/24/2020 18:00	3/24/2020	18	development	train	0	0	0.4	0.4	34.73929333	11.4639668	23.27532653	0.08418	0.13418	0.107344
3/24/2020 19:00	3/24/2020	19	development	train	0	0	3.79	3.79	44.81824	14.7900192	30.0282208	0.08418	0.13418	0.107344
3/24/2020 20:00	3/24/2020	20	development	train	0	0	-0.26	0	18.44610667	6.087215201	12.35889147	0.08418	0.13418	0.107344
3/24/2020 21:00	3/24/2020	21	development	train	0	0	-0.25	0	19.97480889	6.591686934	13.38312196	0.08037	0.13037	0.104296
3/24/2020 22:00	3/24/2020	22	development	train	0	0	-0.3	0	12.86572444	4.245689065	8.620035375	0.07336	0.12336	0.098688
3/24/2020 23:00	3/24/2020	23	development	train	0	0	-0.27	0	13.38752889	4.417884534	8.969644356	0.06904	0.11904	0.095232
3/25/2020 0:00	3/25/2020	0	development	train	0	0	-0.32	0	11.03391444	3.641191765	7.392722675	0.06593	0.11593	0.092744
3/25/2020 1:00	3/25/2020	1	development	train	0	0	-0.31	0	14.60883	4.8209139	9.7879161	0.06353	0.11353	0.090824
3/25/2020 2:00	3/25/2020	2	development	train	0	0	-0.31	0	17.72137444	5.848053565	11.87332087	0.06545	0.11545	0.09236
3/25/2020 3:00	3/25/2020	3	development	train	0	0	-0.28	0	16.56554444	5.466629665	11.09891477	0.0688	0.1188	0.09504
3/25/2020 4:00	3/25/2020	4	development	train	0	0	-0.32	0	14.95864111	4.936351566	10.02228954	0.07299	0.12299	0.098392
3/25/2020 5:00	3/25/2020	5	development	train	0.0613107	0.0613107	-0.35	0	14.30764222	4.721521933	9.586120287	0.07059	0.12059	0.096472
3/25/2020 6:00	3/25/2020	6	development	train	1.8359167	1.8359167	-0.27	0	14.67412444	4.842461065	9.831663375	0.07179	0.12179	0.097432
3/25/2020 7:00	3/25/2020	7	development	train	5.3531666	5.3531666	-0.28	0	21.80784222	7.196587933	14.61125429	0.07179	0.12179	0.097432
3/25/2020 8:00	3/25/2020	8	development	train	8.1875833	8.1875833	-0.32	0	25.10258	8.2838514	16.8187286	0.07179	0.12179	0.097432
3/25/2020 9:00	3/25/2020	9	development	train	11.6742502	11.6742502	-0.29	0	23.14492	7.6378236	15.5070964	0.07191	0.12191	0.097528
3/25/2020 10:00	3/25/2020	10	development	train	17.39925	17.39925	-0.28	0	23.37403556	7.713431735	15.66060383	0.07191	0.12191	0.097528
3/25/2020 11:00	3/25/2020	11	development	train	20.5595	20.5595	-0.29	0	19.67745333	6.493559599	13.18389373	0.07155	0.12155	0.09724
3/25/2020 12:00	3/25/2020	12	development	train	9.0554167	9.0554167	-0.28	0	16.50009444	5.445031165	11.05506327	0.07167	0.12167	0.097336
3/25/2020 13:00	3/25/2020	13	development	train	3.71925	3.71925	-0.28	0	17.95679	5.9257407	12.0310493	0.07203	0.12203	0.097624
3/25/2020 14:00	3/25/2020	14	development	train	4.3354168	4.3354168	-0.27	0	17.57172556	5.798669435	11.77305613	0.07263	0.12263	0.098104
3/25/2020 15:00	3/25/2020	15	development	train	3.6240832	3.6240832	-0.26	0	16.18297556	5.340381935	10.84259363	0.07394	0.12394	0.099152
3/25/2020 16:00	3/25/2020	16	development	train	0.2260834	0.2260834	-0.26	0	17.28943556	5.705513735	11.58392183	0.07622	0.12622	0.100976
3/25/2020 17:00	3/25/2020	17	development	train	0	0	-0.32	0	26.96144	8.8972752	18.0641648	0.07705	0.12705	0.10164
3/25/2020 18:00	3/25/2020	18	development	train	0	0	-0.29	0	44.09058222	14.54989213	29.54069009	0.07969	0.12969	0.103752
3/25/2020 19:00	3/25/2020	19	development	train	0	0	16.8	16.8	18.78132	6.1978356	12.5834844	0.081	0.131	0.1048
3/25/2020 20:00	3/25/2020	20	development	train	0	0	-0.28	0	24.68692222	8.146684333	16.54023789	0.08148	0.13148	0.105184
3/25/2020 21:00	3/25/2020	21	development	train	0	0	-0.29	0	22.22162889	7.333137534	14.88849136	0.08052	0.13052	0.104416
3/25/2020 22:00	3/25/2020	22	development	train	0	0	0.55	0.55	21.02042889	6.936741534	14.08368736	0.07717	0.12717	0.101736
3/25/2020 23:00	3/25/2020	23	development	train	0	0	1.03	1.03	25.73537556	8.492673935	17.24270163	0.07238	0.12238	0.097904
3/26/2020 0:00	3/26/2020	0	development	train	0	0	-0.27	0	21.24331111	7.010292666	14.23301844	0.07285	0.12285	0.09828
3/26/2020 1:00	3/26/2020	1	development	train	0	0	0.75	0.75	20.93764667	6.909423401	14.02822327	0.07344	0.12344	0.098752
3/26/2020 2:00	3/26/2020	2	development	train	0	0	7.36	7.36	18.54037778	6.118324667	12.42205311	0.07473	0.12473	0.099784
3/26/2020 3:00	3/26/2020	3	development	train	0	0	6.85	6.85	18.79192889	6.201336534	12.59059236	0.07614	0.12614	0.100912
3/26/2020 4:00	3/26/2020	4	development	train	0	0	7.9	7.9	18.27801333	6.031744399	12.24626893	0.07744	0.12744	0.101952
3/26/2020 5:00	3/26/2020	5	development	train	1.0245833	1.0245833	4.49	4.49	19.66314444	6.488837665	13.17430677	0.07944	0.12944	0.103552
3/26/2020 6:00	3/26/2020	6	development	train	7.4695834	7.4695834	6.65	6.65	18.57638	6.1302054	12.4461746	0.0792	0.1292	0.10336
3/26/2020 7:00	3/26/2020	7	development	train	18.6674165	18.6674165	4.12	4.12	21.48709333	7.090740799	14.39635253	0.08156	0.13156	0.105248
3/26/2020 8:00	3/26/2020	8	development	train	26.794084	26.794084	-0.28	0	17.26559111	5.697645066	11.56794604	0.08132	0.13132	0.105056
3/26/2020 9:00	3/26/2020	9	development	train	17.75	17.75	-0.25	0	18.87011778	6.227138867	12.64297891	0.07991	0.12991	0.103928
3/26/2020 10:00	3/26/2020	10	development	train	36.55575	36.55575	-0.35	0	20.05894222	6.619450933	13.43949129	0.07638	0.12638	0.101104
3/26/2020 11:00	3/26/2020	11	development	train	30.82575	30.82575	-0.3	0	15.40550778	5.083817567	10.32169021	0.07508	0.12508	0.100064
3/26/2020 12:00	3/26/2020	12	development	train	30.242084	30.242084	-0.3	0	11.17312222	3.687130333	7.485991887	0.07461	0.12461	0.099688
3/26/2020 13:00	3/26/2020	13	development	train	22.433583	22.433583	-0.01	0	14.01381	4.6245573	9.3892527	0.07403	0.12403	0.099224
3/26/2020 14:00	3/26/2020	14	development	train	19.0931665	19.0931665	16.84	16.84	18.01717667	5.945668301	12.07150837	0.07391	0.12391	0.099128
3/26/2020 15:00	3/26/2020	15	development	train	22.4134165	22.4134165	17.78	17.78	15.15375111	5.000737866	10.15301324	0.07356	0.12356	0.098848
3/26/2020 16:00	3/26/2020	16	development	train	3.0480834	3.0480834	19.3	19.3	14.35058444	4.735692865	9.614891575	0.07308	0.12308	0.098464
3/26/2020 17:00	3/26/2020	17	development	train	0.4705001	0.4705001	8.11	8.11	16.85025111	5.560582866	11.28966824	0.07285	0.12285	0.09828
3/26/2020 18:00	3/26/2020	18	development	train	0	0	2.2	2.2	44.92582667	14.8255228	30.10030387	0.07097	0.12097	0.096776
3/26/2020 19:00	3/26/2020	19	development	train	0	0	2.09	2.09	20.86264444	6.884672665	13.97797177	0.07026	0.12026	0.096208
3/26/2020 20:00	3/26/2020	20	development	train	0	0	1.84	1.84	21.45869556	7.081369535	14.37732603	0.07038	0.12038	0.096304
3/26/2020 21:00	3/26/2020	21	development	train	0	0	3.92	3.92	21.78366	7.1886078	14.5950522	0.07014	0.12014	0.096112
3/26/2020 22:00	3/26/2020	22	development	train	0	0	0.92	0.92	10.69878556	3.530599235	7.168186325	0.06979	0.11979	0.095832
3/26/2020 23:00	3/26/2020	23	development	train	0	0	7.81	7.81	12.27524778	4.050831767	8.224416013	0.06799	0.11799	0.094392
3/27/2020 0:00	3/27/2020	0	development	train	0	0	12.43	12.43	9.968383333	3.2895665	6.678816833	0.06625	0.11625	0.093
3/27/2020 1:00	3/27/2020	1	development	train	0	0	9.62	9.62	11.62096	3.8349168	7.7860432	0.06602	0.11602	0.092816
3/27/2020 2:00	3/27/2020	2	development	train	0	0	19.88	19.88	15.98422444	5.274794065	10.70943037	0.06695	0.11695	0.09356
3/27/2020 3:00	3/27/2020	3	development	train	0	0	28.61	28.61	16.59622444	5.476754065	11.11947037	0.06892	0.11892	0.095136
3/27/2020 4:00	3/27/2020	4	development	train	0	0	26.84	26.84	15.60033667	5.148111101	10.45222557	0.07125	0.12125	0.097
3/27/2020 5:00	3/27/2020	5	development	train	1.3166666	1.3166666	32.56	32.56	13.69119889	4.518095634	9.173103256	0.07148	0.12148	0.097184
3/27/2020 6:00	3/27/2020	6	development	train	4.3748334	4.3748334	30.18	30.18	13.70928	4.5240624	9.1852176	0.07195	0.12195	0.09756
3/27/2020 7:00	3/27/2020	7	development	train	12.3259165	12.3259165	32.14	32.14	22.45058222	7.408692133	15.04189009	0.07241	0.12241	0.097928
3/27/2020 8:00	3/27/2020	8	development	train	16.797	16.797	18.5	18.5	22.85088444	7.540791865	15.31009257	0.07276	0.12276	0.098208
3/27/2020 9:00	3/27/2020	9	development	train	10.0524167	10.0524167	8.63	8.63	20.74585333	6.846131599	13.89972173	0.07288	0.12288	0.098304
3/27/2020 10:00	3/27/2020	10	development	train	23.5068335	23.5068335	9.01	9.01	23.90657778	7.889170667	16.01740711	0.07218	0.12218	0.097744
3/27/2020 11:00	3/27/2020	11	development	train	56.954584	56.954584	47.24	47.24	21.05459556	6.948016535	14.10657903	0.07195	0.12195	0.09756
3/27/2020 12:00	3/27/2020	12	development	train	38.867417	38.867417	96.15	96.15	16.0699	5.303067	10.766833	0.07183	0.12183	0.097464
3/27/2020 13:00	3/27/2020	13	development	train	45.463834	45.463834	71.11	71.11	20.42605333	6.740597599	13.68545573	0.07137	0.12137	0.097096
3/27/2020 14:00	3/27/2020	14	development	train	39.537666	39.537666	44.77	44.77	18.33712667	6.051251801	12.28587487	0.07055	0.12055	0.09644
3/27/2020 15:00	3/27/2020	15	development	train	15.0719165	15.0719165	51.42	51.42	17.87738889	5.899538334	11.97785056	0.07067	0.12067	0.096536
3/27/2020 16:00	3/27/2020	16	development	train	7.8980833	7.8980833	41.97	41.97	20.36632667	6.720887801	13.64543887	0.07137	0.12137	0.097096
3/27/2020 17:00	3/27/2020	17	development	train	1.0246667	1.0246667	40.85	40.85	17.18765333	5.671925599	11.51572773	0.07125	0.12125	0.097
3/27/2020 18:00	3/27/2020	18	development	train	0	0	66.46	66.46	46.07660444	15.20527947	30.87132497	0.07102	0.12102	0.096816
3/27/2020 19:00	3/27/2020	19	development	train	0	0	18.28	18.28	25.97690444	8.572378465	17.40452597	0.06997	0.11997	0.095976
3/27/2020 20:00	3/27/2020	20	development	train	0	0	30.53	30.53	20.23367111	6.677111466	13.55655964	0.06916	0.11916	0.095328
3/27/2020 21:00	3/27/2020	21	development	train	0	0	103.14	103.14	20.57180444	6.788695465	13.78310897	0.0673	0.1173	0.09384
3/27/2020 22:00	3/27/2020	22	development	train	0	0	38.3	38.3	23.65482667	7.806092801	15.84873387	0.06497	0.11497	0.091976
3/27/2020 23:00	3/27/2020	23	development	train	0	0	104.05	104.05	16.58654111	5.473558566	11.11298254	0.06354	0.11354	0.090832
3/28/2020 0:00	3/28/2020	0	development	train	0	0	74.75	74.75	14.63482333	4.829491699	9.805331631	0.06249	0.11249	0.089992
3/28/2020 1:00	3/28/2020	1	development	train	0	0	61.06	61.06	16.65262778	5.495367167	11.15726061	0.06168	0.11168	0.089344
3/28/2020 2:00	3/28/2020	2	development	train	0	0	16.02	16.02	16.61607333	5.483304199	11.13276913	0.06168	0.11168	0.089344
3/28/2020 3:00	3/28/2020	3	development	train	0	0	22.23	22.23	14.42960222	4.761768733	9.667833487	0.06237	0.11237	0.089896
3/28/2020 4:00	3/28/2020	4	development	train	0	0	23.12	23.12	21.61587556	7.133238935	14.48263663	0.06261	0.11261	0.090088
3/28/2020 5:00	3/28/2020	5	development	train	0	0	27.6	27.6	18.40507111	6.073673466	12.33139764	0.06365	0.11365	0.09092
3/28/2020 6:00	3/28/2020	6	development	train	0.6130833	0.6130833	123.94	123.94	18.99161556	6.267233135	12.72438243	0.06389	0.11389	0.091112
3/28/2020 7:00	3/28/2020	7	development	train	3.9669168	3.9669168	93.93	93.93	25.28102	8.3427366	16.9382834	0.06435	0.11435	0.09148
3/28/2020 8:00	3/28/2020	8	development	train	8.991	8.991	91.9	91.9	28.96971333	9.560005399	19.40970793	0.06377	0.11377	0.091016
3/28/2020 9:00	3/28/2020	9	development	train	23.557833	23.557833	123.07	123.07	25.50108	8.4153564	17.0857236	0.06331	0.11331	0.090648
3/28/2020 10:00	3/28/2020	10	development	train	0	0	0	0	24.12154444	7.960109665	16.16143477	0.06179	0.11179	0.089432
3/28/2020 11:00	3/28/2020	11	development	train	53.801	53.801	-0.41	0	19.31456667	6.373807001	12.94075967	0.05807	0.10807	0.086456
3/28/2020 12:00	3/28/2020	12	development	train	33.84575	33.84575	88.53	88.53	22.8634	7.544922	15.318478	0.04771	0.09771	0.078168
3/28/2020 13:00	3/28/2020	13	development	train	39.6255	39.6255	138.55	138.55	23.27130889	7.679531934	15.59177696	0.0462	0.0962	0.07696
3/28/2020 14:00	3/28/2020	14	development	train	4.5304998	4.5304998	79.37	79.37	21.96600222	7.248780733	14.71722149	0.04911	0.09911	0.079288
3/28/2020 15:00	3/28/2020	15	development	train	14.12825	14.12825	129.36	129.36	24.82969778	8.193800267	16.63589751	0.05877	0.10877	0.087016
3/28/2020 16:00	3/28/2020	16	development	train	2.0373333	2.0373333	49.78	49.78	23.23156889	7.666417734	15.56515116	0.06459	0.11459	0.091672
3/28/2020 17:00	3/28/2020	17	development	train	0.4769167	0.4769167	123.96	123.96	13.83971778	4.567106867	9.272610913	0.06773	0.11773	0.094184
3/28/2020 18:00	3/28/2020	18	development	train	0	0	77.22	77.22	21.38596	7.0573668	14.3285932	0.06703	0.11703	0.093624
3/28/2020 19:00	3/28/2020	19	development	train	0	0	10.31	10.31	60.99969333	20.1298988	40.86979453	0.06342	0.11342	0.090736
3/28/2020 20:00	3/28/2020	20	development	train	0	0	41.95	41.95	28.60917333	9.441027199	19.16814613	0.06051	0.11051	0.088408
3/28/2020 21:00	3/28/2020	21	development	train	0	0	42.74	42.74	19.11431111	6.307722666	12.80658844	0.05888	0.10888	0.087104
3/28/2020 22:00	3/28/2020	22	development	train	0	0	16.69	16.69	15.62555111	5.156431866	10.46911924	0.05714	0.10714	0.085712
3/28/2020 23:00	3/28/2020	23	development	train	0	0	126.05	126.05	16.45937778	5.431594667	11.02778311	0.05331	0.10331	0.082648
3/29/2020 0:00	3/29/2020	0	development	train	0	0	123.22	123.22	14.61297	4.8222801	9.7906899	0.05214	0.10214	0.081712
3/29/2020 1:00	3/29/2020	1	development	train	0	0	127.15	127.15	17.36024111	5.728879566	11.63136154	0.04826	0.09826	0.078608
3/29/2020 2:00	3/29/2020	2	development	train	0	0	15.98	15.98	19.53612444	6.446921065	13.08920337	0.04321	0.09321	0.074568
3/29/2020 3:00	3/29/2020	3	development	train	0	0	58.31	58.31	18.81709778	6.209642267	12.60745551	0.04075	0.09075	0.0726
3/29/2020 4:00	3/29/2020	4	development	train	0	0	28.48	28.48	16.78137444	5.537853565	11.24352087	0.04439	0.09439	0.075512
3/29/2020 5:00	3/29/2020	5	development	train	0	0	43.44	43.44	13.55406889	4.472842734	9.081226156	0.0465	0.0965	0.0772
3/29/2020 6:00	3/29/2020	6	development	train	0	0	16.16	16.16	20.04897111	6.616160466	13.43281064	0.0512	0.1012	0.08096
3/29/2020 7:00	3/29/2020	7	development	train	0.0150833	0.0150833	19.35	19.35	21.05868	6.9493644	14.1093156	0.05507	0.10507	0.084056
3/29/2020 8:00	3/29/2020	8	development	train	1.3676667	1.3676667	32.72	32.72	22.91039778	7.560431267	15.34996651	0.0566	0.1066	0.08528
3/29/2020 9:00	3/29/2020	9	development	train	1.5033334	1.5033334	48.08	48.08	24.49305111	8.082706866	16.41034424	0.0573	0.1073	0.08584
3/29/2020 10:00	3/29/2020	10	development	train	1.4886667	1.4886667	71.09	71.09	21.59023111	7.124776266	14.46545484	0.05683	0.10683	0.085464
3/29/2020 11:00	3/29/2020	11	development	train	8.4998334	8.4998334	109.72	109.72	19.66633556	6.489890735	13.17644483	0.05777	0.10777	0.086216
3/29/2020 12:00	3/29/2020	12	development	train	20.4578335	20.4578335	101.14	101.14	21.40683556	7.064255735	14.34257983	0.05707	0.10707	0.085656
3/29/2020 13:00	3/29/2020	13	development	train	11.4727502	11.4727502	65.83	65.83	24.19750222	7.985175733	16.21232649	0.05777	0.10777	0.086216
3/29/2020 14:00	3/29/2020	14	development	train	25.6025835	25.6025835	127.49	127.49	22.93172889	7.567470534	15.36425836	0.0593	0.1093	0.08744
3/29/2020 15:00	3/29/2020	15	development	train	19.743333	19.743333	117.6	117.6	33.17321333	10.9471604	22.22605293	0.06165	0.11165	0.08932
3/29/2020 16:00	3/29/2020	16	development	train	6.5380834	6.5380834	86.64	86.64	27.05808	8.9291664	18.1289136	0.07069	0.12069	0.096552
3/29/2020 17:00	3/29/2020	17	development	train	0.3140834	0.3140834	27.49	27.49	23.03068889	7.600127334	15.43056156	0.07398	0.12398	0.099184
3/29/2020 18:00	3/29/2020	18	development	train	0	0	13.79	13.79	42.99616	14.1887328	28.8074272	0.07727	0.12727	0.101816
3/29/2020 19:00	3/29/2020	19	development	train	0	0	-0.28	0	59.58191556	19.66203213	39.91988343	0.0755	0.1255	0.1004
3/29/2020 20:00	3/29/2020	20	development	train	0	0	-0.25	0	26.02716222	8.588963533	17.43819869	0.07339	0.12339	0.098712
3/29/2020 21:00	3/29/2020	21	development	train	0	0	0.24	0.24	25.11820444	8.289007465	16.82919697	0.07163	0.12163	0.097304
3/29/2020 22:00	3/29/2020	22	development	train	0	0	2.08	2.08	24.19631333	7.984783399	16.21152993	0.06482	0.11482	0.091856
3/29/2020 23:00	3/29/2020	23	development	train	0	0	-0.35	0	16.72191778	5.518232867	11.20368491	0.06458	0.11458	0.091664
3/30/2020 0:00	3/30/2020	0	development	train	0	0	1.83	1.83	15.22349778	5.023754267	10.19974351	0.06458	0.11458	0.091664
3/30/2020 1:00	3/30/2020	1	development	train	0	0	2.96	2.96	15.19938556	5.015797235	10.18358833	0.06494	0.11494	0.091952
3/30/2020 2:00	3/30/2020	2	development	train	0	0	-0.39	0	15.13468444	4.994445865	10.14023857	0.06517	0.11517	0.092136
3/30/2020 3:00	3/30/2020	3	development	train	0	0	-0.41	0	12.64200556	4.171861835	8.470143725	0.06787	0.11787	0.094296
3/30/2020 4:00	3/30/2020	4	development	train	0	0	-0.01	0	14.85231333	4.901263399	9.951049931	0.07151	0.12151	0.097208
3/30/2020 5:00	3/30/2020	5	development	train	0	0	-0.38	0	16.65136222	5.494949533	11.15641269	0.0795	0.1295	0.1036
3/30/2020 6:00	3/30/2020	6	development	train	0	0	-0.37	0	23.89737778	7.886134667	16.01124311	0.08854	0.13854	0.110832
3/30/2020 7:00	3/30/2020	7	development	train	2.05875	2.05875	-0.37	0	23.92067333	7.893822199	16.02685113	0.09171	0.14171	0.113368
3/30/2020 8:00	3/30/2020	8	development	train	13.8341667	13.8341667	-0.4	0	25.82857333	8.523429199	17.30514413	0.10721	0.15721	0.125768
3/30/2020 9:00	3/30/2020	9	development	train	30.935833	30.935833	-0.3	0	24.49955556	8.084853335	16.41470223	0.09488	0.14488	0.115904
3/30/2020 10:00	3/30/2020	10	development	train	56.768998	56.768998	-0.52	0	22.83797111	7.536530466	15.30144064	0.08866	0.13866	0.110928
3/30/2020 11:00	3/30/2020	11	development	train	52.230082	52.230082	-0.26	0	18.07661222	5.965282033	12.11133019	0.08255	0.13255	0.10604
3/30/2020 12:00	3/30/2020	12	development	train	33.20825	33.20825	-0.27	0	23.90483556	7.888595735	16.01623983	0.08114	0.13114	0.104912
3/30/2020 13:00	3/30/2020	13	development	train	42.7750908	42.7750908	-0.19	0	22.66722667	7.480184801	15.18704187	0.07985	0.12985	0.10388
3/30/2020 14:00	3/30/2020	14	development	train	20.4210835	20.4210835	2.86	2.86	18.19948889	6.005831334	12.19365756	0.07879	0.12879	0.103032
3/30/2020 15:00	3/30/2020	15	development	train	9.278	9.278	5.15	5.15	18.35402222	6.056827333	12.29719489	0.07715	0.12715	0.10172
3/30/2020 16:00	3/30/2020	16	development	train	2.9741666	2.9741666	10.89	10.89	28.85717111	9.522866466	19.33430464	0.07961	0.12961	0.103688
3/30/2020 17:00	3/30/2020	17	development	train	0.5011666	0.5011666	30.36	30.36	59.05552889	19.48832453	39.56720436	0.0802	0.1302	0.10416
3/30/2020 18:00	3/30/2020	18	development	train	0	0	43.2	43.2	27.79688667	9.172972601	18.62391407	0.0802	0.1302	0.10416
3/30/2020 19:00	3/30/2020	19	development	train	0	0	32.57	32.57	24.80373111	8.185231266	16.61849984	0.0748	0.1248	0.09984
3/30/2020 20:00	3/30/2020	20	development	train	0	0	31.14	31.14	17.72600889	5.849582934	11.87642596	0.07034	0.12034	0.096272
3/30/2020 21:00	3/30/2020	21	development	train	0	0	26.66	26.66	20.11432889	6.637728534	13.47660036	0.06764	0.11764	0.094112
3/30/2020 22:00	3/30/2020	22	development	train	0	0	32.36	32.36	16.96197222	5.597450833	11.36452139	0.06352	0.11352	0.090816
3/30/2020 23:00	3/30/2020	23	development	train	0	0	41.33	41.33	17.60563333	5.809858999	11.79577433	0.06176	0.11176	0.089408
3/31/2020 0:00	3/31/2020	0	development	train	0	0	41.35	41.35	19.95998222	6.586794133	13.37318809	0.06035	0.11035	0.08828
3/31/2020 1:00	3/31/2020	1	development	train	0	0	23.55	23.55	20.43736	6.7443288	13.6930312	0.05977	0.10977	0.087816
3/31/2020 2:00	3/31/2020	2	development	train	0	0	44	44	21.84214667	7.207908401	14.63423827	0.05906	0.10906	0.087248
3/31/2020 3:00	3/31/2020	3	development	train	0	0	57.49	57.49	21.02563556	6.938459735	14.08717583	0.05894	0.10894	0.087152
3/31/2020 4:00	3/31/2020	4	development	train	0	0	55.06	55.06	18.42393333	6.079897999	12.34403533	0.05988	0.10988	0.087904
3/31/2020 5:00	3/31/2020	5	development	train	0.2598333	0.2598333	123.38	123.38	17.62219111	5.815323066	11.80686804	0.06235	0.11235	0.08988
3/31/2020 6:00	3/31/2020	6	development	train	1.8821667	1.8821667	134.1	134.1	25.75076444	8.497752265	17.25301217	0.0627	0.1127	0.09016
3/31/2020 7:00	3/31/2020	7	development	train	6.5161666	6.5161666	185.9	185.9	22.89831333	7.556443399	15.34186993	0.06258	0.11258	0.090064
3/31/2020 8:00	3/31/2020	8	development	train	8.8629167	8.8629167	196.93	196.93	25.78183111	8.508004266	17.27382684	0.06247	0.11247	0.089976
3/31/2020 9:00	3/31/2020	9	development	train	6.7155454	6.7155454	203.08	203.08	29.65502222	9.786157333	19.86886489	0.0627	0.1127	0.09016
3/31/2020 10:00	3/31/2020	10	development	train	6.955	6.955	67.73	67.73	38.77731556	12.79651413	25.98080143	0.06247	0.11247	0.089976
3/31/2020 11:00	3/31/2020	11	development	train	14.200083	14.200083	217.8	217.8	20.13744444	6.645356665	13.49208777	0.06071	0.11071	0.088568
3/31/2020 12:00	3/31/2020	12	development	train	10.553	10.553	203.57	203.57	24.83276667	8.194813001	16.63795367	0.05859	0.10859	0.086872
3/31/2020 13:00	3/31/2020	13	development	train	31.969084	31.969084	216.86	216.86	25.02931778	8.259674867	16.76964291	0.05777	0.10777	0.086216
3/31/2020 14:00	3/31/2020	14	development	train	18.0621665	18.0621665	191.58	191.58	19.91480889	6.571886934	13.34292196	0.05742	0.10742	0.085936
3/31/2020 15:00	3/31/2020	15	development	train	16.91425	16.91425	162.5	162.5	19.69606667	6.499702001	13.19636467	0.05801	0.10801	0.086408
3/31/2020 16:00	3/31/2020	16	development	train	3.3824166	3.3824166	167.62	167.62	15.62930667	5.157671201	10.47163547	0.05848	0.10848	0.086784
3/31/2020 17:00	3/31/2020	17	development	train	0.2469166	0.2469166	154.89	154.89	19.67822	6.4938126	13.1844074	0.05918	0.10918	0.087344
3/31/2020 18:00	3/31/2020	18	development	train	0	0	125.13	125.13	53.15870667	17.5423732	35.61633347	0.06	0.11	0.088
3/31/2020 19:00	3/31/2020	19	development	train	0	0	61.72	61.72	21.99774222	7.259254933	14.73848729	0.05883	0.10883	0.087064
3/31/2020 20:00	3/31/2020	20	development	train	0	0	44.71	44.71	22.54632889	7.440288534	15.10604036	0.05671	0.10671	0.085368
3/31/2020 21:00	3/31/2020	21	development	train	0	0	28.51	28.51	18.95144889	6.253978134	12.69747076	0.05366	0.10366	0.082928
3/31/2020 22:00	3/31/2020	22	development	train	0	0	20.4	20.4	17.61834778	5.814054767	11.80429301	0.04869	0.09869	0.078952
3/31/2020 23:00	3/31/2020	23	development	train	0	0	41.54	41.54	14.24414889	4.700569134	9.543579756	0.04892	0.09892	0.079136
4/1/2020 0:00	4/1/2020	0	development	train	0	0	33.41	33.41	16.61597556	5.483271935	11.13270363	0.04938	0.09938	0.079504
4/1/2020 1:00	4/1/2020	1	development	train	0	0	20.43	20.43	14.71531111	4.856052666	9.859258444	0.05052	0.10052	0.080416
4/1/2020 2:00	4/1/2020	2	development	train	0	0	1.69	1.69	15.93022556	5.256974435	10.67325113	0.0519	0.1019	0.08152
4/1/2020 3:00	4/1/2020	3	development	train	0	0	0.39	0.39	13.01781444	4.295878765	8.721935675	0.05407	0.10407	0.083256
4/1/2020 4:00	4/1/2020	4	development	train	0	0	3.76	3.76	13.00182778	4.290603167	8.711224613	0.05682	0.10682	0.085456
4/1/2020 5:00	4/1/2020	5	development	train	0.2195	0.2195	7.47	7.47	14.61541111	4.823085666	9.792325444	0.06129	0.11129	0.089032
4/1/2020 6:00	4/1/2020	6	development	train	1.8279167	1.8279167	10.27	10.27	20.75871111	6.850374666	13.90833644	0.0637	0.1137	0.09096
4/1/2020 7:00	4/1/2020	7	development	train	3.1089167	3.1089167	3.04	3.04	19.22367111	6.343811466	12.87985964	0.06759	0.11759	0.094072
4/1/2020 8:00	4/1/2020	8	development	train	4.3163334	4.3163334	20.25	20.25	19.98302667	6.594398801	13.38862787	0.07194	0.12194	0.097552
4/1/2020 9:00	4/1/2020	9	development	train	10.8374167	10.8374167	1.24	1.24	18.52242444	6.112400065	12.41002437	0.06839	0.11839	0.094712
4/1/2020 10:00	4/1/2020	10	development	train	25.435834	25.435834	8.26	8.26	20.85226889	6.881248734	13.97102016	0.07183	0.12183	0.097464
4/1/2020 11:00	4/1/2020	11	development	train	19.768333	19.768333	16.22	16.22	24.75038889	8.167628334	16.58276056	0.0661	0.1161	0.09288
4/1/2020 12:00	4/1/2020	12	development	train	37.66825	37.66825	40.84	40.84	21.96927333	7.249860199	14.71941313	0.06175	0.11175	0.0894
4/1/2020 13:00	4/1/2020	13	development	train	10.5584999	10.5584999	22.58	22.58	23.14961111	7.639371666	15.51023944	0.05831	0.10831	0.086648
4/1/2020 14:00	4/1/2020	14	development	train	7.5676667	7.5676667	18.18	18.18	23.97239778	7.910891267	16.06150651	0.05705	0.10705	0.08564
4/1/2020 15:00	4/1/2020	15	development	train	13.7411665	13.7411665	20.15	20.15	18.03631667	5.951984501	12.08433217	0.05717	0.10717	0.085736
4/1/2020 16:00	4/1/2020	16	development	train	5.1372502	5.1372502	19.84	19.84	14.59287889	4.815650034	9.777228856	0.05934	0.10934	0.087472
4/1/2020 17:00	4/1/2020	17	development	train	2.0364166	2.0364166	27.46	27.46	45.88544	15.1421952	30.7432448	0.06037	0.11037	0.088296
4/1/2020 18:00	4/1/2020	18	development	train	0	0	17.56	17.56	48.73073778	16.08114347	32.64959431	0.05865	0.10865	0.08692
4/1/2020 19:00	4/1/2020	19	development	train	0	0	1.42	1.42	25.85424667	8.531901401	17.32234527	0.05671	0.10671	0.085368
4/1/2020 20:00	4/1/2020	20	development	train	0	0	-0.27	0	24.74234222	8.164972933	16.57736929	0.05442	0.10442	0.083536
4/1/2020 21:00	4/1/2020	21	development	train	0	0	-0.3	0	22.86007556	7.543824935	15.31625063	0.05178	0.10178	0.081424
4/1/2020 22:00	4/1/2020	22	development	train	0	0	-0.29	0	17.48799556	5.771038535	11.71695703	0.04815	0.09815	0.07852
4/1/2020 23:00	4/1/2020	23	development	train	0	0	-0.39	0	16.96925444	5.599853965	11.36940047	0.04724	0.09724	0.077792
4/2/2020 0:00	4/2/2020	0	development	train	0	0	-0.32	0	20.54190667	6.778829201	13.76307747	0.04724	0.09724	0.077792
4/2/2020 1:00	4/2/2020	1	development	train	0	0	-0.32	0	19.58599333	6.463377799	13.12261553	0.04827	0.09827	0.078616
4/2/2020 2:00	4/2/2020	2	development	train	0	0	-0.32	0	22.82349778	7.531754267	15.29174351	0.04986	0.09986	0.079888
4/2/2020 3:00	4/2/2020	3	development	train	0	0	-0.37	0	21.00534222	6.931762933	14.07357929	0.05191	0.10191	0.081528
4/2/2020 4:00	4/2/2020	4	development	train	0	0	-0.33	0	18.25794444	6.025121665	12.23282277	0.05464	0.10464	0.083712
4/2/2020 5:00	4/2/2020	5	development	train	0.1346667	0.1346667	-0.41	0	18.72829111	6.180336066	12.54795504	0.05965	0.10965	0.08772
4/2/2020 6:00	4/2/2020	6	development	train	1.6004166	1.6004166	-0.38	0	25.02696	8.2588968	16.7680632	0.05794	0.10794	0.086352
4/2/2020 7:00	4/2/2020	7	development	train	3.8716666	3.8716666	-0.35	0	22.58970889	7.454603934	15.13510496	0.05646	0.10646	0.085168
4/2/2020 8:00	4/2/2020	8	development	train	3.3839166	3.3839166	-0.35	0	18.16009556	5.992831535	12.16726403	0.05521	0.10521	0.084168
4/2/2020 9:00	4/2/2020	9	development	train	2.4243333	2.4243333	-0.35	0	18.87916	6.2301228	12.6490372	0.05373	0.10373	0.082984
4/2/2020 10:00	4/2/2020	10	development	train	11.7207498	11.7207498	3.19	3.19	13.58589556	4.483345535	9.102550025	0.05305	0.10305	0.08244
4/2/2020 11:00	4/2/2020	11	development	train	15.9022495	15.9022495	12.93	12.93	15.01512889	4.954992534	10.06013636	0.05248	0.10248	0.081984
4/2/2020 12:00	4/2/2020	12	development	train	21.8590835	21.8590835	-0.32	0	20.63666	6.8100978	13.8265622	0.05157	0.10157	0.081256
4/2/2020 13:00	4/2/2020	13	development	train	33.033417	33.033417	-0.26	0	21.76868667	7.183666601	14.58502007	0.05134	0.10134	0.081072
4/2/2020 14:00	4/2/2020	14	development	train	18.947833	18.947833	4.24	4.24	20.69844667	6.830487401	13.86795927	0.05146	0.10146	0.081168
4/2/2020 15:00	4/2/2020	15	development	train	29.4155	29.4155	22.64	22.64	20.80931556	6.867074135	13.94224143	0.05191	0.10191	0.081528
4/2/2020 16:00	4/2/2020	16	development	train	8.7958333	8.7958333	28.49	28.49	17.97430444	5.931520465	12.04278397	0.05214	0.10214	0.081712
4/2/2020 17:00	4/2/2020	17	development	train	0.1819167	0.1819167	6.24	6.24	46.61212	15.3819996	31.2301204	0.05259	0.10259	0.082072
4/2/2020 18:00	4/2/2020	18	development	train	0	0	57.61	57.61	44.40041778	14.65213787	29.74827991	0.05282	0.10282	0.082256
4/2/2020 19:00	4/2/2020	19	development	train	0	0	65.43	65.43	28.77901778	9.497075867	19.28194191	0.05202	0.10202	0.081616
4/2/2020 20:00	4/2/2020	20	development	train	0	0	167.92	167.92	27.59206222	9.105380533	18.48668169	0.05066	0.10066	0.080528
4/2/2020 21:00	4/2/2020	21	development	train	0	0	72.18	72.18	26.00669778	8.582210267	17.42448751	0.0477	0.0977	0.07816
4/2/2020 22:00	4/2/2020	22	development	train	0	0	94.73	94.73	20.67431111	6.822522666	13.85178844	0.03843	0.08843	0.070744
4/2/2020 23:00	4/2/2020	23	development	train	0	0	104.72	104.72	17.16062	5.6630046	11.4976154	0.03765	0.08765	0.07012
4/3/2020 0:00	4/3/2020	0	development	train	0	0	113.96	113.96	20.30179111	6.699591066	13.60220004	0.03742	0.08742	0.069936
4/3/2020 1:00	4/3/2020	1	development	train	0	0	96.22	96.22	20.67528	6.8228424	13.8524376	0.03787	0.08787	0.070296
4/3/2020 2:00	4/3/2020	2	development	train	0	0	105.95	105.95	23.49039556	7.751830535	15.73856503	0.03888	0.08888	0.071104
4/3/2020 3:00	4/3/2020	3	development	train	0	0	113.98	113.98	20.41667556	6.737502935	13.67917263	0.04193	0.09193	0.073544
4/3/2020 4:00	4/3/2020	4	development	train	0	0	100.15	100.15	21.98899556	7.256368535	14.73262703	0.04531	0.09531	0.076248
4/3/2020 5:00	4/3/2020	5	development	train	0.0750833	0.0750833	109.11	109.11	21.26288444	7.016751865	14.24613257	0.04925	0.09925	0.0794
4/3/2020 6:00	4/3/2020	6	development	train	1.5426666	1.5426666	108.3	108.3	25.79256444	8.511546265	17.28101817	0.05072	0.10072	0.080576
4/3/2020 7:00	4/3/2020	7	development	train	0.34925	0.34925	99.88	99.88	30.89589556	10.19564553	20.70025003	0.04971	0.09971	0.079768
4/3/2020 8:00	4/3/2020	8	development	train	3.3916666	3.3916666	95.18	95.18	24.95350667	8.234657201	16.71884947	0.04847	0.09847	0.078776
4/3/2020 9:00	4/3/2020	9	development	train	26.597416	26.597416	64.27	64.27	21.7486	7.177038	14.571562	0.04745	0.09745	0.07796
4/3/2020 10:00	4/3/2020	10	development	train	43.364167	43.364167	67.49	67.49	19.99949333	6.599832799	13.39966053	0.04655	0.09655	0.07724
4/3/2020 11:00	4/3/2020	11	development	train	21.24625	21.24625	80.08	80.08	12.48546667	4.120204001	8.365262669	0.04587	0.09587	0.076696
4/3/2020 12:00	4/3/2020	12	development	train	21.944	21.944	106.86	106.86	21.73348889	7.172051334	14.56143756	0.04497	0.09497	0.075976
4/3/2020 13:00	4/3/2020	13	development	train	24.19875	24.19875	25.28	25.28	24.40164222	8.052541933	16.34910029	0.04407	0.09407	0.075256
4/3/2020 14:00	4/3/2020	14	development	train	4.8738332	4.8738332	50.4	50.4	20.93992667	6.910175801	14.02975087	0.04497	0.09497	0.075976
4/3/2020 15:00	4/3/2020	15	development	train	10.21325	10.21325	26.19	26.19	20.24687111	6.681467466	13.56540364	0.04666	0.09666	0.077328
4/3/2020 16:00	4/3/2020	16	development	train	0.0082501	0.0082501	38.2	38.2	48.50277778	16.00591667	32.49686111	0.04869	0.09869	0.078952
4/3/2020 17:00	4/3/2020	17	development	train	0	0	34.66	34.66	61.55872889	20.31438053	41.24434836	0.05049	0.10049	0.080392
4/3/2020 18:00	4/3/2020	18	development	train	0	0	16.48	16.48	29.69748889	9.800171334	19.89731756	0.05117	0.10117	0.080936
4/3/2020 19:00	4/3/2020	19	development	train	0	0	7.79	7.79	30.16952222	9.955942333	20.21357989	0.05004	0.10004	0.080032
4/3/2020 20:00	4/3/2020	20	development	train	0	0	8.6	8.6	27.46517111	9.063506466	18.40166464	0.04869	0.09869	0.078952
4/3/2020 21:00	4/3/2020	21	development	train	0	0	13.43	13.43	25.08798667	8.279035601	16.80895107	0.04835	0.09835	0.07868
4/3/2020 22:00	4/3/2020	22	development	train	0	0	7.36	7.36	18.71141111	6.174765666	12.53664544	0.04862	0.09862	0.078896
4/3/2020 23:00	4/3/2020	23	development	train	0	0	28.32	28.32	18.91548222	6.242109133	12.67337309	0.04862	0.09862	0.078896
4/4/2020 0:00	4/4/2020	0	development	train	0	0	30.27	30.27	21.86324444	7.214870665	14.64837377	0.0485	0.0985	0.0788
4/4/2020 1:00	4/4/2020	1	development	train	0	0	29.64	29.64	26.07018667	8.603161601	17.46702507	0.0485	0.0985	0.0788
4/4/2020 2:00	4/4/2020	2	development	train	0	0	80.64	80.64	23.37434	7.7135322	15.6608078	0.04873	0.09873	0.078984
4/4/2020 3:00	4/4/2020	3	development	train	0	0	98.8	98.8	20.04042444	6.613340065	13.42708437	0.04884	0.09884	0.079072
4/4/2020 4:00	4/4/2020	4	development	train	0	0	55.64	55.64	20.21808	6.6719664	13.5461136	0.04884	0.09884	0.079072
4/4/2020 5:00	4/4/2020	5	development	train	0.2239166	0.2239166	45.78	45.78	20.27468444	6.690645865	13.58403857	0.04952	0.09952	0.079616
4/4/2020 6:00	4/4/2020	6	development	train	0.27275	0.27275	15.25	15.25	27.38706222	9.037730533	18.34933169	0.0502	0.1002	0.08016
4/4/2020 7:00	4/4/2020	7	development	train	2.3981668	2.3981668	3.53	3.53	27.37870444	9.034972465	18.34373197	0.05053	0.10053	0.080424
4/4/2020 8:00	4/4/2020	8	development	train	3.9829165	3.9829165	-0.32	0	32.33760667	10.6714102	21.66619647	0.04997	0.09997	0.079976
4/4/2020 9:00	4/4/2020	9	development	train	5.4920833	5.4920833	-0.34	0	23.21120889	7.659698934	15.55150996	0.04929	0.09929	0.079432
4/4/2020 10:00	4/4/2020	10	development	train	39.994334	39.994334	-0.36	0	21.41611333	7.067317399	14.34879593	0.04839	0.09839	0.078712
4/4/2020 11:00	4/4/2020	11	development	train	70.496834	70.496834	-0.29	0	16.04915	5.2962195	10.7529305	0.04817	0.09817	0.078536
4/4/2020 12:00	4/4/2020	12	development	train	19.745583	19.745583	7.03	7.03	17.10290889	5.643959934	11.45894896	0.04794	0.09794	0.078352
4/4/2020 13:00	4/4/2020	13	development	train	35.14	35.14	-0.37	0	16.73047111	5.521055466	11.20941564	0.04805	0.09805	0.07844
4/4/2020 14:00	4/4/2020	14	development	train	35.839834	35.839834	2.26	2.26	20.32877556	6.708495935	13.62027963	0.04839	0.09839	0.078712
4/4/2020 15:00	4/4/2020	15	development	train	9.5658333	9.5658333	24.77	24.77	17.51604889	5.780296134	11.73575276	0.04918	0.09918	0.079344
4/4/2020 16:00	4/4/2020	16	development	train	17.124667	17.124667	24.26	24.26	32.22598667	10.6345756	21.59141107	0.0502	0.1002	0.08016
4/4/2020 17:00	4/4/2020	17	development	train	2.1959167	2.1959167	23.48	23.48	59.97932444	19.79317707	40.18614737	0.05223	0.10223	0.081784
4/4/2020 18:00	4/4/2020	18	development	train	0.004125	0.004125	25.17	25.17	31.26087111	10.31608747	20.94478364	0.052	0.102	0.0816
4/4/2020 19:00	4/4/2020	19	development	train	0	0	14.92	14.92	27.00579556	8.911912535	18.09388303	0.05087	0.10087	0.080696
4/4/2020 20:00	4/4/2020	20	development	train	0	0	8.99	8.99	24.93082	8.2271706	16.7036494	0.05042	0.10042	0.080336
4/4/2020 21:00	4/4/2020	21	development	train	0	0	15.04	15.04	24.11289778	7.957256267	16.15564151	0.05053	0.10053	0.080424
4/4/2020 22:00	4/4/2020	22	development	train	0	0	20.07	20.07	21.564	7.11612	14.44788	0.05288	0.10288	0.082304
4/4/2020 23:00	4/4/2020	23	development	train	0	0	30.85	30.85	22.99721333	7.589080399	15.40813293	0.05253	0.10253	0.082024
4/5/2020 0:00	4/5/2020	0	development	train	0	0	35.19	35.19	24.38435556	8.046837335	16.33751823	0.0531	0.1031	0.08248
4/5/2020 1:00	4/5/2020	1	development	train	0	0	19.72	19.72	22.73158667	7.501423601	15.23016307	0.05219	0.10219	0.081752
4/5/2020 2:00	4/5/2020	2	development	train	0	0	4.76	4.76	24.39047111	8.048855466	16.34161564	0.05288	0.10288	0.082304
4/5/2020 3:00	4/5/2020	3	development	train	0	0	4.43	4.43	21.34750889	7.044677934	14.30283096	0.05401	0.10401	0.083208
4/5/2020 4:00	4/5/2020	4	development	train	0.2519	0.2519	-0.53	0	24.91793778	8.222919467	16.69501831	0.05265	0.10265	0.08212
4/5/2020 5:00	4/5/2020	5	development	train	4.1058332	4.1058332	-0.4	0	24.23684667	7.998159401	16.23868727	0.0531	0.1031	0.08248
4/5/2020 6:00	4/5/2020	6	development	train	11.8848333	11.8848333	-0.4	0	25.69978222	8.480928133	17.21885409	0.05458	0.10458	0.083664
4/5/2020 7:00	4/5/2020	7	development	train	18.0625	18.0625	-0.39	0	25.52103333	8.421940999	17.09909233	0.05469	0.10469	0.083752
4/5/2020 8:00	4/5/2020	8	development	train	27.982167	27.982167	-0.36	0	27.52121333	9.082000399	18.43921293	0.05049	0.10049	0.080392
4/5/2020 9:00	4/5/2020	9	development	train	21.8383335	21.8383335	-0.29	0	21.65193778	7.145139467	14.50679831	0.04412	0.09412	0.075296
4/5/2020 10:00	4/5/2020	10	development	train	21.402	21.402	-0.28	0	20.08617111	6.628436466	13.45773464	0.04332	0.09332	0.074656
4/5/2020 11:00	4/5/2020	11	development	train	18.3870835	18.3870835	-0.26	0	19.44736889	6.417631734	13.02973716	0.04264	0.09264	0.074112
4/5/2020 12:00	4/5/2020	12	development	train	19.2819995	19.2819995	-0.31	0	21.48553333	7.090225999	14.39530733	0.04128	0.09128	0.073024
4/5/2020 13:00	4/5/2020	13	development	train	21.2316665	21.2316665	-0.33	0	20.55378667	6.782749601	13.77103707	0.04185	0.09185	0.07348
4/5/2020 14:00	4/5/2020	14	development	train	6.8521667	6.8521667	-0.25	0	21.33713111	7.041253266	14.29587784	0.04457	0.09457	0.075656
4/5/2020 15:00	4/5/2020	15	development	train	7.6865	7.6865	-0.24	0	16.01181556	5.283899135	10.72791643	0.04969	0.09969	0.079752
4/5/2020 16:00	4/5/2020	16	development	train	3.628	3.628	-0.24	0	34.37198889	11.34275633	23.02923256	0.05572	0.10572	0.084576
4/5/2020 17:00	4/5/2020	17	development	train	0.5700833	0.5700833	-0.31	0	53.32488889	17.59721333	35.72767556	0.06072	0.11072	0.088576
4/5/2020 18:00	4/5/2020	18	development	train	0	0	-0.25	0	22.51470889	7.429853934	15.08485496	0.06652	0.11652	0.093216
4/5/2020 19:00	4/5/2020	19	development	train	0	0	-0.29	0	18.24960889	6.022370934	12.22723796	0.0589	0.1089	0.08712
4/5/2020 20:00	4/5/2020	20	development	train	0	0	-0.29	0	14.33632889	4.730988534	9.605340356	0.05197	0.10197	0.081576
4/5/2020 21:00	4/5/2020	21	development	train	0	0	-0.3	0	13.10982222	4.326241333	8.783580887	0.04924	0.09924	0.079392
4/5/2020 22:00	4/5/2020	22	development	train	0	0	-0.34	0	12.37886333	4.085024899	8.293838431	0.04696	0.09696	0.077568
4/5/2020 23:00	4/5/2020	23	development	train	0	0	8.59	8.59	10.58991	3.4946703	7.0952397	0.04537	0.09537	0.076296
4/6/2020 0:00	4/6/2020	0	development	train	0	0	10.67	10.67	14.24165556	4.699746335	9.541909225	0.04594	0.09594	0.076752
4/6/2020 1:00	4/6/2020	1	development	train	0	0	5.16	5.16	18.73499333	6.182547799	12.55244553	0.04207	0.09207	0.073656
4/6/2020 2:00	4/6/2020	2	development	train	0	0	3.34	3.34	15.10172556	4.983569435	10.11815613	0.04162	0.09162	0.073296
4/6/2020 3:00	4/6/2020	3	development	train	0	0	6.32	6.32	12.86563889	4.245660834	8.619978056	0.04969	0.09969	0.079752
4/6/2020 4:00	4/6/2020	4	development	train	0.2265	0.2265	10.04	10.04	11.90821	3.9297093	7.9785007	0.05378	0.10378	0.083024
4/6/2020 5:00	4/6/2020	5	development	train	3.4888332	3.4888332	10.54	10.54	16.45031444	5.428603765	11.02171067	0.06015	0.11015	0.08812
4/6/2020 6:00	4/6/2020	6	development	train	8.71125	8.71125	10.42	10.42	20.91488222	6.901911133	14.01297109	0.0622	0.1122	0.08976
4/6/2020 7:00	4/6/2020	7	development	train	19.5994165	19.5994165	4.02	4.02	18.98495778	6.265036067	12.71992171	0.06277	0.11277	0.090216
4/6/2020 8:00	4/6/2020	8	development	train	22.088417	22.088417	9.56	9.56	21.04791556	6.945812135	14.10210343	0.06368	0.11368	0.090944
4/6/2020 9:00	4/6/2020	9	development	train	29.99225	29.99225	17.97	17.97	16.71155111	5.514811866	11.19673924	0.06106	0.11106	0.088848
4/6/2020 10:00	4/6/2020	10	development	train	39.221	39.221	59.12	59.12	18.32478111	6.047177766	12.27760334	0.05629	0.10629	0.085032
4/6/2020 11:00	4/6/2020	11	development	train	60.82225	60.82225	64.36	64.36	17.34902889	5.725179534	11.62384936	0.05242	0.10242	0.081936
4/6/2020 12:00	4/6/2020	12	development	train	70.787584	70.787584	45.12	45.12	17.25772222	5.695048333	11.56267389	0.05037	0.10037	0.080296
4/6/2020 13:00	4/6/2020	13	development	train	62.424416	62.424416	92.81	92.81	19.33996222	6.382187533	12.95777469	0.04958	0.09958	0.079664
4/6/2020 14:00	4/6/2020	14	development	train	50.786916	50.786916	151.31	151.31	21.07726889	6.955498734	14.12177016	0.04924	0.09924	0.079392
4/6/2020 15:00	4/6/2020	15	development	train	34.218417	34.218417	151.68	151.68	16.51731556	5.450714135	11.06660143	0.04992	0.09992	0.079936
4/6/2020 16:00	4/6/2020	16	development	train	13.9500835	13.9500835	152.4	152.4	12.99074222	4.286944933	8.703797287	0.05003	0.10003	0.080024
4/6/2020 17:00	4/6/2020	17	development	train	1.3700833	1.3700833	142.04	142.04	44.95997778	14.83679267	30.12318511	0.05037	0.10037	0.080296
4/6/2020 18:00	4/6/2020	18	development	train	0	0	119.42	119.42	39.50877778	13.03789667	26.47088111	0.05094	0.10094	0.080752
4/6/2020 19:00	4/6/2020	19	development	train	0	0	97.26	97.26	18.86416889	6.225175734	12.63899316	0.05071	0.10071	0.080568
4/6/2020 20:00	4/6/2020	20	development	train	0	0	18.93	18.93	20.89195778	6.894346067	13.99761171	0.04867	0.09867	0.078936
4/6/2020 21:00	4/6/2020	21	development	train	0	0	-0.63	0	21.31328444	7.033383865	14.27990057	0.04605	0.09605	0.07684
4/6/2020 22:00	4/6/2020	22	development	train	0	0	-0.27	0	13.99296222	4.617677533	9.375284687	0.04372	0.09372	0.074976
4/6/2020 23:00	4/6/2020	23	development	train	0	0	-0.27	0	13.36261111	4.409661666	8.952949444	0.04304	0.09304	0.074432
4/7/2020 0:00	4/7/2020	0	development	train	0	0	-0.27	0	13.71561222	4.526152033	9.189460187	0.04281	0.09281	0.074248
4/7/2020 1:00	4/7/2020	1	development	train	0	0	-0.25	0	15.01142444	4.953770065	10.05765437	0.04406	0.09406	0.075248
4/7/2020 2:00	4/7/2020	2	development	train	0	0	13.59	13.59	14.07507667	4.644775301	9.430301369	0.04542	0.09542	0.076336
4/7/2020 3:00	4/7/2020	3	development	train	0	0	6.2	6.2	11.99406	3.9580398	8.0360202	0.04792	0.09792	0.078336
4/7/2020 4:00	4/7/2020	4	development	train	0.1136	0.1136	7.08	7.08	15.06240444	4.970593465	10.09181097	0.05349	0.10349	0.082792
4/7/2020 5:00	4/7/2020	5	development	train	1.6840833	1.6840833	2.32	2.32	14.57839222	4.810869433	9.767522787	0.04974	0.09974	0.079792
4/7/2020 6:00	4/7/2020	6	development	train	5.3774166	5.3774166	7.72	7.72	17.37870667	5.734973201	11.64373347	0.05076	0.10076	0.080608
4/7/2020 7:00	4/7/2020	7	development	train	20.389	20.389	101.14	101.14	18.72223556	6.178337735	12.54389783	0.04962	0.09962	0.079696
4/7/2020 8:00	4/7/2020	8	development	train	36.122166	36.122166	99.17	99.17	20.86386222	6.885074533	13.97878769	0.04815	0.09815	0.07852
4/7/2020 9:00	4/7/2020	9	development	train	51.434666	51.434666	95.82	95.82	17.72752444	5.850083065	11.87744137	0.04565	0.09565	0.07652
4/7/2020 10:00	4/7/2020	10	development	train	74.514752	74.514752	53.71	53.71	21.10761778	6.965513867	14.14210391	0.04599	0.09599	0.076792
4/7/2020 11:00	4/7/2020	11	development	train	72.152918	72.152918	29.82	29.82	18.89839333	6.236469799	12.66192353	0.04474	0.09474	0.075792
4/7/2020 12:00	4/7/2020	12	development	train	70.821502	70.821502	17.31	17.31	17.13260778	5.653760567	11.47884721	0.04383	0.09383	0.075064
4/7/2020 13:00	4/7/2020	13	development	train	62.432084	62.432084	10.47	10.47	16.00945333	5.283119599	10.72633373	0.04315	0.09315	0.07452
4/7/2020 14:00	4/7/2020	14	development	train	47.116916	47.116916	17.25	17.25	23.05646	7.6086318	15.4478282	0.04304	0.09304	0.074432
4/7/2020 15:00	4/7/2020	15	development	train	16.9394165	16.9394165	18.55	18.55	14.00920333	4.623037099	9.386166231	0.05031	0.10031	0.080248
4/7/2020 16:00	4/7/2020	16	development	train	13.2199165	13.2199165	11.64	11.64	11.58158111	3.821921766	7.759659344	0.05133	0.10133	0.081064
4/7/2020 17:00	4/7/2020	17	development	train	1.8653334	1.8653334	5.18	5.18	21.59342222	7.125829333	14.46759289	0.05224	0.10224	0.081792
4/7/2020 18:00	4/7/2020	18	development	train	0.00775	0.00775	5.25	5.25	46.18007111	15.23942347	30.94064764	0.05258	0.10258	0.082064
4/7/2020 19:00	4/7/2020	19	development	train	0	0	10.37	10.37	18.13472444	5.984459065	12.15026537	0.05167	0.10167	0.081336
4/7/2020 20:00	4/7/2020	20	development	train	0	0	28.15	28.15	19.23427111	6.347309466	12.88696164	0.04985	0.09985	0.07988
4/7/2020 21:00	4/7/2020	21	development	train	0	0	17.3	17.3	13.85077556	4.570755935	9.280019625	0.04735	0.09735	0.07788
4/7/2020 22:00	4/7/2020	22	development	train	0	0	23.42	23.42	14.55881889	4.804410234	9.754408656	0.03991	0.08991	0.071928
4/7/2020 23:00	4/7/2020	23	development	train	0	0	21.8	21.8	11.83815556	3.906591335	7.931564225	0.03969	0.08969	0.071752
4/8/2020 0:00	4/8/2020	0	development	train	0	0	27.13	27.13	15.94519778	5.261915267	10.68328251	0.03936	0.08936	0.071488
4/8/2020 1:00	4/8/2020	1	development	train	0	0	32.76	32.76	15.01973556	4.956512735	10.06322283	0.03914	0.08914	0.071312
4/8/2020 2:00	4/8/2020	2	development	train	0	0	32.41	32.41	18.39006556	6.068721635	12.32134393	0.03891	0.08891	0.071128
4/8/2020 3:00	4/8/2020	3	development	train	0	0	87.01	87.01	11.46090778	3.782099567	7.678808213	0.03858	0.08858	0.070864
4/8/2020 4:00	4/8/2020	4	development	train	0.1468888	0.1468888	48.06	48.06	10.95200667	3.614162201	7.337844469	0.03791	0.08791	0.070328
4/8/2020 5:00	4/8/2020	5	development	train	1.0868333	1.0868333	23.22	23.22	14.79849222	4.883502433	9.914989787	0.0398	0.0898	0.07184
4/8/2020 6:00	4/8/2020	6	development	train	1.7376667	1.7376667	15.32	15.32	18.69354	6.1688682	12.5246718	0.04091	0.09091	0.072728
4/8/2020 7:00	4/8/2020	7	development	train	6.2663334	6.2663334	57.62	57.62	18.36124556	6.059211035	12.30203453	0.04225	0.09225	0.0738
4/8/2020 8:00	4/8/2020	8	development	train	6.2394168	6.2394168	102.52	102.52	22.63090889	7.468199934	15.16270896	0.04203	0.09203	0.073624
4/8/2020 9:00	4/8/2020	9	development	train	8.0735001	8.0735001	35.21	35.21	18.55392667	6.122795801	12.43113087	0.04136	0.09136	0.073088
4/8/2020 10:00	4/8/2020	10	development	train	8.4540833	8.4540833	15.19	15.19	21.04918444	6.946230865	14.10295357	0.03991	0.08991	0.071928
4/8/2020 11:00	4/8/2020	11	development	train	5.8363333	5.8363333	10.26	10.26	15.09654444	4.981859665	10.11468477	0.03869	0.08869	0.070952
4/8/2020 12:00	4/8/2020	12	development	train	11.09575	11.09575	16.5	16.5	18.80398222	6.205314133	12.59866809	0.03847	0.08847	0.070776
4/8/2020 13:00	4/8/2020	13	development	train	27.892667	27.892667	36.26	36.26	19.28823778	6.365118467	12.92311931	0.03836	0.08836	0.070688
4/8/2020 14:00	4/8/2020	14	development	train	30.005333	30.005333	67.29	67.29	18.41087222	6.075587833	12.33528439	0.03858	0.08858	0.070864
4/8/2020 15:00	4/8/2020	15	development	train	30.226417	30.226417	59.94	59.94	15.92025556	5.253684335	10.66657123	0.03947	0.08947	0.071576
4/8/2020 16:00	4/8/2020	16	development	train	4.17225	4.17225	93.58	93.58	13.33906556	4.401891635	8.937173925	0.04002	0.09002	0.072016
4/8/2020 17:00	4/8/2020	17	development	train	0.8553333	0.8553333	77.52	77.52	27.82688889	9.182873334	18.64401556	0.04103	0.09103	0.072824
4/8/2020 18:00	4/8/2020	18	development	train	0.02	0.02	80	80	47.46587556	15.66373893	31.80213663	0.04114	0.09114	0.072912
4/8/2020 19:00	4/8/2020	19	development	train	0	0	81.58	81.58	44.74835111	14.76695587	29.98139524	0.04069	0.09069	0.072552
4/8/2020 20:00	4/8/2020	20	development	train	0	0	142.51	142.51	21.60858667	7.130833601	14.47775307	0.04025	0.09025	0.0722
4/8/2020 21:00	4/8/2020	21	development	train	0	0	148.05	148.05	17.90613222	5.909023633	11.99710859	0.03969	0.08969	0.071752
4/8/2020 22:00	4/8/2020	22	development	train	0	0	122.46	122.46	18.72614444	6.179627665	12.54651677	0.04165	0.09165	0.07332
4/8/2020 23:00	4/8/2020	23	development	train	0	0	105.81	105.81	15.70102667	5.181338801	10.51968787	0.04098	0.09098	0.072784
4/9/2020 0:00	4/9/2020	0	development	train	0	0	127.02	127.02	13.86090667	4.574099201	9.286807469	0.04064	0.09064	0.072512
4/9/2020 1:00	4/9/2020	1	development	train	0	0	99.48	99.48	20.18479333	6.660981799	13.52381153	0.04008	0.09008	0.072064
4/9/2020 2:00	4/9/2020	2	development	train	0	0	86.13	86.13	20.52122	6.7720026	13.7492174	0.03941	0.08941	0.071528
4/9/2020 3:00	4/9/2020	3	development	train	0	0	48.51	48.51	16.77981444	5.537338765	11.24247567	0.03885	0.08885	0.07108
4/9/2020 4:00	4/9/2020	4	development	train	0.42475	0.42475	86.45	86.45	18.22203667	6.013272101	12.20876457	0.03682	0.08682	0.069456
4/9/2020 5:00	4/9/2020	5	development	train	3.2432501	3.2432501	65.77	65.77	23.49060889	7.751900934	15.73870796	0.03986	0.08986	0.071888
4/9/2020 6:00	4/9/2020	6	development	train	5.33275	5.33275	34.78	34.78	23.09086222	7.619984533	15.47087769	0.04176	0.09176	0.073408
4/9/2020 7:00	4/9/2020	7	development	train	5.3859167	5.3859167	85.7	85.7	27.40141778	9.042467867	18.35894991	0.04255	0.09255	0.07404
4/9/2020 8:00	4/9/2020	8	development	train	8.651917	8.651917	64.58	64.58	26.46285333	8.732741599	17.73011173	0.043	0.093	0.0744
4/9/2020 9:00	4/9/2020	9	development	train	7.52025	7.52025	70.22	70.22	22.49742444	7.424150065	15.07327437	0.04322	0.09322	0.074576
4/9/2020 10:00	4/9/2020	10	development	train	6.04175	6.04175	78.91	78.91	20.81577778	6.869206667	13.94657111	0.04345	0.09345	0.07476
4/9/2020 11:00	4/9/2020	11	development	train	16.070583	16.070583	97.58	97.58	23.64190889	7.801829934	15.84007896	0.04367	0.09367	0.074936
4/9/2020 12:00	4/9/2020	12	development	train	25.95825	25.95825	82.87	82.87	22.56812222	7.447480333	15.12064189	0.04345	0.09345	0.07476
4/9/2020 13:00	4/9/2020	13	development	train	34.304084	34.304084	76.66	76.66	20.85743556	6.882953735	13.97448183	0.04356	0.09356	0.074848
4/9/2020 14:00	4/9/2020	14	development	train	2.3714168	2.3714168	23.29	23.29	23.50102	7.7553366	15.7456834	0.04356	0.09356	0.074848
4/9/2020 15:00	4/9/2020	15	development	train	20.035583	20.035583	29.51	29.51	19.07598667	6.295075601	12.78091107	0.0439	0.0939	0.07512
4/9/2020 16:00	4/9/2020	16	development	train	5.76175	5.76175	37.26	37.26	13.31023667	4.392378101	8.917858569	0.04446	0.09446	0.075568
4/9/2020 17:00	4/9/2020	17	development	train	1.7526667	1.7526667	15.3	15.3	31.01810222	10.23597373	20.78212849	0.0448	0.0948	0.07584
4/9/2020 18:00	4/9/2020	18	development	train	0.1393637	0.1393637	24.64	24.64	51.54385333	17.0094716	34.53438173	0.04513	0.09513	0.076104
4/9/2020 19:00	4/9/2020	19	development	train	0	0	17.08	17.08	27.45339111	9.059619066	18.39377204	0.04513	0.09513	0.076104
4/9/2020 20:00	4/9/2020	20	development	train	0	0	47.57	47.57	18.81026444	6.207387265	12.60287717	0.04491	0.09491	0.075928
4/9/2020 21:00	4/9/2020	21	development	train	0	0	55.65	55.65	17.14733889	5.658621834	11.48871706	0.04457	0.09457	0.075656
4/9/2020 22:00	4/9/2020	22	development	train	0	0	35.82	35.82	17.41113333	5.745673999	11.66545933	0.04933	0.09933	0.079464
4/9/2020 23:00	4/9/2020	23	development	train	0	0	29.02	29.02	16.81061	5.5475013	11.2631087	0.04955	0.09955	0.07964
4/10/2020 0:00	4/10/2020	0	development	train	0	0	62.38	62.38	18.44870111	6.088071366	12.36062974	0.04933	0.09933	0.079464
4/10/2020 1:00	4/10/2020	1	development	train	0	0	50.05	50.05	18.14463111	5.987728266	12.15690284	0.04933	0.09933	0.079464
4/10/2020 2:00	4/10/2020	2	development	train	0	0	21.54	21.54	22.72417333	7.498977199	15.22519613	0.04888	0.09888	0.079104
4/10/2020 3:00	4/10/2020	3	development	train	0	0	22.14	22.14	22.69158667	7.488223601	15.20336307	0.0491	0.0991	0.07928
4/10/2020 4:00	4/10/2020	4	development	train	0	0	9.2	9.2	18.70507556	6.172674935	12.53240063	0.04854	0.09854	0.078832
4/10/2020 5:00	4/10/2020	5	development	train	0.9195	0.9195	9.84	9.84	19.34462	6.3837246	12.9608954	0.04764	0.09764	0.078112
4/10/2020 6:00	4/10/2020	6	development	train	3.1198334	3.1198334	4.05	4.05	24.855	8.20215	16.65285	0.04337	0.09337	0.074696
4/10/2020 7:00	4/10/2020	7	development	train	7.6525833	7.6525833	12.45	12.45	26.03824889	8.592622134	17.44562676	0.04349	0.09349	0.074792
4/10/2020 8:00	4/10/2020	8	development	train	12.9795832	12.9795832	-0.11	0	25.44213556	8.395904735	17.04623083	0.04247	0.09247	0.073976
4/10/2020 9:00	4/10/2020	9	development	train	10.2075	10.2075	-0.31	0	24.21818889	7.992002334	16.22618656	0.04236	0.09236	0.073888
4/10/2020 10:00	4/10/2020	10	development	train	16.81675	16.81675	0.22	0.22	23.74809333	7.836870799	15.91122253	0.04169	0.09169	0.073352
4/10/2020 11:00	4/10/2020	11	development	train	9.6510834	9.6510834	0.16	0.16	19.85491111	6.552120666	13.30279044	0.04113	0.09113	0.072904
4/10/2020 12:00	4/10/2020	12	development	train	10.2489999	10.2489999	-0.28	0	16.61905333	5.484287599	11.13476573	0.0409	0.0909	0.07272
4/10/2020 13:00	4/10/2020	13	development	train	10.9085833	10.9085833	-0.28	0	20.13418667	6.644281601	13.48990507	0.04101	0.09101	0.072808
4/10/2020 14:00	4/10/2020	14	development	train	4.9303332	4.9303332	0.56	0.56	18.62565889	6.146467434	12.47919146	0.04495	0.09495	0.07596
4/10/2020 15:00	4/10/2020	15	development	train	4.3255	4.3255	-0.13	0	18.10754222	5.975488933	12.13205329	0.04551	0.09551	0.076408
4/10/2020 16:00	4/10/2020	16	development	train	3.6697502	3.6697502	-0.28	0	16.88992444	5.573675065	11.31624937	0.04674	0.09674	0.077392
4/10/2020 17:00	4/10/2020	17	development	train	2.94	2.94	-0.33	0	49.28602222	16.26438733	33.02163489	0.04764	0.09764	0.078112
4/10/2020 18:00	4/10/2020	18	development	train	0.4573334	0.4573334	-0.31	0	52.48951556	17.32154013	35.16797543	0.04787	0.09787	0.078296
4/10/2020 19:00	4/10/2020	19	development	train	0	0	1.81	1.81	27.58168444	9.101955865	18.47972857	0.04697	0.09697	0.077576
4/10/2020 20:00	4/10/2020	20	development	train	0	0	-0.38	0	27.62974889	9.117817134	18.51193176	0.04776	0.09776	0.078208
4/10/2020 21:00	4/10/2020	21	development	train	0	0	-0.35	0	22.55573778	7.443393467	15.11234431	0.04764	0.09764	0.078112
4/10/2020 22:00	4/10/2020	22	development	train	0	0	-0.34	0	19.12285333	6.310541599	12.81231173	0.05191	0.10191	0.081528
4/10/2020 23:00	4/10/2020	23	development	train	0	0	1.73	1.73	18.49331889	6.102795234	12.39052366	0.05247	0.10247	0.081976
4/11/2020 0:00	4/11/2020	0	development	train	0	0	7.31	7.31	19.41321333	6.406360399	13.00685293	0.05337	0.10337	0.082696
4/11/2020 1:00	4/11/2020	1	development	train	0	0	5.07	5.07	19.80924444	6.537050665	13.27219377	0.05438	0.10438	0.083504
4/11/2020 2:00	4/11/2020	2	development	train	0	0	9.35	9.35	19.62557333	6.476439199	13.14913413	0.05461	0.10461	0.083688
4/11/2020 3:00	4/11/2020	3	development	train	0	0	9.22	9.22	19.9467	6.582411	13.364289	0.05495	0.10495	0.08396
4/11/2020 4:00	4/11/2020	4	development	train	0.28225	0.28225	15.67	15.67	22.51279333	7.429221799	15.08357153	0.05618	0.10618	0.084944
4/11/2020 5:00	4/11/2020	5	development	train	2.2968333	2.2968333	2.44	2.44	19.36955778	6.391954067	12.97760371	0.05843	0.10843	0.086744
4/11/2020 6:00	4/11/2020	6	development	train	5.8468333	5.8468333	0.12	0.12	22.99267333	7.587582199	15.40509113	0.05562	0.10562	0.084496
4/11/2020 7:00	4/11/2020	7	development	train	18.1848335	18.1848335	-0.24	0	26.08388	8.6076804	17.4761996	0.05697	0.10697	0.085576
4/11/2020 8:00	4/11/2020	8	development	train	31.379334	31.379334	-0.28	0	23.96343111	7.907932266	16.05549884	0.05742	0.10742	0.085936
4/11/2020 9:00	4/11/2020	9	development	train	40.849916	40.849916	-0.25	0	16.87223333	5.567836999	11.30439633	0.05641	0.10641	0.085128
4/11/2020 10:00	4/11/2020	10	development	train	43.281667	43.281667	-0.25	0	19.85883556	6.553415735	13.30541983	0.05607	0.10607	0.084856
4/11/2020 11:00	4/11/2020	11	development	train	37.821083	37.821083	-0.27	0	20.88496667	6.892039001	13.99292767	0.05562	0.10562	0.084496
4/11/2020 12:00	4/11/2020	12	development	train	39.090916	39.090916	-0.28	0	20.51121778	6.768701867	13.74251591	0.0554	0.1054	0.08432
4/11/2020 13:00	4/11/2020	13	development	train	30.545416	30.545416	-0.27	0	23.95551556	7.905320135	16.05019543	0.0554	0.1054	0.08432
4/11/2020 14:00	4/11/2020	14	development	train	17.48075	17.48075	-0.28	0	21.97177778	7.250686667	14.72109111	0.05562	0.10562	0.084496
4/11/2020 15:00	4/11/2020	15	development	train	12.029	12.029	-0.3	0	18.88300667	6.231392201	12.65161447	0.05596	0.10596	0.084768
4/11/2020 16:00	4/11/2020	16	development	train	6.0363333	6.0363333	0.37	0.37	16.30967333	5.382192199	10.92748113	0.05663	0.10663	0.085304
4/11/2020 17:00	4/11/2020	17	development	train	1.7774999	1.7774999	17.27	17.27	27.69906	9.1406898	18.5583702	0.05618	0.10618	0.084944
4/11/2020 18:00	4/11/2020	18	development	train	0.0135	0.0135	31.3	31.3	48.49130667	16.0021312	32.48917547	0.05528	0.10528	0.084224
4/11/2020 19:00	4/11/2020	19	development	train	0	0	46.59	46.59	20.47111111	6.755466666	13.71564444	0.05349	0.10349	0.082792
4/11/2020 20:00	4/11/2020	20	development	train	0	0	22.06	22.06	19.04609778	6.285212267	12.76088551	0.05225	0.10225	0.0818
4/11/2020 21:00	4/11/2020	21	development	train	0	0	2.53	2.53	13.44814778	4.437888767	9.010259013	0.05079	0.10079	0.080632
4/11/2020 22:00	4/11/2020	22	development	train	0	0	-0.25	0	14.24667556	4.701402935	9.545272625	0.04899	0.09899	0.079192
4/11/2020 23:00	4/11/2020	23	development	train	0	0	-0.35	0	11.81009333	3.897330799	7.912762531	0.04753	0.09753	0.078024
4/12/2020 0:00	4/12/2020	0	development	train	0	0	2.44	2.44	15.28716556	5.044764635	10.24240093	0.04618	0.09618	0.076944
4/12/2020 1:00	4/12/2020	1	development	train	0	0	17.29	17.29	16.32216	5.3863128	10.9358472	0.04551	0.09551	0.076408
4/12/2020 2:00	4/12/2020	2	development	train	0	0	26.39	26.39	14.36501111	4.740453666	9.624557444	0.04472	0.09472	0.075776
4/12/2020 3:00	4/12/2020	3	development	train	0	0	22.93	22.93	10.96376	3.6180408	7.3457192	0.04461	0.09461	0.075688
4/12/2020 4:00	4/12/2020	4	development	train	0.1065455	0.1065455	72.95	72.95	9.459888889	3.121763333	6.338125556	0.04393	0.09393	0.075144
4/12/2020 5:00	4/12/2020	5	development	train	1.0406667	1.0406667	54.24	54.24	11.29960222	3.728868733	7.570733487	0.04416	0.09416	0.075328
4/12/2020 6:00	4/12/2020	6	development	train	3.65325	3.65325	29.17	29.17	14.33060333	4.729099099	9.601504231	0.04371	0.09371	0.074968
4/12/2020 7:00	4/12/2020	7	development	train	2.7974167	2.7974167	71.61	71.61	16.41661111	5.417481666	10.99912944	0.04427	0.09427	0.075416
4/12/2020 8:00	4/12/2020	8	development	train	4.5633332	4.5633332	106.44	106.44	18.76336222	6.191909533	12.57145269	0.04461	0.09461	0.075688
4/12/2020 9:00	4/12/2020	9	development	train	4.1954166	4.1954166	75	75	20.71115778	6.834682067	13.87647571	0.04472	0.09472	0.075776
4/12/2020 10:00	4/12/2020	10	development	train	11.6250002	11.6250002	88.93	88.93	17.03636889	5.622001734	11.41436716	0.0427	0.0927	0.07416
4/12/2020 11:00	4/12/2020	11	development	train	8.0990833	8.0990833	79.32	79.32	19.57990889	6.461369934	13.11853896	0.03337	0.08337	0.066696
4/12/2020 12:00	4/12/2020	12	development	train	14.0234995	14.0234995	75.23	75.23	21.88710222	7.222743733	14.66435849	0.02427	0.07427	0.059416
4/12/2020 13:00	4/12/2020	13	development	train	4.2719998	4.2719998	84.37	84.37	19.89145111	6.564178866	13.32727224	0.02495	0.07495	0.05996
4/12/2020 14:00	4/12/2020	14	development	train	5.0026666	5.0026666	65.24	65.24	20.75823111	6.850216266	13.90801484	0.03371	0.08371	0.066968
4/12/2020 15:00	4/12/2020	15	development	train	2.1878334	2.1878334	75.61	75.61	17.93675111	5.919127866	12.01762324	0.04124	0.09124	0.072992
4/12/2020 16:00	4/12/2020	16	development	train	1.5778333	1.5778333	72.98	72.98	33.55142667	11.0719708	22.47945587	0.04292	0.09292	0.074336
4/12/2020 17:00	4/12/2020	17	development	train	0.0533334	0.0533334	85.49	85.49	58.11613333	19.178324	38.93780933	0.04259	0.09259	0.074072
4/12/2020 18:00	4/12/2020	18	development	train	0	0	106.8	106.8	29.98345556	9.894540335	20.08891523	0.04247	0.09247	0.073976
4/12/2020 19:00	4/12/2020	19	development	train	0	0	13.73	13.73	21.48985333	7.091651599	14.39820173	0.04225	0.09225	0.0738
4/12/2020 20:00	4/12/2020	20	development	train	0	0	161.84	161.84	23.22961333	7.665772399	15.56384093	0.04292	0.09292	0.074336
4/12/2020 21:00	4/12/2020	21	development	train	0	0	117.8	117.8	16.90482889	5.578593534	11.32623536	0.03854	0.08854	0.070832
4/12/2020 22:00	4/12/2020	22	development	train	0	0	23.11	23.11	11.69764444	3.860222665	7.837421775	0.03259	0.08259	0.066072
4/12/2020 23:00	4/12/2020	23	development	train	0	0	-0.03	0	21.06690667	6.952079201	14.11482747	0.01854	0.06854	0.054832
4/13/2020 0:00	4/13/2020	0	development	train	0	0	-0.08	0	18.64284	6.1521372	12.4907028	0.01933	0.06933	0.055464
4/13/2020 1:00	4/13/2020	1	development	train	0	0	-0.14	0	20.57405333	6.789437599	13.78461573	0.01393	0.06393	0.051144
4/13/2020 2:00	4/13/2020	2	development	train	0	0	-0.16	0	18.81399556	6.208618535	12.60537703	0.01573	0.06573	0.052584
4/13/2020 3:00	4/13/2020	3	development	train	0	0	-0.23	0	20.35181111	6.716097666	13.63571344	0.01618	0.06618	0.052944
4/13/2020 4:00	4/13/2020	4	development	train	0.022	0.022	-0.26	0	17.81349111	5.878452066	11.93503904	0.01876	0.06876	0.055008
4/13/2020 5:00	4/13/2020	5	development	train	0.6612501	0.6612501	18.19	18.19	12.98616222	4.285433533	8.700728687	0.02056	0.07056	0.056448
4/13/2020 6:00	4/13/2020	6	development	train	3.5331667	3.5331667	124.31	124.31	23.54577333	7.770105199	15.77566813	0.02169	0.07169	0.057352
4/13/2020 7:00	4/13/2020	7	development	train	4.2135	4.2135	-0.25	0	18.29349778	6.036854267	12.25664351	0.02382	0.07382	0.059056
4/13/2020 8:00	4/13/2020	8	development	train	20.5483335	20.5483335	-0.51	0	21.69235556	7.158477335	14.53387823	0.02483	0.07483	0.059864
4/13/2020 9:00	4/13/2020	9	development	train	28.013583	28.013583	115.13	115.13	20.47602222	6.757087333	13.71893489	0.02371	0.07371	0.058968
4/13/2020 10:00	4/13/2020	10	development	train	35.931417	35.931417	131.56	131.56	18.8419	6.217827	12.624073	0.02281	0.07281	0.058248
4/13/2020 11:00	4/13/2020	11	development	train	44.435667	44.435667	122.09	122.09	15.35409222	5.066850433	10.28724179	0.02202	0.07202	0.057616
4/13/2020 12:00	4/13/2020	12	development	train	47.655416	47.655416	117.84	117.84	19.28233778	6.363171467	12.91916631	0.02101	0.07101	0.056808
4/13/2020 13:00	4/13/2020	13	development	train	33.981083	33.981083	150.2	150.2	22.20288222	7.326951133	14.87593109	0.01978	0.06978	0.055824
4/13/2020 14:00	4/13/2020	14	development	train	31.961	31.961	115.33	115.33	19.9185	6.573105	13.345395	0.02068	0.07068	0.056544
4/13/2020 15:00	4/13/2020	15	development	train	15.9455835	15.9455835	156.68	156.68	23.08981111	7.619637666	15.47017344	0.02641	0.07641	0.061128
4/13/2020 16:00	4/13/2020	16	development	train	7.4665833	7.4665833	137.9	137.9	17.60281667	5.808929501	11.79388717	0.03382	0.08382	0.067056
4/13/2020 17:00	4/13/2020	17	development	train	1.3751667	1.3751667	147.14	147.14	19.48174222	6.428974933	13.05276729	0.04045	0.09045	0.07236
4/13/2020 18:00	4/13/2020	18	development	train	0.12375	0.12375	77.9	77.9	46.39837778	15.31146467	31.08691311	0.04045	0.09045	0.07236
4/13/2020 19:00	4/13/2020	19	development	train	0	0	98.85	98.85	55.251	18.23283	37.01817	0.04068	0.09068	0.072544
4/13/2020 20:00	4/13/2020	20	development	train	0	0	100.44	100.44	26.61507111	8.782973466	17.83209764	0.04236	0.09236	0.073888
4/13/2020 21:00	4/13/2020	21	development	train	0	0	78.21	78.21	20.9552	6.915216	14.039984	0.0427	0.0927	0.07416
4/13/2020 22:00	4/13/2020	22	development	train	0	0	64.31	64.31	18.44982222	6.088441333	12.36138089	0.04259	0.09259	0.074072
4/13/2020 23:00	4/13/2020	23	development	train	0	0	44	44	16.48097778	5.438722667	11.04225511	0.04281	0.09281	0.074248
4/14/2020 0:00	4/14/2020	0	development	train	0	0	65.48	65.48	20.66023111	6.817876266	13.84235484	0.04247	0.09247	0.073976
4/14/2020 1:00	4/14/2020	1	development	train	0	0	20.57	20.57	17.63020333	5.817967099	11.81223623	0.0427	0.0927	0.07416
4/14/2020 2:00	4/14/2020	2	development	train	0	0	4.15	4.15	17.92065778	5.913817067	12.00684071	0.04337	0.09337	0.074696
4/14/2020 3:00	4/14/2020	3	development	train	0	0	21.14	21.14	13.68157889	4.514921034	9.166657856	0.04191	0.09191	0.073528
4/14/2020 4:00	4/14/2020	4	development	train	0	0	15.92	15.92	15.55811333	5.134177399	10.42393593	0.03618	0.08618	0.068944
4/14/2020 5:00	4/14/2020	5	development	train	0.5425	0.5425	11.28	11.28	20.60087778	6.798289667	13.80258811	0.03854	0.08854	0.070832
4/14/2020 6:00	4/14/2020	6	development	train	2.6970001	2.6970001	12.35	12.35	27.24785111	8.991790866	18.25606024	0.04158	0.09158	0.073264
4/14/2020 7:00	4/14/2020	7	development	train	7.04075	7.04075	12.05	12.05	24.53376222	8.096141533	16.43762069	0.04191	0.09191	0.073528
4/14/2020 8:00	4/14/2020	8	development	train	11.1373333	11.1373333	20.72	20.72	21.05865333	6.949355599	14.10929773	0.04315	0.09315	0.07452
4/14/2020 9:00	4/14/2020	9	development	train	14.167833	14.167833	26.66	26.66	17.01863556	5.616149735	11.40248583	0.0445	0.0945	0.0756
4/14/2020 10:00	4/14/2020	10	development	train	9.8043333	9.8043333	23.84	23.84	14.77537111	4.875872466	9.899498644	0.04596	0.09596	0.076768
4/14/2020 11:00	4/14/2020	11	development	train	5.4093334	5.4093334	19.78	19.78	17.06772667	5.632349801	11.43537687	0.0482	0.0982	0.07856
4/14/2020 12:00	4/14/2020	12	development	train	5.6455834	5.6455834	13.21	13.21	21.76226667	7.181548001	14.58071867	0.05023	0.10023	0.080184
4/14/2020 13:00	4/14/2020	13	development	train	5.7592499	5.7592499	19.74	19.74	29.44888222	9.718131133	19.73075109	0.0518	0.1018	0.08144
4/14/2020 14:00	4/14/2020	14	development	train	4.7328334	4.7328334	16.9	16.9	20.63538	6.8096754	13.8257046	0.05292	0.10292	0.082336
4/14/2020 15:00	4/14/2020	15	development	train	2.9109166	2.9109166	16.82	16.82	17.15972222	5.662708333	11.49701389	0.05405	0.10405	0.08324
4/14/2020 16:00	4/14/2020	16	development	train	0.9498333	0.9498333	19.81	19.81	16.47899667	5.438068901	11.04092777	0.05337	0.10337	0.082696
4/14/2020 17:00	4/14/2020	17	development	train	0.0329166	0.0329166	10.99	10.99	36.88292889	12.17136653	24.71156236	0.05214	0.10214	0.081712
4/14/2020 18:00	4/14/2020	18	development	train	0	0	15.03	15.03	59.92970667	19.7768032	40.15290347	0.0509	0.1009	0.08072
4/14/2020 19:00	4/14/2020	19	development	train	0	0	51.79	51.79	36.68730889	12.10681193	24.58049696	0.04978	0.09978	0.079824
4/14/2020 20:00	4/14/2020	20	development	train	0	0	133.89	133.89	22.35724889	7.377892134	14.97935676	0.04663	0.09663	0.077304
4/14/2020 21:00	4/14/2020	21	development	train	0	0	150.04	150.04	20.6852	6.826116	13.859084	0.04427	0.09427	0.075416
4/14/2020 22:00	4/14/2020	22	development	train	0	0	129.86	129.86	14.46960667	4.774970201	9.694636469	0.04406	0.09406	0.075248
4/14/2020 23:00	4/14/2020	23	development	train	0	0	180.04	180.04	14.64714222	4.833556933	9.813585287	0.04157	0.09157	0.073256
4/15/2020 0:00	4/15/2020	0	development	train	0	0	198.71	198.71	16.40246444	5.412813265	10.98965117	0.03999	0.08999	0.071992
4/15/2020 1:00	4/15/2020	1	development	train	0	0	189.72	189.72	18.57584667	6.130029401	12.44581727	0.03931	0.08931	0.071448
4/15/2020 2:00	4/15/2020	2	development	train	0	0	158.63	158.63	16.87177778	5.567686667	11.30409111	0.03897	0.08897	0.071176
4/15/2020 3:00	4/15/2020	3	development	train	0	0	174.19	174.19	20.61535111	6.803065866	13.81228524	0.03943	0.08943	0.071544
4/15/2020 4:00	4/15/2020	4	development	train	0.5926667	0.5926667	162.49	162.49	16.16868222	5.335665133	10.83301709	0.03773	0.08773	0.070184
4/15/2020 5:00	4/15/2020	5	development	train	3.2015832	3.2015832	110.04	110.04	18.19365333	6.003905599	12.18974773	0.04112	0.09112	0.072896
4/15/2020 6:00	4/15/2020	6	development	train	3.1977499	3.1977499	34.02	34.02	23.53800889	7.767542934	15.77046596	0.04259	0.09259	0.074072
4/15/2020 7:00	4/15/2020	7	development	train	2.6715833	2.6715833	9.99	9.99	21.95709333	7.245840799	14.71125253	0.0427	0.0927	0.07416
4/15/2020 8:00	4/15/2020	8	development	train	4.5034166	4.5034166	-0.32	0	21.78671556	7.189616135	14.59709943	0.04236	0.09236	0.073888
4/15/2020 9:00	4/15/2020	9	development	train	4.1570834	4.1570834	5.52	5.52	17.63489333	5.819514799	11.81537853	0.04304	0.09304	0.074432
4/15/2020 10:00	4/15/2020	10	development	train	2.8826667	2.8826667	9.38	9.38	14.20027333	4.686090199	9.514183131	0.04372	0.09372	0.074976
4/15/2020 11:00	4/15/2020	11	development	train	3.6756666	3.6756666	26.64	26.64	17.58705	5.8037265	11.7833235	0.04722	0.09722	0.077776
4/15/2020 12:00	4/15/2020	12	development	train	3.4955834	3.4955834	44.12	44.12	20.60533556	6.799760735	13.80557483	0.05038	0.10038	0.080304
4/15/2020 13:00	4/15/2020	13	development	train	3.4553334	3.4553334	73.5	73.5	24.07024222	7.943179933	16.12706229	0.05151	0.10151	0.081208
4/15/2020 14:00	4/15/2020	14	development	train	7.0146667	7.0146667	105.72	105.72	22.09973333	7.292911999	14.80682133	0.05151	0.10151	0.081208
4/15/2020 15:00	4/15/2020	15	development	train	1.49725	1.49725	71.9	71.9	25.05469778	8.268050267	16.78664751	0.05253	0.10253	0.082024
4/15/2020 16:00	4/15/2020	16	development	train	1.1854167	1.1854167	79.89	79.89	20.68957556	6.827559935	13.86201563	0.05343	0.10343	0.082744
4/15/2020 17:00	4/15/2020	17	development	train	1.2705833	1.2705833	67.2	67.2	26.71855778	8.817124067	17.90143371	0.05355	0.10355	0.08284
4/15/2020 18:00	4/15/2020	18	development	train	0.2770834	0.2770834	97.52	97.52	50.05767111	16.51903147	33.53863964	0.05343	0.10343	0.082744
4/15/2020 19:00	4/15/2020	19	development	train	0	0	55.17	55.17	24.03165333	7.930445599	16.10120773	0.05253	0.10253	0.082024
4/15/2020 20:00	4/15/2020	20	development	train	0	0	67.06	67.06	22.91323778	7.561368467	15.35186931	0.04993	0.09993	0.079944
4/15/2020 21:00	4/15/2020	21	development	train	0	0	70.58	70.58	16.52007444	5.451624565	11.06844987	0.04519	0.09519	0.076152
4/15/2020 22:00	4/15/2020	22	development	train	0	0	34.87	34.87	13.20536222	4.357769533	8.847592687	0.03899	0.08899	0.071192
4/15/2020 23:00	4/15/2020	23	development	train	0	0	19.42	19.42	13.26205	4.3764765	8.8855735	0.03681	0.08681	0.069448
4/16/2020 0:00	4/16/2020	0	development	train	0	0	55.02	55.02	14.23667444	4.698102565	9.538571875	0.03601	0.08601	0.068808
4/16/2020 1:00	4/16/2020	1	development	train	0	0	48.96	48.96	17.83674556	5.886126035	11.95061953	0.03624	0.08624	0.068992
4/16/2020 2:00	4/16/2020	2	development	train	0	0	58.76	58.76	15.95810778	5.266175567	10.69193221	0.03819	0.08819	0.070552
4/16/2020 3:00	4/16/2020	3	development	train	0	0	67.57	67.57	13.43708	4.4342364	9.0028436	0.04289	0.09289	0.074312
4/16/2020 4:00	4/16/2020	4	development	train	0.5389167	0.5389167	60.99	60.99	12.30556222	4.060835533	8.244726687	0.03934	0.08934	0.071472
4/16/2020 5:00	4/16/2020	5	development	train	2.3673334	2.3673334	48.84	48.84	12.97043556	4.280243735	8.690191825	0.04266	0.09266	0.074128
4/16/2020 6:00	4/16/2020	6	development	train	5.0988332	5.0988332	25.16	25.16	19.18688444	6.331671865	12.85521257	0.04346	0.09346	0.074768
4/16/2020 7:00	4/16/2020	7	development	train	22.1088335	22.1088335	66.29	66.29	23.18218	7.6501194	15.5320606	0.04346	0.09346	0.074768
4/16/2020 8:00	4/16/2020	8	development	train	38.46175	38.46175	61.98	61.98	24.51697778	8.090602667	16.42637511	0.04289	0.09289	0.074312
4/16/2020 9:00	4/16/2020	9	development	train	38.589916	38.589916	84.75	84.75	28.32444444	9.347066665	18.97737777	0.04209	0.09209	0.073672
4/16/2020 10:00	4/16/2020	10	development	train	48.574166	48.574166	76.18	76.18	29.03494667	9.581532401	19.45341427	0.04243	0.09243	0.073944
4/16/2020 11:00	4/16/2020	11	development	train	24.9605	24.9605	90.02	90.02	26.95987778	8.896759667	18.06311811	0.04197	0.09197	0.073576
4/16/2020 12:00	4/16/2020	12	development	train	41.945916	41.945916	95.65	95.65	23.32375556	7.696839335	15.62691623	0.04151	0.09151	0.073208
4/16/2020 13:00	4/16/2020	13	development	train	19.6488335	19.6488335	115.03	115.03	20.80996889	6.867289734	13.94267916	0.03956	0.08956	0.071648
4/16/2020 14:00	4/16/2020	14	development	train	16.25275	16.25275	100.06	100.06	18.24773333	6.021751999	12.22598133	0.03796	0.08796	0.070368
4/16/2020 15:00	4/16/2020	15	development	train	36.602417	36.602417	127.77	127.77	27.33720889	9.021278934	18.31592996	0.04037	0.09037	0.072296
4/16/2020 16:00	4/16/2020	16	development	train	12.6297497	12.6297497	90.56	90.56	29.25739556	9.654940535	19.60245503	0.04002	0.09002	0.072016
4/16/2020 17:00	4/16/2020	17	development	train	5.0556668	5.0556668	88.73	88.73	61.75094222	20.37781093	41.37313129	0.04025	0.09025	0.0722
4/16/2020 18:00	4/16/2020	18	development	train	0.5526667	0.5526667	108.92	108.92	45.80238222	15.11478613	30.68759609	0.04243	0.09243	0.073944
4/16/2020 19:00	4/16/2020	19	development	train	0	0	121.84	121.84	26.8913	8.874129	18.017171	0.04209	0.09209	0.073672
4/16/2020 20:00	4/16/2020	20	development	train	0	0	120.49	120.49	27.57572889	9.099990534	18.47573836	0.04266	0.09266	0.074128
4/16/2020 21:00	4/16/2020	21	development	train	0	0	64.74	64.74	26.23621556	8.657951135	17.57826443	0.04197	0.09197	0.073576
4/16/2020 22:00	4/16/2020	22	development	train	0	0	110.04	110.04	21.77325111	7.185172866	14.58807824	0.04008	0.09008	0.072064
4/16/2020 23:00	4/16/2020	23	development	train	0	0	64.02	64.02	19.0124	6.274092	12.738308	0.03996	0.08996	0.071968
4/17/2020 0:00	4/17/2020	0	development	train	0	0	35.69	35.69	22.47093333	7.415407999	15.05552533	0.0395	0.0895	0.0716
4/17/2020 1:00	4/17/2020	1	development	train	0	0	42.6	42.6	21.44526667	7.076938001	14.36832867	0.03962	0.08962	0.071696
4/17/2020 2:00	4/17/2020	2	development	train	0	0	8.19	8.19	23.60524222	7.789729933	15.81551229	0.03996	0.08996	0.071968
4/17/2020 3:00	4/17/2020	3	development	train	0	0	32.43	32.43	19.66224222	6.488539933	13.17370229	0.03962	0.08962	0.071696
4/17/2020 4:00	4/17/2020	4	development	train	0.265	0.265	69.58	69.58	18.38144111	6.065875566	12.31556554	0.03985	0.08985	0.07188
4/17/2020 5:00	4/17/2020	5	development	train	3.5713334	3.5713334	54.32	54.32	20.09399111	6.631017066	13.46297404	0.04156	0.09156	0.073248
4/17/2020 6:00	4/17/2020	6	development	train	7.1293333	7.1293333	60.68	60.68	24.92632444	8.225687065	16.70063737	0.03973	0.08973	0.071784
4/17/2020 7:00	4/17/2020	7	development	train	15.1588335	15.1588335	30.24	30.24	27.78926444	9.170457265	18.61880717	0.03985	0.08985	0.07188
4/17/2020 8:00	4/17/2020	8	development	train	21.693833	21.693833	59.61	59.61	28.39881333	9.371608399	19.02720493	0.04569	0.09569	0.076552
4/17/2020 9:00	4/17/2020	9	development	train	15.9506665	15.9506665	38.81	38.81	29.39423556	9.700097735	19.69413783	0.03962	0.08962	0.071696
4/17/2020 10:00	4/17/2020	10	development	train	19.29625	19.29625	60.33	60.33	32.22663111	10.63478827	21.59184284	0.03985	0.08985	0.07188
4/17/2020 11:00	4/17/2020	11	development	train	21.7270303	21.7270303	25.19	25.19	23.04917778	7.606228667	15.44294911	0.03996	0.08996	0.071968
4/17/2020 12:00	4/17/2020	12	development	train	27.292417	27.292417	36.7	36.7	19.56221778	6.455531867	13.10668591	0.04042	0.09042	0.072336
4/17/2020 13:00	4/17/2020	13	development	train	28.308417	28.308417	44.62	44.62	17.26541111	5.697585666	11.56782544	0.03996	0.08996	0.071968
4/17/2020 14:00	4/17/2020	14	development	train	36.304584	36.304584	80.77	80.77	17.65235	5.8252755	11.8270745	0.03985	0.08985	0.07188
4/17/2020 15:00	4/17/2020	15	development	train	15.687833	15.687833	79.57	79.57	19.38116222	6.395783533	12.98537869	0.04008	0.09008	0.072064
4/17/2020 16:00	4/17/2020	16	development	train	9.6535833	9.6535833	56.87	56.87	20.31838444	6.705066865	13.61331757	0.03985	0.08985	0.07188
4/17/2020 17:00	4/17/2020	17	development	train	7.21575	7.21575	37.69	37.69	17.93087556	5.917188935	12.01368663	0.04053	0.09053	0.072424
4/17/2020 18:00	4/17/2020	18	development	train	0.6886667	0.6886667	26.46	26.46	34.36589333	11.3407448	23.02514853	0.04649	0.09649	0.077192
4/17/2020 19:00	4/17/2020	19	development	train	0	0	14.74	14.74	50.96894667	16.8197524	34.14919427	0.04637	0.09637	0.077096
4/17/2020 20:00	4/17/2020	20	development	train	0	0	5.6	5.6	31.85204889	10.51117613	21.34087276	0.04603	0.09603	0.076824
4/17/2020 21:00	4/17/2020	21	development	train	0	0	-0.3	0	21.76936444	7.183890265	14.58547417	0.04546	0.09546	0.076368
4/17/2020 22:00	4/17/2020	22	development	train	0	0	-0.25	0	12.15942778	4.012611167	8.146816613	0.04579	0.09579	0.076632
4/17/2020 23:00	4/17/2020	23	development	train	0	0	-0.29	0	12.53348556	4.136050235	8.397435325	0.04601	0.09601	0.076808
4/18/2020 0:00	4/18/2020	0	development	train	0	0	-0.29	0	14.01863889	4.626150834	9.392488056	0.04658	0.09658	0.077264
4/18/2020 1:00	4/18/2020	1	development	train	0	0	0.83	0.83	16.71687889	5.516570034	11.20030886	0.04647	0.09647	0.077176
4/18/2020 2:00	4/18/2020	2	development	train	0	0	-0.27	0	13.91047556	4.590456935	9.320018625	0.04658	0.09658	0.077264
4/18/2020 3:00	4/18/2020	3	development	train	0	0	-0.29	0	13.56732222	4.477216333	9.090105887	0.04703	0.09703	0.077624
4/18/2020 4:00	4/18/2020	4	development	train	0.3613334	0.3613334	-0.31	0	12.76065778	4.211017067	8.549640713	0.04839	0.09839	0.078712
4/18/2020 5:00	4/18/2020	5	development	train	2.3250833	2.3250833	6.29	6.29	14.35700889	4.737812934	9.619195956	0.04896	0.09896	0.079168
4/18/2020 6:00	4/18/2020	6	development	train	3.43475	3.43475	0.23	0.23	22.12312	7.3006296	14.8224904	0.04817	0.09817	0.078536
4/18/2020 7:00	4/18/2020	7	development	train	4.2624166	4.2624166	-0.29	0	24.96759556	8.239306535	16.72828903	0.04817	0.09817	0.078536
4/18/2020 8:00	4/18/2020	8	development	train	6.9879166	6.9879166	-0.32	0	24.49258667	8.082553601	16.41003307	0.04771	0.09771	0.078168
4/18/2020 9:00	4/18/2020	9	development	train	8.3630833	8.3630833	-0.29	0	20.47677333	6.757335199	13.71943813	0.0476	0.0976	0.07808
4/18/2020 10:00	4/18/2020	10	development	train	11.0218333	11.0218333	-0.29	0	20.336	6.71088	13.62512	0.04726	0.09726	0.077808
4/18/2020 11:00	4/18/2020	11	development	train	10.5485	10.5485	-0.27	0	17.51957222	5.781458833	11.73811339	0.04692	0.09692	0.077536
4/18/2020 12:00	4/18/2020	12	development	train	7.3273333	7.3273333	1.59	1.59	31.55226889	10.41224873	21.14002016	0.04647	0.09647	0.077176
4/18/2020 13:00	4/18/2020	13	development	train	6.0395	6.0395	-0.24	0	22.69146444	7.488183265	15.20328117	0.04624	0.09624	0.076992
4/18/2020 14:00	4/18/2020	14	development	train	6.6090833	6.6090833	-0.27	0	26.8015	8.844495	17.957005	0.04647	0.09647	0.077176
4/18/2020 15:00	4/18/2020	15	development	train	4.2066666	4.2066666	-0.27	0	23.42800889	7.731242934	15.69676596	0.05055	0.10055	0.08044
4/18/2020 16:00	4/18/2020	16	development	train	3.067	3.067	-0.26	0	25.30760889	8.351510934	16.95609796	0.05395	0.10395	0.08316
4/18/2020 17:00	4/18/2020	17	development	train	0.5004167	0.5004167	-0.27	0	56.76857778	18.73363067	38.03494711	0.05531	0.10531	0.084248
4/18/2020 18:00	4/18/2020	18	development	train	0.1676667	0.1676667	-0.25	0	45.55285778	15.03244307	30.52041471	0.05531	0.10531	0.084248
4/18/2020 19:00	4/18/2020	19	development	train	0	0	-0.26	0	24.54248444	8.099019865	16.44346457	0.0544	0.1044	0.08352
4/18/2020 20:00	4/18/2020	20	development	train	0	0	-0.26	0	23.34972667	7.705409801	15.64431687	0.05565	0.10565	0.08452
4/18/2020 21:00	4/18/2020	21	development	train	0	0	-0.27	0	26.72948	8.8207284	17.9087516	0.05542	0.10542	0.084336
4/18/2020 22:00	4/18/2020	22	development	train	0	0	-0.24	0	17.76695667	5.863095701	11.90386097	0.0541	0.1041	0.08328
4/18/2020 23:00	4/18/2020	23	development	train	0	0	-0.24	0	14.10310556	4.654024835	9.449080725	0.05387	0.10387	0.083096
4/19/2020 0:00	4/19/2020	0	development	train	0	0	-0.31	0	17.04473778	5.624763467	11.41997431	0.05376	0.10376	0.083008
4/19/2020 1:00	4/19/2020	1	development	train	0	0	6.91	6.91	16.89049556	5.573863535	11.31663203	0.05432	0.10432	0.083456
4/19/2020 2:00	4/19/2020	2	development	train	0	0	12.3	12.3	15.50863111	5.117848266	10.39078284	0.055	0.105	0.084
4/19/2020 3:00	4/19/2020	3	development	train	0	0	14.25	14.25	13.11121667	4.326701501	8.784515169	0.05545	0.10545	0.08436
4/19/2020 4:00	4/19/2020	4	development	train	0.7820833	0.7820833	11.21	11.21	19.44274	6.4161042	13.0266358	0.05545	0.10545	0.08436
4/19/2020 5:00	4/19/2020	5	development	train	6.8936667	6.8936667	9.99	9.99	20.97121556	6.920501135	14.05071443	0.05692	0.10692	0.085536
4/19/2020 6:00	4/19/2020	6	development	train	19.7564165	19.7564165	11.73	11.73	23.97228444	7.910853865	16.06143057	0.0593	0.1093	0.08744
4/19/2020 7:00	4/19/2020	7	development	train	43.15275	43.15275	7.95	7.95	28.83547111	9.515705466	19.31976564	0.06089	0.11089	0.088712
4/19/2020 8:00	4/19/2020	8	development	train	57.675418	57.675418	-0.11	0	27.78787556	9.169998935	18.61787663	0.06043	0.11043	0.088344
4/19/2020 9:00	4/19/2020	9	development	train	67.993498	67.993498	-0.24	0	20.87192444	6.887735065	13.98418937	0.05749	0.10749	0.085992
4/19/2020 10:00	4/19/2020	10	development	train	75.225334	75.225334	-0.31	0	21.73470222	7.172451733	14.56225049	0.05432	0.10432	0.083456
4/19/2020 11:00	4/19/2020	11	development	train	75.205918	75.205918	-0.28	0	21.95519778	7.245215267	14.70998251	0.05025	0.10025	0.0802
4/19/2020 12:00	4/19/2020	12	development	train	72.458332	72.458332	-0.28	0	25.18898889	8.312366334	16.87662256	0.04821	0.09821	0.078568
4/19/2020 13:00	4/19/2020	13	development	train	64.461334	64.461334	-0.24	0	24.3927	8.049591	16.343109	0.04798	0.09798	0.078384
4/19/2020 14:00	4/19/2020	14	development	train	52.607832	52.607832	-0.27	0	24.04141333	7.933666399	16.10774693	0.04957	0.09957	0.079656
4/19/2020 15:00	4/19/2020	15	development	train	37.128084	37.128084	-0.28	0	17.70046556	5.841153635	11.85931193	0.05251	0.10251	0.082008
4/19/2020 16:00	4/19/2020	16	development	train	17.5453335	17.5453335	-0.25	0	20.12294889	6.640573134	13.48237576	0.05489	0.10489	0.083912
4/19/2020 17:00	4/19/2020	17	development	train	4.3225	4.3225	1.34	1.34	20.27153111	6.689605266	13.58192584	0.05557	0.10557	0.084456
4/19/2020 18:00	4/19/2020	18	development	train	0.7011666	0.7011666	-0.26	0	52.98504444	17.48506467	35.49997977	0.05489	0.10489	0.083912
4/19/2020 19:00	4/19/2020	19	development	train	0	0	-0.26	0	47.23036	15.5860188	31.6443412	0.0533	0.1033	0.08264
4/19/2020 20:00	4/19/2020	20	development	train	0	0	-0.25	0	17.04200222	5.623860733	11.41814149	0.05353	0.10353	0.082824
4/19/2020 21:00	4/19/2020	21	development	train	0	0	-0.26	0	14.77303111	4.875100266	9.897930844	0.0524	0.1024	0.08192
4/19/2020 22:00	4/19/2020	22	development	train	0	0	-0.27	0	15.53699667	5.127208901	10.40978777	0.05013	0.10013	0.080104
4/19/2020 23:00	4/19/2020	23	development	train	0	0	-0.26	0	8.636021667	2.84988715	5.786134517	0.04878	0.09878	0.079024
4/20/2020 0:00	4/20/2020	0	development	train	0	0	-0.24	0	14.03288667	4.630852601	9.402034069	0.04278	0.09278	0.074224
4/20/2020 1:00	4/20/2020	1	development	train	0	0	-0.27	0	15.00239	4.9507887	10.0516013	0.04006	0.09006	0.072048
4/20/2020 2:00	4/20/2020	2	development	train	0	0	-0.27	0	12.27295	4.0500735	8.2228765	0.04436	0.09436	0.075488
4/20/2020 3:00	4/20/2020	3	development	train	0	0	-0.28	0	10.43479778	3.443483267	6.991314513	0.05262	0.10262	0.082096
4/20/2020 4:00	4/20/2020	4	development	train	0.4955	0.4955	-0.26	0	12.50523333	4.126726999	8.378506331	0.05364	0.10364	0.082912
4/20/2020 5:00	4/20/2020	5	development	train	2.6240834	2.6240834	-0.29	0	13.86769778	4.576340267	9.291357513	0.055	0.105	0.084
4/20/2020 6:00	4/20/2020	6	development	train	4.6845832	4.6845832	-0.26	0	19.32826	6.3783258	12.9499342	0.05625	0.10625	0.085
4/20/2020 7:00	4/20/2020	7	development	train	11.1235	11.1235	-0.3	0	23.43646	7.7340318	15.7024282	0.05726	0.10726	0.085808
4/20/2020 8:00	4/20/2020	8	development	train	19.577	19.577	-0.24	0	24.28364	8.0136012	16.2700388	0.05659	0.10659	0.085272
4/20/2020 9:00	4/20/2020	9	development	train	35.397833	35.397833	-0.31	0	22.82333778	7.531701467	15.29163631	0.05647	0.10647	0.085176
4/20/2020 10:00	4/20/2020	10	development	train	61.055668	61.055668	1.03	1.03	19.65257556	6.485349935	13.16722563	0.05432	0.10432	0.083456
4/20/2020 11:00	4/20/2020	11	development	train	76.084418	76.084418	2.39	2.39	19.85892444	6.553445065	13.30547937	0.05183	0.10183	0.081464
4/20/2020 12:00	4/20/2020	12	development	train	72.998666	72.998666	7.5	7.5	22.77861333	7.516942399	15.26167093	0.05093	0.10093	0.080744
4/20/2020 13:00	4/20/2020	13	development	train	65.816	65.816	2.69	2.69	27.97507778	9.231775667	18.74330211	0.05059	0.10059	0.080472
4/20/2020 14:00	4/20/2020	14	development	train	54.038666	54.038666	-0.25	0	25.28843778	8.345184467	16.94325331	0.05138	0.10138	0.081104
4/20/2020 15:00	4/20/2020	15	development	train	38.310249	38.310249	0.23	0.23	19.08442444	6.297860065	12.78656437	0.0541	0.1041	0.08328
4/20/2020 16:00	4/20/2020	16	development	train	19.702167	19.702167	0.09	0.09	18.32789333	6.048204799	12.27968853	0.05421	0.10421	0.083368
4/20/2020 17:00	4/20/2020	17	development	train	4.3819168	4.3819168	1.49	1.49	22.12026222	7.299686533	14.82057569	0.05376	0.10376	0.083008
4/20/2020 18:00	4/20/2020	18	development	train	0.782	0.782	-0.3	0	41.99233333	13.85747	28.13486333	0.05591	0.10591	0.084728
4/20/2020 19:00	4/20/2020	19	development	train	0	0	-0.25	0	54.94256444	18.13104627	36.81151817	0.05534	0.10534	0.084272
4/20/2020 20:00	4/20/2020	20	development	train	0	0	-0.25	0	27.93263778	9.217770467	18.71486731	0.05398	0.10398	0.083184
4/20/2020 21:00	4/20/2020	21	development	train	0	0	-0.24	0	22.09811778	7.292378867	14.80573891	0.05319	0.10319	0.082552
4/20/2020 22:00	4/20/2020	22	development	train	0	0	-0.25	0	16.80677556	5.546235935	11.26053963	0.05244	0.10244	0.081952
4/20/2020 23:00	4/20/2020	23	development	train	0	0	-0.25	0	13.00905778	4.292989067	8.716068713	0.04861	0.09861	0.078888
4/21/2020 0:00	4/21/2020	0	development	train	0	0	-0.28	0	14.72117	4.8579861	9.8631839	0.0459	0.0959	0.07672
4/21/2020 1:00	4/21/2020	1	development	train	0	0	-0.28	0	14.75811556	4.870178135	9.887937425	0.04579	0.09579	0.076632
4/21/2020 2:00	4/21/2020	2	development	train	0	0	-0.28	0	14.71059222	4.854495433	9.856096787	0.04579	0.09579	0.076632
4/21/2020 3:00	4/21/2020	3	development	train	0.0544909	0.0544909	-0.31	0	19.62880889	6.477506934	13.15130196	0.05188	0.10188	0.081504
4/21/2020 4:00	4/21/2020	4	development	train	1.2381666	1.2381666	-0.32	0	12.92779	4.2661707	8.6616193	0.05774	0.10774	0.086192
4/21/2020 5:00	4/21/2020	5	development	train	6.6093333	6.6093333	-0.27	0	22.79735333	7.523126599	15.27422673	0.06135	0.11135	0.08908
4/21/2020 6:00	4/21/2020	6	development	train	23.5541817	23.5541817	-0.3	0	25.61797111	8.453930466	17.16404064	0.06834	0.11834	0.094672
4/21/2020 7:00	4/21/2020	7	development	train	43.503	43.503	-0.24	0	20.51443556	6.769763735	13.74467183	0.07015	0.12015	0.09612
4/21/2020 8:00	4/21/2020	8	development	train	58.055584	58.055584	-0.27	0	14.68273889	4.845303834	9.837435056	0.06169	0.11169	0.089352
4/21/2020 9:00	4/21/2020	9	development	train	62.514084	62.514084	-0.26	0	14.43252	4.7627316	9.6697884	0.0574	0.1074	0.08592
4/21/2020 10:00	4/21/2020	10	development	train	73.643084	73.643084	-0.25	0	12.15993333	4.012777999	8.147155331	0.05616	0.10616	0.084928
4/21/2020 11:00	4/21/2020	11	development	train	74.932582	74.932582	-0.25	0	18.10372889	5.974230534	12.12949836	0.05492	0.10492	0.083936
4/21/2020 12:00	4/21/2020	12	development	train	72.0455	72.0455	-0.24	0	18.17818	5.9987994	12.1793806	0.05391	0.10391	0.083128
4/21/2020 13:00	4/21/2020	13	development	train	64.86775	64.86775	-0.26	0	24.73592222	8.162854333	16.57306789	0.0512	0.1012	0.08096
4/21/2020 14:00	4/21/2020	14	development	train	53.188	53.188	-0.26	0	26.29222889	8.676435534	17.61579336	0.04985	0.09985	0.07988
4/21/2020 15:00	4/21/2020	15	development	train	37.880083	37.880083	-0.28	0	17.84128889	5.887625334	11.95366356	0.05199	0.10199	0.081592
4/21/2020 16:00	4/21/2020	16	development	train	19.5253335	19.5253335	-0.27	0	26.52010889	8.751635934	17.76847296	0.05853	0.10853	0.086824
4/21/2020 17:00	4/21/2020	17	development	train	4.3870832	4.3870832	-0.26	0	47.63117778	15.71828867	31.91288911	0.05774	0.10774	0.086192
4/21/2020 18:00	4/21/2020	18	development	train	0.8089166	0.8089166	-0.25	0	37.85037778	12.49062467	25.35975311	0.05774	0.10774	0.086192
4/21/2020 19:00	4/21/2020	19	development	train	0	0	-0.26	0	19.11713333	6.308653999	12.80847933	0.05864	0.10864	0.086912
4/21/2020 20:00	4/21/2020	20	development	train	0	0	-0.25	0	19.55441556	6.452957135	13.10145843	0.05819	0.10819	0.086552
4/21/2020 21:00	4/21/2020	21	development	train	0	0	-0.29	0	12.05803778	3.979152467	8.078885313	0.05808	0.10808	0.086464
4/21/2020 22:00	4/21/2020	22	development	train	0	0	-0.24	0	11.92101778	3.933935867	7.987081913	0.05473	0.10473	0.083784
4/21/2020 23:00	4/21/2020	23	development	train	0	0	-0.24	0	10.71254667	3.535140401	7.177406269	0.05185	0.10185	0.08148
4/22/2020 0:00	4/22/2020	0	development	train	0	0	-0.26	0	14.80798556	4.886635235	9.921350325	0.04966	0.09966	0.079728
4/22/2020 1:00	4/22/2020	1	development	train	0	0	-0.26	0	15.19536667	5.014471001	10.18089567	0.05093	0.10093	0.080744
4/22/2020 2:00	4/22/2020	2	development	train	0	0	5.12	5.12	12.83486	4.2355038	8.5993562	0.05266	0.10266	0.082128
4/22/2020 3:00	4/22/2020	3	development	train	0.0847272	0.0847272	2.12	2.12	11.64072222	3.841438333	7.799283887	0.05762	0.10762	0.086096
4/22/2020 4:00	4/22/2020	4	development	train	1.285	1.285	6.63	6.63	13.71100333	4.524631099	9.186372231	0.06153	0.11153	0.089224
4/22/2020 5:00	4/22/2020	5	development	train	6.6154167	6.6154167	7.33	7.33	11.03589667	3.641845901	7.394050769	0.07582	0.12582	0.100656
4/22/2020 6:00	4/22/2020	6	development	train	24.952833	24.952833	0.13	0.13	17.01382222	5.614561333	11.39926089	0.08135	0.13135	0.10508
4/22/2020 7:00	4/22/2020	7	development	train	43.679166	43.679166	-0.24	0	15.76319333	5.201853799	10.56133953	0.07985	0.12985	0.10388
4/22/2020 8:00	4/22/2020	8	development	train	57.717834	57.717834	-0.26	0	16.56226667	5.465548001	11.09671867	0.07225	0.12225	0.0978
4/22/2020 9:00	4/22/2020	9	development	train	67.49375	67.49375	-0.26	0	17.32368333	5.716815499	11.60686783	0.06799	0.11799	0.094392
4/22/2020 10:00	4/22/2020	10	development	train	74.026002	74.026002	-0.26	0	20.30113778	6.699375467	13.60176231	0.05819	0.10819	0.086552
4/22/2020 11:00	4/22/2020	11	development	train	74.546834	74.546834	-0.24	0	18.09978222	5.972928133	12.12685409	0.056	0.106	0.0848
4/22/2020 12:00	4/22/2020	12	development	train	73.8539082	73.8539082	-0.25	0	14.89212	4.9143996	9.9777204	0.05347	0.10347	0.082776
4/22/2020 13:00	4/22/2020	13	development	train	64.276416	64.276416	-0.23	0	17.32337889	5.716715034	11.60666386	0.05174	0.10174	0.081392
4/22/2020 14:00	4/22/2020	14	development	train	54.075584	54.075584	-0.18	0	30.55088	10.0817904	20.4690896	0.05289	0.10289	0.082312
4/22/2020 15:00	4/22/2020	15	development	train	35.693333	35.693333	-0.22	0	47.64660889	15.72338093	31.92322796	0.0575	0.1075	0.086
4/22/2020 16:00	4/22/2020	16	development	train	19.74825	19.74825	-0.25	0	17.84345444	5.888339965	11.95511447	0.0575	0.1075	0.086
4/22/2020 17:00	4/22/2020	17	development	train	4.5036666	4.5036666	-0.24	0	16.79738222	5.543136133	11.25424609	0.05773	0.10773	0.086184
4/22/2020 18:00	4/22/2020	18	development	train	0.9488333	0.9488333	-0.25	0	11.12343444	3.670733365	7.452701075	0.05831	0.10831	0.086648
4/22/2020 19:00	4/22/2020	19	development	train	0	0	-0.28	0	17.25119889	5.692895634	11.55830326	0.05808	0.10808	0.086464
4/22/2020 20:00	4/22/2020	20	development	train	0	0	-0.26	0	18.12446222	5.981072533	12.14338969	0.05715	0.10715	0.08572
4/22/2020 21:00	4/22/2020	21	development	train	0	0	-0.26	0	17.35663778	5.727690467	11.62894731	0.05531	0.10531	0.084248
4/22/2020 22:00	4/22/2020	22	development	train	0	0	-0.26	0	12.76534667	4.212564401	8.552782269	0.05531	0.10531	0.084248
4/22/2020 23:00	4/22/2020	23	development	train	0	0	-0.28	0	9.94522	3.2819226	6.6632974	0.05508	0.10508	0.084064
4/23/2020 0:00	4/23/2020	0	development	train	0	0	-0.28	0	12.55171333	4.142065399	8.409647931	0.05474	0.10474	0.083792
4/23/2020 1:00	4/23/2020	1	development	train	0	0	-0.29	0	14.91131	4.9207323	9.9905777	0.0552	0.1052	0.08416
4/23/2020 2:00	4/23/2020	2	development	train	0	0	-0.26	0	15.7231	5.188623	10.534477	0.05589	0.10589	0.084712
4/23/2020 3:00	4/23/2020	3	development	train	0.0730909	0.0730909	-0.31	0	13.46516556	4.443504635	9.021660925	0.05693	0.10693	0.085544
4/23/2020 4:00	4/23/2020	4	development	train	1.4763333	1.4763333	-0.29	0	10.44159222	3.445725433	6.995866787	0.05798	0.10798	0.086384
4/23/2020 5:00	4/23/2020	5	development	train	4.3440834	4.3440834	-0.24	0	13.74238889	4.534988334	9.207400556	0.06098	0.11098	0.088784
4/23/2020 6:00	4/23/2020	6	development	train	8.1554167	8.1554167	-0.28	0	21.42671556	7.070816135	14.35589943	0.06388	0.11388	0.091104
4/23/2020 7:00	4/23/2020	7	development	train	6.9874167	6.9874167	-0.25	0	18.38686778	6.067666367	12.31920141	0.06272	0.11272	0.090176
4/23/2020 8:00	4/23/2020	8	development	train	6.6277499	6.6277499	-0.24	0	12.06000222	3.979800733	8.080201487	0.06226	0.11226	0.089808
4/23/2020 9:00	4/23/2020	9	development	train	6.41775	6.41775	-0.27	0	14.86858667	4.906633601	9.961953069	0.06052	0.11052	0.088416
4/23/2020 10:00	4/23/2020	10	development	train	6.2097501	6.2097501	-0.26	0	12.84317111	4.238246466	8.604924644	0.05902	0.10902	0.087216
4/23/2020 11:00	4/23/2020	11	development	train	5.4559168	5.4559168	-0.26	0	11.53682778	3.807153167	7.729674613	0.05832	0.10832	0.086656
4/23/2020 12:00	4/23/2020	12	development	train	5.33725	5.33725	-0.26	0	21.16103333	6.983140999	14.17789233	0.05751	0.10751	0.086008
4/23/2020 13:00	4/23/2020	13	development	train	8.7263333	8.7263333	7.45	7.45	17.75570889	5.859383934	11.89632496	0.05636	0.10636	0.085088
4/23/2020 14:00	4/23/2020	14	development	train	6.3069166	6.3069166	0.48	0.48	20.57247778	6.788917667	13.78356011	0.05543	0.10543	0.084344
4/23/2020 15:00	4/23/2020	15	development	train	3.3415	3.3415	15.45	15.45	20.24252	6.6800316	13.5624884	0.05531	0.10531	0.084248
4/23/2020 16:00	4/23/2020	16	development	train	2.43775	2.43775	5.94	5.94	14.35328222	4.736583133	9.616699087	0.05508	0.10508	0.084064
4/23/2020 17:00	4/23/2020	17	development	train	0.9038333	0.9038333	-0.28	0	41.21022667	13.5993748	27.61085187	0.05531	0.10531	0.084248
4/23/2020 18:00	4/23/2020	18	development	train	0.007	0.007	3.9	3.9	46.76316444	15.43184427	31.33132017	0.0567	0.1067	0.08536
4/23/2020 19:00	4/23/2020	19	development	train	0	0	6.09	6.09	21.03301111	6.940893666	14.09211744	0.05693	0.10693	0.085544
4/23/2020 20:00	4/23/2020	20	development	train	0	0	10.43	10.43	18.14275778	5.987110067	12.15564771	0.05497	0.10497	0.083976
4/23/2020 21:00	4/23/2020	21	development	train	0	0	2.35	2.35	17.13751667	5.655380501	11.48213617	0.05219	0.10219	0.081752
4/23/2020 22:00	4/23/2020	22	development	train	0	0	5.35	5.35	15.15969111	5.002698066	10.15699304	0.05246	0.10246	0.081968
4/23/2020 23:00	4/23/2020	23	development	train	0	0	-0.3	0	11.81895333	3.900254599	7.918698731	0.05189	0.10189	0.081512
4/24/2020 0:00	4/24/2020	0	development	train	0	0	0.23	0.23	13.51508444	4.459977865	9.055106575	0.05166	0.10166	0.081328
4/24/2020 1:00	4/24/2020	1	development	train	0	0	1.55	1.55	17.81298	5.8782834	11.9346966	0.05189	0.10189	0.081512
4/24/2020 2:00	4/24/2020	2	development	train	0	0	2.64	2.64	15.28425667	5.043804701	10.24045197	0.05246	0.10246	0.081968
4/24/2020 3:00	4/24/2020	3	development	train	0	0	3.19	3.19	13.31380444	4.393555465	8.920248975	0.05453	0.10453	0.083624
4/24/2020 4:00	4/24/2020	4	development	train	0.2049167	0.2049167	-0.04	0	13.64095111	4.501513866	9.139437244	0.05695	0.10695	0.08556
4/24/2020 5:00	4/24/2020	5	development	train	3.0874166	3.0874166	2.19	2.19	13.69920889	4.520738934	9.178469956	0.06178	0.11178	0.089424
4/24/2020 6:00	4/24/2020	6	development	train	6.6131667	6.6131667	-0.27	0	19.13835556	6.315657335	12.82269823	0.06144	0.11144	0.089152
4/24/2020 7:00	4/24/2020	7	development	train	5.9409167	5.9409167	-0.28	0	22.16562222	7.314655333	14.85096689	0.06247	0.11247	0.089976
4/24/2020 8:00	4/24/2020	8	development	train	9.27125	9.27125	3.08	3.08	18.45406667	6.089842001	12.36422467	0.06236	0.11236	0.089888
4/24/2020 9:00	4/24/2020	9	development	train	21.1581665	21.1581665	7.31	7.31	18.63351222	6.149059033	12.48445319	0.06132	0.11132	0.089056
4/24/2020 10:00	4/24/2020	10	development	train	18.3458335	18.3458335	0.15	0.15	18.77616667	6.196135001	12.58003167	0.05983	0.10983	0.087864
4/24/2020 11:00	4/24/2020	11	development	train	38.778916	38.778916	20.1	20.1	17.70773778	5.843553467	11.86418431	0.05983	0.10983	0.087864
4/24/2020 12:00	4/24/2020	12	development	train	22.78275	22.78275	35.25	35.25	19.61019111	6.471363066	13.13882804	0.05891	0.10891	0.087128
4/24/2020 13:00	4/24/2020	13	development	train	23.2865	23.2865	31.4	31.4	21.27358667	7.020283601	14.25330307	0.0566	0.1066	0.08528
4/24/2020 14:00	4/24/2020	14	development	train	14.7224546	14.7224546	25.1	25.1	23.47604	7.7470932	15.7289468	0.05522	0.10522	0.084176
4/24/2020 15:00	4/24/2020	15	development	train	16.4353335	16.4353335	40.88	40.88	20.57250444	6.788926465	13.78357797	0.05522	0.10522	0.084176
4/24/2020 16:00	4/24/2020	16	development	train	5.72275	5.72275	19.92	19.92	36.82018444	12.15066087	24.66952357	0.05591	0.10591	0.084728
4/24/2020 17:00	4/24/2020	17	development	train	1.7958333	1.7958333	22.13	22.13	56.65352444	18.69566307	37.95786137	0.05649	0.10649	0.085192
4/24/2020 18:00	4/24/2020	18	development	train	1.0919166	1.0919166	20.4	20.4	22.20070667	7.326233201	14.87447347	0.05718	0.10718	0.085744
4/24/2020 19:00	4/24/2020	19	development	train	0	0	0.68	0.68	20.24537556	6.680973935	13.56440163	0.05706	0.10706	0.085648
4/24/2020 20:00	4/24/2020	20	development	train	0	0	2.91	2.91	17.97190111	5.930727366	12.04117374	0.05683	0.10683	0.085464
4/24/2020 21:00	4/24/2020	21	development	train	0	0	11.88	11.88	18.85184222	6.221107933	12.63073429	0.05591	0.10591	0.084728
4/24/2020 22:00	4/24/2020	22	development	train	0	0	9.07	9.07	12.71674778	4.196526767	8.520221013	0.0548	0.1048	0.08384
4/24/2020 23:00	4/24/2020	23	development	train	0	0	22.34	22.34	12.02790222	3.969207733	8.058694487	0.05434	0.10434	0.083472
4/25/2020 0:00	4/25/2020	0	development	train	0	0	14.46	14.46	14.46679556	4.774042535	9.692753025	0.05399	0.10399	0.083192
4/25/2020 1:00	4/25/2020	1	development	train	0	0	14.74	14.74	15.60981111	5.151237666	10.45857344	0.0548	0.1048	0.08384
4/25/2020 2:00	4/25/2020	2	development	train	0	0	7.88	7.88	14.78447556	4.878876935	9.905598625	0.05491	0.10491	0.083928
4/25/2020 3:00	4/25/2020	3	development	train	0	0	24.06	24.06	18.94532	6.2519556	12.6933644	0.05571	0.10571	0.084568
4/25/2020 4:00	4/25/2020	4	development	train	0.3402501	0.3402501	24.61	24.61	14.21234222	4.690072933	9.522269287	0.05594	0.10594	0.084752
4/25/2020 5:00	4/25/2020	5	development	train	1.9350833	1.9350833	31.11	31.11	15.99980222	5.279934733	10.71986749	0.05732	0.10732	0.085856
4/25/2020 6:00	4/25/2020	6	development	train	2.2383333	2.2383333	20.66	20.66	18.05027556	5.956590935	12.09368463	0.0579	0.1079	0.08632
4/25/2020 7:00	4/25/2020	7	development	train	3.4646668	3.4646668	14.69	14.69	20.31456	6.7038048	13.6107552	0.05916	0.10916	0.087328
4/25/2020 8:00	4/25/2020	8	development	train	10.3999166	10.3999166	32.75	32.75	20.11889333	6.639234799	13.47965853	0.05824	0.10824	0.086592
4/25/2020 9:00	4/25/2020	9	development	train	18.4443335	18.4443335	32.86	32.86	20.76966	6.8539878	13.9156722	0.05686	0.10686	0.085488
4/25/2020 10:00	4/25/2020	10	development	train	21.010833	21.010833	49.28	49.28	22.85127556	7.540920935	15.31035463	0.0556	0.1056	0.08448
4/25/2020 11:00	4/25/2020	11	development	train	13.4989165	13.4989165	16.68	16.68	22.30002667	7.359008801	14.94101787	0.05434	0.10434	0.083472
4/25/2020 12:00	4/25/2020	12	development	train	10.5396667	10.5396667	18.43	18.43	18.15244778	5.990307767	12.16214001	0.05342	0.10342	0.082736
4/25/2020 13:00	4/25/2020	13	development	train	11.4964167	11.4964167	21.33	21.33	17.26047333	5.695956199	11.56451713	0.05319	0.10319	0.082552
4/25/2020 14:00	4/25/2020	14	development	train	12.8748333	12.8748333	19.85	19.85	16.18286889	5.340346734	10.84252216	0.05307	0.10307	0.082456
4/25/2020 15:00	4/25/2020	15	development	train	8.25	8.25	15.59	15.59	24.98574	8.2452942	16.7404458	0.05376	0.10376	0.083008
4/25/2020 16:00	4/25/2020	16	development	train	5.6176668	5.6176668	14.57	14.57	52.41550667	17.2971172	35.11838947	0.05525	0.10525	0.0842
4/25/2020 17:00	4/25/2020	17	development	train	2.5044167	2.5044167	10.85	10.85	21.81658	7.1994714	14.6171086	0.05629	0.10629	0.085032
4/25/2020 18:00	4/25/2020	18	development	train	0.5848333	0.5848333	9.32	9.32	17.11240667	5.647094201	11.46531247	0.05709	0.10709	0.085672
4/25/2020 19:00	4/25/2020	19	development	train	0	0	10.09	10.09	14.46060556	4.771999835	9.688605725	0.05709	0.10709	0.085672
4/25/2020 20:00	4/25/2020	20	development	train	0	0	-0.27	0	13.16033778	4.342911467	8.817426313	0.05709	0.10709	0.085672
4/25/2020 21:00	4/25/2020	21	development	train	0	0	1.8	1.8	14.88441333	4.911856399	9.972556931	0.05583	0.10583	0.084664
4/25/2020 22:00	4/25/2020	22	development	train	0	0	-0.28	0	13.48021444	4.448470765	9.031743675	0.056	0.106	0.0848
4/25/2020 23:00	4/25/2020	23	development	train	0	0	-0.24	0	12.93629111	4.268976066	8.667315044	0.05566	0.10566	0.084528
4/26/2020 0:00	4/26/2020	0	development	train	0	0	-0.29	0	15.07050222	4.973265733	10.09723649	0.05554	0.10554	0.084432
4/26/2020 1:00	4/26/2020	1	development	train	0	0	-0.27	0	15.1693	5.005869	10.163431	0.056	0.106	0.0848
4/26/2020 2:00	4/26/2020	2	development	train	0	0	-0.29	0	22.15493333	7.311127999	14.84380533	0.05658	0.10658	0.085264
4/26/2020 3:00	4/26/2020	3	development	train	0	0	0.96	0.96	18.05122667	5.956904801	12.09432187	0.05819	0.10819	0.086552
4/26/2020 4:00	4/26/2020	4	development	train	0.5419167	0.5419167	4.5	4.5	19.21524889	6.341032134	12.87421676	0.05831	0.10831	0.086648
4/26/2020 5:00	4/26/2020	5	development	train	2.3704167	2.3704167	-0.02	0	18.99173333	6.267271999	12.72446133	0.05854	0.10854	0.086832
4/26/2020 6:00	4/26/2020	6	development	train	7.6336667	7.6336667	-0.27	0	22.26863111	7.348648266	14.91998284	0.05911	0.10911	0.087288
4/26/2020 7:00	4/26/2020	7	development	train	11.6220002	11.6220002	-0.26	0	22.97777333	7.582665199	15.39510813	0.06188	0.11188	0.089504
4/26/2020 8:00	4/26/2020	8	development	train	20.4705	20.4705	-0.24	0	24.58408444	8.112747865	16.47133657	0.06349	0.11349	0.090792
4/26/2020 9:00	4/26/2020	9	development	train	37.397833	37.397833	-0.31	0	19.66378667	6.489049601	13.17473707	0.06395	0.11395	0.09116
4/26/2020 10:00	4/26/2020	10	development	train	21.144083	21.144083	-0.3	0	13.93845111	4.599688866	9.338762244	0.06292	0.11292	0.090336
4/26/2020 11:00	4/26/2020	11	development	train	25.2104165	25.2104165	-0.26	0	11.60900667	3.830972201	7.778034469	0.06245	0.11245	0.08996
4/26/2020 12:00	4/26/2020	12	development	train	25.302584	25.302584	-0.24	0	16.82514667	5.552298401	11.27284827	0.06211	0.11211	0.089688
4/26/2020 13:00	4/26/2020	13	development	train	30.627416	30.627416	-0.28	0	23.81207111	7.857983466	15.95408764	0.06234	0.11234	0.089872
4/26/2020 14:00	4/26/2020	14	development	train	17.8295	17.8295	-0.27	0	15.51885333	5.121221599	10.39763173	0.06315	0.11315	0.09052
4/26/2020 15:00	4/26/2020	15	development	train	13.65475	13.65475	-0.25	0	31.54792444	10.41081507	21.13710937	0.06614	0.11614	0.092912
4/26/2020 16:00	4/26/2020	16	development	train	11.1923333	11.1923333	-0.25	0	49.80280444	16.43492547	33.36787897	0.06637	0.11637	0.093096
4/26/2020 17:00	4/26/2020	17	development	train	5.0460834	5.0460834	-0.24	0	17.27978333	5.702328499	11.57745483	0.06603	0.11603	0.092824
4/26/2020 18:00	4/26/2020	18	development	train	1.5271666	1.5271666	-0.26	0	20.93711111	6.909246666	14.02786444	0.06787	0.11787	0.094296
4/26/2020 19:00	4/26/2020	19	development	train	0.0055	0.0055	-0.24	0	21.76616667	7.182835001	14.58333167	0.06879	0.11879	0.095032
4/26/2020 20:00	4/26/2020	20	development	train	0	0	-0.24	0	22.14217778	7.306918667	14.83525911	0.06418	0.11418	0.091344
4/26/2020 21:00	4/26/2020	21	development	train	0	0	-0.26	0	17.52233444	5.782370365	11.73996407	0.0605	0.1105	0.0884
4/26/2020 22:00	4/26/2020	22	development	train	0	0	-0.26	0	13.01121556	4.293701135	8.717514425	0.06199	0.11199	0.089592
4/26/2020 23:00	4/26/2020	23	development	train	0	0	-0.26	0	10.87501778	3.588755867	7.286261913	0.06119	0.11119	0.088952
4/27/2020 0:00	4/27/2020	0	development	train	0	0	0.2	0.2	14.17507778	4.677775667	9.497302113	0.06119	0.11119	0.088952
4/27/2020 1:00	4/27/2020	1	development	train	0	0	-0.27	0	13.31536	4.3940688	8.9212912	0.0613	0.1113	0.08904
4/27/2020 2:00	4/27/2020	2	development	train	0	0	-0.3	0	15.73957556	5.194059935	10.54551563	0.06222	0.11222	0.089776
4/27/2020 3:00	4/27/2020	3	development	train	0.085	0.085	-0.26	0	12.32965111	4.068784866	8.260866244	0.06683	0.11683	0.093464
4/27/2020 4:00	4/27/2020	4	development	train	2.2321667	2.2321667	-0.28	0	14.44404667	4.766535401	9.677511269	0.07743	0.12743	0.101944
4/27/2020 5:00	4/27/2020	5	development	train	7.48775	7.48775	-0.32	0	15.05337444	4.967613565	10.08576087	0.08838	0.13838	0.110704
4/27/2020 6:00	4/27/2020	6	development	train	20.7526665	20.7526665	-0.27	0	21.42747778	7.071067667	14.35641011	0.08642	0.13642	0.109136
4/27/2020 7:00	4/27/2020	7	development	train	28.5235	28.5235	-0.26	0	32.55471556	10.74305613	21.81165943	0.08711	0.13711	0.109688
4/27/2020 8:00	4/27/2020	8	development	train	22.6820835	22.6820835	-0.24	0	20.46047778	6.751957667	13.70852011	0.08688	0.13688	0.109504
4/27/2020 9:00	4/27/2020	9	development	train	18.8896665	18.8896665	11.76	11.76	18.92124444	6.244010665	12.67723377	0.07985	0.12985	0.10388
4/27/2020 10:00	4/27/2020	10	development	train	19.37125	19.37125	13.7	13.7	16.34929889	5.395268634	10.95403026	0.0772	0.1272	0.10176
4/27/2020 11:00	4/27/2020	11	development	train	22.1065	22.1065	2.13	2.13	16.46715444	5.434160965	11.03299347	0.06891	0.11891	0.095128
4/27/2020 12:00	4/27/2020	12	development	train	32.433167	32.433167	9.23	9.23	19.36930667	6.391871201	12.97743547	0.06833	0.11833	0.094664
4/27/2020 13:00	4/27/2020	13	development	train	27.905	27.905	6.49	6.49	24.77683333	8.176354999	16.60047833	0.06787	0.11787	0.094296
4/27/2020 14:00	4/27/2020	14	development	train	30.289916	30.289916	20.15	20.15	17.88376667	5.901643001	11.98212367	0.06672	0.11672	0.093376
4/27/2020 15:00	4/27/2020	15	development	train	19.3608335	19.3608335	9.36	9.36	17.65282222	5.825431333	11.82739089	0.06349	0.11349	0.090792
4/27/2020 16:00	4/27/2020	16	development	train	16.0628335	16.0628335	6.13	6.13	25.86308889	8.534819334	17.32826956	0.06315	0.11315	0.09052
4/27/2020 17:00	4/27/2020	17	development	train	4.941	4.941	3.15	3.15	51.48977333	16.9916252	34.49814813	0.0628	0.1128	0.09024
4/27/2020 18:00	4/27/2020	18	development	train	1.6254166	1.6254166	6.94	6.94	32.20669333	10.6282088	21.57848453	0.06257	0.11257	0.090056
4/27/2020 19:00	4/27/2020	19	development	train	0.0446	0.0446	21.71	21.71	20.74671111	6.846414666	13.90029644	0.06165	0.11165	0.08932
4/27/2020 20:00	4/27/2020	20	development	train	0	0	22.25	22.25	17.31324444	5.713370665	11.59987377	0.05934	0.10934	0.087472
4/27/2020 21:00	4/27/2020	21	development	train	0	0	7.51	7.51	17.00942444	5.613110065	11.39631437	0.05819	0.10819	0.086552
4/27/2020 22:00	4/27/2020	22	development	train	0	0	0.67	0.67	15.08140111	4.976862366	10.10453874	0.06104	0.11104	0.088832
4/27/2020 23:00	4/27/2020	23	development	train	0	0	18.17	18.17	10.66211222	3.518497033	7.143615187	0.06116	0.11116	0.088928
4/28/2020 0:00	4/28/2020	0	development	train	0	0	0.26	0.26	15.244	5.03052	10.21348	0.06139	0.11139	0.089112
4/28/2020 1:00	4/28/2020	1	development	train	0	0	0.79	0.79	13.24657222	4.371368833	8.875203387	0.06219	0.11219	0.089752
4/28/2020 2:00	4/28/2020	2	development	train	0	0	5.39	5.39	14.95050222	4.933665733	10.01683649	0.06459	0.11459	0.091672
4/28/2020 3:00	4/28/2020	3	development	train	0.1040834	0.1040834	-0.02	0	14.79677333	4.882935199	9.913838131	0.06768	0.11768	0.094144
4/28/2020 4:00	4/28/2020	4	development	train	2.0559167	2.0559167	-0.28	0	14.34755556	4.734693335	9.612862225	0.08383	0.13383	0.107064
4/28/2020 5:00	4/28/2020	5	development	train	6.7896667	6.7896667	-0.18	0	15.80348444	5.215149865	10.58833457	0.08944	0.13944	0.111552
4/28/2020 6:00	4/28/2020	6	development	train	11.9015002	11.9015002	0.46	0.46	18.30963889	6.042180834	12.26745806	0.09334	0.14334	0.114672
4/28/2020 7:00	4/28/2020	7	development	train	26.756667	26.756667	3.86	3.86	16.40552444	5.413823065	10.99170137	0.09391	0.14391	0.115128
4/28/2020 8:00	4/28/2020	8	development	train	40.75225	40.75225	-0.27	0	20.22381111	6.673857666	13.54995344	0.09299	0.14299	0.114392
4/28/2020 9:00	4/28/2020	9	development	train	47.691416	47.691416	-0.26	0	22.08006444	7.286421265	14.79364317	0.09093	0.14093	0.112744
4/28/2020 10:00	4/28/2020	10	development	train	68.308918	68.308918	-0.25	0	14.78617111	4.879436466	9.906734644	0.09139	0.14139	0.113112
4/28/2020 11:00	4/28/2020	11	development	train	32.266917	32.266917	-0.25	0	14.36356667	4.739977001	9.623589669	0.09093	0.14093	0.112744
4/28/2020 12:00	4/28/2020	12	development	train	20.546917	20.546917	-0.25	0	13.75147	4.5379851	9.2134849	0.09002	0.14002	0.112016
4/28/2020 13:00	4/28/2020	13	development	train	68.889166	68.889166	-0.24	0	17.29766222	5.708228533	11.58943369	0.08933	0.13933	0.111464
4/28/2020 14:00	4/28/2020	14	development	train	56.4295	56.4295	-0.24	0	17.84087333	5.887488199	11.95338513	0.08784	0.13784	0.110272
4/28/2020 15:00	4/28/2020	15	development	train	40.682251	40.682251	-0.25	0	14.83308444	4.894917865	9.938166575	0.08624	0.13624	0.108992
4/28/2020 16:00	4/28/2020	16	development	train	21.9506665	21.9506665	-0.27	0	12.21867778	4.032163667	8.186514113	0.08681	0.13681	0.109448
4/28/2020 17:00	4/28/2020	17	development	train	5.6236668	5.6236668	-0.27	0	47.29223111	15.60643627	31.68579484	0.08738	0.13738	0.109904
4/28/2020 18:00	4/28/2020	18	development	train	1.3551666	1.3551666	-0.25	0	53.56933778	17.67788147	35.89145631	0.08876	0.13876	0.111008
4/28/2020 19:00	4/28/2020	19	development	train	0.0411666	0.0411666	-0.28	0	15.33167556	5.059452935	10.27222263	0.08876	0.13876	0.111008
4/28/2020 20:00	4/28/2020	20	development	train	0	0	-0.24	0	16.37858444	5.404932865	10.97365157	0.08692	0.13692	0.109536
4/28/2020 21:00	4/28/2020	21	development	train	0	0	-0.32	0	19.30616	6.3710328	12.9351272	0.08303	0.13303	0.106424
4/28/2020 22:00	4/28/2020	22	development	train	0	0	-0.26	0	15.94209556	5.260891535	10.68120403	0.08005	0.13005	0.10404
4/28/2020 23:00	4/28/2020	23	development	train	0	0	-0.24	0	11.52771667	3.804146501	7.723570169	0.06944	0.11944	0.095552
4/29/2020 0:00	4/29/2020	0	development	train	0	0	-0.24	0	14.04886889	4.636126734	9.412742156	0.06684	0.11684	0.093472
4/29/2020 1:00	4/29/2020	1	development	train	0	0	-0.24	0	15.78025778	5.207485067	10.57277271	0.06571	0.11571	0.092568
4/29/2020 2:00	4/29/2020	2	development	train	0	0	-0.28	0	15.00823556	4.952717735	10.05551783	0.06391	0.11391	0.091128
4/29/2020 3:00	4/29/2020	3	development	train	0.5685834	0.5685834	-0.3	0	13.19803333	4.355350999	8.842682331	0.06662	0.11662	0.093296
4/29/2020 4:00	4/29/2020	4	development	train	3.8475832	3.8475832	-0.27	0	12.03257444	3.970749565	8.061824875	0.07565	0.12565	0.10052
4/29/2020 5:00	4/29/2020	5	development	train	11.1298332	11.1298332	-0.25	0	14.18651556	4.681550135	9.504965425	0.08254	0.13254	0.106032
4/29/2020 6:00	4/29/2020	6	development	train	13.967083	13.967083	-0.3	0	19.38459111	6.396915066	12.98767604	0.08502	0.13502	0.108016
4/29/2020 7:00	4/29/2020	7	development	train	18.14375	18.14375	-0.27	0	20.77383778	6.855366467	13.91847131	0.08638	0.13638	0.109104
4/29/2020 8:00	4/29/2020	8	development	train	11.1474167	11.1474167	-0.26	0	19.60899333	6.470967799	13.13802553	0.08344	0.13344	0.106752
4/29/2020 9:00	4/29/2020	9	development	train	46.221333	46.221333	-0.26	0	18.49703778	6.104022467	12.39301531	0.08242	0.13242	0.105936
4/29/2020 10:00	4/29/2020	10	development	train	49.609666	49.609666	-0.29	0	14.87047111	4.907255466	9.963215644	0.08265	0.13265	0.10612
4/29/2020 11:00	4/29/2020	11	development	train	39.348416	39.348416	-0.27	0	13.27555333	4.380932599	8.894620731	0.08288	0.13288	0.106304
4/29/2020 12:00	4/29/2020	12	development	train	38.051583	38.051583	-0.31	0	17.88307	5.9014131	11.9816569	0.08299	0.13299	0.106392
4/29/2020 13:00	4/29/2020	13	development	train	37.964417	37.964417	-0.27	0	21.48516	7.0901028	14.3950572	0.08276	0.13276	0.106208
4/29/2020 14:00	4/29/2020	14	development	train	37.428417	37.428417	-0.27	0	17.16231333	5.663563399	11.49874993	0.08321	0.13321	0.106568
4/29/2020 15:00	4/29/2020	15	development	train	23.67575	23.67575	9.7	9.7	17.31310667	5.713325201	11.59978147	0.08231	0.13231	0.105848
4/29/2020 16:00	4/29/2020	16	development	train	14.0375835	14.0375835	21.35	21.35	11.90335333	3.928106599	7.975246731	0.08096	0.13096	0.104768
4/29/2020 17:00	4/29/2020	17	development	train	7.05725	7.05725	18.69	18.69	23.54036444	7.768320265	15.77204417	0.08084	0.13084	0.104672
4/29/2020 18:00	4/29/2020	18	development	train	2.322	2.322	33.16	33.16	51.17728889	16.88850533	34.28878356	0.08152	0.13152	0.105216
4/29/2020 19:00	4/29/2020	19	development	train	0.0222	0.0222	32.79	32.79	40.44140444	13.34566347	27.09574097	0.08141	0.13141	0.105128
4/29/2020 20:00	4/29/2020	20	development	train	0	0	48.02	48.02	22.94272	7.5710976	15.3716224	0.08141	0.13141	0.105128
4/29/2020 21:00	4/29/2020	21	development	train	0	0	57.83	57.83	17.63819556	5.820604535	11.81759103	0.08028	0.13028	0.104224
4/29/2020 22:00	4/29/2020	22	development	train	0	0	39.83	39.83	12.16114444	4.013177665	8.147966775	0.08486	0.13486	0.107888
4/29/2020 23:00	4/29/2020	23	development	train	0	0	48.35	48.35	10.73811889	3.543579234	7.194539656	0.08328	0.13328	0.106624
4/30/2020 0:00	4/30/2020	0	development	train	0	0	86.55	86.55	13.26474889	4.377367134	8.887381756	0.08227	0.13227	0.105816
4/30/2020 1:00	4/30/2020	1	development	train	0	0	86.44	86.44	14.60043333	4.818142999	9.782290331	0.08148	0.13148	0.105184
4/30/2020 2:00	4/30/2020	2	development	train	0	0	59.76	59.76	14.39491111	4.750320666	9.644590444	0.08024	0.13024	0.104192
4/30/2020 3:00	4/30/2020	3	development	train	0.34725	0.34725	46.11	46.11	13.57575778	4.480000067	9.095757713	0.08069	0.13069	0.104552
4/30/2020 4:00	4/30/2020	4	development	train	1.8730833	1.8730833	66.52	66.52	13.08849444	4.319203165	8.769291275	0.07258	0.12258	0.098064
4/30/2020 5:00	4/30/2020	5	development	train	7.9944167	7.9944167	51.82	51.82	11.61702111	3.833616966	7.783404144	0.08441	0.13441	0.107528
4/30/2020 6:00	4/30/2020	6	development	train	27.642833	27.642833	86.38	86.38	18.7972	6.203076	12.594124	0.08689	0.13689	0.109512
4/30/2020 7:00	4/30/2020	7	development	train	46.955583	46.955583	91.73	91.73	18.44655667	6.087363701	12.35919297	0.08531	0.13531	0.108248
4/30/2020 8:00	4/30/2020	8	development	train	61.864082	61.864082	95.52	95.52	18.38489778	6.067016267	12.31788151	0.08373	0.13373	0.106984
4/30/2020 9:00	4/30/2020	9	development	train	73.118084	73.118084	91.84	91.84	15.57668667	5.140306601	10.43638007	0.08103	0.13103	0.104824
4/30/2020 10:00	4/30/2020	10	development	train	78.945332	78.945332	119.54	119.54	13.89447333	4.585176199	9.309297131	0.08013	0.13013	0.104104
4/30/2020 11:00	4/30/2020	11	development	train	79.855834	79.855834	118.84	118.84	12.85147556	4.240986935	8.610488625	0.07212	0.12212	0.097696
4/30/2020 12:00	4/30/2020	12	development	train	77.579502	77.579502	118.52	118.52	16.59762222	5.477215333	11.12040689	0.06424	0.11424	0.091392
4/30/2020 13:00	4/30/2020	13	development	train	68.321666	68.321666	117.24	117.24	15.55101111	5.131833666	10.41917744	0.05939	0.10939	0.087512
4/30/2020 14:00	4/30/2020	14	development	train	56.289082	56.289082	97.72	97.72	14.09718444	4.652070865	9.445113575	0.05916	0.10916	0.087328
4/30/2020 15:00	4/30/2020	15	development	train	31.472166	31.472166	92.64	92.64	14.11917889	4.659329034	9.459849856	0.05747	0.10747	0.085976
4/30/2020 16:00	4/30/2020	16	development	train	16.5244165	16.5244165	119.25	119.25	9.978313333	3.2928434	6.685469933	0.05883	0.10883	0.087064
4/30/2020 17:00	4/30/2020	17	development	train	5.4453334	5.4453334	96.51	96.51	14.42499667	4.760248901	9.664747769	0.06018	0.11018	0.088144
4/30/2020 18:00	4/30/2020	18	development	train	1.7513333	1.7513333	88.07	88.07	35.78337778	11.80851467	23.97486311	0.05973	0.10973	0.087784
4/30/2020 19:00	4/30/2020	19	development	train	0.0904167	0.0904167	89.2	89.2	47.88701333	15.8027144	32.08429893	0.05894	0.10894	0.087152
4/30/2020 20:00	4/30/2020	20	development	train	0	0	104.26	104.26	32.50425111	10.72640287	21.77784824	0.05804	0.10804	0.086432
4/30/2020 21:00	4/30/2020	21	development	train	0	0	114.24	114.24	19.83770889	6.546443934	13.29126496	0.05657	0.10657	0.085256
4/30/2020 22:00	4/30/2020	22	development	train	0	0	124.26	124.26	17.92106333	5.913950899	12.00711243	0.05843	0.10843	0.086744
4/30/2020 23:00	4/30/2020	23	development	train	0	0	107.91	107.91	15.54874	5.1310842	10.4176558	0.05776	0.10776	0.086208
5/1/2020 0:00	5/1/2020	0	development	train	0	0	103.95	103.95	15.57678667	5.140339601	10.43644707	0.05273	0.10273	0.082184
5/1/2020 1:00	5/1/2020	1	development	train	0	0	120.3	120.3	15.35296444	5.066478265	10.28648617	0.05028	0.10028	0.080224
5/1/2020 2:00	5/1/2020	2	development	train	0	0	152.53	152.53	15.67600667	5.173082201	10.50292447	0.05028	0.10028	0.080224
5/1/2020 3:00	5/1/2020	3	development	train	0.0104167	0.0104167	66.04	66.04	13.45208889	4.439189334	9.012899556	0.05251	0.10251	0.082008
5/1/2020 4:00	5/1/2020	4	development	train	1.2273334	1.2273334	43.83	43.83	13.43174444	4.432475665	8.999268775	0.04994	0.09994	0.079952
5/1/2020 5:00	5/1/2020	5	development	train	3.8539998	3.8539998	86.04	86.04	14.84308778	4.898218967	9.944868813	0.05352	0.10352	0.082816
5/1/2020 6:00	5/1/2020	6	development	train	6.0529167	6.0529167	67.49	67.49	20.46734222	6.754222933	13.71311929	0.05743	0.10743	0.085944
5/1/2020 7:00	5/1/2020	7	development	train	16.3354165	16.3354165	42.83	42.83	20.34649111	6.714342066	13.63214904	0.05899	0.10899	0.087192
5/1/2020 8:00	5/1/2020	8	development	train	54.988582	54.988582	64.01	64.01	16.47949556	5.438233535	11.04126203	0.05921	0.10921	0.087368
5/1/2020 9:00	5/1/2020	9	development	train	75.055084	75.055084	68.92	68.92	16.98028	5.6034924	11.3767876	0.05899	0.10899	0.087192
5/1/2020 10:00	5/1/2020	10	development	train	75.677998	75.677998	39.92	39.92	15.55782556	5.134082435	10.42374313	0.0581	0.1081	0.08648
5/1/2020 11:00	5/1/2020	11	development	train	66.6515	66.6515	53.63	53.63	12.47743222	4.117552633	8.359879587	0.05765	0.10765	0.08612
5/1/2020 12:00	5/1/2020	12	development	train	30.601083	30.601083	62.51	62.51	17.68019444	5.834464165	11.84573027	0.05798	0.10798	0.086384
5/1/2020 13:00	5/1/2020	13	development	train	9.9834167	9.9834167	41.3	41.3	18.08299111	5.967387066	12.11560404	0.0581	0.1081	0.08648
5/1/2020 14:00	5/1/2020	14	development	train	9.1706666	9.1706666	58.29	58.29	16.79006667	5.540722001	11.24934467	0.06625	0.11625	0.093
5/1/2020 15:00	5/1/2020	15	development	train	4.8735834	4.8735834	23.51	23.51	16.23046111	5.356052166	10.87440894	0.06759	0.11759	0.094072
5/1/2020 16:00	5/1/2020	16	development	train	5.2705834	5.2705834	33.27	33.27	12.65564222	4.176361933	8.479280287	0.07586	0.12586	0.100688
5/1/2020 17:00	5/1/2020	17	development	train	1.5296667	1.5296667	20.51	20.51	20.28127111	6.692819466	13.58845164	0.07932	0.12932	0.103456
5/1/2020 18:00	5/1/2020	18	development	train	0.1924167	0.1924167	18.2	18.2	54.24201333	17.8998644	36.34214893	0.08111	0.13111	0.104888
5/1/2020 19:00	5/1/2020	19	development	train	0	0	4.92	4.92	36.86164	12.1643412	24.6972988	0.08189	0.13189	0.105512
5/1/2020 20:00	5/1/2020	20	development	train	0	0	-0.26	0	19.15405111	6.320836866	12.83321424	0.08234	0.13234	0.105872
5/1/2020 21:00	5/1/2020	21	development	train	0	0	-0.27	0	15.84520444	5.228917465	10.61628697	0.07877	0.12877	0.103016
5/1/2020 22:00	5/1/2020	22	development	train	0	0	-0.38	0	12.47100667	4.115432201	8.355574469	0.08389	0.13389	0.107112
5/1/2020 23:00	5/1/2020	23	development	train	0	0	-0.29	0	10.65341222	3.515626033	7.137786187	0.08172	0.13172	0.105376
5/2/2020 0:00	5/2/2020	0	development	train	0	0	-0.32	0	13.02271444	4.297495765	8.725218675	0.08207	0.13207	0.105656
5/2/2020 1:00	5/2/2020	1	development	train	0	0	-0.28	0	14.74831222	4.866943033	9.881369187	0.08218	0.13218	0.105744
5/2/2020 2:00	5/2/2020	2	development	train	0	0	-0.25	0	11.27399111	3.720417066	7.553574044	0.08241	0.13241	0.105928
5/2/2020 3:00	5/2/2020	3	development	train	0.4450833	0.4450833	-0.28	0	11.99659222	3.958875433	8.037716787	0.08218	0.13218	0.105744
5/2/2020 4:00	5/2/2020	4	development	train	0.8205	0.8205	-0.24	0	13.45649556	4.440643535	9.015852025	0.08207	0.13207	0.105656
5/2/2020 5:00	5/2/2020	5	development	train	2.82225	2.82225	-0.28	0	11.58608444	3.823407865	7.762676575	0.08492	0.13492	0.107936
5/2/2020 6:00	5/2/2020	6	development	train	8.8444166	8.8444166	-0.25	0	18.2726	6.029958	12.242642	0.08503	0.13503	0.108024
5/2/2020 7:00	5/2/2020	7	development	train	18.950583	18.950583	-0.27	0	19.05904444	6.289484665	12.76955977	0.09107	0.14107	0.112856
5/2/2020 8:00	5/2/2020	8	development	train	21.9083335	21.9083335	-0.25	0	19.13447778	6.314377667	12.82010011	0.09529	0.14529	0.116232
5/2/2020 9:00	5/2/2020	9	development	train	45.473584	45.473584	-0.31	0	14.56477	4.8063741	9.7583959	0.0946	0.1446	0.11568
5/2/2020 10:00	5/2/2020	10	development	train	36.572584	36.572584	-0.29	0	16.08207111	5.307083466	10.77498764	0.09221	0.14221	0.113768
5/2/2020 11:00	5/2/2020	11	development	train	37.918	37.918	9.76	9.76	14.83026778	4.893988367	9.936279413	0.08378	0.13378	0.107024
5/2/2020 12:00	5/2/2020	12	development	train	48.392417	48.392417	5.98	5.98	14.55669222	4.803708433	9.752983787	0.07272	0.12272	0.098176
5/2/2020 13:00	5/2/2020	13	development	train	43.583916	43.583916	-0.29	0	18.18580111	6.001314366	12.18448674	0.07488	0.12488	0.099904
5/2/2020 14:00	5/2/2020	14	development	train	12.7520833	12.7520833	3.53	3.53	14.04436556	4.634640635	9.409724925	0.07694	0.12694	0.101552
5/2/2020 15:00	5/2/2020	15	development	train	8.4440833	8.4440833	24.69	24.69	13.69608667	4.519708601	9.176378069	0.09426	0.14426	0.115408
5/2/2020 16:00	5/2/2020	16	development	train	4.883	4.883	14.95	14.95	14.76713667	4.873155101	9.893981569	0.09096	0.14096	0.112768
5/2/2020 17:00	5/2/2020	17	development	train	0.8858334	0.8858334	22.92	22.92	51.55389778	17.01278627	34.54111151	0.09061	0.14061	0.112488
5/2/2020 18:00	5/2/2020	18	development	train	0.037	0.037	17.74	17.74	38.63660889	12.75008093	25.88652796	0.08959	0.13959	0.111672
5/2/2020 19:00	5/2/2020	19	development	train	0	0	12.1	12.1	19.65904444	6.487484665	13.17155977	0.08833	0.13833	0.110664
5/2/2020 20:00	5/2/2020	20	development	train	0	0	5.65	5.65	20.79839111	6.863469066	13.93492204	0.08674	0.13674	0.109392
5/2/2020 21:00	5/2/2020	21	development	train	0	0	11.62	11.62	19.06969333	6.292998799	12.77669453	0.08457	0.13457	0.107656
5/2/2020 22:00	5/2/2020	22	development	train	0	0	8.45	8.45	11.66286222	3.848744533	7.814117687	0.08514	0.13514	0.108112
5/2/2020 23:00	5/2/2020	23	development	train	0	0	10.69	10.69	11.93552333	3.938722699	7.996800631	0.08172	0.13172	0.105376
5/3/2020 0:00	5/3/2020	0	development	train	0	0	6.83	6.83	13.20939111	4.359099066	8.850292044	0.07933	0.12933	0.103464
5/3/2020 1:00	5/3/2020	1	development	train	0	0	17.73	17.73	11.82393111	3.901897266	7.922033844	0.07819	0.12819	0.102552
5/3/2020 2:00	5/3/2020	2	development	train	0	0	32.73	32.73	14.11001111	4.656303666	9.453707444	0.07728	0.12728	0.101824
5/3/2020 3:00	5/3/2020	3	development	train	0.0634166	0.0634166	30.52	30.52	14.86698444	4.906104865	9.960879575	0.06976	0.11976	0.095808
5/3/2020 4:00	5/3/2020	4	development	train	2.458	2.458	23.98	23.98	9.786846667	3.2296594	6.557187267	0.08286	0.13286	0.106288
5/3/2020 5:00	5/3/2020	5	development	train	6.7531667	6.7531667	71.51	71.51	10.57371444	3.489325765	7.084388675	0.08503	0.13503	0.108024
5/3/2020 6:00	5/3/2020	6	development	train	6.4906667	6.4906667	42.12	42.12	17.65868444	5.827365865	11.83131857	0.08492	0.13492	0.107936
5/3/2020 7:00	5/3/2020	7	development	train	15.6864165	15.6864165	31.1	31.1	18.30422556	6.040394435	12.26383113	0.08708	0.13708	0.109664
5/3/2020 8:00	5/3/2020	8	development	train	19.202583	19.202583	19.43	19.43	18.41370111	6.076521366	12.33717974	0.08708	0.13708	0.109664
5/3/2020 9:00	5/3/2020	9	development	train	10.1005833	10.1005833	16.97	16.97	17.79686667	5.872966001	11.92390067	0.08754	0.13754	0.110032
5/3/2020 10:00	5/3/2020	10	development	train	15.3906665	15.3906665	22.76	22.76	15.73523333	5.192626999	10.54260633	0.08719	0.13719	0.109752
5/3/2020 11:00	5/3/2020	11	development	train	40.9935	40.9935	8.3	8.3	15.99930111	5.279769366	10.71953174	0.08047	0.13047	0.104376
5/3/2020 12:00	5/3/2020	12	development	train	15.6283335	15.6283335	13.36	13.36	18.78679333	6.199641799	12.58715153	0.06656	0.11656	0.093248
5/3/2020 13:00	5/3/2020	13	development	train	20.4721665	20.4721665	15.01	15.01	24.22237333	7.993383199	16.22899013	0.06463	0.11463	0.091704
5/3/2020 14:00	5/3/2020	14	development	train	11.8315833	11.8315833	4.19	4.19	20.88522444	6.892124065	13.99310037	0.08024	0.13024	0.104192
5/3/2020 15:00	5/3/2020	15	development	train	7.10775	7.10775	8.3	8.3	24.17043111	7.976242266	16.19418884	0.08537	0.13537	0.108296
5/3/2020 16:00	5/3/2020	16	development	train	11.5280834	11.5280834	17.84	17.84	26.28334667	8.673504401	17.60984227	0.08868	0.13868	0.110944
5/3/2020 17:00	5/3/2020	17	development	train	9.77725	9.77725	14.6	14.6	54.81983556	18.09054573	36.72928983	0.08959	0.13959	0.111672
5/3/2020 18:00	5/3/2020	18	development	train	1.7923334	1.7923334	2.33	2.33	40.64399556	13.41251853	27.23147703	0.08913	0.13913	0.111304
5/3/2020 19:00	5/3/2020	19	development	train	0.4948334	0.4948334	8.25	8.25	22.13777778	7.305466667	14.83231111	0.08662	0.13662	0.109296
5/3/2020 20:00	5/3/2020	20	development	train	0	0	7.43	7.43	20.20814889	6.668689134	13.53945976	0.08799	0.13799	0.110392
5/3/2020 21:00	5/3/2020	21	development	train	0	0	-0.28	0	15.29534444	5.047463665	10.24788077	0.08184	0.13184	0.105472
5/3/2020 22:00	5/3/2020	22	development	train	0	0	-0.29	0	13.54899222	4.471167433	9.077824787	0.08127	0.13127	0.105016
5/3/2020 23:00	5/3/2020	23	development	train	0	0	7.84	7.84	12.17138111	4.016555766	8.154825344	0.07853	0.12853	0.102824
5/4/2020 0:00	5/4/2020	0	development	train	0	0	6.76	6.76	16.93154222	5.587408933	11.34413329	0.07728	0.12728	0.101824
5/4/2020 1:00	5/4/2020	1	development	train	0	0	13.26	13.26	22.56434	7.4462322	15.1181078	0.07808	0.12808	0.102464
5/4/2020 2:00	5/4/2020	2	development	train	0	0	14.67	14.67	21.00362	6.9311946	14.0724254	0.08127	0.13127	0.105016
5/4/2020 3:00	5/4/2020	3	development	train	1.30125	1.30125	16.66	16.66	17.75970222	5.860701733	11.89900049	0.08549	0.13549	0.108392
5/4/2020 4:00	5/4/2020	4	development	train	4.53775	4.53775	14	14	16.8264	5.552712	11.273688	0.08435	0.13435	0.10748
5/4/2020 5:00	5/4/2020	5	development	train	5.8305835	5.8305835	8.16	8.16	17.83000667	5.883902201	11.94610447	0.08993	0.13993	0.111944
5/4/2020 6:00	5/4/2020	6	development	train	8.7986667	8.7986667	11.52	11.52	25.69545556	8.479500335	17.21595523	0.09392	0.14392	0.115136
5/4/2020 7:00	5/4/2020	7	development	train	27.816083	27.816083	13.84	13.84	23.20854889	7.658821134	15.54972776	0.10064	0.15064	0.120512
5/4/2020 8:00	5/4/2020	8	development	train	12.6921667	12.6921667	11.5	11.5	23.66487556	7.809408935	15.85546663	0.10144	0.15144	0.121152
5/4/2020 9:00	5/4/2020	9	development	train	41.935333	41.935333	18.2	18.2	17.44694889	5.757493134	11.68945576	0.10543	0.15543	0.124344
5/4/2020 10:00	5/4/2020	10	development	train	22.479333	22.479333	30.31	30.31	20.38879778	6.728303267	13.66049451	0.10441	0.15441	0.123528
5/4/2020 11:00	5/4/2020	11	development	train	51.227918	51.227918	14.06	14.06	20.16848	6.6555984	13.5128816	0.10121	0.15121	0.120968
5/4/2020 12:00	5/4/2020	12	development	train	49.539417	49.539417	18.79	18.79	27.58425333	9.102803599	18.48144973	0.09859	0.14859	0.118872
5/4/2020 13:00	5/4/2020	13	development	train	27.29325	27.29325	15.96	15.96	23.06222667	7.610534801	15.45169187	0.09825	0.14825	0.1186
5/4/2020 14:00	5/4/2020	14	development	train	29.597833	29.597833	4.75	4.75	17.96980333	5.930035099	12.03976823	0.09483	0.14483	0.115864
5/4/2020 15:00	5/4/2020	15	development	train	13.7031665	13.7031665	12.39	12.39	15.69018667	5.177761601	10.51242507	0.09267	0.14267	0.114136
5/4/2020 16:00	5/4/2020	16	development	train	11.4053333	11.4053333	23.59	23.59	12.76739556	4.213240535	8.554155025	0.09107	0.14107	0.112856
5/4/2020 17:00	5/4/2020	17	development	train	6.8149167	6.8149167	5.23	5.23	28.87712444	9.529451065	19.34767337	0.09061	0.14061	0.112488
5/4/2020 18:00	5/4/2020	18	development	train	1.8064166	1.8064166	7.18	7.18	33.05526667	10.908238	22.14702867	0.09039	0.14039	0.112312
5/4/2020 19:00	5/4/2020	19	development	train	0.0370834	0.0370834	6.32	6.32	53.10225333	17.5237436	35.57850973	0.08765	0.13765	0.11012
5/4/2020 20:00	5/4/2020	20	development	train	0	0	16.96	16.96	20.77680444	6.856345465	13.92045897	0.08868	0.13868	0.110944
5/4/2020 21:00	5/4/2020	21	development	train	0	0	2.3	2.3	20.63998222	6.811194133	13.82878809	0.08457	0.13457	0.107656
5/4/2020 22:00	5/4/2020	22	development	train	0	0	8.75	8.75	15.40948	5.0851284	10.3243516	0.08253	0.13253	0.106024
5/4/2020 23:00	5/4/2020	23	development	train	0	0	12.44	12.44	10.73570444	3.542782465	7.192921975	0.08104	0.13104	0.104832
5/5/2020 0:00	5/5/2020	0	development	train	0	0	16.06	16.06	14.06584111	4.641727566	9.424113544	0.08013	0.13013	0.104104
5/5/2020 1:00	5/5/2020	1	development	train	0	0	13.06	13.06	15.40355111	5.083171866	10.32037924	0.0807	0.1307	0.10456
5/5/2020 2:00	5/5/2020	2	development	train	0	0	16.11	16.11	14.08156778	4.646917367	9.434650413	0.08139	0.13139	0.105112
5/5/2020 3:00	5/5/2020	3	development	train	0.57075	0.57075	19.12	19.12	15.43030444	5.092000465	10.33830397	0.08321	0.13321	0.106568
5/5/2020 4:00	5/5/2020	4	development	train	2.6108334	2.6108334	18.76	18.76	13.30645	4.3911285	8.9153215	0.08664	0.13664	0.109312
5/5/2020 5:00	5/5/2020	5	development	train	5.7233334	5.7233334	13.03	13.03	13.17525778	4.347835067	8.827422713	0.08949	0.13949	0.111592
5/5/2020 6:00	5/5/2020	6	development	train	9.4579167	9.4579167	9.7	9.7	21.39887556	7.061628935	14.33724663	0.09497	0.14497	0.115976
5/5/2020 7:00	5/5/2020	7	development	train	16.0525	16.0525	17.43	17.43	16.65752222	5.496982333	11.16053989	0.08903	0.13903	0.111224
5/5/2020 8:00	5/5/2020	8	development	train	19.93775	19.93775	17.02	17.02	18.57259556	6.128956535	12.44363903	0.0863	0.1363	0.10904
5/5/2020 9:00	5/5/2020	9	development	train	22.0346665	22.0346665	16.51	16.51	16.56099	5.4651267	11.0958633	0.08447	0.13447	0.107576
5/5/2020 10:00	5/5/2020	10	development	train	22.248	22.248	18.98	18.98	13.07960778	4.316270567	8.763337213	0.08401	0.13401	0.107208
5/5/2020 11:00	5/5/2020	11	development	train	13.7748335	13.7748335	23.36	23.36	14.75080778	4.867766567	9.883041213	0.0815	0.1315	0.1052
5/5/2020 12:00	5/5/2020	12	development	train	13.4681665	13.4681665	26.01	26.01	15.91518889	5.252012334	10.66317656	0.07967	0.12967	0.103736
5/5/2020 13:00	5/5/2020	13	development	train	17.0305	17.0305	24.56	24.56	19.14401333	6.317524399	12.82648893	0.0783	0.1283	0.10264
5/5/2020 14:00	5/5/2020	14	development	train	8.7428334	8.7428334	32.67	32.67	19.27997778	6.362392667	12.91758511	0.07762	0.12762	0.102096
5/5/2020 15:00	5/5/2020	15	development	train	7.96775	7.96775	60.93	60.93	17.50088	5.7752904	11.7255896	0.07728	0.12728	0.101824
5/5/2020 16:00	5/5/2020	16	development	train	8.1935	8.1935	71.28	71.28	15.17997778	5.009392667	10.17058511	0.07694	0.12694	0.101552
5/5/2020 17:00	5/5/2020	17	development	train	3.3995832	3.3995832	97.83	97.83	34.4867	11.380611	23.106089	0.07773	0.12773	0.102184
5/5/2020 18:00	5/5/2020	18	development	train	0.6635833	0.6635833	74.49	74.49	52.72023556	17.39767773	35.32255783	0.07773	0.12773	0.102184
5/5/2020 19:00	5/5/2020	19	development	train	0.024	0.024	85.93	85.93	31.18224	10.2901392	20.8921008	0.07716	0.12716	0.101728
5/5/2020 20:00	5/5/2020	20	development	train	0	0	73.94	73.94	25.12480444	8.291185465	16.83361897	0.07728	0.12728	0.101824
5/5/2020 21:00	5/5/2020	21	development	train	0	0	56.73	56.73	17.16503444	5.664461365	11.50057307	0.07328	0.12328	0.098624
5/5/2020 22:00	5/5/2020	22	development	train	0	0	60.05	60.05	10.93666667	3.609100001	7.327566669	0.07378	0.12378	0.099024
5/5/2020 23:00	5/5/2020	23	development	train	0	0	40.8	40.8	11.83005222	3.903917233	7.926134987	0.0702	0.1202	0.09616
5/6/2020 0:00	5/6/2020	0	development	train	0	0	37.23	37.23	13.64602444	4.503188065	9.142836375	0.06965	0.11965	0.09572
5/6/2020 1:00	5/6/2020	1	development	train	0	0	28.9	28.9	15.64992	5.1644736	10.4854464	0.07065	0.12065	0.09652
5/6/2020 2:00	5/6/2020	2	development	train	0	0	8.67	8.67	12.77935778	4.217188067	8.562169713	0.07333	0.12333	0.098664
5/6/2020 3:00	5/6/2020	3	development	train	0.3001666	0.3001666	-0.32	0	13.68116444	4.514784265	9.166380175	0.07747	0.12747	0.101976
5/6/2020 4:00	5/6/2020	4	development	train	1.7298334	1.7298334	-0.27	0	11.28185556	3.723012335	7.558843225	0.0787	0.1287	0.10296
5/6/2020 5:00	5/6/2020	5	development	train	5.3835834	5.3835834	1.52	1.52	15.02215222	4.957310233	10.06484199	0.07915	0.12915	0.10332
5/6/2020 6:00	5/6/2020	6	development	train	13.315833	13.315833	1.23	1.23	21.54589556	7.110145535	14.43575003	0.07993	0.12993	0.103944
5/6/2020 7:00	5/6/2020	7	development	train	8.4586667	8.4586667	13.56	13.56	24.98490444	8.245018465	16.73988597	0.07915	0.12915	0.10332
5/6/2020 8:00	5/6/2020	8	development	train	15.1649165	15.1649165	44.46	44.46	18.13177333	5.983485199	12.14828813	0.07892	0.12892	0.103136
5/6/2020 9:00	5/6/2020	9	development	train	19.86225	19.86225	79.22	79.22	15.97388778	5.271382967	10.70250481	0.07881	0.12881	0.103048
5/6/2020 10:00	5/6/2020	10	development	train	20.71625	20.71625	76.71	76.71	18.68278889	6.165320334	12.51746856	0.0787	0.1287	0.10296
5/6/2020 11:00	5/6/2020	11	development	train	21.0540005	21.0540005	63.36	63.36	16.25368444	5.363715865	10.88996857	0.07769	0.12769	0.102152
5/6/2020 12:00	5/6/2020	12	development	train	55.3925	55.3925	76	76	19.00267111	6.270881466	12.73178964	0.07546	0.12546	0.100368
5/6/2020 13:00	5/6/2020	13	development	train	31.329917	31.329917	103.8	103.8	19.12716	6.3119628	12.8151972	0.07311	0.12311	0.098488
5/6/2020 14:00	5/6/2020	14	development	train	26.617083	26.617083	94.3	94.3	18.78114889	6.197779134	12.58336976	0.07099	0.12099	0.096792
5/6/2020 15:00	5/6/2020	15	development	train	3.7759166	3.7759166	79.43	79.43	21.40156222	7.062515533	14.33904669	0.07266	0.12266	0.098128
5/6/2020 16:00	5/6/2020	16	development	train	5.107	5.107	57.85	57.85	16.06202	5.3004666	10.7615534	0.07255	0.12255	0.09804
5/6/2020 17:00	5/6/2020	17	development	train	3.4384166	3.4384166	59.12	59.12	14.80944	4.8871152	9.9223248	0.07468	0.12468	0.099744
5/6/2020 18:00	5/6/2020	18	development	train	2.395	2.395	63.66	63.66	18.33651778	6.051050867	12.28546691	0.07568	0.12568	0.100544
5/6/2020 19:00	5/6/2020	19	development	train	0.0664999	0.0664999	50.01	50.01	47.49079556	15.67196253	31.81883303	0.07702	0.12702	0.101616
5/6/2020 20:00	5/6/2020	20	development	train	0	0	14.49	14.49	56.95704889	18.79582613	38.16122276	0.07412	0.12412	0.099296
5/6/2020 21:00	5/6/2020	21	development	train	0	0	15.77	15.77	25.82849333	8.523402799	17.30509053	0.06819	0.11819	0.094552
5/6/2020 22:00	5/6/2020	22	development	train	0	0	12.78	12.78	18.92088444	6.243891865	12.67699257	0.0693	0.1193	0.09544
5/6/2020 23:00	5/6/2020	23	development	train	0	0	14.2	14.2	14.09694667	4.651992401	9.444954269	0.06752	0.11752	0.094016
5/7/2020 0:00	5/7/2020	0	development	train	0	0	16.63	16.63	20.01338444	6.604416865	13.40896757	0.06796	0.11796	0.094368
5/7/2020 1:00	5/7/2020	1	development	train	0	0	11.46	11.46	19.68114889	6.494779134	13.18636976	0.07085	0.12085	0.09668
5/7/2020 2:00	5/7/2020	2	development	train	0	0	2.44	2.44	18.21881778	6.012209867	12.20660791	0.07385	0.12385	0.09908
5/7/2020 3:00	5/7/2020	3	development	train	0.2355833	0.2355833	3.17	3.17	19.95986667	6.586756001	13.37311067	0.07696	0.12696	0.101568
5/7/2020 4:00	5/7/2020	4	development	train	2.7335001	2.7335001	0.9	0.9	20.58999778	6.794699267	13.79529851	0.07751	0.12751	0.102008
5/7/2020 5:00	5/7/2020	5	development	train	4.0941666	4.0941666	2.61	2.61	19.12403778	6.310932467	12.81310531	0.07951	0.12951	0.103608
5/7/2020 6:00	5/7/2020	6	development	train	6.3239167	6.3239167	-0.28	0	24.15407778	7.970845667	16.18323211	0.08151	0.13151	0.105208
5/7/2020 7:00	5/7/2020	7	development	train	17.24825	17.24825	11.09	11.09	22.29214667	7.356408401	14.93573827	0.0824	0.1324	0.10592
5/7/2020 8:00	5/7/2020	8	development	train	13.0883335	13.0883335	15.6	15.6	23.66708222	7.810137133	15.85694509	0.08262	0.13262	0.106096
5/7/2020 9:00	5/7/2020	9	development	train	21.9900835	21.9900835	6.28	6.28	19.53503778	6.446562467	13.08847531	0.08473	0.13473	0.107784
5/7/2020 10:00	5/7/2020	10	development	train	54.757416	54.757416	41.1	41.1	19.04457111	6.284708466	12.75986264	0.08384	0.13384	0.107072
5/7/2020 11:00	5/7/2020	11	development	train	38.652667	38.652667	16.72	16.72	17.41002222	5.745307333	11.66471489	0.08362	0.13362	0.106896
5/7/2020 12:00	5/7/2020	12	development	train	54.218002	54.218002	16.02	16.02	21.75123556	7.177907735	14.57332783	0.08362	0.13362	0.106896
5/7/2020 13:00	5/7/2020	13	development	train	34.04575	34.04575	-0.31	0	22.35997778	7.378792667	14.98118511	0.08395	0.13395	0.10716
5/7/2020 14:00	5/7/2020	14	development	train	15.374	15.374	2.04	2.04	24.59456889	8.116207734	16.47836116	0.08495	0.13495	0.10796
5/7/2020 15:00	5/7/2020	15	development	train	5.8122501	5.8122501	-0.29	0	16.83956778	5.557057367	11.28251041	0.08462	0.13462	0.107696
5/7/2020 16:00	5/7/2020	16	development	train	4.3076666	4.3076666	-0.26	0	15.59327222	5.145779833	10.44749239	0.08629	0.13629	0.109032
5/7/2020 17:00	5/7/2020	17	development	train	2.0405833	2.0405833	1.23	1.23	19.79989333	6.533964799	13.26592853	0.08817	0.13817	0.110536
5/7/2020 18:00	5/7/2020	18	development	train	1.3883334	1.3883334	-0.26	0	37.76969778	12.46400027	25.30569751	0.09017	0.14017	0.112136
5/7/2020 19:00	5/7/2020	19	development	train	0.0376667	0.0376667	4.82	4.82	43.42862222	14.33144533	29.09717689	0.09062	0.14062	0.112496
5/7/2020 20:00	5/7/2020	20	development	train	0	0	0.25	0.25	17.27253222	5.699935633	11.57259659	0.09017	0.14017	0.112136
5/7/2020 21:00	5/7/2020	21	development	train	0	0	-0.28	0	16.52148222	5.452089133	11.06939309	0.08618	0.13618	0.108944
5/7/2020 22:00	5/7/2020	22	development	train	0	0	-0.34	0	14.53163333	4.795438999	9.736194331	0.085	0.135	0.108
5/7/2020 23:00	5/7/2020	23	development	train	0	0	9.06	9.06	14.14509444	4.667881165	9.477213275	0.08278	0.13278	0.106224
5/8/2020 0:00	5/8/2020	0	development	train	0	0	9.78	9.78	13.90302556	4.587998435	9.315027125	0.08234	0.13234	0.105872
5/8/2020 1:00	5/8/2020	1	development	train	0	0	15.61	15.61	14.74637444	4.866303565	9.880070875	0.08256	0.13256	0.106048
5/8/2020 2:00	5/8/2020	2	development	train	0	0	11.31	11.31	13.95622556	4.605554435	9.350671125	0.08312	0.13312	0.106496
5/8/2020 3:00	5/8/2020	3	development	train	0.1329167	0.1329167	27.9	27.9	14.68187778	4.845019667	9.836858113	0.08434	0.13434	0.107472
5/8/2020 4:00	5/8/2020	4	development	train	2.0134167	2.0134167	20.31	20.31	13.11758444	4.328802865	8.788781575	0.08933	0.13933	0.111464
5/8/2020 5:00	5/8/2020	5	development	train	6.1492499	6.1492499	24.89	24.89	13.24868778	4.372066967	8.876620813	0.10376	0.15376	0.123008
5/8/2020 6:00	5/8/2020	6	development	train	8.5495834	8.5495834	22.61	22.61	21.66962667	7.150976801	14.51864987	0.13882	0.18882	0.151056
5/8/2020 7:00	5/8/2020	7	development	train	12.852583	12.852583	25.27	25.27	21.29676222	7.027931533	14.26883069	0.13782	0.18782	0.150256
5/8/2020 8:00	5/8/2020	8	development	train	11.447	11.447	21.01	21.01	19.34340889	6.383324934	12.96008396	0.10864	0.15864	0.126912
5/8/2020 9:00	5/8/2020	9	development	train	8.3979166	8.3979166	30.04	30.04	17.10455778	5.644504067	11.46005371	0.09321	0.14321	0.114568
5/8/2020 10:00	5/8/2020	10	development	train	32.81825	32.81825	61.09	61.09	17.63307111	5.818913466	11.81415764	0.08911	0.13911	0.111288
5/8/2020 11:00	5/8/2020	11	development	train	40.390333	40.390333	27.84	27.84	16.18658444	5.341572865	10.84501157	0.08567	0.13567	0.108536
5/8/2020 12:00	5/8/2020	12	development	train	22.266583	22.266583	20.49	20.49	16.76837889	5.533565034	11.23481386	0.08301	0.13301	0.106408
5/8/2020 13:00	5/8/2020	13	development	train	15.1459165	15.1459165	22.16	22.16	19.07750444	6.295576465	12.78192797	0.08112	0.13112	0.104896
5/8/2020 14:00	5/8/2020	14	development	train	10.5594167	10.5594167	17.53	17.53	19.57004222	6.458113933	13.11192829	0.08101	0.13101	0.104808
5/8/2020 15:00	5/8/2020	15	development	train	12.2574166	12.2574166	5.91	5.91	17.14823556	5.658917735	11.48931783	0.08278	0.13278	0.106224
5/8/2020 16:00	5/8/2020	16	development	train	21.603917	21.603917	5.19	5.19	14.66889444	4.840735165	9.828159275	0.08389	0.13389	0.107112
5/8/2020 17:00	5/8/2020	17	development	train	6.2168333	6.2168333	8.1	8.1	17.19385	5.6739705	11.5198795	0.08478	0.13478	0.107824
5/8/2020 18:00	5/8/2020	18	development	train	3.9244168	3.9244168	10.99	10.99	55.44763556	18.29771973	37.14991583	0.08567	0.13567	0.108536
5/8/2020 19:00	5/8/2020	19	development	train	0.17375	0.17375	7.7	7.7	40.66038667	13.4179276	27.24245907	0.08645	0.13645	0.10916
5/8/2020 20:00	5/8/2020	20	development	train	0	0	1.01	1.01	19.25541556	6.354287135	12.90112843	0.084	0.134	0.1072
5/8/2020 21:00	5/8/2020	21	development	train	0	0	-0.24	0	19.79357778	6.531880667	13.26169711	0.08156	0.13156	0.105248
5/8/2020 22:00	5/8/2020	22	development	train	0	0	1.6	1.6	19.25605556	6.354498335	12.90155723	0.08717	0.13717	0.109736
5/8/2020 23:00	5/8/2020	23	development	train	0	0	-0.31	0	15.97957444	5.273259565	10.70631487	0.08572	0.13572	0.108576
5/9/2020 0:00	5/9/2020	0	development	train	0	0	-0.25	0	16.49123333	5.442106999	11.04912633	0.08439	0.13439	0.107512
5/9/2020 1:00	5/9/2020	1	development	train	0	0	-0.26	0	15.55317444	5.132547565	10.42062687	0.08439	0.13439	0.107512
5/9/2020 2:00	5/9/2020	2	development	train	0	0	-0.26	0	17.07663778	5.635290467	11.44134731	0.08461	0.13461	0.107688
5/9/2020 3:00	5/9/2020	3	development	train	1.4814167	1.4814167	-0.28	0	18.50089333	6.105294799	12.39559853	0.08539	0.13539	0.108312
5/9/2020 4:00	5/9/2020	4	development	train	4.4466666	4.4466666	-0.25	0	15.72535667	5.189367701	10.53598897	0.08861	0.13861	0.110888
5/9/2020 5:00	5/9/2020	5	development	train	7.2178334	7.2178334	-0.26	0	19.55464889	6.453034134	13.10161476	0.08761	0.13761	0.110088
5/9/2020 6:00	5/9/2020	6	development	train	9.6850834	9.6850834	-0.28	0	22.81558	7.5291414	15.2864386	0.08983	0.13983	0.111864
5/9/2020 7:00	5/9/2020	7	development	train	11.8436669	11.8436669	-0.3	0	25.41284222	8.386237933	17.02660429	0.09461	0.14461	0.115688
5/9/2020 8:00	5/9/2020	8	development	train	24.4169995	24.4169995	7.12	7.12	25.48654889	8.410561134	17.07598776	0.09583	0.14583	0.116664
5/9/2020 9:00	5/9/2020	9	development	train	11.3655	11.3655	-0.24	0	19.67446222	6.492572533	13.18188969	0.09549	0.14549	0.116392
5/9/2020 10:00	5/9/2020	10	development	train	27.875667	27.875667	-0.39	0	18.54927	6.1212591	12.4280109	0.09405	0.14405	0.11524
5/9/2020 11:00	5/9/2020	11	development	train	22.9345835	22.9345835	-0.26	0	20.60934444	6.801083665	13.80826077	0.09139	0.14139	0.113112
5/9/2020 12:00	5/9/2020	12	development	train	13.8675	13.8675	23.84	23.84	22.00538222	7.261776133	14.74360609	0.08961	0.13961	0.111688
5/9/2020 13:00	5/9/2020	13	development	train	38.934083	38.934083	32.72	32.72	19.46360222	6.422988733	13.04061349	0.0885	0.1385	0.1108
5/9/2020 14:00	5/9/2020	14	development	train	14.1751665	14.1751665	56.02	56.02	19.93632444	6.578987065	13.35733737	0.0885	0.1385	0.1108
5/9/2020 15:00	5/9/2020	15	development	train	32.213417	32.213417	15.89	15.89	23.89512889	7.885392534	16.00973636	0.09061	0.14061	0.112488
5/9/2020 16:00	5/9/2020	16	development	train	13.5153335	13.5153335	35.49	35.49	29.55734222	9.753922933	19.80341929	0.09172	0.14172	0.113376
5/9/2020 17:00	5/9/2020	17	development	train	8.1848333	8.1848333	12.5	12.5	50.54219111	16.67892307	33.86326804	0.09139	0.14139	0.113112
5/9/2020 18:00	5/9/2020	18	development	train	2.0210001	2.0210001	11.76	11.76	21.30094	7.0293102	14.2716298	0.08872	0.13872	0.110976
5/9/2020 19:00	5/9/2020	19	development	train	0.6269167	0.6269167	-0.28	0	25.94380889	8.561456934	17.38235196	0.08828	0.13828	0.110624
5/9/2020 20:00	5/9/2020	20	development	train	0	0	4.94	4.94	17.47792111	5.767713966	11.71020714	0.08939	0.13939	0.111512
5/9/2020 21:00	5/9/2020	21	development	train	0	0	8.62	8.62	17.99696778	5.938999367	12.05796841	0.08694	0.13694	0.109552
5/9/2020 22:00	5/9/2020	22	development	train	0	0	37.41	37.41	17.26547222	5.697605833	11.56786639	0.08906	0.13906	0.111248
5/9/2020 23:00	5/9/2020	23	development	train	0	0	31.21	31.21	17.51798778	5.780935967	11.73705181	0.08719	0.13719	0.109752
5/10/2020 0:00	5/10/2020	0	development	train	0	0	53.73	53.73	18.85642889	6.222621534	12.63380736	0.08586	0.13586	0.108688
5/10/2020 1:00	5/10/2020	1	development	train	0	0	133.68	133.68	17.45352	5.7596616	11.6938584	0.08465	0.13465	0.10772
5/10/2020 2:00	5/10/2020	2	development	train	0	0	37.19	37.19	17.17243778	5.666904467	11.50553331	0.0831	0.1331	0.10648
5/10/2020 3:00	5/10/2020	3	development	train	1.1105834	1.1105834	23.43	23.43	19.42658	6.4107714	13.0158086	0.08178	0.13178	0.105424
5/10/2020 4:00	5/10/2020	4	development	train	3.102	3.102	7.29	7.29	14.91802111	4.922946966	9.995074144	0.08145	0.13145	0.10516
5/10/2020 5:00	5/10/2020	5	development	train	11.087	11.087	-0.36	0	18.32922	6.0486426	12.2805774	0.0831	0.1331	0.10648
5/10/2020 6:00	5/10/2020	6	development	train	15.885833	15.885833	-0.32	0	22.73609111	7.502910066	15.23318104	0.08509	0.13509	0.108072
5/10/2020 7:00	5/10/2020	7	development	train	2.8985	2.8985	17.5	17.5	27.23906222	8.988890533	18.25017169	0.08675	0.13675	0.1094
5/10/2020 8:00	5/10/2020	8	development	train	11.0139167	11.0139167	21.07	21.07	22.60128	7.4584224	15.1428576	0.08664	0.13664	0.109312
5/10/2020 9:00	5/10/2020	9	development	train	3.5591667	3.5591667	1.47	1.47	23.64058667	7.801393601	15.83919307	0.08531	0.13531	0.108248
5/10/2020 10:00	5/10/2020	10	development	train	29.422583	29.422583	-0.26	0	23.31614667	7.694328401	15.62181827	0.0831	0.1331	0.10648
5/10/2020 11:00	5/10/2020	11	development	train	70.387666	70.387666	34.06	34.06	21.70993778	7.164279467	14.54565831	0.07218	0.12218	0.097744
5/10/2020 12:00	5/10/2020	12	development	train	70.845334	70.845334	33.28	33.28	20.82187556	6.871218935	13.95065663	0.06567	0.11567	0.092536
5/10/2020 13:00	5/10/2020	13	development	train	52.794084	52.794084	34.96	34.96	16.79230222	5.541459733	11.25084249	0.06313	0.11313	0.090504
5/10/2020 14:00	5/10/2020	14	development	train	54.206084	54.206084	43.87	43.87	22.27834	7.3518522	14.9264878	0.06854	0.11854	0.094832
5/10/2020 15:00	5/10/2020	15	development	train	15.661	15.661	39.67	39.67	17.35758444	5.728002865	11.62958157	0.07935	0.12935	0.10348
5/10/2020 16:00	5/10/2020	16	development	train	14.54625	14.54625	22.65	22.65	53.52184444	17.66220867	35.85963577	0.08719	0.13719	0.109752
5/10/2020 17:00	5/10/2020	17	development	train	6.1501668	6.1501668	13.19	13.19	37.28631556	12.30448413	24.98183143	0.08906	0.13906	0.111248
5/10/2020 18:00	5/10/2020	18	development	train	3.37	3.37	6.66	6.66	14.84383889	4.898466834	9.945372056	0.08984	0.13984	0.111872
5/10/2020 19:00	5/10/2020	19	development	train	0.634	0.634	-0.27	0	19.1084	6.305772	12.802628	0.09138	0.14138	0.113104
5/10/2020 20:00	5/10/2020	20	development	train	0	0	-0.3	0	21.36201778	7.049465867	14.31255191	0.09006	0.14006	0.112048
5/10/2020 21:00	5/10/2020	21	development	train	0	0	1.16	1.16	21.11906667	6.969292001	14.14977467	0.08686	0.13686	0.109488
5/10/2020 22:00	5/10/2020	22	development	train	0	0	-0.32	0	17.68582778	5.836323167	11.84950461	0.07737	0.12737	0.101896
5/10/2020 23:00	5/10/2020	23	development	train	0	0	0.17	0.17	11.94970667	3.943403201	8.006303469	0.06677	0.11677	0.093416
5/11/2020 0:00	5/11/2020	0	development	train	0	0	12.66	12.66	14.92437556	4.925043935	9.999331625	0.06236	0.11236	0.089888
5/11/2020 1:00	5/11/2020	1	development	train	0	0	4.88	4.88	16.27530556	5.370850835	10.90445473	0.05927	0.10927	0.087416
5/11/2020 2:00	5/11/2020	2	development	train	0	0	15.76	15.76	16.53696111	5.457197166	11.07976394	0.06191	0.11191	0.089528
5/11/2020 3:00	5/11/2020	3	development	train	0	0	31.43	31.43	12.94167778	4.270753667	8.670924113	0.07648	0.12648	0.101184
5/11/2020 4:00	5/11/2020	4	development	train	0.0039167	0.0039167	18.36	18.36	10.63159111	3.508425066	7.123166044	0.09017	0.14017	0.112136
5/11/2020 5:00	5/11/2020	5	development	train	0.0084999	0.0084999	50.01	50.01	13.44012	4.4352396	9.0048804	0.10021	0.15021	0.120168
5/11/2020 6:00	5/11/2020	6	development	train	0.4546666	0.4546666	15.23	15.23	21.06789778	6.952406267	14.11549151	0.09745	0.14745	0.11796
5/11/2020 7:00	5/11/2020	7	development	train	5.5324167	5.5324167	29.76	29.76	24.42923556	8.061647735	16.36758783	0.09889	0.14889	0.119112
5/11/2020 8:00	5/11/2020	8	development	train	20.1045	20.1045	23.2	23.2	22.00386667	7.261276001	14.74259067	0.09911	0.14911	0.119288
5/11/2020 9:00	5/11/2020	9	development	train	18.5815835	18.5815835	74.55	74.55	19.51487778	6.439909667	13.07496811	0.099	0.149	0.1192
5/11/2020 10:00	5/11/2020	10	development	train	31.259667	31.259667	40.79	40.79	16.20078222	5.346258133	10.85452409	0.09834	0.14834	0.118672
5/11/2020 11:00	5/11/2020	11	development	train	38.889917	38.889917	60.36	60.36	14.47378222	4.776348133	9.697434087	0.09569	0.14569	0.116552
5/11/2020 12:00	5/11/2020	12	development	train	30.964083	30.964083	46.91	46.91	18.22460333	6.014119099	12.21048423	0.09271	0.14271	0.114168
5/11/2020 13:00	5/11/2020	13	development	train	27.892334	27.892334	28.96	28.96	19.07834222	6.295852933	12.78248929	0.0884	0.1384	0.11072
5/11/2020 14:00	5/11/2020	14	development	train	22.4470835	22.4470835	23.27	23.27	17.86248444	5.894619865	11.96786457	0.08906	0.13906	0.111248
5/11/2020 15:00	5/11/2020	15	development	train	10.495	10.495	7.72	7.72	18.54971667	6.121406501	12.42831017	0.08951	0.13951	0.111608
5/11/2020 16:00	5/11/2020	16	development	train	15.2848335	15.2848335	24.62	24.62	13.87560667	4.578950201	9.296656469	0.08962	0.13962	0.111696
5/11/2020 17:00	5/11/2020	17	development	train	7.7334167	7.7334167	50.23	50.23	32.2162	10.631346	21.584854	0.09006	0.14006	0.112048
5/11/2020 18:00	5/11/2020	18	development	train	1.13175	1.13175	23.15	23.15	57.34949778	18.92533427	38.42416351	0.09083	0.14083	0.112664
5/11/2020 19:00	5/11/2020	19	development	train	0	0	-0.33	0	31.67887556	10.45402893	21.22484663	0.09083	0.14083	0.112664
5/11/2020 20:00	5/11/2020	20	development	train	0	0	1.31	1.31	21.36811333	7.051477399	14.31663593	0.09083	0.14083	0.112664
5/11/2020 21:00	5/11/2020	21	development	train	0	0	-0.55	0	23.25810222	7.675173733	15.58292849	0.08995	0.13995	0.11196
5/11/2020 22:00	5/11/2020	22	development	train	0	0	-0.29	0	15.91991778	5.253572867	10.66634491	0.09856	0.14856	0.118848
5/11/2020 23:00	5/11/2020	23	development	train	0	0	-0.36	0	13.41577333	4.427205199	8.988568131	0.09723	0.14723	0.117784
5/12/2020 0:00	5/12/2020	0	development	train	0	0	-0.32	0	15.80962	5.2171746	10.5924454	0.09768	0.14768	0.118144
5/12/2020 1:00	5/12/2020	1	development	train	0	0	-0.35	0	18.77181333	6.194698399	12.57711493	0.09878	0.14878	0.119024
5/12/2020 2:00	5/12/2020	2	development	train	0	0	-0.26	0	17.95396444	5.924808265	12.02915617	0.101	0.151	0.1208
5/12/2020 3:00	5/12/2020	3	development	train	0	0	1.58	1.58	14.40736222	4.754429533	9.652932687	0.11936	0.16936	0.135488
5/12/2020 4:00	5/12/2020	4	development	train	0	0	-0.34	0	13.33796556	4.401528635	8.936436925	0.12766	0.17766	0.142128
5/12/2020 5:00	5/12/2020	5	development	train	1.6429167	1.6429167	-0.32	0	13.97398333	4.611414499	9.362568831	0.14934	0.19934	0.159472
5/12/2020 6:00	5/12/2020	6	development	train	10.3161667	10.3161667	-0.27	0	22.11182667	7.296902801	14.81492387	0.15033	0.20033	0.160264
5/12/2020 7:00	5/12/2020	7	development	train	27.676334	27.676334	-0.25	0	20.01006444	6.603321265	13.40674317	0.15055	0.20055	0.16044
5/12/2020 8:00	5/12/2020	8	development	train	49.98175	49.98175	-0.3	0	18.26487667	6.027409301	12.23746737	0.15044	0.20044	0.160352
5/12/2020 9:00	5/12/2020	9	development	train	56.945668	56.945668	16.36	16.36	10.97777444	3.622665565	7.355108875	0.14281	0.19281	0.154248
5/12/2020 10:00	5/12/2020	10	development	train	56.08075	56.08075	3.82	3.82	15.72631111	5.189682666	10.53662844	0.12445	0.17445	0.13956
5/12/2020 11:00	5/12/2020	11	development	train	64.595666	64.595666	8.93	8.93	13.42891222	4.431541033	8.997371187	0.11571	0.16571	0.132568
5/12/2020 12:00	5/12/2020	12	development	train	29.385833	29.385833	16.92	16.92	15.66329222	5.168886433	10.49440579	0.11018	0.16018	0.128144
5/12/2020 13:00	5/12/2020	13	development	train	74.259918	74.259918	13.92	13.92	18.34101444	6.052534765	12.28847967	0.10454	0.15454	0.123632
5/12/2020 14:00	5/12/2020	14	development	train	32.29325	32.29325	54.02	54.02	21.22450889	7.004087934	14.22042096	0.09956	0.14956	0.119648
5/12/2020 15:00	5/12/2020	15	development	train	35.57325	35.57325	33.35	33.35	15.25838444	5.035266865	10.22311757	0.10675	0.15675	0.1254
5/12/2020 16:00	5/12/2020	16	development	train	9.6865833	9.6865833	35.17	35.17	12.35698222	4.077804133	8.279178087	0.11571	0.16571	0.132568
5/12/2020 17:00	5/12/2020	17	development	train	5.9770834	5.9770834	15.15	15.15	38.97389333	12.8613848	26.11250853	0.11681	0.16681	0.133448
5/12/2020 18:00	5/12/2020	18	development	train	0.6981667	0.6981667	5.84	5.84	43.87690222	14.47937773	29.39752449	0.12522	0.17522	0.140176
5/12/2020 19:00	5/12/2020	19	development	train	0	0	7.18	7.18	19.55725111	6.453892866	13.10335824	0.12035	0.17035	0.13628
5/12/2020 20:00	5/12/2020	20	development	train	0	0	1.76	1.76	21.26397333	7.017111199	14.24686213	0.10763	0.15763	0.126104
5/12/2020 21:00	5/12/2020	21	development	train	0	0	1.42	1.42	19.67613111	6.493123266	13.18300784	0.09723	0.14723	0.117784
5/12/2020 22:00	5/12/2020	22	development	train	0	0	1.02	1.02	17.58773556	5.803952735	11.78378283	0.13609	0.18609	0.148872
5/12/2020 23:00	5/12/2020	23	development	train	0	0	4.45	4.45	11.09857778	3.662530667	7.436047113	0.13088	0.18088	0.144704
5/13/2020 0:00	5/13/2020	0	development	train	0	0	-0.34	0	14.99688222	4.948971133	10.04791109	0.12833	0.17833	0.142664
5/13/2020 1:00	5/13/2020	1	development	train	0	0	10.44	10.44	15.50942667	5.118110801	10.39131587	0.12822	0.17822	0.142576
5/13/2020 2:00	5/13/2020	2	development	train	0	0	0.2	0.2	14.03118111	4.630289766	9.400891344	0.13099	0.18099	0.144792
5/13/2020 3:00	5/13/2020	3	development	train	0	0	1.54	1.54	14.01979333	4.626531799	9.393261531	0.14008	0.19008	0.152064
5/13/2020 4:00	5/13/2020	4	development	train	0	0	0.93	0.93	17.29889222	5.708634433	11.59025779	0.13609	0.18609	0.148872
5/13/2020 5:00	5/13/2020	5	development	train	0.2076666	0.2076666	10.18	10.18	12.55253778	4.142337467	8.410200313	0.15227	0.20227	0.161816
5/13/2020 6:00	5/13/2020	6	development	train	4.2360833	4.2360833	3.48	3.48	19.87556	6.5589348	13.3166252	0.16146	0.21146	0.169168
5/13/2020 7:00	5/13/2020	7	development	train	21.4551665	21.4551665	1.38	1.38	21.34118667	7.042591601	14.29859507	0.16324	0.21324	0.170592
5/13/2020 8:00	5/13/2020	8	development	train	22.55375	22.55375	30.59	30.59	20.32416	6.7069728	13.6171872	0.16324	0.21324	0.170592
5/13/2020 9:00	5/13/2020	9	development	train	33.992501	33.992501	7.21	7.21	17.08569333	5.638278799	11.44741453	0.16313	0.21313	0.170504
5/13/2020 10:00	5/13/2020	10	development	train	29.359917	29.359917	4.17	4.17	14.80850222	4.886805733	9.921696487	0.16501	0.21501	0.172008
5/13/2020 11:00	5/13/2020	11	development	train	11.6615	11.6615	40.58	40.58	16.74793667	5.526819101	11.22111757	0.16479	0.21479	0.171832
5/13/2020 12:00	5/13/2020	12	development	train	21.234167	21.234167	3.69	3.69	17.74180222	5.854794733	11.88700749	0.16291	0.21291	0.170328
5/13/2020 13:00	5/13/2020	13	development	train	18.754917	18.754917	-0.31	0	21.17863333	6.988948999	14.18968433	0.15814	0.20814	0.166512
5/13/2020 14:00	5/13/2020	14	development	train	13.3288335	13.3288335	12.78	12.78	25.75959556	8.500666535	17.25892903	0.15072	0.20072	0.160576
5/13/2020 15:00	5/13/2020	15	development	train	21.0999165	21.0999165	33.05	33.05	21.93130889	7.237331934	14.69397696	0.15027	0.20027	0.160216
5/13/2020 16:00	5/13/2020	16	development	train	13.2204165	13.2204165	5.99	5.99	20.71889333	6.837234799	13.88165853	0.16279	0.21279	0.170232
5/13/2020 17:00	5/13/2020	17	development	train	3.2347499	3.2347499	9.18	9.18	55.39845778	18.28149107	37.11696671	0.16424	0.21424	0.171392
5/13/2020 18:00	5/13/2020	18	development	train	1.8334167	1.8334167	8.8	8.8	37.77489778	12.46571627	25.30918151	0.16557	0.21557	0.172456
5/13/2020 19:00	5/13/2020	19	development	train	0.5205833	0.5205833	5.34	5.34	26.62933778	8.787681467	17.84165631	0.1649	0.2149	0.17192
5/13/2020 20:00	5/13/2020	20	development	train	0	0	9.2	9.2	27.38693333	9.037687999	18.34924533	0.16424	0.21424	0.171392
5/13/2020 21:00	5/13/2020	21	development	train	0	0	9.04	9.04	21.61411111	7.132656666	14.48145444	0.15969	0.20969	0.167752
5/13/2020 22:00	5/13/2020	22	development	train	0	0	15.39	15.39	16.70120667	5.511398201	11.18980847	0.16402	0.21402	0.171216
5/13/2020 23:00	5/13/2020	23	development	train	0	0	12.46	12.46	17.99918444	5.939730865	12.05945357	0.16072	0.21072	0.168576
5/14/2020 0:00	5/14/2020	0	development	train	0	0	18.07	18.07	20.77756444	6.856596265	13.92096817	0.15897	0.20897	0.167176
5/14/2020 1:00	5/14/2020	1	development	train	0	0	9.65	9.65	21.58746	7.1238618	14.4635982	0.15963	0.20963	0.167704
5/14/2020 2:00	5/14/2020	2	development	train	0	0	18.54	18.54	22.25957556	7.345659935	14.91391563	0.16226	0.21226	0.169808
5/14/2020 3:00	5/14/2020	3	development	train	0.0460834	0.0460834	33.94	33.94	20.74904667	6.847185401	13.90186127	0.13973	0.18973	0.151784
5/14/2020 4:00	5/14/2020	4	development	train	1.2401667	1.2401667	28.84	28.84	15.78377111	5.208644466	10.57512664	0.13214	0.18214	0.145712
5/14/2020 5:00	5/14/2020	5	development	train	6.16975	6.16975	36.26	36.26	17.47209111	5.765790066	11.70630104	0.14962	0.19962	0.159696
5/14/2020 6:00	5/14/2020	6	development	train	11.9375002	11.9375002	21.09	21.09	22.58646	7.4535318	15.1329282	0.15215	0.20215	0.16172
5/14/2020 7:00	5/14/2020	7	development	train	17.1844995	17.1844995	24.37	24.37	21.56065333	7.115015599	14.44563773	0.15116	0.20116	0.160928
5/14/2020 8:00	5/14/2020	8	development	train	23.480333	23.480333	9.62	9.62	20.38647778	6.727537667	13.65894011	0.15171	0.20171	0.161368
5/14/2020 9:00	5/14/2020	9	development	train	27.421584	27.421584	18.56	18.56	12.773	4.21509	8.55791	0.14918	0.19918	0.159344
5/14/2020 10:00	5/14/2020	10	development	train	13.3095	13.3095	29.7	29.7	14.62542667	4.826390801	9.799035869	0.15864	0.20864	0.166912
5/14/2020 11:00	5/14/2020	11	development	train	26.998666	26.998666	7.15	7.15	13.11793111	4.328917266	8.789013844	0.15897	0.20897	0.167176
5/14/2020 12:00	5/14/2020	12	development	train	12.6063333	12.6063333	17.87	17.87	18.04220556	5.953927835	12.08827773	0.15875	0.20875	0.167
5/14/2020 13:00	5/14/2020	13	development	train	22.9127505	22.9127505	19.94	19.94	19.36342444	6.389930065	12.97349437	0.14489	0.19489	0.155912
5/14/2020 14:00	5/14/2020	14	development	train	18.99075	18.99075	20.33	20.33	21.52691333	7.103881399	14.42303193	0.13819	0.18819	0.150552
5/14/2020 15:00	5/14/2020	15	development	train	18.660917	18.660917	19.04	19.04	17.37709889	5.734442634	11.64265626	0.13181	0.18181	0.145448
5/14/2020 16:00	5/14/2020	16	development	train	5.1379168	5.1379168	13.23	13.23	13.74299111	4.535187066	9.207804044	0.13951	0.18951	0.151608
5/14/2020 17:00	5/14/2020	17	development	train	2.8247499	2.8247499	-0.28	0	46.34159111	15.29272507	31.04886604	0.13874	0.18874	0.150992
5/14/2020 18:00	5/14/2020	18	development	train	1.3950833	1.3950833	-0.26	0	44.31863111	14.62514827	29.69348284	0.13885	0.18885	0.15108
5/14/2020 19:00	5/14/2020	19	development	train	0.5771666	0.5771666	-0.25	0	19.60077556	6.468255935	13.13251963	0.13214	0.18214	0.145712
5/14/2020 20:00	5/14/2020	20	development	train	0	0	-0.29	0	19.72085333	6.507881599	13.21297173	0.14709	0.19709	0.157672
5/14/2020 21:00	5/14/2020	21	development	train	0	0	10.56	10.56	20.81126667	6.867718001	13.94354867	0.13203	0.18203	0.145624
5/14/2020 22:00	5/14/2020	22	development	train	0	0	17.35	17.35	17.64669222	5.823408433	11.82328379	0.13462	0.18462	0.147696
5/14/2020 23:00	5/14/2020	23	development	train	0	0	13.03	13.03	14.94490778	4.931819567	10.01308821	0.13087	0.18087	0.144696
5/15/2020 0:00	5/15/2020	0	development	train	0	0	18.51	18.51	14.39248	4.7495184	9.6429616	0.12779	0.17779	0.142232
5/15/2020 1:00	5/15/2020	1	development	train	0	0	26.53	26.53	15.32196111	5.056247166	10.26571394	0.13164	0.18164	0.145312
5/15/2020 2:00	5/15/2020	2	development	train	0	0	32.98	32.98	13.84707778	4.569535667	9.277542113	0.13043	0.18043	0.144344
5/15/2020 3:00	5/15/2020	3	development	train	0.801	0.801	29.36	29.36	14.59195333	4.815344599	9.776608731	0.13781	0.18781	0.150248
5/15/2020 4:00	5/15/2020	4	development	train	1.9093334	1.9093334	18.62	18.62	15.95004889	5.263516134	10.68653276	0.14409	0.19409	0.155272
5/15/2020 5:00	5/15/2020	5	development	train	3.5519165	3.5519165	35.12	35.12	19.01860889	6.276140934	12.74246796	0.15555	0.20555	0.16444
5/15/2020 6:00	5/15/2020	6	development	train	16.675	16.675	11.59	11.59	22.08438	7.2878454	14.7965346	0.15775	0.20775	0.1662
5/15/2020 7:00	5/15/2020	7	development	train	25.2171665	25.2171665	10.31	10.31	24.15249778	7.970324267	16.18217351	0.15334	0.20334	0.162672
5/15/2020 8:00	5/15/2020	8	development	train	43.2015	43.2015	5.21	5.21	21.96557778	7.248640667	14.71693711	0.15004	0.20004	0.160032
5/15/2020 9:00	5/15/2020	9	development	train	41.652084	41.652084	9.2	9.2	17.44413667	5.756565101	11.68757157	0.14596	0.19596	0.156768
5/15/2020 10:00	5/15/2020	10	development	train	31.747917	31.747917	19.56	19.56	14.11732333	4.658716699	9.458606631	0.1399	0.1899	0.15192
5/15/2020 11:00	5/15/2020	11	development	train	27.705667	27.705667	4.11	4.11	13.34252667	4.403033801	8.939492869	0.13197	0.18197	0.145576
5/15/2020 12:00	5/15/2020	12	development	train	19.389	19.389	24.21	24.21	16.75907	5.5304931	11.2285769	0.12503	0.17503	0.140024
5/15/2020 13:00	5/15/2020	13	development	train	22.7618335	22.7618335	17.01	17.01	17.66462444	5.829326065	11.83529837	0.12162	0.17162	0.137296
5/15/2020 14:00	5/15/2020	14	development	train	19.1683335	19.1683335	20.56	20.56	18.91398889	6.241616334	12.67237256	0.11974	0.16974	0.135792
5/15/2020 15:00	5/15/2020	15	development	train	15.1293335	15.1293335	16.91	16.91	34.12058667	11.2597936	22.86079307	0.12272	0.17272	0.138176
5/15/2020 16:00	5/15/2020	16	development	train	21.7524165	21.7524165	53.49	53.49	61.3548	20.247084	41.107716	0.13924	0.18924	0.151392
5/15/2020 17:00	5/15/2020	17	development	train	12.0827499	12.0827499	51.11	51.11	33.96516444	11.20850427	22.75666017	0.13968	0.18968	0.151744
5/15/2020 18:00	5/15/2020	18	development	train	1.4721666	1.4721666	31.03	31.03	30.18273778	9.960303467	20.22243431	0.14089	0.19089	0.152712
5/15/2020 19:00	5/15/2020	19	development	train	0.54325	0.54325	25.3	25.3	21.16934222	6.985882933	14.18345929	0.14772	0.19772	0.158176
5/15/2020 20:00	5/15/2020	20	development	train	0	0	21.46	21.46	23.60948444	7.791129865	15.81835457	0.14365	0.19365	0.15492
5/15/2020 21:00	5/15/2020	21	development	train	0	0	23.16	23.16	20.24864	6.6820512	13.5665888	0.1312	0.1812	0.14496
5/15/2020 22:00	5/15/2020	22	development	train	0	0	36.5	36.5	18.10905556	5.975988335	12.13306723	0.11604	0.16604	0.132832
5/15/2020 23:00	5/15/2020	23	development	train	0	0	44.4	44.4	17.08673111	5.638621266	11.44810984	0.10756	0.15756	0.126048
5/16/2020 0:00	5/16/2020	0	development	train	0	0	43.24	43.24	24.15904	7.9724832	16.1865568	0.1005	0.1505	0.1204
5/16/2020 1:00	5/16/2020	1	development	train	0	0	35.26	35.26	22.68497556	7.486041935	15.19893363	0.09962	0.14962	0.119696
5/16/2020 2:00	5/16/2020	2	development	train	0	0	34.94	34.94	20.07758667	6.625603601	13.45198307	0.0962	0.1462	0.11696
5/16/2020 3:00	5/16/2020	3	development	train	0	0	33.61	33.61	19.08769333	6.298938799	12.78875453	0.09654	0.14654	0.117232
5/16/2020 4:00	5/16/2020	4	development	train	0.0904167	0.0904167	22.75	22.75	18.24862889	6.022047534	12.22658136	0.09554	0.14554	0.116432
5/16/2020 5:00	5/16/2020	5	development	train	3.7948334	3.7948334	35.42	35.42	18.56373444	6.126032365	12.43770207	0.09422	0.14422	0.115376
5/16/2020 6:00	5/16/2020	6	development	train	11.1069165	11.1069165	86.06	86.06	21.49302444	7.092698065	14.40032637	0.10855	0.15855	0.12684
5/16/2020 7:00	5/16/2020	7	development	train	16.6646665	16.6646665	73.44	73.44	21.36812222	7.051480333	14.31664189	0.11207	0.16207	0.129656
5/16/2020 8:00	5/16/2020	8	development	train	25.1329995	25.1329995	89.7	89.7	23.04881778	7.606109867	15.44270791	0.11108	0.16108	0.128864
5/16/2020 9:00	5/16/2020	9	development	train	26.882167	26.882167	50.5	50.5	24.98929111	8.246466066	16.74282504	0.10844	0.15844	0.126752
5/16/2020 10:00	5/16/2020	10	development	train	21.0455835	21.0455835	67.04	67.04	28.60746222	9.440462533	19.16699969	0.10282	0.15282	0.122256
5/16/2020 11:00	5/16/2020	11	development	train	15.8158335	15.8158335	55.21	55.21	24.18919778	7.982435267	16.20676251	0.0972	0.1472	0.11776
5/16/2020 12:00	5/16/2020	12	development	train	17.6579165	17.6579165	65.32	65.32	20.87798444	6.889734865	13.98824957	0.09334	0.14334	0.114672
5/16/2020 13:00	5/16/2020	13	development	train	11.4396667	11.4396667	54.98	54.98	22.71056222	7.494485533	15.21607669	0.0918	0.1418	0.11344
5/16/2020 14:00	5/16/2020	14	development	train	6.5825	6.5825	36.05	36.05	20.96309778	6.917822267	14.04527551	0.09389	0.14389	0.115112
5/16/2020 15:00	5/16/2020	15	development	train	7.292	7.292	29.29	29.29	22.99803111	7.589350266	15.40868084	0.10039	0.15039	0.120312
5/16/2020 16:00	5/16/2020	16	development	train	7.1753333	7.1753333	27.42	27.42	18.41037222	6.075422833	12.33494939	0.10844	0.15844	0.126752
5/16/2020 17:00	5/16/2020	17	development	train	4.1335	4.1335	24.37	24.37	34.38300667	11.3463922	23.03661447	0.11053	0.16053	0.128424
5/16/2020 18:00	5/16/2020	18	development	train	3.6286668	3.6286668	12.07	12.07	62.03961333	20.4730724	41.56654093	0.11075	0.16075	0.1286
5/16/2020 19:00	5/16/2020	19	development	train	0.38975	0.38975	22.26	22.26	29.73909778	9.813902267	19.92519551	0.11119	0.16119	0.128952
5/16/2020 20:00	5/16/2020	20	development	train	0	0	27.24	27.24	18.81010222	6.207333733	12.60276849	0.11185	0.16185	0.12948
5/16/2020 21:00	5/16/2020	21	development	train	0	0	37.11	37.11	17.77212667	5.864801801	11.90732487	0.10524	0.15524	0.124192
5/16/2020 22:00	5/16/2020	22	development	train	0	0	40.83	40.83	19.30482667	6.370592801	12.93423387	0.10773	0.15773	0.126184
5/16/2020 23:00	5/16/2020	23	development	train	0	0	22.82	22.82	13.04298222	4.304184133	8.738798087	0.09947	0.14947	0.119576
5/17/2020 0:00	5/17/2020	0	development	train	0	0	16.91	16.91	14.88331778	4.911494867	9.971822913	0.0933	0.1433	0.11464
5/17/2020 1:00	5/17/2020	1	development	train	0	0	10.71	10.71	14.63547444	4.829706565	9.805767875	0.09209	0.14209	0.113672
5/17/2020 2:00	5/17/2020	2	development	train	0.0224167	0.0224167	18.81	18.81	13.61985333	4.494551599	9.125301731	0.089	0.139	0.1112
5/17/2020 3:00	5/17/2020	3	development	train	0.7661667	0.7661667	20.6	20.6	12.45457444	4.110009565	8.344564875	0.08878	0.13878	0.111024
5/17/2020 4:00	5/17/2020	4	development	train	5.6825832	5.6825832	18.88	18.88	17.67317333	5.832147199	11.84102613	0.09385	0.14385	0.11508
5/17/2020 5:00	5/17/2020	5	development	train	8.2229167	8.2229167	13.51	13.51	12.97015444	4.280150965	8.690003475	0.10762	0.15762	0.126096
5/17/2020 6:00	5/17/2020	6	development	train	6.834	6.834	18.74	18.74	18.54295444	6.119174965	12.42377947	0.11224	0.16224	0.129792
5/17/2020 7:00	5/17/2020	7	development	train	12.04775	12.04775	16.24	16.24	20.71392889	6.835596534	13.87833236	0.10508	0.15508	0.124064
5/17/2020 8:00	5/17/2020	8	development	train	10.4904167	10.4904167	11.87	11.87	20.03838222	6.612666133	13.42571609	0.10971	0.15971	0.127768
5/17/2020 9:00	5/17/2020	9	development	train	20.2452495	20.2452495	12.46	12.46	17.06148222	5.630289133	11.43119309	0.10839	0.15839	0.126712
5/17/2020 10:00	5/17/2020	10	development	train	17.90775	17.90775	11.44	11.44	19.02285556	6.277542335	12.74531323	0.10442	0.15442	0.123536
5/17/2020 11:00	5/17/2020	11	development	train	11.7792502	11.7792502	0.47	0.47	16.20590778	5.347949567	10.85795821	0.10057	0.15057	0.120456
5/17/2020 12:00	5/17/2020	12	development	train	13.6928335	13.6928335	12.86	12.86	15.34748889	5.064671334	10.28281756	0.09891	0.14891	0.119128
5/17/2020 13:00	5/17/2020	13	development	train	29.119417	29.119417	10.96	10.96	18.88966889	6.233590734	12.65607816	0.09925	0.14925	0.1194
5/17/2020 14:00	5/17/2020	14	development	train	24.199166	24.199166	6.8	6.8	16.16186222	5.333414533	10.82844769	0.102	0.152	0.1216
5/17/2020 15:00	5/17/2020	15	development	train	6.8754167	6.8754167	-0.27	0	15.03748444	4.962369865	10.07511457	0.10751	0.15751	0.126008
5/17/2020 16:00	5/17/2020	16	development	train	5.7274999	5.7274999	-0.26	0	12.02377444	3.967845565	8.055928875	0.13185	0.18185	0.14548
5/17/2020 17:00	5/17/2020	17	development	train	3.6918334	3.6918334	3.97	3.97	16.00735556	5.282427335	10.72492823	0.13769	0.18769	0.150152
5/17/2020 18:00	5/17/2020	18	development	train	2.4455	2.4455	8.83	8.83	48.51223556	16.00903773	32.50319783	0.14231	0.19231	0.153848
5/17/2020 19:00	5/17/2020	19	development	train	0.1803333	0.1803333	9.9	9.9	33.05926222	10.90955653	22.14970569	0.14573	0.19573	0.156584
5/17/2020 20:00	5/17/2020	20	development	train	0	0	0.96	0.96	20.75334	6.8486022	13.9047378	0.14165	0.19165	0.15332
5/17/2020 21:00	5/17/2020	21	development	train	0	0	-0.24	0	15.04804222	4.965853933	10.08218829	0.13372	0.18372	0.146976
5/17/2020 22:00	5/17/2020	22	development	train	0	0	-0.25	0	13.48956	4.4515548	9.0380052	0.14132	0.19132	0.153056
5/17/2020 23:00	5/17/2020	23	development	train	0	0	-0.26	0	11.99765	3.9592245	8.0384255	0.14099	0.19099	0.152792
5/18/2020 0:00	5/18/2020	0	development	train	0	0	-0.26	0	13.30406778	4.390342367	8.913725413	0.13978	0.18978	0.151824
5/18/2020 1:00	5/18/2020	1	development	train	0	0	0.06	0.06	15.30907333	5.051994199	10.25707913	0.13813	0.18813	0.150504
5/18/2020 2:00	5/18/2020	2	development	train	0.2119166	0.2119166	-0.3	0	16.53539333	5.456679799	11.07871353	0.14242	0.19242	0.153936
5/18/2020 3:00	5/18/2020	3	development	train	1.699	1.699	3.24	3.24	13.30047111	4.389155466	8.911315644	0.14936	0.19936	0.159488
5/18/2020 4:00	5/18/2020	4	development	train	4.2400834	4.2400834	1.85	1.85	12.39428778	4.090114967	8.304172813	0.15531	0.20531	0.164248
5/18/2020 5:00	5/18/2020	5	development	train	4.7214166	4.7214166	2.52	2.52	12.06577778	3.981706667	8.084071113	0.1975	0.2475	0.198
5/18/2020 6:00	5/18/2020	6	development	train	5.0353332	5.0353332	4.58	4.58	19.47833556	6.427850735	13.05048483	0.17393	0.22393	0.179144
5/18/2020 7:00	5/18/2020	7	development	train	17.5521665	17.5521665	-0.23	0	18.58941889	6.134508234	12.45491066	0.17745	0.22745	0.18196
5/18/2020 8:00	5/18/2020	8	development	train	29.794667	29.794667	6.13	6.13	18.59532111	6.136455966	12.45886514	0.16489	0.21489	0.171912
5/18/2020 9:00	5/18/2020	9	development	train	10.8994166	10.8994166	5.37	5.37	19.46451111	6.423288666	13.04122244	0.15906	0.20906	0.167248
5/18/2020 10:00	5/18/2020	10	development	train	15.39275	15.39275	1.45	1.45	15.80780556	5.216575835	10.59122973	0.16016	0.21016	0.168128
5/18/2020 11:00	5/18/2020	11	development	train	30.277667	30.277667	8.16	8.16	14.45716667	4.770865001	9.686301669	0.15102	0.20102	0.160816
5/18/2020 12:00	5/18/2020	12	development	train	36.815167	36.815167	1.53	1.53	20.73657778	6.843070667	13.89350711	0.14606	0.19606	0.156848
5/18/2020 13:00	5/18/2020	13	development	train	11.2623334	11.2623334	4.57	4.57	20.17284444	6.657038665	13.51580577	0.14154	0.19154	0.153232
5/18/2020 14:00	5/18/2020	14	development	train	27.029584	27.029584	2.99	2.99	25.05421778	8.267891867	16.78632591	0.14584	0.19584	0.156672
5/18/2020 15:00	5/18/2020	15	development	train	13.775833	13.775833	3	3	19.72580889	6.509516934	13.21629196	0.14683	0.19683	0.157464
5/18/2020 16:00	5/18/2020	16	development	train	11.7816668	11.7816668	11.34	11.34	17.65686111	5.826764166	11.83009694	0.14716	0.19716	0.157728
5/18/2020 17:00	5/18/2020	17	development	train	3.9723334	3.9723334	15.97	15.97	47.84297333	15.7881812	32.05479213	0.14771	0.19771	0.158168
5/18/2020 18:00	5/18/2020	18	development	train	2.0343333	2.0343333	1.68	1.68	57.75008444	19.05752787	38.69255657	0.14848	0.19848	0.158784
5/18/2020 19:00	5/18/2020	19	development	train	0.2265	0.2265	11.94	11.94	23.72901111	7.830573666	15.89843744	0.14958	0.19958	0.159664
5/18/2020 20:00	5/18/2020	20	development	train	0	0	3.02	3.02	20.28164889	6.692944134	13.58870476	0.14507	0.19507	0.156056
5/18/2020 21:00	5/18/2020	21	development	train	0	0	-0.28	0	19.94536444	6.581970265	13.36339417	0.1389	0.1889	0.15112
5/18/2020 22:00	5/18/2020	22	development	train	0	0	-0.34	0	19.16031333	6.322903399	12.83740993	0.14622	0.19622	0.156976
5/18/2020 23:00	5/18/2020	23	development	train	0	0	-0.3	0	13.83450667	4.565387201	9.269119469	0.14292	0.19292	0.154336
5/19/2020 0:00	5/19/2020	0	development	train	0	0	-0.15	0	21.92864444	7.236452665	14.69219177	0.14138	0.19138	0.153104
5/19/2020 1:00	5/19/2020	1	development	train	0	0	2.59	2.59	20.20168444	6.666555865	13.53512857	0.14149	0.19149	0.153192
5/19/2020 2:00	5/19/2020	2	development	train	0	0	-0.37	0	18.96951333	6.259939399	12.70957393	0.14303	0.19303	0.154424
5/19/2020 3:00	5/19/2020	3	development	train	0.5865834	0.5865834	-0.3	0	18.03322667	5.950964801	12.08226187	0.157	0.207	0.1656
5/19/2020 4:00	5/19/2020	4	development	train	2.2150833	2.2150833	-0.3	0	16.74217333	5.524917199	11.21725613	0.1647	0.2147	0.17176
5/19/2020 5:00	5/19/2020	5	development	train	7.76775	7.76775	-0.31	0	18.60607667	6.140005301	12.46607137	0.20717	0.25717	0.205736
5/19/2020 6:00	5/19/2020	6	development	train	9.3546667	9.3546667	5.52	5.52	23.03641778	7.602017867	15.43439991	0.18769	0.23769	0.190152
5/19/2020 7:00	5/19/2020	7	development	train	33.415417	33.415417	-0.25	0	22.99236889	7.587481734	15.40488716	0.18175	0.23175	0.1854
5/19/2020 8:00	5/19/2020	8	development	train	38.325834	38.325834	-0.29	0	17.01469556	5.614849535	11.39984603	0.17669	0.22669	0.181352
5/19/2020 9:00	5/19/2020	9	development	train	49.621167	49.621167	0.24	0.24	14.98704778	4.945725767	10.04132201	0.16008	0.21008	0.168064
5/19/2020 10:00	5/19/2020	10	development	train	50.766	50.766	10.35	10.35	17.79229778	5.871458267	11.92083951	0.15238	0.20238	0.161904
5/19/2020 11:00	5/19/2020	11	development	train	25.2318335	25.2318335	9.96	9.96	16.94142333	5.590669699	11.35075363	0.15106	0.20106	0.160848
5/19/2020 12:00	5/19/2020	12	development	train	46.213916	46.213916	0.84	0.84	17.56198889	5.795456334	11.76653256	0.18791	0.23791	0.190328
5/19/2020 13:00	5/19/2020	13	development	train	27.982916	27.982916	0.11	0.11	22.70110667	7.491365201	15.20974147	0.16877	0.21877	0.175016
5/19/2020 14:00	5/19/2020	14	development	train	39.902083	39.902083	23.31	23.31	21.88569778	7.222280267	14.66341751	0.15293	0.20293	0.162344
5/19/2020 15:00	5/19/2020	15	development	train	35.453917	35.453917	15.82	15.82	16.86301778	5.564795867	11.29822191	0.17658	0.22658	0.181264
5/19/2020 16:00	5/19/2020	16	development	train	24.9425	24.9425	14.66	14.66	13.73134222	4.531342933	9.199999287	0.1768	0.2268	0.18144
5/19/2020 17:00	5/19/2020	17	development	train	9.0031666	9.0031666	10.39	10.39	11.49069778	3.791930267	7.698767513	0.17702	0.22702	0.181616
5/19/2020 18:00	5/19/2020	18	development	train	2.6491667	2.6491667	1.21	1.21	34.35600444	11.33748147	23.01852297	0.19837	0.24837	0.198696
5/19/2020 19:00	5/19/2020	19	development	train	0.9734166	0.9734166	-0.26	0	39.81831111	13.14004267	26.67826844	0.18868	0.23868	0.190944
5/19/2020 20:00	5/19/2020	20	development	train	0.0315833	0.0315833	-0.25	0	20.26485333	6.687401599	13.57745173	0.17768	0.22768	0.182144
5/19/2020 21:00	5/19/2020	21	development	train	0	0	2.66	2.66	16.90488444	5.578611865	11.32627257	0.14259	0.19259	0.154072
5/19/2020 22:00	5/19/2020	22	development	train	0	0	1.82	1.82	17.10936444	5.646090265	11.46327417	0.14637	0.19637	0.157096
5/19/2020 23:00	5/19/2020	23	development	train	0	0	-0.27	0	11.86209222	3.914490433	7.947601787	0.14133	0.19133	0.153064
5/20/2020 0:00	5/20/2020	0	development	train	0	0	-0.25	0	14.32218778	4.726321967	9.595865813	0.14002	0.19002	0.152016
5/20/2020 1:00	5/20/2020	1	development	train	0	0	-0.29	0	14.08897333	4.649361199	9.439612131	0.14068	0.19068	0.152544
5/20/2020 2:00	5/20/2020	2	development	train	0.3079167	0.3079167	4.16	4.16	17.71637333	5.846403199	11.86997013	0.14155	0.19155	0.15324
5/20/2020 3:00	5/20/2020	3	development	train	2.0495	2.0495	4.76	4.76	20.22110222	6.672963733	13.54813849	0.15492	0.20492	0.163936
5/20/2020 4:00	5/20/2020	4	development	train	3.3013333	3.3013333	5.08	5.08	17.02509667	5.618281901	11.40681477	0.20269	0.25269	0.202152
5/20/2020 5:00	5/20/2020	5	development	train	11.928167	11.928167	-0.27	0	16.04964	5.2963812	10.7532588	0.6211	0.6711	0.53688
5/20/2020 6:00	5/20/2020	6	development	train	31.591	31.591	-0.32	0	19.87377556	6.558345935	13.31542963	0.62449	0.67449	0.539592
5/20/2020 7:00	5/20/2020	7	development	train	50.516749	50.516749	-0.29	0	15.16919667	5.005834901	10.16336177	0.54736	0.59736	0.477888
5/20/2020 8:00	5/20/2020	8	development	train	54.349166	54.349166	-0.26	0	12.44919111	4.108233066	8.340958044	0.54495	0.59495	0.47596
5/20/2020 9:00	5/20/2020	9	development	train	73.449416	73.449416	-0.27	0	21.17150222	6.986595733	14.18490649	0.51362	0.56362	0.450896
5/20/2020 10:00	5/20/2020	10	development	train	76.612584	76.612584	-0.25	0	19.49569778	6.433580267	13.06211751	0.49828	0.54828	0.438624
5/20/2020 11:00	5/20/2020	11	development	train	76.942748	76.942748	-0.26	0	17.37088444	5.732391865	11.63849257	0.34555	0.39555	0.31644
5/20/2020 12:00	5/20/2020	12	development	train	72.238418	72.238418	-0.26	0	20.01792667	6.605915801	13.41201087	0.25122	0.30122	0.240976
5/20/2020 13:00	5/20/2020	13	development	train	64.993418	64.993418	0.07	0.07	18.97337778	6.261214667	12.71216311	0.25265	0.30265	0.24212
5/20/2020 14:00	5/20/2020	14	development	train	57.025916	57.025916	-0.26	0	17.30154222	5.709508933	11.59203329	0.21857	0.26857	0.214856
5/20/2020 15:00	5/20/2020	15	development	train	39.779084	39.779084	7.51	7.51	17.00532222	5.611756333	11.39356589	0.21978	0.26978	0.215824
5/20/2020 16:00	5/20/2020	16	development	train	22.235583	22.235583	-0.24	0	12.06247222	3.980615833	8.081856387	0.22482	0.27482	0.219856
5/20/2020 17:00	5/20/2020	17	development	train	8.183	8.183	-0.26	0	16.62540444	5.486383465	11.13902097	0.20827	0.25827	0.206616
5/20/2020 18:00	5/20/2020	18	development	train	2.3091667	2.3091667	-0.23	0	30.49178667	10.0622896	20.42949707	0.17573	0.22573	0.180584
5/20/2020 19:00	5/20/2020	19	development	train	1.0355	1.0355	-0.29	0	54.08307111	17.84741347	36.23565764	0.1857	0.2357	0.18856
5/20/2020 20:00	5/20/2020	20	development	train	0.0597501	0.0597501	-0.27	0	20.46825778	6.754525067	13.71373271	0.16653	0.21653	0.173224
5/20/2020 21:00	5/20/2020	21	development	train	0	0	-0.33	0	14.70421111	4.852389666	9.851821444	0.14922	0.19922	0.159376
5/20/2020 22:00	5/20/2020	22	development	train	0	0	-0.29	0	9.538666667	3.14776	6.390906667	0.16843	0.21843	0.174744
5/20/2020 23:00	5/20/2020	23	development	train	0	0	-0.3	0	13.10853778	4.325817467	8.782720313	0.14955	0.19955	0.15964
5/21/2020 0:00	5/21/2020	0	development	train	0	0	-0.25	0	13.69398889	4.519016334	9.174972556	0.14245	0.19245	0.15396
5/21/2020 1:00	5/21/2020	1	development	train	0	0	-0.25	0	14.86000111	4.903800366	9.956200744	0.14125	0.19125	0.153
5/21/2020 2:00	5/21/2020	2	development	train	0.2664167	0.2664167	-0.3	0	16.19688778	5.344972967	10.85191481	0.13972	0.18972	0.151776
5/21/2020 3:00	5/21/2020	3	development	train	1.3788334	1.3788334	-0.34	0	12.90710667	4.259345201	8.647761469	0.13372	0.18372	0.146976
5/21/2020 4:00	5/21/2020	4	development	train	2.6240834	2.6240834	-0.25	0	8.697311111	2.870112667	5.827198444	0.13361	0.18361	0.146888
5/21/2020 5:00	5/21/2020	5	development	train	10.8894169	10.8894169	-0.25	0	9.170787778	3.026359967	6.144427811	0.14671	0.19671	0.157368
5/21/2020 6:00	5/21/2020	6	development	train	30.867249	30.867249	-0.29	0	17.92792667	5.916215801	12.01171087	0.15643	0.20643	0.165144
5/21/2020 7:00	5/21/2020	7	development	train	49.039834	49.039834	-0.27	0	19.47913778	6.428115467	13.05102231	0.16287	0.21287	0.170296
5/21/2020 8:00	5/21/2020	8	development	train	57.145416	57.145416	-0.26	0	17.15307111	5.660513466	11.49255764	0.16178	0.21178	0.169424
5/21/2020 9:00	5/21/2020	9	development	train	59.593834	59.593834	5.67	5.67	15.98307556	5.274414935	10.70866063	0.16287	0.21287	0.170296
5/21/2020 10:00	5/21/2020	10	development	train	55.667582	55.667582	15.23	15.23	16.28738556	5.374837235	10.91254833	0.16167	0.21167	0.169336
5/21/2020 11:00	5/21/2020	11	development	train	64.635416	64.635416	12.99	12.99	15.45851333	5.101309399	10.35720393	0.14507	0.19507	0.156056
5/21/2020 12:00	5/21/2020	12	development	train	58.56875	58.56875	1.02	1.02	18.00091	5.9403003	12.0606097	0.13318	0.18318	0.146544
5/21/2020 13:00	5/21/2020	13	development	train	67.247834	67.247834	-0.23	0	19.38773333	6.397951999	12.98978133	0.15097	0.20097	0.160776
5/21/2020 14:00	5/21/2020	14	development	train	50.053417	50.053417	-0.22	0	15.34667667	5.064403301	10.28227337	0.1549	0.2049	0.16392
5/21/2020 15:00	5/21/2020	15	development	train	39.616167	39.616167	-0.23	0	20.02999778	6.609899267	13.42009851	0.17367	0.22367	0.178936
5/21/2020 16:00	5/21/2020	16	development	train	13.813583	13.813583	5.44	5.44	20.32904444	6.708584665	13.62045977	0.17389	0.22389	0.179112
5/21/2020 17:00	5/21/2020	17	development	train	9.9301667	9.9301667	0.75	0.75	16.57813444	5.470784365	11.10735007	0.16014	0.21014	0.168112
5/21/2020 18:00	5/21/2020	18	development	train	3.2255833	3.2255833	-0.23	0	13.91700667	4.592612201	9.324394469	0.14125	0.19125	0.153
5/21/2020 19:00	5/21/2020	19	development	train	1.1429167	1.1429167	-0.22	0	36.30133111	11.97943927	24.32189184	0.13852	0.18852	0.150816
5/21/2020 20:00	5/21/2020	20	development	train	0.0135833	0.0135833	-0.22	0	15.58691111	5.143680666	10.44323044	0.13394	0.18394	0.147152
5/21/2020 21:00	5/21/2020	21	development	train	0	0	-0.16	0	16.94804667	5.592855401	11.35519127	0.10785	0.15785	0.12628
5/21/2020 22:00	5/21/2020	22	development	train	0	0	-0.16	0	12.34639778	4.074311267	8.272086513	0.13953	0.18953	0.151624
5/21/2020 23:00	5/21/2020	23	development	train	0	0	-0.15	0	13.37577333	4.414005199	8.961768131	0.13513	0.18513	0.148104
5/22/2020 0:00	5/22/2020	0	development	train	0	0	-0.18	0	12.24336889	4.040311734	8.203057156	0.12732	0.17732	0.141856
5/22/2020 1:00	5/22/2020	1	development	train	0	0	-0.19	0	13.72436333	4.529039899	9.195323431	0.11468	0.16468	0.131744
5/22/2020 2:00	5/22/2020	2	development	train	0.3190833	0.3190833	-0.15	0	15.53615556	5.126931335	10.40922423	0.10005	0.15005	0.12004
5/22/2020 3:00	5/22/2020	3	development	train	1.3473333	1.3473333	-0.2	0	13.24663778	4.371390467	8.875247313	0.10346	0.15346	0.122768
5/22/2020 4:00	5/22/2020	4	development	train	4.2361666	4.2361666	-0.24	0	9.038023333	2.9825477	6.055475633	0.12809	0.17809	0.142472
5/22/2020 5:00	5/22/2020	5	development	train	13.8293332	13.8293332	-0.27	0	8.677104444	2.863444467	5.813659977	0.15239	0.20239	0.161912
5/22/2020 6:00	5/22/2020	6	development	train	29.13875	29.13875	-0.3	0	17.99132333	5.937136699	12.05418663	0.17944	0.22944	0.183552
5/22/2020 7:00	5/22/2020	7	development	train	47.723499	47.723499	10.79	10.79	17.90991333	5.910271399	11.99964193	0.16108	0.21108	0.168864
5/22/2020 8:00	5/22/2020	8	development	train	60.80225	60.80225	33.29	33.29	14.11329	4.6573857	9.4559043	0.15096	0.20096	0.160768
5/22/2020 9:00	5/22/2020	9	development	train	69.535	69.535	78.51	78.51	15.07288667	4.974052601	10.09883407	0.1326	0.1826	0.14608
5/22/2020 10:00	5/22/2020	10	development	train	75.9425	75.9425	106.07	106.07	9.305565556	3.070836633	6.234728923	0.11633	0.16633	0.133064
5/22/2020 11:00	5/22/2020	11	development	train	77.735166	77.735166	156.63	156.63	9.868361111	3.256559167	6.611801944	0.10764	0.15764	0.126112
5/22/2020 12:00	5/22/2020	12	development	train	75.609666	75.609666	183.03	183.03	15.16901444	5.005774765	10.16323967	0.08862	0.13862	0.110896
5/22/2020 13:00	5/22/2020	13	development	train	68.486082	68.486082	160.54	160.54	15.82414556	5.221968035	10.60217753	0.08279	0.13279	0.106232
5/22/2020 14:00	5/22/2020	14	development	train	48.457249	48.457249	182.11	182.11	13.90388889	4.588283334	9.315605556	0.07729	0.12729	0.101832
5/22/2020 15:00	5/22/2020	15	development	train	25.653	25.653	139.52	139.52	12.97622556	4.282154435	8.694071125	0.07795	0.12795	0.10236
5/22/2020 16:00	5/22/2020	16	development	train	18.93975	18.93975	127.63	127.63	8.768156111	2.893491517	5.874664594	0.08004	0.13004	0.104032
5/22/2020 17:00	5/22/2020	17	development	train	10.1536667	10.1536667	170.9	170.9	10.56812889	3.487482534	7.080646356	0.07839	0.12839	0.102712
5/22/2020 18:00	5/22/2020	18	development	train	3.7900002	3.7900002	61.59	61.59	42.91651111	14.16244867	28.75406244	0.07543	0.12543	0.100344
5/22/2020 19:00	5/22/2020	19	development	train	0.3585833	0.3585833	62.47	62.47	31.45386444	10.37977527	21.07408917	0.07554	0.12554	0.100432
5/22/2020 20:00	5/22/2020	20	development	train	0	0	25.11	25.11	16.14834667	5.328954401	10.81939227	0.06762	0.11762	0.094096
5/22/2020 21:00	5/22/2020	21	development	train	0	0	65.91	65.91	14.66428222	4.839213133	9.825069087	0.05959	0.10959	0.087672
5/22/2020 22:00	5/22/2020	22	development	train	0	0	96.51	96.51	14.80367	4.8852111	9.9184589	0.04417	0.09417	0.075336
5/22/2020 23:00	5/22/2020	23	development	train	0	0	60.23	60.23	14.44217222	4.765916833	9.676255387	0.04374	0.09374	0.074992
5/23/2020 0:00	5/23/2020	0	development	train	0	0	125.66	125.66	13.24832	4.3719456	8.8763744	0.04187	0.09187	0.073496
5/23/2020 1:00	5/23/2020	1	development	train	0	0	179.16	179.16	14.91756222	4.922795533	9.994766687	0.04122	0.09122	0.072976
5/23/2020 2:00	5/23/2020	2	development	train	0.1965834	0.1965834	214.21	214.21	13.21866	4.3621578	8.8565022	0.04122	0.09122	0.072976
5/23/2020 3:00	5/23/2020	3	development	train	0.8338333	0.8338333	201.41	201.41	11.12360889	3.670790934	7.452817956	0.04319	0.09319	0.074552
5/23/2020 4:00	5/23/2020	4	development	train	2.5833333	2.5833333	168.64	168.64	12.37119333	4.082493799	8.288699531	0.04407	0.09407	0.075256
5/23/2020 5:00	5/23/2020	5	development	train	11.669583	11.669583	79.03	79.03	11.41453556	3.766796735	7.647738825	0.04341	0.09341	0.074728
5/23/2020 6:00	5/23/2020	6	development	train	35.558	35.558	83.02	83.02	19.29092	6.3660036	12.9249164	0.05503	0.10503	0.084024
5/23/2020 7:00	5/23/2020	7	development	train	18.334833	18.334833	50.75	50.75	20.44514667	6.746898401	13.69824827	0.05656	0.10656	0.085248
5/23/2020 8:00	5/23/2020	8	development	train	26.859499	26.859499	56.44	56.44	19.62068667	6.474826601	13.14586007	0.05612	0.10612	0.084896
5/23/2020 9:00	5/23/2020	9	development	train	38.285833	38.285833	69.25	69.25	11.61818222	3.834000133	7.784182087	0.04977	0.09977	0.079816
5/23/2020 10:00	5/23/2020	10	development	train	29.069834	29.069834	71.79	71.79	13.44169222	4.435758433	9.005933787	0.04286	0.09286	0.074288
5/23/2020 11:00	5/23/2020	11	development	train	28.534583	28.534583	49.8	49.8	12.86438	4.2452454	8.6191346	0.03913	0.08913	0.071304
5/23/2020 12:00	5/23/2020	12	development	train	34.060916	34.060916	26.23	26.23	17.92292222	5.914564333	12.00835789	0.02324	0.07324	0.058592
5/23/2020 13:00	5/23/2020	13	development	train	47.786749	47.786749	4.49	4.49	17.14235333	5.656976599	11.48537673	0.02061	0.07061	0.056488
5/23/2020 14:00	5/23/2020	14	development	train	43.17275	43.17275	2.53	2.53	14.99817556	4.949397935	10.04877763	0.02094	0.07094	0.056752
5/23/2020 15:00	5/23/2020	15	development	train	28.034917	28.034917	6.89	6.89	14.21168556	4.689856235	9.521829325	0.03058	0.08058	0.064464
5/23/2020 16:00	5/23/2020	16	development	train	9.0455	9.0455	7.8	7.8	11.68513778	3.856095467	7.829042313	0.04352	0.09352	0.074816
5/23/2020 17:00	5/23/2020	17	development	train	6.3606666	6.3606666	40.61	40.61	10.77994111	3.557380566	7.222560544	0.05503	0.10503	0.084024
5/23/2020 18:00	5/23/2020	18	development	train	2.1183334	2.1183334	84.32	84.32	22.59447556	7.456176935	15.13829863	0.05514	0.10514	0.084112
5/23/2020 19:00	5/23/2020	19	development	train	1.2175834	1.2175834	83.7	83.7	40.01386222	13.20457453	26.80928769	0.05536	0.10536	0.084288
5/23/2020 20:00	5/23/2020	20	development	train	0.10475	0.10475	98.35	98.35	21.03589556	6.941845535	14.09405003	0.05459	0.10459	0.083672
5/23/2020 21:00	5/23/2020	21	development	train	0	0	129.3	129.3	16.51659889	5.450477634	11.06612126	0.0445	0.0945	0.0756
5/23/2020 22:00	5/23/2020	22	development	train	0	0	76.74	76.74	10.58825889	3.494125434	7.094133456	0.02008	0.07008	0.056064
5/23/2020 23:00	5/23/2020	23	development	train	0	0	107.08	107.08	9.651777778	3.185086667	6.466691111	0.01735	0.06735	0.05388
5/24/2020 0:00	5/24/2020	0	development	train	0	0	113.73	113.73	15.53887	5.1278271	10.4110429	0.0156	0.0656	0.05248
5/24/2020 1:00	5/24/2020	1	development	train	0	0	78.37	78.37	15.44136667	5.095651001	10.34571567	0.01255	0.06255	0.05004
5/24/2020 2:00	5/24/2020	2	development	train	0.3265	0.3265	71.18	71.18	14.08737667	4.648834301	9.438542369	0.01026	0.06026	0.048208
5/24/2020 3:00	5/24/2020	3	development	train	1.4246666	1.4246666	55	55	12.54208778	4.138888967	8.403198813	0.01037	0.06037	0.048296
5/24/2020 4:00	5/24/2020	4	development	train	2.7045	2.7045	60.41	60.41	10.07097111	3.323420466	6.747550644	0.01211	0.06211	0.049688
5/24/2020 5:00	5/24/2020	5	development	train	11.0020836	11.0020836	46.48	46.48	10.46449889	3.453284634	7.011214256	0.0144	0.0644	0.05152
5/24/2020 6:00	5/24/2020	6	development	train	30.441834	30.441834	44.69	44.69	14.65955333	4.837652599	9.821900731	0.01899	0.06899	0.055192
5/24/2020 7:00	5/24/2020	7	development	train	48.447917	48.447917	31.79	31.79	10.16435556	3.354237335	6.810118225	0.02761	0.07761	0.062088
5/24/2020 8:00	5/24/2020	8	development	train	64.802416	64.802416	6.73	6.73	18.66844	6.1605852	12.5078548	0.0443	0.0943	0.07544
5/24/2020 9:00	5/24/2020	9	development	train	68.174666	68.174666	-0.4	0	16.19305111	5.343706866	10.84934424	0.04441	0.09441	0.075528
5/24/2020 10:00	5/24/2020	10	development	train	41.784084	41.784084	-0.27	0	16.35423556	5.396897735	10.95733783	0.04387	0.09387	0.075096
5/24/2020 11:00	5/24/2020	11	development	train	18.1299165	18.1299165	-0.13	0	11.58144222	3.821875933	7.759566287	0.04267	0.09267	0.074136
5/24/2020 12:00	5/24/2020	12	development	train	25.444667	25.444667	-0.03	0	13.95683111	4.605754266	9.351076844	0.04092	0.09092	0.072736
5/24/2020 13:00	5/24/2020	13	development	train	33.30175	33.30175	-0.14	0	13.43338444	4.433016865	9.000367575	0.04463	0.09463	0.075704
5/24/2020 14:00	5/24/2020	14	development	train	27.940084	27.940084	-0.12	0	13.69452667	4.519193801	9.175332869	0.05521	0.10521	0.084168
5/24/2020 15:00	5/24/2020	15	development	train	11.2026667	11.2026667	21.15	21.15	16.78355111	5.538571866	11.24497924	0.07169	0.12169	0.097352
5/24/2020 16:00	5/24/2020	16	development	train	8.7083333	8.7083333	27.17	27.17	16.53580889	5.456816934	11.07899196	0.08053	0.13053	0.104424
5/24/2020 17:00	5/24/2020	17	development	train	6.3921667	6.3921667	8.18	8.18	13.34503	4.4038599	8.9411701	0.08762	0.13762	0.110096
5/24/2020 18:00	5/24/2020	18	development	train	2.6164167	2.6164167	-0.14	0	8.515856667	2.8102327	5.705623967	0.12658	0.17658	0.141264
5/24/2020 19:00	5/24/2020	19	development	train	0.3665	0.3665	3.49	3.49	22.54059333	7.438395799	15.10219753	0.12833	0.17833	0.142664
5/24/2020 20:00	5/24/2020	20	development	train	0	0	-0.22	0	26.72466667	8.819140001	17.90552667	0.12636	0.17636	0.141088
5/24/2020 21:00	5/24/2020	21	development	train	0	0	-0.2	0	38.2612	12.626196	25.635004	0.0873	0.1373	0.10984
5/24/2020 22:00	5/24/2020	22	development	train	0	0	-0.16	0	21.45752	7.0809816	14.3765384	0.07169	0.12169	0.097352
5/24/2020 23:00	5/24/2020	23	development	train	0	0	-0.29	0	19.14325333	6.317273599	12.82597973	0.06438	0.11438	0.091504
5/25/2020 0:00	5/25/2020	0	development	train	0	0	1.01	1.01	13.31504111	4.393963566	8.921077544	0.06242	0.11242	0.089936
5/25/2020 1:00	5/25/2020	1	development	train	0	0	-0.24	0	12.81088111	4.227590766	8.583290344	0.06133	0.11133	0.089064
5/25/2020 2:00	5/25/2020	2	development	train	0.0391667	0.0391667	-0.28	0	13.99526333	4.618436899	9.376826431	0.061	0.111	0.0888
5/25/2020 3:00	5/25/2020	3	development	train	0.5485834	0.5485834	-0.25	0	12.87260111	4.247958366	8.624642744	0.06263	0.11263	0.090104
5/25/2020 4:00	5/25/2020	4	development	train	1.15525	1.15525	-0.31	0	12.35149444	4.075993165	8.275501275	0.05805	0.10805	0.08644
5/25/2020 5:00	5/25/2020	5	development	train	1.673	1.673	-0.32	0	15.52216444	5.122314265	10.39985017	0.06591	0.11591	0.092728
5/25/2020 6:00	5/25/2020	6	development	train	6.929	6.929	-0.27	0	19.29366222	6.366908533	12.92675369	0.09221	0.14221	0.113768
5/25/2020 7:00	5/25/2020	7	development	train	9.1649167	9.1649167	-0.27	0	20.38284667	6.726339401	13.65650727	0.09232	0.14232	0.113856
5/25/2020 8:00	5/25/2020	8	development	train	28.673583	28.673583	-0.25	0	15.09227556	4.980450935	10.11182463	0.09319	0.14319	0.114552
5/25/2020 9:00	5/25/2020	9	development	train	35.732667	35.732667	-0.26	0	17.53792889	5.787516534	11.75041236	0.09319	0.14319	0.114552
5/25/2020 10:00	5/25/2020	10	development	train	50.553	50.553	-0.3	0	12.85757889	4.243001034	8.614577856	0.0933	0.1433	0.11464
5/25/2020 11:00	5/25/2020	11	development	train	70.528582	70.528582	-0.26	0	12.46996333	4.115087899	8.354875431	0.09242	0.14242	0.113936
5/25/2020 12:00	5/25/2020	12	development	train	70.42175	70.42175	-0.27	0	15.78380333	5.208655099	10.57514823	0.09253	0.14253	0.114024
5/25/2020 13:00	5/25/2020	13	development	train	64.134	64.134	-0.22	0	20.54877111	6.781094466	13.76767664	0.09242	0.14242	0.113936
5/25/2020 14:00	5/25/2020	14	development	train	54.882416	54.882416	-0.23	0	18.61263222	6.142168633	12.47046359	0.09177	0.14177	0.113416
5/25/2020 15:00	5/25/2020	15	development	train	42.378417	42.378417	-0.26	0	15.86877556	5.236695935	10.63207963	0.09079	0.14079	0.112632
5/25/2020 16:00	5/25/2020	16	development	train	25.130083	25.130083	-0.22	0	15.68194556	5.175042035	10.50690353	0.08937	0.13937	0.111496
5/25/2020 17:00	5/25/2020	17	development	train	8.49375	8.49375	1.28	1.28	46.18527111	15.24113947	30.94413164	0.08741	0.13741	0.109928
5/25/2020 18:00	5/25/2020	18	development	train	2.4946667	2.4946667	-0.27	0	13.50882333	4.457911699	9.050911631	0.08708	0.13708	0.109664
5/25/2020 19:00	5/25/2020	19	development	train	1.0249166	1.0249166	-0.29	0	11.58975889	3.824620434	7.765138456	0.0861	0.1361	0.10888
5/25/2020 20:00	5/25/2020	20	development	train	0.031	0.031	-0.27	0	14.37291444	4.743061765	9.629852675	0.07824	0.12824	0.102592
5/25/2020 21:00	5/25/2020	21	development	train	0	0	-0.25	0	14.59948667	4.817830601	9.781656069	0.06656	0.11656	0.093248
5/25/2020 22:00	5/25/2020	22	development	train	0	0	-0.25	0	14.89483444	4.915295365	9.979539075	0.04348	0.09348	0.074784
5/25/2020 23:00	5/25/2020	23	development	train	0	0	2.78	2.78	12.57751556	4.150580135	8.426935425	0.03933	0.08933	0.071464
5/26/2020 0:00	5/26/2020	0	development	train	0	0	0.12	0.12	15.40752444	5.084483065	10.32304137	0.03922	0.08922	0.071376
5/26/2020 1:00	5/26/2020	1	development	train	0	0	-0.27	0	12.69912444	4.190711065	8.508413375	0.03911	0.08911	0.071288
5/26/2020 2:00	5/26/2020	2	development	train	0.447	0.447	-0.31	0	12.26546556	4.047603635	8.217861925	0.03911	0.08911	0.071288
5/26/2020 3:00	5/26/2020	3	development	train	1.5790001	1.5790001	-0.26	0	10.11775333	3.338858599	6.778894731	0.04338	0.09338	0.074704
5/26/2020 4:00	5/26/2020	4	development	train	4.2495834	4.2495834	-0.26	0	10.58547222	3.493205833	7.092266387	0.05747	0.10747	0.085976
5/26/2020 5:00	5/26/2020	5	development	train	12.7430835	12.7430835	-0.26	0	11.98779333	3.955971799	8.031821531	0.08194	0.13194	0.105552
5/26/2020 6:00	5/26/2020	6	development	train	19.9455835	19.9455835	-0.24	0	16.56422778	5.466195167	11.09803261	0.08151	0.13151	0.105208
5/26/2020 7:00	5/26/2020	7	development	train	26.09725	26.09725	-0.22	0	19.05817333	6.289197199	12.76897613	0.07965	0.12965	0.10372
5/26/2020 8:00	5/26/2020	8	development	train	24.8255835	24.8255835	-0.24	0	15.94120444	5.260597465	10.68060697	0.07932	0.12932	0.103456
5/26/2020 9:00	5/26/2020	9	development	train	14.1020005	14.1020005	-0.3	0	11.36547444	3.750606565	7.614867875	0.07888	0.12888	0.103104
5/26/2020 10:00	5/26/2020	10	development	train	26.235249	26.235249	-0.24	0	16.09378444	5.310948865	10.78283557	0.07768	0.12768	0.102144
5/26/2020 11:00	5/26/2020	11	development	train	17.8156665	17.8156665	-0.23	0	11.97804889	3.952756134	8.025292756	0.07462	0.12462	0.099696
5/26/2020 12:00	5/26/2020	12	development	train	23.491333	23.491333	-0.22	0	18.75767111	6.190031466	12.56763964	0.06479	0.11479	0.091832
5/26/2020 13:00	5/26/2020	13	development	train	16.1745835	16.1745835	-0.19	0	19.52990444	6.444868465	13.08503597	0.05911	0.10911	0.087288
5/26/2020 14:00	5/26/2020	14	development	train	21.4335	21.4335	-0.14	0	15.98887	5.2763271	10.7125429	0.05572	0.10572	0.084576
5/26/2020 15:00	5/26/2020	15	development	train	15.683	15.683	-0.26	0	10.81197778	3.567952667	7.244025113	0.04021	0.09021	0.072168
5/26/2020 16:00	5/26/2020	16	development	train	13.883833	13.883833	2.37	2.37	16.10081667	5.313269501	10.78754717	0.03813	0.08813	0.070504
5/26/2020 17:00	5/26/2020	17	development	train	6.7346667	6.7346667	16.08	16.08	28.26831111	9.328542666	18.93976844	0.02611	0.07611	0.060888
5/26/2020 18:00	5/26/2020	18	development	train	0.3399166	0.3399166	3.68	3.68	42.14048889	13.90636133	28.23412756	0.02316	0.07316	0.058528
5/26/2020 19:00	5/26/2020	19	development	train	0.186	0.186	-0.56	0	31.87147778	10.51758767	21.35389011	0.02163	0.07163	0.057304
5/26/2020 20:00	5/26/2020	20	development	train	0.36975	0.36975	0.51	0.51	18.32753333	6.048085999	12.27944733	0.02131	0.07131	0.057048
5/26/2020 21:00	5/26/2020	21	development	train	0	0	-0.28	0	14.11625333	4.658363599	9.457889731	0.02054	0.07054	0.056432
5/26/2020 22:00	5/26/2020	22	development	train	0	0	4.96	4.96	14.23542889	4.697691534	9.537737356	0.03172	0.08172	0.065376
5/26/2020 23:00	5/26/2020	23	development	train	0	0	11.99	11.99	11.42330889	3.769691934	7.653616956	0.02845	0.07845	0.06276
5/27/2020 0:00	5/27/2020	0	development	train	0	0	5.98	5.98	13.36059222	4.408995433	8.951596787	0.02638	0.07638	0.061104
5/27/2020 1:00	5/27/2020	1	development	train	0	0	3.61	3.61	12.83661889	4.236084234	8.600534656	0.02322	0.07322	0.058576
5/27/2020 2:00	5/27/2020	2	development	train	0.3985833	0.3985833	0.52	0.52	14.54784	4.8007872	9.7470528	0.023	0.073	0.0584
5/27/2020 3:00	5/27/2020	3	development	train	2.5041666	2.5041666	-0.28	0	11.48062111	3.788604966	7.692016144	0.02736	0.07736	0.061888
5/27/2020 4:00	5/27/2020	4	development	train	5.2178332	5.2178332	-0.29	0	10.63627111	3.509969466	7.126301644	0.0326	0.0826	0.06608
5/27/2020 5:00	5/27/2020	5	development	train	11.859	11.859	0.43	0.43	10.01305778	3.304309067	6.708748713	0.05691	0.10691	0.085528
5/27/2020 6:00	5/27/2020	6	development	train	29.958166	29.958166	2.52	2.52	16.56344778	5.465937767	11.09751001	0.06541	0.11541	0.092328
5/27/2020 7:00	5/27/2020	7	development	train	39.476083	39.476083	36.05	36.05	20.43139111	6.742359066	13.68903204	0.06574	0.11574	0.092592
5/27/2020 8:00	5/27/2020	8	development	train	29.6915	29.6915	47.86	47.86	23.52342889	7.762731534	15.76069736	0.06487	0.11487	0.091896
5/27/2020 9:00	5/27/2020	9	development	train	30.514917	30.514917	44.85	44.85	14.67020444	4.841167465	9.829036975	0.06192	0.11192	0.089536
5/27/2020 10:00	5/27/2020	10	development	train	10.859	10.859	53.06	53.06	10.34344111	3.413335566	6.930105544	0.06378	0.11378	0.091024
5/27/2020 11:00	5/27/2020	11	development	train	13.4779165	13.4779165	-0.17	0	11.00679111	3.632241066	7.374550044	0.06519	0.11519	0.092152
5/27/2020 12:00	5/27/2020	12	development	train	11.8315002	11.8315002	27.02	27.02	18.04720222	5.955576733	12.09162549	0.0689	0.1189	0.09512
5/27/2020 13:00	5/27/2020	13	development	train	21.1873335	21.1873335	9.28	9.28	18.22822	6.0153126	12.2129074	0.06814	0.11814	0.094512
5/27/2020 14:00	5/27/2020	14	development	train	32.56425	32.56425	92.86	92.86	20.86819556	6.886504535	13.98169103	0.06378	0.11378	0.091024
5/27/2020 15:00	5/27/2020	15	development	train	28.250583	28.250583	52.28	52.28	17.24547111	5.691005466	11.55446564	0.06203	0.11203	0.089624
5/27/2020 16:00	5/27/2020	16	development	train	26.862	26.862	29.87	29.87	15.30143556	5.049473735	10.25196183	0.05985	0.10985	0.08788
5/27/2020 17:00	5/27/2020	17	development	train	14.01975	14.01975	2.8	2.8	47.27899556	15.60206853	31.67692703	0.06083	0.11083	0.088664
5/27/2020 18:00	5/27/2020	18	development	train	2.1301667	2.1301667	0.74	0.74	24.98839333	8.246169799	16.74222353	0.05963	0.10963	0.087704
5/27/2020 19:00	5/27/2020	19	development	train	0.7515	0.7515	8.89	8.89	17.51573444	5.780192365	11.73554207	0.05887	0.10887	0.087096
5/27/2020 20:00	5/27/2020	20	development	train	0.4445834	0.4445834	8.63	8.63	17.91896222	5.913257533	12.00570469	0.05647	0.10647	0.085176
5/27/2020 21:00	5/27/2020	21	development	train	0	0	12.94	12.94	16.63962556	5.491076435	11.14854913	0.04023	0.09023	0.072184
5/27/2020 22:00	5/27/2020	22	development	train	0	0	11.26	11.26	18.73676444	6.183132265	12.55363217	0.02061	0.07061	0.056488
5/27/2020 23:00	5/27/2020	23	development	train	0	0	21.79	21.79	12.85516	4.2422028	8.6129572	0.01627	0.06627	0.053016
5/28/2020 0:00	5/28/2020	0	development	train	0	0	14.7	14.7	11.98766	3.9559278	8.0317322	0.01616	0.06616	0.052928
5/28/2020 1:00	5/28/2020	1	development	train	0	0	2.22	2.22	12.40016556	4.092054635	8.308110925	0.01627	0.06627	0.053016
5/28/2020 2:00	5/28/2020	2	development	train	0.1526667	0.1526667	9.57	9.57	13.80129444	4.554427165	9.246867275	0.01877	0.06877	0.055016
5/28/2020 3:00	5/28/2020	3	development	train	1.5575833	1.5575833	18.73	18.73	14.56101	4.8051333	9.7558767	0.02777	0.07777	0.062216
5/28/2020 4:00	5/28/2020	4	development	train	3.388	3.388	24.09	24.09	13.18554222	4.351228933	8.834313287	0.04296	0.09296	0.074368
5/28/2020 5:00	5/28/2020	5	development	train	4.1513332	4.1513332	25.16	25.16	17.85159667	5.891026901	11.96056977	0.05739	0.10739	0.085912
5/28/2020 6:00	5/28/2020	6	development	train	11.4493332	11.4493332	20.47	20.47	22.90005333	7.557017599	15.34303573	0.06379	0.11379	0.091032
5/28/2020 7:00	5/28/2020	7	development	train	8.42575	8.42575	26.44	26.44	20.81857556	6.870129935	13.94844563	0.06194	0.11194	0.089552
5/28/2020 8:00	5/28/2020	8	development	train	20.8096665	20.8096665	26.2	26.2	16.31422889	5.383695534	10.93053336	0.05966	0.10966	0.087728
5/28/2020 9:00	5/28/2020	9	development	train	34.95525	34.95525	33.47	33.47	16.79667778	5.542903667	11.25377411	0.05771	0.10771	0.086168
5/28/2020 10:00	5/28/2020	10	development	train	32.201167	32.201167	55.8	55.8	17.94436556	5.921640635	12.02272493	0.05554	0.10554	0.084432
5/28/2020 11:00	5/28/2020	11	development	train	28.344167	28.344167	31.82	31.82	19.50673778	6.437223467	13.06951431	0.05424	0.10424	0.083392
5/28/2020 12:00	5/28/2020	12	development	train	37.903416	37.903416	38.91	38.91	18.00041	5.9401353	12.0602747	0.05326	0.10326	0.082608
5/28/2020 13:00	5/28/2020	13	development	train	15.4161665	15.4161665	23.86	23.86	18.67341556	6.162227135	12.51118843	0.0524	0.1024	0.08192
5/28/2020 14:00	5/28/2020	14	development	train	11.527	11.527	71.85	71.85	21.6814	7.154862	14.526538	0.05088	0.10088	0.080704
5/28/2020 15:00	5/28/2020	15	development	train	8.11225	8.11225	42.59	42.59	16.08334667	5.307504401	10.77584227	0.05066	0.10066	0.080528
5/28/2020 16:00	5/28/2020	16	development	train	6.0136666	6.0136666	28.18	28.18	11.05203333	3.647170999	7.404862331	0.05196	0.10196	0.081568
5/28/2020 17:00	5/28/2020	17	development	train	5.7604167	5.7604167	17.05	17.05	14.73825556	4.863624335	9.874631225	0.05218	0.10218	0.081744
5/28/2020 18:00	5/28/2020	18	development	train	1.0185	1.0185	11.71	11.71	50.11032	16.5364056	33.5739144	0.05348	0.10348	0.082784
5/28/2020 19:00	5/28/2020	19	development	train	0.0772501	0.0772501	5.3	5.3	29.55192	9.7521336	19.7997864	0.0537	0.1037	0.08296
5/28/2020 20:00	5/28/2020	20	development	train	0	0	2.01	2.01	19.84207333	6.547884199	13.29418913	0.05478	0.10478	0.083824
5/28/2020 21:00	5/28/2020	21	development	train	0	0	0.64	0.64	20.30804222	6.701653933	13.60638829	0.05023	0.10023	0.080184
5/28/2020 22:00	5/28/2020	22	development	train	0	0	-0.1	0	17.51274556	5.779206035	11.73353953	0.03559	0.08559	0.068472
5/28/2020 23:00	5/28/2020	23	development	train	0	0	0.04	0.04	15.02806222	4.959260533	10.06880169	0.02819	0.07819	0.062552
5/29/2020 0:00	5/29/2020	0	development	train	0	0	2.28	2.28	18.42103444	6.078941365	12.34209307	0.02264	0.07264	0.058112
5/29/2020 1:00	5/29/2020	1	development	train	0	0	-0.24	0	14.94940444	4.933303465	10.01610097	0.02438	0.07438	0.059504
5/29/2020 2:00	5/29/2020	2	development	train	0.40475	0.40475	7.18	7.18	14.21261778	4.690163867	9.522453913	0.0271	0.0771	0.06168
5/29/2020 3:00	5/29/2020	3	development	train	1.3244167	1.3244167	6.19	6.19	11.50943889	3.798114834	7.711324056	0.04788	0.09788	0.078304
5/29/2020 4:00	5/29/2020	4	development	train	4.64275	4.64275	5.01	5.01	11.61508444	3.832977865	7.782106575	0.05539	0.10539	0.084312
5/29/2020 5:00	5/29/2020	5	development	train	7.3258333	7.3258333	4.85	4.85	13.35819778	4.408205267	8.949992513	0.06497	0.11497	0.091976
5/29/2020 6:00	5/29/2020	6	development	train	13.0247503	13.0247503	1.52	1.52	19.54997556	6.451491935	13.09848363	0.06094	0.11094	0.088752
5/29/2020 7:00	5/29/2020	7	development	train	13.8250835	13.8250835	0.38	0.38	21.02854667	6.939420401	14.08912627	0.0579	0.1079	0.08632
5/29/2020 8:00	5/29/2020	8	development	train	15.6638335	15.6638335	-0.26	0	17.00774889	5.612557134	11.39519176	0.05539	0.10539	0.084312
5/29/2020 9:00	5/29/2020	9	development	train	18.1918335	18.1918335	-0.28	0	21.33749111	7.041372066	14.29611904	0.05289	0.10289	0.082312
5/29/2020 10:00	5/29/2020	10	development	train	26.478916	26.478916	-0.29	0	16.33702556	5.391218435	10.94580713	0.05104	0.10104	0.080832
5/29/2020 11:00	5/29/2020	11	development	train	38.670166	38.670166	-0.27	0	16.01302333	5.284297699	10.72872563	0.0506	0.1006	0.08048
5/29/2020 12:00	5/29/2020	12	development	train	49.199333	49.199333	-0.28	0	17.26345111	5.696938866	11.56651224	0.05028	0.10028	0.080224
5/29/2020 13:00	5/29/2020	13	development	train	52.423916	52.423916	-0.22	0	15.56871667	5.137676501	10.43104017	0.05039	0.10039	0.080312
5/29/2020 14:00	5/29/2020	14	development	train	57.151752	57.151752	-0.24	0	16.57238	5.4688854	11.1034946	0.04941	0.09941	0.079528
5/29/2020 15:00	5/29/2020	15	development	train	39.579749	39.579749	-0.24	0	11.57475778	3.819670067	7.755087713	0.0493	0.0993	0.07944
5/29/2020 16:00	5/29/2020	16	development	train	22.824667	22.824667	-0.22	0	11.16890889	3.685739934	7.483168956	0.04984	0.09984	0.079872
5/29/2020 17:00	5/29/2020	17	development	train	7.74075	7.74075	-0.27	0	37.55111111	12.39186667	25.15924444	0.05158	0.10158	0.081264
5/29/2020 18:00	5/29/2020	18	development	train	4.1849166	4.1849166	-0.25	0	36.47449333	12.0365828	24.43791053	0.05213	0.10213	0.081704
5/29/2020 19:00	5/29/2020	19	development	train	2.2363334	2.2363334	-0.25	0	18.28289667	6.033355901	12.24954077	0.05148	0.10148	0.081184
5/29/2020 20:00	5/29/2020	20	development	train	0.3105	0.3105	-0.24	0	16.90273556	5.577902735	11.32483283	0.053	0.103	0.0824
5/29/2020 21:00	5/29/2020	21	development	train	0	0	-0.23	0	12.98341	4.2845253	8.6988847	0.04386	0.09386	0.075088
5/29/2020 22:00	5/29/2020	22	development	train	0	0	-0.22	0	13.17507	4.3477731	8.8272969	0.04247	0.09247	0.073976
5/29/2020 23:00	5/29/2020	23	development	train	0	0	-0.23	0	13.10525556	4.324734335	8.780521225	0.03653	0.08653	0.069224
5/30/2020 0:00	5/30/2020	0	development	train	0	0	-0.23	0	13.97842889	4.612881534	9.365547356	0.03188	0.08188	0.065504
5/30/2020 1:00	5/30/2020	1	development	train	0	0	-0.25	0	16.61842778	5.484081167	11.13434661	0.02507	0.07507	0.060056
5/30/2020 2:00	5/30/2020	2	development	train	0.4160833	0.4160833	-0.2	0	15.85382333	5.231761699	10.62206163	0.02269	0.07269	0.058152
5/30/2020 3:00	5/30/2020	3	development	train	2.1273333	2.1273333	-0.21	0	11.63130333	3.838330099	7.792973231	0.03437	0.08437	0.067496
5/30/2020 4:00	5/30/2020	4	development	train	2.9754167	2.9754167	-0.15	0	9.381145556	3.095778033	6.285367523	0.04085	0.09085	0.07268
5/30/2020 5:00	5/30/2020	5	development	train	11.2232504	11.2232504	-0.14	0	10.64221889	3.511932234	7.130286656	0.04679	0.09679	0.077432
5/30/2020 6:00	5/30/2020	6	development	train	29.647833	29.647833	-0.32	0	17.32513	5.7172929	11.6078371	0.05598	0.10598	0.084784
5/30/2020 7:00	5/30/2020	7	development	train	46.782582	46.782582	0.87	0.87	12.83773667	4.236453101	8.601283569	0.05911	0.10911	0.087288
5/30/2020 8:00	5/30/2020	8	development	train	59.2105	59.2105	8.05	8.05	19.12994	6.3128802	12.8170598	0.06376	0.11376	0.091008
5/30/2020 9:00	5/30/2020	9	development	train	68.043166	68.043166	12.66	12.66	17.82898556	5.883565235	11.94542033	0.05857	0.10857	0.086856
5/30/2020 10:00	5/30/2020	10	development	train	73.32825	73.32825	19.85	19.85	16.73237444	5.521683565	11.21069087	0.0549	0.1049	0.08392
5/30/2020 11:00	5/30/2020	11	development	train	74.536166	74.536166	28.06	28.06	9.78591	3.2293503	6.5565597	0.05058	0.10058	0.080464
5/30/2020 12:00	5/30/2020	12	development	train	71.553334	71.553334	9.16	9.16	17.90929778	5.910068267	11.99922951	0.02821	0.07821	0.062568
5/30/2020 13:00	5/30/2020	13	development	train	65.131666	65.131666	12.21	12.21	13.51295444	4.459274965	9.053679475	0.02345	0.07345	0.05876
5/30/2020 14:00	5/30/2020	14	development	train	54.724	54.724	9.06	9.06	12.40144	4.0924752	8.3089648	0.04615	0.09615	0.07692
5/30/2020 15:00	5/30/2020	15	development	train	41.096416	41.096416	1.91	1.91	12.88141222	4.250866033	8.630546187	0.04982	0.09982	0.079856
5/30/2020 16:00	5/30/2020	16	development	train	24.889833	24.889833	-0.26	0	10.37808	3.4247664	6.9533136	0.0522	0.1022	0.08176
5/30/2020 17:00	5/30/2020	17	development	train	8.7194166	8.7194166	-0.26	0	33.01449778	10.89478427	22.11971351	0.05295	0.10295	0.08236
5/30/2020 18:00	5/30/2020	18	development	train	2.3440833	2.3440833	3.9	3.9	31.23429111	10.30731607	20.92697504	0.05144	0.10144	0.081152
5/30/2020 19:00	5/30/2020	19	development	train	1.26575	1.26575	9.06	9.06	15.69055667	5.177883701	10.51267297	0.04896	0.09896	0.079168
5/30/2020 20:00	5/30/2020	20	development	train	0.1603333	0.1603333	-0.25	0	15.19209333	5.013390799	10.17870253	0.03793	0.08793	0.070344
5/30/2020 21:00	5/30/2020	21	development	train	0	0	-0.23	0	13.96453333	4.608295999	9.356237331	0.02021	0.07021	0.056168
5/30/2020 22:00	5/30/2020	22	development	train	0	0	-0.16	0	13.10734333	4.325423299	8.781920031	0.0249	0.0749	0.05992
5/30/2020 23:00	5/30/2020	23	development	train	0	0	-0.11	0	9.016036667	2.9752921	6.040744567	0.02202	0.07202	0.057616
5/31/2020 0:00	5/31/2020	0	development	train	0	0	-0.17	0	12.82551444	4.232419765	8.593094675	0.02095	0.07095	0.05676
5/31/2020 1:00	5/31/2020	1	development	train	0	0	-0.12	0	11.20796667	3.698629001	7.509337669	0.02041	0.07041	0.056328
5/31/2020 2:00	5/31/2020	2	development	train	0.5196667	0.5196667	-0.14	0	11.57951778	3.821240867	7.758276913	0.01881	0.06881	0.055048
5/31/2020 3:00	5/31/2020	3	development	train	1.5518334	1.5518334	-0.2	0	13.69361778	4.518893867	9.174723913	0.02041	0.07041	0.056328
5/31/2020 4:00	5/31/2020	4	development	train	2.9260833	2.9260833	-0.17	0	8.182165556	2.700114633	5.482050923	0.02073	0.07073	0.056584
5/31/2020 5:00	5/31/2020	5	development	train	11.4785	11.4785	-0.15	0	7.967566667	2.629297	5.338269667	0.02886	0.07886	0.063088
5/31/2020 6:00	5/31/2020	6	development	train	29.813584	29.813584	-0.09	0	15.96563333	5.268658999	10.69697433	0.02693	0.07693	0.061544
5/31/2020 7:00	5/31/2020	7	development	train	47.036416	47.036416	-0.13	0	12.37554667	4.083930401	8.291616269	0.0186	0.0686	0.05488
5/31/2020 8:00	5/31/2020	8	development	train	59.639584	59.639584	-0.05	0	17.80766	5.8765278	11.9311322	0.01486	0.06486	0.051888
5/31/2020 9:00	5/31/2020	9	development	train	68.152084	68.152084	7.8	7.8	13.65407111	4.505843466	9.148227644	0.01154	0.06154	0.049232
5/31/2020 10:00	5/31/2020	10	development	train	73.019584	73.019584	12.69	12.69	15.02159333	4.957125799	10.06446753	0.00994	0.05994	0.047952
5/31/2020 11:00	5/31/2020	11	development	train	73.818748	73.818748	11.61	11.61	9.023527778	2.977764167	6.045763611	0.00994	0.05994	0.047952
5/31/2020 12:00	5/31/2020	12	development	train	70.560416	70.560416	-0.25	0	10.83766222	3.576428533	7.261233687	0.0093	0.0593	0.04744
5/31/2020 13:00	5/31/2020	13	development	train	63.682666	63.682666	-0.26	0	12.00759111	3.962505066	8.045086044	0.00919	0.05919	0.047352
5/31/2020 14:00	5/31/2020	14	development	train	53.779584	53.779584	-0.31	0	16.92041556	5.583737135	11.33667843	0.00994	0.05994	0.047952
5/31/2020 15:00	5/31/2020	15	development	train	41.304	41.304	-0.27	0	9.804298889	3.235418633	6.568880256	0.0155	0.0655	0.0524
5/31/2020 16:00	5/31/2020	16	development	train	25.0342495	25.0342495	-0.28	0	9.453732222	3.119731633	6.334000589	0.02351	0.07351	0.058808
5/31/2020 17:00	5/31/2020	17	development	train	8.9315833	8.9315833	-0.27	0	11.51368667	3.799516601	7.714170069	0.04809	0.09809	0.078472
5/31/2020 18:00	5/31/2020	18	development	train	2.4315	2.4315	-0.26	0	18.70908889	6.173999334	12.53508956	0.05675	0.10675	0.0854
5/31/2020 19:00	5/31/2020	19	development	train	1.3740833	1.3740833	-0.25	0	41.00115111	13.53037987	27.47077124	0.05333	0.10333	0.082664
5/31/2020 20:00	5/31/2020	20	development	train	0.2746667	0.2746667	-0.25	0	15.36278889	5.069720334	10.29306856	0.05162	0.10162	0.081296
5/31/2020 21:00	5/31/2020	21	development	train	0	0	-0.18	0	12.62295556	4.165575335	8.457380225	0.04147	0.09147	0.073176
5/31/2020 22:00	5/31/2020	22	development	train	0	0	-0.12	0	13.86100333	4.574131099	9.286872231	0.04852	0.09852	0.078816
5/31/2020 23:00	5/31/2020	23	development	train	0	0	-0.11	0	7.36775	2.4313575	4.9363925	0.04446	0.09446	0.075568
6/1/2020 0:00	6/1/2020	0	development	train	0	0	1.28	1.28	10.89350222	3.594855733	7.298646487	0.04852	0.09852	0.078816
6/1/2020 1:00	6/1/2020	1	development	train	0	0	6.57	6.57	9.950488889	3.283661333	6.666827556	0.04874	0.09874	0.078992
6/1/2020 2:00	6/1/2020	2	development	train	0.5737501	0.5737501	-0.27	0	11.81224667	3.898041401	7.914205269	0.04243	0.09243	0.073944
6/1/2020 3:00	6/1/2020	3	development	train	1.6011667	1.6011667	-0.2	0	11.12867333	3.672462199	7.456211131	0.05216	0.10216	0.081728
6/1/2020 4:00	6/1/2020	4	development	train	2.8086666	2.8086666	-0.25	0	7.299278333	2.40876185	4.890516483	0.05066	0.10066	0.080528
6/1/2020 5:00	6/1/2020	5	development	train	11.1815834	11.1815834	-0.22	0	8.237373333	2.7183332	5.519040133	0.0513	0.1013	0.08104
6/1/2020 6:00	6/1/2020	6	development	train	29.749583	29.749583	-0.15	0	18.02479333	5.948181799	12.07661153	0.05194	0.10194	0.081552
6/1/2020 7:00	6/1/2020	7	development	train	46.627333	46.627333	-0.21	0	13.14778667	4.338769601	8.809017069	0.0529	0.1029	0.08232
6/1/2020 8:00	6/1/2020	8	development	train	58.775832	58.775832	-0.13	0	17.15831556	5.662244135	11.49607143	0.05205	0.10205	0.08164
6/1/2020 9:00	6/1/2020	9	development	train	66.828168	66.828168	-0.12	0	9.927364444	3.276030267	6.651334177	0.05205	0.10205	0.08164
6/1/2020 10:00	6/1/2020	10	development	train	72.5395	72.5395	-0.23	0	9.572926667	3.1590658	6.413860867	0.05119	0.10119	0.080952
6/1/2020 11:00	6/1/2020	11	development	train	74.797082	74.797082	0.48	0.48	8.878644444	2.929952667	5.948691777	0.04884	0.09884	0.079072
6/1/2020 12:00	6/1/2020	12	development	train	71.084082	71.084082	1.49	1.49	11.51934111	3.801382566	7.717958544	0.04371	0.09371	0.074968
6/1/2020 13:00	6/1/2020	13	development	train	58.815498	58.815498	-0.28	0	12.22336111	4.033709166	8.189651944	0.04051	0.09051	0.072408
6/1/2020 14:00	6/1/2020	14	development	train	52.7055	52.7055	-0.27	0	18.12182	5.9802006	12.1416194	0.03848	0.08848	0.070784
6/1/2020 15:00	6/1/2020	15	development	train	28.37725	28.37725	-0.26	0	12.23065333	4.036115599	8.194537731	0.05151	0.10151	0.081208
6/1/2020 16:00	6/1/2020	16	development	train	15.1049165	15.1049165	-0.28	0	9.356117778	3.087518867	6.268598911	0.05237	0.10237	0.081896
6/1/2020 17:00	6/1/2020	17	development	train	10.1423333	10.1423333	-0.28	0	33.33326667	10.999978	22.33328867	0.0528	0.1028	0.08224
6/1/2020 18:00	6/1/2020	18	development	train	4.06825	4.06825	-0.27	0	36.77318222	12.13515013	24.63803209	0.05322	0.10322	0.082576
6/1/2020 19:00	6/1/2020	19	development	train	2.1148334	2.1148334	-0.25	0	15.31340444	5.053423465	10.25998097	0.05333	0.10333	0.082664
6/1/2020 20:00	6/1/2020	20	development	train	0.3849167	0.3849167	-0.18	0	13.46427333	4.443210199	9.021063131	0.0528	0.1028	0.08224
6/1/2020 21:00	6/1/2020	21	development	train	0	0	-0.09	0	16.61631556	5.483384135	11.13293143	0.05205	0.10205	0.08164
6/1/2020 22:00	6/1/2020	22	development	train	0	0	-0.11	0	18.18441556	6.000857135	12.18355843	0.05718	0.10718	0.085744
6/1/2020 23:00	6/1/2020	23	development	train	0	0	-0.16	0	10.77602222	3.556087333	7.219934887	0.05461	0.10461	0.083688
6/2/2020 0:00	6/2/2020	0	development	train	0	0	-0.1	0	10.75852	3.5503116	7.2082084	0.05205	0.10205	0.08164
6/2/2020 1:00	6/2/2020	1	development	train	0	0	0.36	0.36	12.11772222	3.998848333	8.118873887	0.05173	0.10173	0.081384
6/2/2020 2:00	6/2/2020	2	development	train	0.4591667	0.4591667	4.21	4.21	9.951384444	3.283956867	6.667427577	0.05461	0.10461	0.083688
6/2/2020 3:00	6/2/2020	3	development	train	2.57575	2.57575	-0.26	0	8.843813333	2.9184584	5.925354933	0.05771	0.10771	0.086168
6/2/2020 4:00	6/2/2020	4	development	train	6.6781668	6.6781668	-0.25	0	8.615913889	2.843251583	5.772662306	0.07781	0.12781	0.102248
6/2/2020 5:00	6/2/2020	5	development	train	11.3728335	11.3728335	-0.24	0	9.970705556	3.290332833	6.680372723	0.10688	0.15688	0.125504
6/2/2020 6:00	6/2/2020	6	development	train	20.89075	20.89075	-0.24	0	19.54994444	6.451481665	13.09846277	0.07973	0.12973	0.103784
6/2/2020 7:00	6/2/2020	7	development	train	45.957833	45.957833	-0.26	0	21.24450444	7.010686465	14.23381797	0.07952	0.12952	0.103616
6/2/2020 8:00	6/2/2020	8	development	train	52.707498	52.707498	-0.24	0	16.69284667	5.508639401	11.18420727	0.07834	0.12834	0.102672
6/2/2020 9:00	6/2/2020	9	development	train	60.40575	60.40575	-0.07	0	9.502814444	3.135928767	6.366885677	0.07738	0.12738	0.101904
6/2/2020 10:00	6/2/2020	10	development	train	59.7839746	59.7839746	6.47	6.47	8.205441111	2.707795567	5.497645544	0.07791	0.12791	0.102328
6/2/2020 11:00	6/2/2020	11	development	train	61.866334	61.866334	14.48	14.48	8.634701111	2.849451367	5.785249744	0.07823	0.12823	0.102584
6/2/2020 12:00	6/2/2020	12	development	train	68.339002	68.339002	15.26	15.26	11.36124333	3.749210299	7.612033031	0.07791	0.12791	0.102328
6/2/2020 13:00	6/2/2020	13	development	train	52.714084	52.714084	7.43	7.43	12.69094111	4.188010566	8.502930544	0.07781	0.12781	0.102248
6/2/2020 14:00	6/2/2020	14	development	train	33.3625	33.3625	0.2	0.2	11.55782889	3.814083534	7.743745356	0.05868	0.10868	0.086944
6/2/2020 15:00	6/2/2020	15	development	train	30.440167	30.440167	8.99	8.99	11.93917222	3.939926833	7.999245387	0.05504	0.10504	0.084032
6/2/2020 16:00	6/2/2020	16	development	train	17.140417	17.140417	21.72	21.72	15.61681778	5.153549867	10.46326791	0.05387	0.10387	0.083096
6/2/2020 17:00	6/2/2020	17	development	train	9.1155	9.1155	7.84	7.84	38.78579556	12.79931253	25.98648303	0.07086	0.12086	0.096688
6/2/2020 18:00	6/2/2020	18	development	train	4.4159166	4.4159166	17.37	17.37	13.30375333	4.390238599	8.913514731	0.06797	0.11797	0.094376
6/2/2020 19:00	6/2/2020	19	development	train	1.2119167	1.2119167	17.71	17.71	12.30980889	4.062236934	8.247571956	0.05793	0.10793	0.086344
6/2/2020 20:00	6/2/2020	20	development	train	0	0	10.51	10.51	8.478180556	2.797799583	5.680380973	0.05835	0.10835	0.08668
6/2/2020 21:00	6/2/2020	21	development	train	0	0	9.38	9.38	9.921731111	3.274171267	6.647559844	0.05344	0.10344	0.082752
6/2/2020 22:00	6/2/2020	22	development	train	0	0	7.38	7.38	8.205787222	2.707909783	5.497877439	0.05331	0.10331	0.082648
6/2/2020 23:00	6/2/2020	23	development	train	0	0	2.02	2.02	11.06571	3.6516843	7.4140257	0.05214	0.10214	0.081712
6/3/2020 0:00	6/3/2020	0	development	train	0	0	-0.17	0	11.85482889	3.912093534	7.942735356	0.05139	0.10139	0.081112
6/3/2020 1:00	6/3/2020	1	development	train	0	0	-0.11	0	12.75097556	4.207821935	8.543153625	0.05065	0.10065	0.08052
6/3/2020 2:00	6/3/2020	2	development	train	0	0	-0.2	0	11.69384111	3.858967566	7.834873544	0.05033	0.10033	0.080264
6/3/2020 3:00	6/3/2020	3	development	train	0	0	-0.17	0	10.64987333	3.514458199	7.135415131	0.05086	0.10086	0.080688
6/3/2020 4:00	6/3/2020	4	development	train	1.1428334	1.1428334	-0.19	0	11.22818222	3.705300133	7.522882087	0.0643	0.1143	0.09144
6/3/2020 5:00	6/3/2020	5	development	train	2.3311667	2.3311667	-0.23	0	13.48565	4.4502645	9.0353855	0.12283	0.17283	0.138264
6/3/2020 6:00	6/3/2020	6	development	train	2.7105	2.7105	-0.24	0	12.85836778	4.243261367	8.615106413	0.12358	0.17358	0.138864
6/3/2020 7:00	6/3/2020	7	development	train	2.8385001	2.8385001	-0.26	0	18.98404444	6.264734665	12.71930977	0.12475	0.17475	0.1398
6/3/2020 8:00	6/3/2020	8	development	train	2.2350001	2.2350001	-0.25	0	19.82144444	6.541076665	13.28036777	0.12497	0.17497	0.139976
6/3/2020 9:00	6/3/2020	9	development	train	4.84225	4.84225	-0.24	0	13.72965333	4.530785599	9.198867731	0.12379	0.17379	0.139032
6/3/2020 10:00	6/3/2020	10	development	train	13.46025	13.46025	-0.27	0	12.02680667	3.968846201	8.057960469	0.0997	0.1497	0.11976
6/3/2020 11:00	6/3/2020	11	development	train	16.5308335	16.5308335	-0.27	0	10.58332444	3.492497065	7.090827375	0.12209	0.17209	0.137672
6/3/2020 12:00	6/3/2020	12	development	train	6.7644167	6.7644167	-0.26	0	15.70150111	5.181495366	10.52000574	0.1142	0.1642	0.13136
6/3/2020 13:00	6/3/2020	13	development	train	11.8554167	11.8554167	-0.22	0	19.51639556	6.440410535	13.07598503	0.09682	0.14682	0.117456
6/3/2020 14:00	6/3/2020	14	development	train	16.3763335	16.3763335	-0.24	0	19.77521778	6.525821867	13.24939591	0.08935	0.13935	0.11148
6/3/2020 15:00	6/3/2020	15	development	train	10.668	10.668	-0.25	0	13.15948222	4.342629133	8.816853087	0.08967	0.13967	0.111736
6/3/2020 16:00	6/3/2020	16	development	train	6.17975	6.17975	-0.29	0	18.63169	6.1484577	12.4832323	0.08807	0.13807	0.110456
6/3/2020 17:00	6/3/2020	17	development	train	5.5114998	5.5114998	-0.29	0	31.61282444	10.43223207	21.18059237	0.09223	0.14223	0.113784
6/3/2020 18:00	6/3/2020	18	development	train	1.8190834	1.8190834	-0.23	0	20.14935556	6.649287335	13.50006823	0.0885	0.1385	0.1108
6/3/2020 19:00	6/3/2020	19	development	train	1.1458334	1.1458334	-0.24	0	17.70953889	5.844147834	11.86539106	0.09991	0.14991	0.119928
6/3/2020 20:00	6/3/2020	20	development	train	0.02775	0.02775	-0.24	0	18.13694333	5.985191299	12.15175203	0.09213	0.14213	0.113704
6/3/2020 21:00	6/3/2020	21	development	train	0	0	-0.27	0	16.40482556	5.413592435	10.99123313	0.07613	0.12613	0.100904
6/3/2020 22:00	6/3/2020	22	development	train	0	0	-0.34	0	14.82535556	4.892367335	9.932988225	0.054	0.104	0.0832
6/3/2020 23:00	6/3/2020	23	development	train	0	0	-0.29	0	10.32065667	3.405816701	6.914839969	0.0508	0.1008	0.08064
6/4/2020 0:00	6/4/2020	0	development	train	0	0	-0.27	0	13.47276222	4.446011533	9.026750687	0.04697	0.09697	0.077576
6/4/2020 1:00	6/4/2020	1	development	train	0	0	-0.25	0	11.77961111	3.887271666	7.892339444	0.04068	0.09068	0.072544
6/4/2020 2:00	6/4/2020	2	development	train	1.1824167	1.1824167	-0.34	0	11.83529556	3.905647535	7.929648025	0.03376	0.08376	0.067008
6/4/2020 3:00	6/4/2020	3	development	train	2.3696666	2.3696666	-0.27	0	10.52154111	3.472108566	7.049432544	0.03216	0.08216	0.065728
6/4/2020 4:00	6/4/2020	4	development	train	3.421	3.421	-0.23	0	10.94106111	3.610550166	7.330510944	0.05346	0.10346	0.082768
6/4/2020 5:00	6/4/2020	5	development	train	3.8865834	3.8865834	1.72	1.72	16.29939333	5.378799799	10.92059353	0.08286	0.13286	0.106288
6/4/2020 6:00	6/4/2020	6	development	train	10.504	10.504	20.9	20.9	16.66218333	5.498520499	11.16366283	0.08808	0.13808	0.110464
6/4/2020 7:00	6/4/2020	7	development	train	25.941083	25.941083	50.68	50.68	21.34709333	7.044540799	14.30255253	0.08637	0.13637	0.109096
6/4/2020 8:00	6/4/2020	8	development	train	21.9171665	21.9171665	106.36	106.36	17.36435222	5.730236233	11.63411599	0.07657	0.12657	0.101256
6/4/2020 9:00	6/4/2020	9	development	train	52.462332	52.462332	64.74	64.74	15.99847222	5.279495833	10.71897639	0.05804	0.10804	0.086432
6/4/2020 10:00	6/4/2020	10	development	train	50.8755	50.8755	83.76	83.76	15.89077889	5.243957034	10.64682186	0.05613	0.10613	0.084904
6/4/2020 11:00	6/4/2020	11	development	train	71.160334	71.160334	37.88	37.88	18.07927556	5.966160935	12.11311463	0.05463	0.10463	0.083704
6/4/2020 12:00	6/4/2020	12	development	train	63.743332	63.743332	15.72	15.72	21.36925333	7.051853599	14.31739973	0.05751	0.10751	0.086008
6/4/2020 13:00	6/4/2020	13	development	train	65.125082	65.125082	38.95	38.95	18.28417111	6.033776466	12.25039464	0.05485	0.10485	0.08388
6/4/2020 14:00	6/4/2020	14	development	train	44.519583	44.519583	27.35	27.35	18.86246667	6.224614001	12.63785267	0.05421	0.10421	0.083368
6/4/2020 15:00	6/4/2020	15	development	train	33.731416	33.731416	20.6	20.6	16.85771	5.5630443	11.2946657	0.05346	0.10346	0.082768
6/4/2020 16:00	6/4/2020	16	development	train	27.1105	27.1105	54.27	54.27	16.01012556	5.283341435	10.72678413	0.05346	0.10346	0.082768
6/4/2020 17:00	6/4/2020	17	development	train	10.4390001	10.4390001	65.49	65.49	14.29805333	4.718357599	9.579695731	0.054	0.104	0.0832
6/4/2020 18:00	6/4/2020	18	development	train	2.8964166	2.8964166	47.69	47.69	15.3358	5.060814	10.274986	0.05336	0.10336	0.082688
6/4/2020 19:00	6/4/2020	19	development	train	1.5615833	1.5615833	20.09	20.09	12.54064111	4.138411566	8.402229544	0.04718	0.09718	0.077744
6/4/2020 20:00	6/4/2020	20	development	train	0.2831667	0.2831667	24.72	24.72	14.33030333	4.729000099	9.601303231	0.02844	0.07844	0.062752
6/4/2020 21:00	6/4/2020	21	development	train	0	0	42.31	42.31	12.29693111	4.057987266	8.238943844	0.01896	0.06896	0.055168
6/4/2020 22:00	6/4/2020	22	development	train	0	0	53.19	53.19	10.83251333	3.574729399	7.257783931	0.0191	0.0691	0.05528
6/4/2020 23:00	6/4/2020	23	development	train	0	0	52.9	52.9	12.71188	4.1949204	8.5169596	0.01867	0.06867	0.054936
6/5/2020 0:00	6/5/2020	0	development	train	0	0	55.68	55.68	13.95563556	4.605359735	9.350275825	0.01846	0.06846	0.054768
6/5/2020 1:00	6/5/2020	1	development	train	0.0068333	0.0068333	64.27	64.27	13.06749444	4.312273165	8.755221275	0.01846	0.06846	0.054768
6/5/2020 2:00	6/5/2020	2	development	train	0.63575	0.63575	59.15	59.15	12.05810889	3.979175934	8.078932956	0.01846	0.06846	0.054768
6/5/2020 3:00	6/5/2020	3	development	train	1.8349166	1.8349166	3.83	3.83	14.80087556	4.884288935	9.916586625	0.01878	0.06878	0.055024
6/5/2020 4:00	6/5/2020	4	development	train	3.1276667	3.1276667	-0.37	0	9.969962222	3.290087533	6.679874689	0.02568	0.07568	0.060544
6/5/2020 5:00	6/5/2020	5	development	train	11.7228337	11.7228337	12.04	12.04	8.511592778	2.808825617	5.702767161	0.04435	0.09435	0.07548
6/5/2020 6:00	6/5/2020	6	development	train	29.563167	29.563167	11.21	11.21	19.17189778	6.326726267	12.84517151	0.04976	0.09976	0.079808
6/5/2020 7:00	6/5/2020	7	development	train	48.2815	48.2815	53.86	53.86	20.39941333	6.731806399	13.66760693	0.0505	0.1005	0.0804
6/5/2020 8:00	6/5/2020	8	development	train	61.637918	61.637918	66.1	66.1	17.34060444	5.722399465	11.61820497	0.04923	0.09923	0.079384
6/5/2020 9:00	6/5/2020	9	development	train	71.148084	71.148084	75.15	75.15	14.65044	4.8346452	9.8157948	0.04732	0.09732	0.077856
6/5/2020 10:00	6/5/2020	10	development	train	77.439	77.439	95.39	95.39	14.23014889	4.695949134	9.534199756	0.04668	0.09668	0.077344
6/5/2020 11:00	6/5/2020	11	development	train	61.0485	61.0485	43.37	43.37	9.317834444	3.074885367	6.242949077	0.04743	0.09743	0.077944
6/5/2020 12:00	6/5/2020	12	development	train	63.4625	63.4625	21.13	21.13	14.71557889	4.856141034	9.859437856	0.04658	0.09658	0.077264
6/5/2020 13:00	6/5/2020	13	development	train	43.037333	43.037333	56.54	56.54	14.13234889	4.663675134	9.468673756	0.04106	0.09106	0.072848
6/5/2020 14:00	6/5/2020	14	development	train	41.637583	41.637583	67.18	67.18	11.88477778	3.921976667	7.962801113	0.03968	0.08968	0.071744
6/5/2020 15:00	6/5/2020	15	development	train	23.12025	23.12025	112.43	112.43	9.530926667	3.1452058	6.385720867	0.03703	0.08703	0.069624
6/5/2020 16:00	6/5/2020	16	development	train	17.0911665	17.0911665	100.11	100.11	10.95825889	3.616225434	7.342033456	0.03576	0.08576	0.068608
6/5/2020 17:00	6/5/2020	17	development	train	8.4566667	8.4566667	74.12	74.12	12.38424	4.0867992	8.2974408	0.03469	0.08469	0.067752
6/5/2020 18:00	6/5/2020	18	development	train	4.6245	4.6245	25.45	25.45	12.75168222	4.208055133	8.543627087	0.03204	0.08204	0.065632
6/5/2020 19:00	6/5/2020	19	development	train	1.874	1.874	12.19	12.19	17.87507111	5.898773466	11.97629764	0.03013	0.08013	0.064104
6/5/2020 20:00	6/5/2020	20	development	train	0.2030833	0.2030833	11.42	11.42	17.00980333	5.613235099	11.39656823	0.02419	0.07419	0.059352
6/5/2020 21:00	6/5/2020	21	development	train	0	0	43.45	43.45	19.00359111	6.271185066	12.73240604	0.02037	0.07037	0.056296
6/5/2020 22:00	6/5/2020	22	development	train	0	0	19.04	19.04	13.88361333	4.581592399	9.302020931	0.02017	0.07017	0.056136
6/5/2020 23:00	6/5/2020	23	development	train	0	0	58.22	58.22	14.51386889	4.789576734	9.724292156	0.01574	0.06574	0.052592
6/6/2020 0:00	6/6/2020	0	development	train	0	0	58.27	58.27	16.42134111	5.419042566	11.00229854	0.01531	0.06531	0.052248
6/6/2020 1:00	6/6/2020	1	development	train	0	0	46.91	46.91	16.17830778	5.338841567	10.83946621	0.0151	0.0651	0.05208
6/6/2020 2:00	6/6/2020	2	development	train	0.5241666	0.5241666	21.77	21.77	16.58801	5.4740433	11.1139667	0.01521	0.06521	0.052168
6/6/2020 3:00	6/6/2020	3	development	train	4.5256666	4.5256666	4.33	4.33	14.23159222	4.696425433	9.535166787	0.015	0.065	0.052
6/6/2020 4:00	6/6/2020	4	development	train	5.7838335	5.7838335	-0.2	0	10.65254111	3.515338566	7.137202544	0.01552	0.06552	0.052416
6/6/2020 5:00	6/6/2020	5	development	train	9.03025	9.03025	4.32	4.32	12.59053111	4.154875266	8.435655844	0.02968	0.07968	0.063744
6/6/2020 6:00	6/6/2020	6	development	train	11.7800002	11.7800002	3.1	3.1	18.07961556	5.966273135	12.11334243	0.03929	0.08929	0.071432
6/6/2020 7:00	6/6/2020	7	development	train	19.7959165	19.7959165	2.52	2.52	30.36859778	10.02163727	20.34696051	0.04446	0.09446	0.075568
6/6/2020 8:00	6/6/2020	8	development	train	35.164416	35.164416	-0.18	0	18.98411111	6.264756666	12.71935444	0.04457	0.09457	0.075656
6/6/2020 9:00	6/6/2020	9	development	train	31.081416	31.081416	-0.3	0	15.55566889	5.133370734	10.42229816	0.03443	0.08443	0.067544
6/6/2020 10:00	6/6/2020	10	development	train	32.835001	32.835001	7.23	7.23	18.23490222	6.017517733	12.21738449	0.02809	0.07809	0.062472
6/6/2020 11:00	6/6/2020	11	development	train	16.3045005	16.3045005	11.76	11.76	12.80784667	4.226589401	8.581257269	0.01954	0.06954	0.055632
6/6/2020 12:00	6/6/2020	12	development	train	12.921	12.921	21.84	21.84	14.76913667	4.873815101	9.895321569	0.01595	0.06595	0.05276
6/6/2020 13:00	6/6/2020	13	development	train	22.3388335	22.3388335	0.25	0.25	18.75330667	6.188591201	12.56471547	0.0207	0.0707	0.05656
6/6/2020 14:00	6/6/2020	14	development	train	30.590667	30.590667	-0.3	0	15.88528222	5.242143133	10.64313909	0.02144	0.07144	0.057152
6/6/2020 15:00	6/6/2020	15	development	train	18.33475	18.33475	-0.33	0	11.30505111	3.730666866	7.574384244	0.04647	0.09647	0.077176
6/6/2020 16:00	6/6/2020	16	development	train	7.8719167	7.8719167	-0.24	0	13.91165111	4.590844866	9.320806244	0.04679	0.09679	0.077432
6/6/2020 17:00	6/6/2020	17	development	train	5.5670834	5.5670834	-0.14	0	21.6152	7.133016	14.482184	0.04689	0.09689	0.077512
6/6/2020 18:00	6/6/2020	18	development	train	1.8169166	1.8169166	-0.16	0	19.78848222	6.530199133	13.25828309	0.04679	0.09679	0.077432
6/6/2020 19:00	6/6/2020	19	development	train	1.1205833	1.1205833	-0.23	0	16.87145667	5.567580701	11.30387597	0.04541	0.09541	0.076328
6/6/2020 20:00	6/6/2020	20	development	train	0.2345001	0.2345001	-0.18	0	14.75194556	4.868142035	9.883803525	0.04288	0.09288	0.074304
6/6/2020 21:00	6/6/2020	21	development	train	0	0	-0.21	0	13.28421	4.3837893	8.9004207	0.03665	0.08665	0.06932
6/6/2020 22:00	6/6/2020	22	development	train	0	0	-0.17	0	10.36590111	3.420747366	6.945153744	0.03905	0.08905	0.07124
6/6/2020 23:00	6/6/2020	23	development	train	0	0	-0.12	0	10.02130111	3.307029366	6.714271744	0.02541	0.07541	0.060328
6/7/2020 0:00	6/7/2020	0	development	train	0	0	12.72	12.72	13.05151333	4.306999399	8.744513931	0.01669	0.06669	0.053352
6/7/2020 1:00	6/7/2020	1	development	train	0	0	17.45	17.45	13.34033889	4.402311834	8.938027056	0.01606	0.06606	0.052848
6/7/2020 2:00	6/7/2020	2	development	train	0	0	30.62	30.62	14.10577	4.6549041	9.4508659	0.01554	0.06554	0.052432
6/7/2020 3:00	6/7/2020	3	development	train	0	0	25.43	25.43	11.83007778	3.903925667	7.926152113	0.01554	0.06554	0.052432
6/7/2020 4:00	6/7/2020	4	development	train	0.2235	0.2235	38.57	38.57	9.316101111	3.074313367	6.241787744	0.01617	0.06617	0.052936
6/7/2020 5:00	6/7/2020	5	development	train	0.9805	0.9805	34.32	34.32	11.41992778	3.768576167	7.651351613	0.01711	0.06711	0.053688
6/7/2020 6:00	6/7/2020	6	development	train	1.3195	1.3195	26.31	26.31	18.75652	6.1896516	12.5668684	0.02289	0.07289	0.058312
6/7/2020 7:00	6/7/2020	7	development	train	2.5070834	2.5070834	34.73	34.73	31.42548444	10.37040987	21.05507457	0.03023	0.08023	0.064184
6/7/2020 8:00	6/7/2020	8	development	train	5.6214168	5.6214168	24.49	24.49	18.79878	6.2035974	12.5951826	0.03181	0.08181	0.065448
6/7/2020 9:00	6/7/2020	9	development	train	5.1419166	5.1419166	12.73	12.73	18.67245556	6.161910335	12.51054523	0.03097	0.08097	0.064776
6/7/2020 10:00	6/7/2020	10	development	train	7.5863333	7.5863333	7.44	7.44	21.67351778	7.152260867	14.52125691	0.03097	0.08097	0.064776
6/7/2020 11:00	6/7/2020	11	development	train	7.1196667	7.1196667	12.42	12.42	19.29942222	6.368809333	12.93061289	0.02908	0.07908	0.063264
6/7/2020 12:00	6/7/2020	12	development	train	10.4349999	10.4349999	15.04	15.04	18.23725667	6.018294701	12.21896197	0.02918	0.07918	0.063344
6/7/2020 13:00	6/7/2020	13	development	train	8.2954999	8.2954999	25.5	25.5	19.21887556	6.342228935	12.87664663	0.03433	0.08433	0.067464
6/7/2020 14:00	6/7/2020	14	development	train	7.685	7.685	44.43	44.43	20.39713111	6.731053266	13.66607784	0.03916	0.08916	0.071328
6/7/2020 15:00	6/7/2020	15	development	train	4.6113334	4.6113334	37.94	37.94	18.60796	6.1406268	12.4673332	0.04252	0.09252	0.074016
6/7/2020 16:00	6/7/2020	16	development	train	4.3170002	4.3170002	4.89	4.89	14.48992	4.7816736	9.7082464	0.04136	0.09136	0.073088
6/7/2020 17:00	6/7/2020	17	development	train	9.0390833	9.0390833	19.06	19.06	18.24966222	6.022388533	12.22727369	0.03979	0.08979	0.071832
6/7/2020 18:00	6/7/2020	18	development	train	5.8035833	5.8035833	25.05	25.05	22.05056889	7.276687734	14.77388116	0.03811	0.08811	0.070488
6/7/2020 19:00	6/7/2020	19	development	train	2.3330834	2.3330834	24.77	24.77	17.19395	5.6740035	11.5199465	0.0338	0.0838	0.06704
6/7/2020 20:00	6/7/2020	20	development	train	0.5194167	0.5194167	56.47	56.47	16.94561111	5.592051666	11.35355944	0.02614	0.07614	0.060912
6/7/2020 21:00	6/7/2020	21	development	train	0	0	72.16	72.16	17.62822111	5.817312966	11.81090814	0.01984	0.06984	0.055872
6/7/2020 22:00	6/7/2020	22	development	train	0	0	47.53	47.53	12.37294111	4.083070566	8.289870544	0.01575	0.06575	0.0526
6/7/2020 23:00	6/7/2020	23	development	train	0	0	49.96	49.96	10.80704	3.5663232	7.2407168	0.01585	0.06585	0.05268
6/8/2020 0:00	6/8/2020	0	development	train	0	0	49.26	49.26	12.59049778	4.154864267	8.435633513	0.01648	0.06648	0.053184
6/8/2020 1:00	6/8/2020	1	development	train	0	0	35.62	35.62	12.37146333	4.082582899	8.288880431	0.0168	0.0668	0.05344
6/8/2020 2:00	6/8/2020	2	development	train	0.0423333	0.0423333	24.34	24.34	14.82032667	4.890707801	9.929618869	0.02016	0.07016	0.056128
6/8/2020 3:00	6/8/2020	3	development	train	0.5506667	0.5506667	9.49	9.49	13.14672778	4.338420167	8.808307613	0.02467	0.07467	0.059736
6/8/2020 4:00	6/8/2020	4	development	train	1.4495	1.4495	-0.27	0	11.89805444	3.926357965	7.971696475	0.04094	0.09094	0.072752
6/8/2020 5:00	6/8/2020	5	development	train	3.6034166	3.6034166	-0.03	0	12.13171333	4.003465399	8.128247931	0.04703	0.09703	0.077624
6/8/2020 6:00	6/8/2020	6	development	train	7.8903333	7.8903333	13.97	13.97	20.69334889	6.828805134	13.86454376	0.06036	0.11036	0.088288
6/8/2020 7:00	6/8/2020	7	development	train	8.4635001	8.4635001	12.32	12.32	19.42655111	6.410761866	13.01578924	0.07254	0.12254	0.098032
6/8/2020 8:00	6/8/2020	8	development	train	5.6385	5.6385	12.65	12.65	15.31261667	5.053163501	10.25945317	0.07349	0.12349	0.098792
6/8/2020 9:00	6/8/2020	9	development	train	12.8757497	12.8757497	-0.28	0	17.98351333	5.934559399	12.04895393	0.08482	0.13482	0.107856
6/8/2020 10:00	6/8/2020	10	development	train	19.4303335	19.4303335	-0.25	0	18.10060444	5.973199465	12.12740497	0.08451	0.13451	0.107608
6/8/2020 11:00	6/8/2020	11	development	train	16.5795835	16.5795835	-0.27	0	16.80170111	5.544561366	11.25713974	0.0865	0.1365	0.1092
6/8/2020 12:00	6/8/2020	12	development	train	22.0265835	22.0265835	3.74	3.74	18.14291	5.9871603	12.1557497	0.08524	0.13524	0.108192
6/8/2020 13:00	6/8/2020	13	development	train	27.220167	27.220167	0.48	0.48	18.16725111	5.995192866	12.17205824	0.08587	0.13587	0.108696
6/8/2020 14:00	6/8/2020	14	development	train	24.47675	24.47675	5.76	5.76	14.77351444	4.875259765	9.898254675	0.08493	0.13493	0.107944
6/8/2020 15:00	6/8/2020	15	development	train	31.622	31.622	-0.32	0	17.72157889	5.848121034	11.87345786	0.07296	0.12296	0.098368
6/8/2020 16:00	6/8/2020	16	development	train	32.287583	32.287583	0.31	0.31	12.72836778	4.200361367	8.528006413	0.07317	0.12317	0.098536
6/8/2020 17:00	6/8/2020	17	development	train	11.5180834	11.5180834	1.56	1.56	27.21944889	8.982418134	18.23703076	0.07328	0.12328	0.098624
6/8/2020 18:00	6/8/2020	18	development	train	5.3240832	5.3240832	-0.25	0	17.70694889	5.843293134	11.86365576	0.07349	0.12349	0.098792
6/8/2020 19:00	6/8/2020	19	development	train	2.75575	2.75575	-0.27	0	19.12860444	6.312439465	12.81616497	0.07296	0.12296	0.098368
6/8/2020 20:00	6/8/2020	20	development	train	0.6142501	0.6142501	-0.26	0	18.97301333	6.261094399	12.71191893	0.05868	0.10868	0.086944
6/8/2020 21:00	6/8/2020	21	development	train	0	0	-0.29	0	17.27626	5.7011658	11.5750942	0.0484	0.0984	0.07872
6/8/2020 22:00	6/8/2020	22	development	train	0	0	-0.26	0	14.24650889	4.701347934	9.545160956	0.04072	0.09072	0.072576
6/8/2020 23:00	6/8/2020	23	development	train	0	0	-0.23	0	9.51566	3.1401678	6.3754922	0.03989	0.08989	0.071912
6/9/2020 0:00	6/9/2020	0	development	train	0	0	-0.2	0	18.19152444	6.003203065	12.18832137	0.03497	0.08497	0.067976
6/9/2020 1:00	6/9/2020	1	development	train	0	0	-0.17	0	14.10458222	4.654512133	9.450070087	0.03256	0.08256	0.066048
6/9/2020 2:00	6/9/2020	2	development	train	0.27275	0.27275	-0.51	0	15.90449889	5.248484634	10.65601426	0.03811	0.08811	0.070488
6/9/2020 3:00	6/9/2020	3	development	train	2.6375	2.6375	-0.27	0	10.98330222	3.624489733	7.358812487	0.03957	0.08957	0.071656
6/9/2020 4:00	6/9/2020	4	development	train	6.8734167	6.8734167	-0.25	0	13.87146333	4.577582899	9.293880431	0.04114	0.09114	0.072912
6/9/2020 5:00	6/9/2020	5	development	train	12.1629997	12.1629997	-0.27	0	10.7312	3.541296	7.189904	0.10375	0.15375	0.123
6/9/2020 6:00	6/9/2020	6	development	train	30.788751	30.788751	-0.48	0	19.75791556	6.520112135	13.23780343	0.13118	0.18118	0.144944
6/9/2020 7:00	6/9/2020	7	development	train	48.969416	48.969416	-0.27	0	15.89225111	5.244442866	10.64780824	0.13128	0.18128	0.145024
6/9/2020 8:00	6/9/2020	8	development	train	62.610418	62.610418	-0.25	0	16.23626	5.3579658	10.8782942	0.1316	0.1816	0.14528
6/9/2020 9:00	6/9/2020	9	development	train	69.114918	69.114918	-0.24	0	16.03559556	5.291746535	10.74384903	0.13128	0.18128	0.145024
6/9/2020 10:00	6/9/2020	10	development	train	76.304748	76.304748	-0.26	0	9.831228889	3.244305533	6.586923356	0.10396	0.15396	0.123168
6/9/2020 11:00	6/9/2020	11	development	train	76.455498	76.455498	-0.26	0	10.63675222	3.510128233	7.126623987	0.08878	0.13878	0.111024
6/9/2020 12:00	6/9/2020	12	development	train	73.609666	73.609666	-0.23	0	18.11610111	5.978313366	12.13778774	0.08679	0.13679	0.109432
6/9/2020 13:00	6/9/2020	13	development	train	63.34125	63.34125	-0.25	0	14.62040667	4.824734201	9.795672469	0.08459	0.13459	0.107672
6/9/2020 14:00	6/9/2020	14	development	train	57.238916	57.238916	-0.25	0	17.46149111	5.762292066	11.69919904	0.06208	0.11208	0.089664
6/9/2020 15:00	6/9/2020	15	development	train	40.41725	40.41725	-0.22	0	13.00072	4.2902376	8.7104824	0.07161	0.12161	0.097288
6/9/2020 16:00	6/9/2020	16	development	train	25.854667	25.854667	-0.24	0	10.07035667	3.323217701	6.747138969	0.06302	0.11302	0.090416
6/9/2020 17:00	6/9/2020	17	development	train	9.9571667	9.9571667	-0.22	0	19.34506667	6.383872001	12.96119467	0.06334	0.11334	0.090672
6/9/2020 18:00	6/9/2020	18	development	train	3.2550832	3.2550832	-0.2	0	23.07803778	7.615752467	15.46228531	0.06595	0.11595	0.09276
6/9/2020 19:00	6/9/2020	19	development	train	2.8945	2.8945	-0.26	0	18.06495	5.9614335	12.1035165	0.05611	0.10611	0.084888
6/9/2020 20:00	6/9/2020	20	development	train	1.0425	1.0425	-0.22	0	14.43536	4.7636688	9.6716912	0.04952	0.09952	0.079616
6/9/2020 21:00	6/9/2020	21	development	train	0.0655834	0.0655834	-0.02	0	18.50546889	6.106804734	12.39866416	0.04292	0.09292	0.074336
6/9/2020 22:00	6/9/2020	22	development	train	0	0	-0.21	0	18.88405556	6.231738335	12.65231723	0.04352	0.09352	0.074816
6/9/2020 23:00	6/9/2020	23	development	train	0	0	-0.19	0	14.57268889	4.808987334	9.763701556	0.04131	0.09131	0.073048
6/10/2020 0:00	6/10/2020	0	development	train	0	0	-0.19	0	13.09278444	4.320618865	8.772165575	0.03994	0.08994	0.071952
6/10/2020 1:00	6/10/2020	1	development	train	0.00425	0.00425	-0.13	0	14.67888444	4.844031865	9.834852575	0.0392	0.0892	0.07136
6/10/2020 2:00	6/10/2020	2	development	train	0.5314167	0.5314167	-0.15	0	12.33101778	4.069235867	8.261781913	0.03962	0.08962	0.071696
6/10/2020 3:00	6/10/2020	3	development	train	2.07925	2.07925	-0.23	0	15.43964889	5.095084134	10.34456476	0.04078	0.09078	0.072624
6/10/2020 4:00	6/10/2020	4	development	train	6.1933333	6.1933333	-0.17	0	9.541197778	3.148595267	6.392602511	0.04152	0.09152	0.073216
6/10/2020 5:00	6/10/2020	5	development	train	12.1627499	12.1627499	-0.25	0	11.57431	3.8195223	7.7547877	0.05458	0.10458	0.083664
6/10/2020 6:00	6/10/2020	6	development	train	24.16225	24.16225	-0.21	0	12.86587333	4.245738199	8.620135131	0.08641	0.13641	0.109128
6/10/2020 7:00	6/10/2020	7	development	train	42.866084	42.866084	-0.23	0	18.09023778	5.969778467	12.12045931	0.07292	0.12292	0.098336
6/10/2020 8:00	6/10/2020	8	development	train	59.729	59.729	-0.23	0	12.85771444	4.243045765	8.614668675	0.07007	0.12007	0.096056
6/10/2020 9:00	6/10/2020	9	development	train	68.450332	68.450332	-0.25	0	18.94309111	6.251220066	12.69187104	0.05764	0.10764	0.086112
6/10/2020 10:00	6/10/2020	10	development	train	73.413584	73.413584	-0.22	0	10.44070556	3.445432835	6.995272725	0.0569	0.1069	0.08552
6/10/2020 11:00	6/10/2020	11	development	train	64.184	64.184	-0.26	0	10.30144	3.3994752	6.9019648	0.05648	0.10648	0.085184
6/10/2020 12:00	6/10/2020	12	development	train	56.086	56.086	-0.22	0	12.16079	4.0130607	8.1477293	0.0529	0.1029	0.08232
6/10/2020 13:00	6/10/2020	13	development	train	68.245834	68.245834	-0.28	0	14.52434111	4.793032566	9.731308544	0.04099	0.09099	0.072792
6/10/2020 14:00	6/10/2020	14	development	train	56.557334	56.557334	-0.23	0	20.73120444	6.841297465	13.88990697	0.03952	0.08952	0.071616
6/10/2020 15:00	6/10/2020	15	development	train	43.563999	43.563999	-0.23	0	13.53373	4.4661309	9.0675991	0.03751	0.08751	0.070008
6/10/2020 16:00	6/10/2020	16	development	train	22.5205835	22.5205835	0.54	0.54	11.33759	3.7414047	7.5961853	0.0372	0.0872	0.06976
6/10/2020 17:00	6/10/2020	17	development	train	10.0293333	10.0293333	2.44	2.44	8.606144444	2.840027667	5.766116777	0.03804	0.08804	0.070432
6/10/2020 18:00	6/10/2020	18	development	train	3.9305834	3.9305834	0.72	0.72	14.59719556	4.817074535	9.780121025	0.03741	0.08741	0.069928
6/10/2020 19:00	6/10/2020	19	development	train	2.1558333	2.1558333	-0.24	0	24.79269778	8.181590267	16.61110751	0.03699	0.08699	0.069592
6/10/2020 20:00	6/10/2020	20	development	train	0.9046667	0.9046667	-0.22	0	13.56305667	4.475808701	9.087247969	0.03098	0.08098	0.064784
6/10/2020 21:00	6/10/2020	21	development	train	0.0323334	0.0323334	-0.22	0	17.43994444	5.755181665	11.68476277	0.0294	0.0794	0.06352
6/10/2020 22:00	6/10/2020	22	development	train	0	0	-0.21	0	18.01182778	5.943903167	12.06792461	0.01578	0.06578	0.052624
6/10/2020 23:00	6/10/2020	23	development	train	0	0	-0.18	0	12.54779222	4.140771433	8.407020787	0.01536	0.06536	0.052288
6/11/2020 0:00	6/11/2020	0	development	train	0	0	-0.21	0	13.11176889	4.326883734	8.784885156	0.01505	0.06505	0.05204
6/11/2020 1:00	6/11/2020	1	development	train	0.0368333	0.0368333	-0.19	0	13.65677444	4.506735565	9.150038875	0.01494	0.06494	0.051952
6/11/2020 2:00	6/11/2020	2	development	train	0.76575	0.76575	-0.19	0	15.37624	5.0741592	10.3020808	0.01494	0.06494	0.051952
6/11/2020 3:00	6/11/2020	3	development	train	1.8251667	1.8251667	-0.18	0	11.59444222	3.826165933	7.768276287	0.01578	0.06578	0.052624
6/11/2020 4:00	6/11/2020	4	development	train	3.3109167	3.3109167	-0.16	0	9.113128889	3.007332533	6.105796356	0.03399	0.08399	0.067192
6/11/2020 5:00	6/11/2020	5	development	train	11.8168333	11.8168333	-0.22	0	11.76867333	3.883662199	7.885011131	0.04051	0.09051	0.072408
6/11/2020 6:00	6/11/2020	6	development	train	29.654167	29.654167	-0.21	0	17.23930222	5.688969733	11.55033249	0.05388	0.10388	0.083104
6/11/2020 7:00	6/11/2020	7	development	train	47.100249	47.100249	-0.21	0	15.47335444	5.106206965	10.36714747	0.05388	0.10388	0.083104
6/11/2020 8:00	6/11/2020	8	development	train	60.065498	60.065498	-0.2	0	12.79608667	4.222708601	8.573378069	0.05356	0.10356	0.082848
6/11/2020 9:00	6/11/2020	9	development	train	68.676666	68.676666	-0.16	0	12.91429333	4.261716799	8.652576531	0.04946	0.09946	0.079568
6/11/2020 10:00	6/11/2020	10	development	train	73.449832	73.449832	-0.17	0	19.20960222	6.339168733	12.87043349	0.04114	0.09114	0.072912
6/11/2020 11:00	6/11/2020	11	development	train	74.998918	74.998918	-0.15	0	16.93602778	5.588889167	11.34713861	0.04083	0.09083	0.072664
6/11/2020 12:00	6/11/2020	12	development	train	73.394168	73.394168	-0.22	0	16.68660444	5.506579465	11.18002497	0.0402	0.0902	0.07216
6/11/2020 13:00	6/11/2020	13	development	train	67.473916	67.473916	-0.19	0	17.81910778	5.880305567	11.93880221	0.03862	0.08862	0.070896
6/11/2020 14:00	6/11/2020	14	development	train	57.187334	57.187334	13.13	13.13	19.82215111	6.541309866	13.28084124	0.03409	0.08409	0.067272
6/11/2020 15:00	6/11/2020	15	development	train	44.144916	44.144916	15.19	15.19	13.91130667	4.590731201	9.320575469	0.03115	0.08115	0.06492
6/11/2020 16:00	6/11/2020	16	development	train	27.186083	27.186083	9.19	9.19	15.18531778	5.011154867	10.17416291	0.03104	0.08104	0.064832
6/11/2020 17:00	6/11/2020	17	development	train	10.4445	10.4445	-0.28	0	19.99006889	6.596722734	13.39334616	0.03346	0.08346	0.066768
6/11/2020 18:00	6/11/2020	18	development	train	2.8415	2.8415	-0.28	0	13.55157444	4.472019565	9.079554875	0.03409	0.08409	0.067272
6/11/2020 19:00	6/11/2020	19	development	train	1.6695	1.6695	-0.16	0	12.99953778	4.289847467	8.709690313	0.03094	0.08094	0.064752
6/11/2020 20:00	6/11/2020	20	development	train	0.5325833	0.5325833	-0.17	0	13.87168889	4.577657334	9.294031556	0.02262	0.07262	0.058096
6/11/2020 21:00	6/11/2020	21	development	train	0.0025	0.0025	-0.22	0	19.67772222	6.493648333	13.18407389	0.01536	0.06536	0.052288
6/11/2020 22:00	6/11/2020	22	development	train	0	0	-0.2	0	14.0576	4.639008	9.418592	0.01014	0.06014	0.048112
6/11/2020 23:00	6/11/2020	23	development	train	0	0	-0.16	0	11.88954111	3.923548566	7.965992544	0.00886	0.05886	0.047088
6/12/2020 0:00	6/12/2020	0	development	train	0	0	-0.23	0	15.89310889	5.244725934	10.64838296	0.00758	0.05758	0.046064
6/12/2020 1:00	6/12/2020	1	development	train	0.0449166	0.0449166	-0.21	0	11.88101444	3.920734765	7.960279675	0.00715	0.05715	0.04572
6/12/2020 2:00	6/12/2020	2	development	train	0.7864999	0.7864999	-0.52	0	12.52279222	4.132521433	8.390270787	0.00769	0.05769	0.046152
6/12/2020 3:00	6/12/2020	3	development	train	1.8248333	1.8248333	-0.12	0	10.41664778	3.437493767	6.979154013	0.01495	0.06495	0.05196
6/12/2020 4:00	6/12/2020	4	development	train	3.2360001	3.2360001	-0.1	0	8.508458889	2.807791433	5.700667456	0.02626	0.07626	0.061008
6/12/2020 5:00	6/12/2020	5	development	train	12.1228332	12.1228332	-0.23	0	14.89137556	4.914153935	9.977221625	0.0442	0.0942	0.07536
6/12/2020 6:00	6/12/2020	6	development	train	30.337	30.337	-0.25	0	20.63497778	6.809542667	13.82543511	0.0474	0.0974	0.07792
6/12/2020 7:00	6/12/2020	7	development	train	47.662417	47.662417	-0.15	0	14.29186111	4.716314166	9.575546944	0.04804	0.09804	0.078432
6/12/2020 8:00	6/12/2020	8	development	train	60.094084	60.094084	-0.18	0	13.86221444	4.574530765	9.287683675	0.04601	0.09601	0.076808
6/12/2020 9:00	6/12/2020	9	development	train	68.831166	68.831166	8.49	8.49	14.25639667	4.704610901	9.551785769	0.04281	0.09281	0.074248
6/12/2020 10:00	6/12/2020	10	development	train	74.003084	74.003084	13.77	13.77	24.27312	8.0101296	16.2629904	0.03982	0.08982	0.071856
6/12/2020 11:00	6/12/2020	11	development	train	73.519418	73.519418	7.65	7.65	14.53891222	4.797841033	9.741071187	0.03576	0.08576	0.068608
6/12/2020 12:00	6/12/2020	12	development	train	70.116	70.116	7.58	7.58	17.04390556	5.624488835	11.41941673	0.03203	0.08203	0.065624
6/12/2020 13:00	6/12/2020	13	development	train	62.00125	62.00125	8.45	8.45	20.61065333	6.801515599	13.80913773	0.03096	0.08096	0.064768
6/12/2020 14:00	6/12/2020	14	development	train	55.292916	55.292916	-0.24	0	22.82020667	7.530668201	15.28953847	0.03128	0.08128	0.065024
6/12/2020 15:00	6/12/2020	15	development	train	41.164667	41.164667	-0.26	0	18.17008	5.9961264	12.1739536	0.03096	0.08096	0.064768
6/12/2020 16:00	6/12/2020	16	development	train	26.146583	26.146583	-0.28	0	19.91098	6.5706234	13.3403566	0.02957	0.07957	0.063656
6/12/2020 17:00	6/12/2020	17	development	train	10.2888333	10.2888333	1.19	1.19	16.67251667	5.501930501	11.17058617	0.02861	0.07861	0.062888
6/12/2020 18:00	6/12/2020	18	development	train	2.7538333	2.7538333	1.74	1.74	12.55813111	4.144183266	8.413947844	0.02477	0.07477	0.059816
6/12/2020 19:00	6/12/2020	19	development	train	1.4663334	1.4663334	-0.27	0	12.24477	4.0407741	8.2039959	0.02178	0.07178	0.057424
6/12/2020 20:00	6/12/2020	20	development	train	0.3753334	0.3753334	-0.24	0	12.33027111	4.068989466	8.261281644	0.0158	0.0658	0.05264
6/12/2020 21:00	6/12/2020	21	development	train	0.0024167	0.0024167	-0.3	0	15.54860333	5.131039099	10.41756423	0.01516	0.06516	0.052128
6/12/2020 22:00	6/12/2020	22	development	train	0	0	23.09	23.09	10.66529111	3.519546066	7.145745044	0.01517	0.06517	0.052136
6/12/2020 23:00	6/12/2020	23	development	train	0	0	68.15	68.15	9.881474444	3.260886567	6.620587877	0.01311	0.06311	0.050488
6/13/2020 0:00	6/13/2020	0	development	train	0	0	98.2	98.2	11.97997333	3.953391199	8.026582131	0.01214	0.06214	0.049712
6/13/2020 1:00	6/13/2020	1	development	train	0.0466667	0.0466667	83.77	83.77	13.05794556	4.309122035	8.748823525	0.01116	0.06116	0.048928
6/13/2020 2:00	6/13/2020	2	development	train	0.8413333	0.8413333	55.91	55.91	12.52234778	4.132374767	8.389973013	0.01106	0.06106	0.048848
6/13/2020 3:00	6/13/2020	3	development	train	2.119	2.119	55.78	55.78	10.09263333	3.330568999	6.762064331	0.01257	0.06257	0.050056
6/13/2020 4:00	6/13/2020	4	development	train	4.7678334	4.7678334	110.37	110.37	7.521251111	2.482012867	5.039238244	0.01528	0.06528	0.052224
6/13/2020 5:00	6/13/2020	5	development	train	14.2310833	14.2310833	102.25	102.25	12.94711667	4.272548501	8.674568169	0.01604	0.06604	0.052832
6/13/2020 6:00	6/13/2020	6	development	train	21.525417	21.525417	54.08	54.08	19.12354667	6.310770401	12.81277627	0.02265	0.07265	0.05812
6/13/2020 7:00	6/13/2020	7	development	train	25.0454995	25.0454995	58.79	58.79	12.68639556	4.186510535	8.499885025	0.03046	0.08046	0.064368
6/13/2020 8:00	6/13/2020	8	development	train	36.082417	36.082417	34.94	34.94	14.34679556	4.734442535	9.612353025	0.02666	0.07666	0.061328
6/13/2020 9:00	6/13/2020	9	development	train	37.418584	37.418584	15.08	15.08	13.21875889	4.362190434	8.856568456	0.02406	0.07406	0.059248
6/13/2020 10:00	6/13/2020	10	development	train	42.867083	42.867083	1.37	1.37	15.70284222	5.181937933	10.52090429	0.02179	0.07179	0.057432
6/13/2020 11:00	6/13/2020	11	development	train	47.159667	47.159667	-1.22	0	14.26354667	4.706970401	9.556576269	0.02027	0.07027	0.056216
6/13/2020 12:00	6/13/2020	12	development	train	46.356166	46.356166	1	1	18.74856889	6.187027734	12.56154116	0.01821	0.06821	0.054568
6/13/2020 13:00	6/13/2020	13	development	train	42.369583	42.369583	-1.22	0	29.49422444	9.733094065	19.76113037	0.01637	0.06637	0.053096
6/13/2020 14:00	6/13/2020	14	development	train	58.216166	58.216166	-1.22	0	16.66860333	5.500639099	11.16796423	0.01745	0.06745	0.05396
6/13/2020 15:00	6/13/2020	15	development	train	43.839417	43.839417	-1.22	0	11.95644889	3.945628134	8.010820756	0.02135	0.07135	0.05708
6/13/2020 16:00	6/13/2020	16	development	train	24.956917	24.956917	5.92	5.92	13.56430778	4.476221567	9.088086213	0.0233	0.0733	0.05864
6/13/2020 17:00	6/13/2020	17	development	train	11.652	11.652	4.51	4.51	14.10855556	4.655823335	9.452732225	0.01962	0.06962	0.055696
6/13/2020 18:00	6/13/2020	18	development	train	2.9225834	2.9225834	7.11	7.11	16.77630222	5.536179733	11.24012249	0.01593	0.06593	0.052744
6/13/2020 19:00	6/13/2020	19	development	train	1.6441666	1.6441666	-0.27	0	14.24403111	4.700530266	9.543500844	0.01528	0.06528	0.052224
6/13/2020 20:00	6/13/2020	20	development	train	0.3810833	0.3810833	3.43	3.43	12.01533778	3.965061467	8.050276313	0.01322	0.06322	0.050576
6/13/2020 21:00	6/13/2020	21	development	train	0	0	0.4	0.4	13.50911556	4.458008135	9.051107425	0.01236	0.06236	0.049888
6/13/2020 22:00	6/13/2020	22	development	train	0	0	-0.2	0	8.359098889	2.758502633	5.600596256	0.01352	0.06352	0.050816
6/13/2020 23:00	6/13/2020	23	development	train	0	0	-0.03	0	8.825722222	2.912488333	5.913233889	0.01077	0.06077	0.048616
6/14/2020 0:00	6/14/2020	0	development	train	0	0	-0.06	0	11.80226444	3.894747265	7.907517175	0.00868	0.05868	0.046944
6/14/2020 1:00	6/14/2020	1	development	train	0.0426667	0.0426667	0.35	0.35	10.11999111	3.339597066	6.780394044	0.00549	0.05549	0.044392
6/14/2020 2:00	6/14/2020	2	development	train	0.8120833	0.8120833	-0.02	0	14.92044222	4.923745933	9.996696287	0.00494	0.05494	0.043952
6/14/2020 3:00	6/14/2020	3	development	train	2.18425	2.18425	-0.07	0	8.234314444	2.717323767	5.516990677	0.00879	0.05879	0.047032
6/14/2020 4:00	6/14/2020	4	development	train	4.4973334	4.4973334	-0.39	0	11.09352222	3.660862333	7.432659887	0.01341	0.06341	0.050728
6/14/2020 5:00	6/14/2020	5	development	train	12.3121668	12.3121668	-0.21	0	22.51915111	7.431319866	15.08783124	0.01824	0.06824	0.054592
6/14/2020 6:00	6/14/2020	6	development	train	29.60575	29.60575	-0.1	0	24.78561333	8.179252399	16.60636093	0.02956	0.07956	0.063648
6/14/2020 7:00	6/14/2020	7	development	train	41.435833	41.435833	-0.07	0	15.59611222	5.146717033	10.44939519	0.03121	0.08121	0.064968
6/14/2020 8:00	6/14/2020	8	development	train	58.429	58.429	-0.05	0	13.10353111	4.324165266	8.779365844	0.03274	0.08274	0.066192
6/14/2020 9:00	6/14/2020	9	development	train	65.1795	65.1795	-0.13	0	13.02575778	4.298500067	8.727257713	0.03285	0.08285	0.06628
6/14/2020 10:00	6/14/2020	10	development	train	69.8105	69.8105	-0.26	0	12.94307333	4.271214199	8.671859131	0.03329	0.08329	0.066632
6/14/2020 11:00	6/14/2020	11	development	train	72.275166	72.275166	-0.26	0	12.56719333	4.147173799	8.420019531	0.03395	0.08395	0.06716
6/14/2020 12:00	6/14/2020	12	development	train	69.528	69.528	-0.26	0	15.16844889	5.005588134	10.16286076	0.03362	0.08362	0.066896
6/14/2020 13:00	6/14/2020	13	development	train	64.137584	64.137584	-0.25	0	14.66111778	4.838168867	9.822948913	0.03538	0.08538	0.068304
6/14/2020 14:00	6/14/2020	14	development	train	56.007666	56.007666	-0.28	0	15.24849556	5.032003535	10.21649203	0.03582	0.08582	0.068656
6/14/2020 15:00	6/14/2020	15	development	train	36.005417	36.005417	-0.26	0	15.33299778	5.059889267	10.27310851	0.03615	0.08615	0.06892
6/14/2020 16:00	6/14/2020	16	development	train	22.418667	22.418667	0.54	0.54	13.40944889	4.425118134	8.984330756	0.03747	0.08747	0.069976
6/14/2020 17:00	6/14/2020	17	development	train	7.8036667	7.8036667	-0.26	0	10.20382111	3.367260966	6.836560144	0.03846	0.08846	0.070768
6/14/2020 18:00	6/14/2020	18	development	train	3.2310834	3.2310834	-0.28	0	20.59682667	6.796952801	13.79987387	0.03736	0.08736	0.069888
6/14/2020 19:00	6/14/2020	19	development	train	0.6941667	0.6941667	-0.25	0	15.96789333	5.269404799	10.69848853	0.03703	0.08703	0.069624
6/14/2020 20:00	6/14/2020	20	development	train	0.0500833	0.0500833	-0.26	0	15.22385556	5.023872335	10.19998323	0.03329	0.08329	0.066632
6/14/2020 21:00	6/14/2020	21	development	train	0	0	-0.26	0	14.38636889	4.747501734	9.638867156	0.0289	0.0789	0.06312
6/14/2020 22:00	6/14/2020	22	development	train	0	0	-0.25	0	13.98304222	4.614403933	9.368638287	0.02373	0.07373	0.058984
6/14/2020 23:00	6/14/2020	23	development	train	0	0	-0.12	0	11.84940333	3.910303099	7.939100231	0.01637	0.06637	0.053096
6/15/2020 0:00	6/15/2020	0	development	train	0	0	-0.27	0	11.96978889	3.950030334	8.019758556	0.01604	0.06604	0.052832
6/15/2020 1:00	6/15/2020	1	development	train	0.0188334	0.0188334	-0.2	0	10.89011	3.5937363	7.2963737	0.01593	0.06593	0.052744
6/15/2020 2:00	6/15/2020	2	development	train	0.243	0.243	-0.17	0	12.60963222	4.161178633	8.448453587	0.0189	0.0689	0.05512
6/15/2020 3:00	6/15/2020	3	development	train	2.2889167	2.2889167	-0.19	0	7.533832778	2.486164817	5.047667961	0.02231	0.07231	0.057848
6/15/2020 4:00	6/15/2020	4	development	train	4.7575	4.7575	-0.18	0	10.69697	3.5300001	7.1669699	0.03066	0.08066	0.064528
6/15/2020 5:00	6/15/2020	5	development	train	9.7456667	9.7456667	-0.05	0	10.48571556	3.460286135	7.025429425	0.04956	0.09956	0.079648
6/15/2020 6:00	6/15/2020	6	development	train	13.7808335	13.7808335	0	0	15.24405333	5.030537599	10.21351573	0.05296	0.10296	0.082368
6/15/2020 7:00	6/15/2020	7	development	train	11.7974168	11.7974168	0	0	16.99226556	5.607447635	11.38481793	0.04527	0.09527	0.076216
6/15/2020 8:00	6/15/2020	8	development	train	13.483917	13.483917	0	0	15.57387556	5.139378935	10.43449663	0.04373	0.09373	0.074984
6/15/2020 9:00	6/15/2020	9	development	train	12.1616669	12.1616669	0	0	16.23382667	5.357162801	10.87666387	0.04263	0.09263	0.074104
6/15/2020 10:00	6/15/2020	10	development	train	18.8059165	18.8059165	0	0	16.65148444	5.494989865	11.15649457	0.0423	0.0923	0.07384
6/15/2020 11:00	6/15/2020	11	development	train	22.7965835	22.7965835	0	0	13.82344111	4.561735566	9.261705544	0.05054	0.10054	0.080432
6/15/2020 12:00	6/15/2020	12	development	train	20.707	20.707	0	0	19.40952444	6.405143065	13.00438137	0.05098	0.10098	0.080784
6/15/2020 13:00	6/15/2020	13	development	train	23.5234995	23.5234995	0	0	15.86068889	5.234027334	10.62666156	0.04329	0.09329	0.074632
6/15/2020 14:00	6/15/2020	14	development	train	21.8329995	21.8329995	0	0	16.15488333	5.331111499	10.82377183	0.04186	0.09186	0.073488
6/15/2020 15:00	6/15/2020	15	development	train	17.356333	17.356333	0	0	17.68187556	5.835018935	11.84685663	0.04318	0.09318	0.074544
6/15/2020 16:00	6/15/2020	16	development	train	14.26175	14.26175	0	0	13.01727333	4.295700199	8.721573131	0.04	0.09	0.072
6/15/2020 17:00	6/15/2020	17	development	train	7.51925	7.51925	0	0	12.75097667	4.207822301	8.543154369	0.04	0.09	0.072
6/15/2020 18:00	6/15/2020	18	development	train	5.5435834	5.5435834	0	0	10.59161778	3.495233867	7.096383913	0.04066	0.09066	0.072528
6/15/2020 19:00	6/15/2020	19	development	train	2.3905	2.3905	0	0	10.88154889	3.590911134	7.290637756	0.04	0.09	0.072
6/15/2020 20:00	6/15/2020	20	development	train	0.8693333	0.8693333	0	0	15.81323111	5.218366266	10.59486484	0.03648	0.08648	0.069184
6/15/2020 21:00	6/15/2020	21	development	train	0.00275	0.00275	0	0	28.23595333	9.317864599	18.91808873	0.03198	0.08198	0.065584
6/15/2020 22:00	6/15/2020	22	development	train	0	0	0	0	28.47124222	9.395509933	19.07573229	0.0215	0.0715	0.0572
6/15/2020 23:00	6/15/2020	23	development	train	0	0	0	0	11.64067444	3.841422565	7.799251875	0.02117	0.07117	0.056936
6/16/2020 0:00	6/16/2020	0	development	train	0	0	0	0	12.30156444	4.059516265	8.242048175	0.02095	0.07095	0.05676
6/16/2020 1:00	6/16/2020	1	development	train	0.0463333	0.0463333	0	0	10.79683778	3.562956467	7.233881313	0.02084	0.07084	0.056672
6/16/2020 2:00	6/16/2020	2	development	train	0.8543333	0.8543333	0	0	11.38283444	3.756335365	7.626499075	0.02084	0.07084	0.056672
6/16/2020 3:00	6/16/2020	3	development	train	2.0553333	2.0553333	0	0	11.05546667	3.648304001	7.407162669	0.02117	0.07117	0.056936
6/16/2020 4:00	6/16/2020	4	development	train	6.8454167	6.8454167	0	0	10.59539667	3.496480901	7.098915769	0.03285	0.08285	0.06628
6/16/2020 5:00	6/16/2020	5	development	train	12.0782497	12.0782497	0	0	12.3134	4.063422	8.249978	0.04048	0.09048	0.072384
6/16/2020 6:00	6/16/2020	6	development	train	28.296834	28.296834	0	0	15.71794111	5.186920566	10.53102054	0.04299	0.09299	0.074392
6/16/2020 7:00	6/16/2020	7	development	train	45.060417	45.060417	0	0	15.83833333	5.226649999	10.61168333	0.04267	0.09267	0.074136
6/16/2020 8:00	6/16/2020	8	development	train	57.290834	57.290834	0	0	12.42886	4.1015238	8.3273362	0.04245	0.09245	0.07396
6/16/2020 9:00	6/16/2020	9	development	train	66.080084	66.080084	0	0	10.59900667	3.497672201	7.101334469	0.04092	0.09092	0.072736
6/16/2020 10:00	6/16/2020	10	development	train	71.135834	71.135834	0	0	9.993527778	3.297864167	6.695663611	0.03983	0.08983	0.071864
6/16/2020 11:00	6/16/2020	11	development	train	71.83525	71.83525	0	0	11.75752889	3.879984534	7.877544356	0.03863	0.08863	0.070904
6/16/2020 12:00	6/16/2020	12	development	train	68.8835	68.8835	0	0	13.56321444	4.475860765	9.087353675	0.03808	0.08808	0.070464
6/16/2020 13:00	6/16/2020	13	development	train	62.744916	62.744916	0	0	14.46308111	4.772816766	9.690264344	0.03699	0.08699	0.069592
6/16/2020 14:00	6/16/2020	14	development	train	54.042166	54.042166	0	0	17.98188444	5.934021865	12.04786257	0.03579	0.08579	0.068632
6/16/2020 15:00	6/16/2020	15	development	train	41.422	41.422	0	0	16.90278444	5.577918865	11.32486557	0.03546	0.08546	0.068368
6/16/2020 16:00	6/16/2020	16	development	train	25.802417	25.802417	0	0	12.91971667	4.263506501	8.656210169	0.0347	0.0847	0.06776
6/16/2020 17:00	6/16/2020	17	development	train	10.3434167	10.3434167	0	0	9.77987	3.2273571	6.5525129	0.03426	0.08426	0.067408
6/16/2020 18:00	6/16/2020	18	development	train	3.0171666	3.0171666	0	0	30.44864889	10.04805413	20.40059476	0.0347	0.0847	0.06776
6/16/2020 19:00	6/16/2020	19	development	train	1.7445	1.7445	0	0	15.71924	5.1873492	10.5318908	0.03437	0.08437	0.067496
6/16/2020 20:00	6/16/2020	20	development	train	0.5939166	0.5939166	0	0	11.53067222	3.805121833	7.725550387	0.0323	0.0823	0.06584
6/16/2020 21:00	6/16/2020	21	development	train	0.0041667	0.0041667	0	0	13.01650778	4.295447567	8.721060213	0.02717	0.07717	0.061736
6/16/2020 22:00	6/16/2020	22	development	train	0	0	0	0	13.44621667	4.437251501	9.008965169	0.02143	0.07143	0.057144
6/16/2020 23:00	6/16/2020	23	development	train	0	0	0	0	7.153553889	2.360672783	4.792881106	0.02056	0.07056	0.056448
6/17/2020 0:00	6/17/2020	0	development	train	0	0	0	0	12.62996667	4.167889001	8.462077669	0.01615	0.06615	0.05292
6/17/2020 1:00	6/17/2020	1	development	train	0.0690834	0.0690834	0	0	10.84727556	3.579600935	7.267674625	0.01604	0.06604	0.052832
6/17/2020 2:00	6/17/2020	2	development	train	1.13	1.13	0	0	13.10494444	4.324631665	8.780312775	0.01594	0.06594	0.052752
6/17/2020 3:00	6/17/2020	3	development	train	2.63225	2.63225	0	0	9.456173333	3.1205372	6.335636133	0.01615	0.06615	0.05292
6/17/2020 4:00	6/17/2020	4	development	train	3.8291666	3.8291666	0	0	6.872624444	2.267966067	4.604658377	0.02573	0.07573	0.060584
6/17/2020 5:00	6/17/2020	5	development	train	11.5200835	11.5200835	0	0	7.593945556	2.506002033	5.087943523	0.02961	0.07961	0.063688
6/17/2020 6:00	6/17/2020	6	development	train	27.9008335	27.9008335	0	0	11.42691444	3.770881765	7.656032675	0.03338	0.08338	0.066704
6/17/2020 7:00	6/17/2020	7	development	train	44.169667	44.169667	0	0	16.54378222	5.459448133	11.08433409	0.03962	0.08962	0.071696
6/17/2020 8:00	6/17/2020	8	development	train	56.240666	56.240666	0	0	17.30681667	5.711249501	11.59556717	0.03908	0.08908	0.071264
6/17/2020 9:00	6/17/2020	9	development	train	64.677666	64.677666	0	0	16.34841222	5.394976033	10.95343619	0.03165	0.08165	0.06532
6/17/2020 10:00	6/17/2020	10	development	train	68.503584	68.503584	0	0	23.71978889	7.827530334	15.89225856	0.0295	0.0795	0.0636
6/17/2020 11:00	6/17/2020	11	development	train	71.278334	71.278334	0	0	11.11636444	3.668400265	7.447964175	0.02929	0.07929	0.063432
6/17/2020 12:00	6/17/2020	12	development	train	70.263668	70.263668	0	0	12.24470667	4.040753201	8.203953469	0.02821	0.07821	0.062568
6/17/2020 13:00	6/17/2020	13	development	train	63.85	63.85	0	0	21.71206444	7.164981265	14.54708317	0.02767	0.07767	0.062136
6/17/2020 14:00	6/17/2020	14	development	train	53.555084	53.555084	0	0	50.46588	16.6537404	33.8121396	0.02659	0.07659	0.061272
6/17/2020 15:00	6/17/2020	15	development	train	42.156583	42.156583	0	0	19.3552	6.387216	12.967984	0.02713	0.07713	0.061704
6/17/2020 16:00	6/17/2020	16	development	train	25.663666	25.663666	0	0	14.07279111	4.644021066	9.428770044	0.0267	0.0767	0.06136
6/17/2020 17:00	6/17/2020	17	development	train	11.6838334	11.6838334	0	0	10.58818222	3.494100133	7.094082087	0.0267	0.0767	0.06136
6/17/2020 18:00	6/17/2020	18	development	train	5.41775	5.41775	0.95	0.95	24.54530444	8.099950465	16.44535397	0.02659	0.07659	0.061272
6/17/2020 19:00	6/17/2020	19	development	train	3.3654166	3.3654166	5.52	5.52	42.35363111	13.97669827	28.37693284	0.02638	0.07638	0.061104
6/17/2020 20:00	6/17/2020	20	development	train	1.1713334	1.1713334	-0.25	0	52.52973333	17.334812	35.19492133	0.02541	0.07541	0.060328
6/17/2020 21:00	6/17/2020	21	development	train	0.0551667	0.0551667	-0.25	0	42.69096889	14.08801973	28.60294916	0.02423	0.07423	0.059384
6/17/2020 22:00	6/17/2020	22	development	train	0	0	-0.26	0	14.15893333	4.672447999	9.486485331	0.01652	0.06652	0.053216
6/17/2020 23:00	6/17/2020	23	development	train	0	0	-0.14	0	9.341768889	3.082783733	6.258985156	0.0161	0.0661	0.05288
6/18/2020 0:00	6/18/2020	0	development	train	0	0	0.59	0.59	10.18890333	3.362338099	6.826565231	0.01588	0.06588	0.052704
6/18/2020 1:00	6/18/2020	1	development	train	0.0023333	0.0023333	0.29	0.29	13.83898222	4.566864133	9.272118087	0.01577	0.06577	0.052616
6/18/2020 2:00	6/18/2020	2	development	train	0.6411666	0.6411666	0.03	0.03	10.55105556	3.481848335	7.069207225	0.01577	0.06577	0.052616
6/18/2020 3:00	6/18/2020	3	development	train	2.31675	2.31675	1.54	1.54	9.330872222	3.079187833	6.251684389	0.01599	0.06599	0.052792
6/18/2020 4:00	6/18/2020	4	development	train	3.6913334	3.6913334	-0.09	0	7.649656667	2.5243867	5.125269967	0.02178	0.07178	0.057424
6/18/2020 5:00	6/18/2020	5	development	train	11.3660832	11.3660832	-0.09	0	13.11755111	4.328791866	8.788759244	0.02618	0.07618	0.060944
6/18/2020 6:00	6/18/2020	6	development	train	28.0273335	28.0273335	-0.06	0	16.83236778	5.554681367	11.27768641	0.0324	0.0824	0.06592
6/18/2020 7:00	6/18/2020	7	development	train	44.642834	44.642834	-0.07	0	12.07346	3.9842418	8.0892182	0.03037	0.08037	0.064296
6/18/2020 8:00	6/18/2020	8	development	train	57.4385	57.4385	-0.08	0	12.63389667	4.169185901	8.464710769	0.03434	0.08434	0.067472
6/18/2020 9:00	6/18/2020	9	development	train	66.26575	66.26575	-0.04	0	15.26264	5.0366712	10.2259688	0.02843	0.07843	0.062744
6/18/2020 10:00	6/18/2020	10	development	train	71.523666	71.523666	-0.15	0	49.84546667	16.449004	33.39646267	0.02629	0.07629	0.061032
6/18/2020 11:00	6/18/2020	11	development	train	73.225	73.225	0.93	0.93	48.96364444	16.15800267	32.80564177	0.02564	0.07564	0.060512
6/18/2020 12:00	6/18/2020	12	development	train	71.275416	71.275416	3.56	3.56	52.09661333	17.1918824	34.90473093	0.025	0.075	0.06
6/18/2020 13:00	6/18/2020	13	development	train	65.190834	65.190834	9.94	9.94	48.25196889	15.92314973	32.32881916	0.02414	0.07414	0.059312
6/18/2020 14:00	6/18/2020	14	development	train	55.541166	55.541166	0.8	0.8	19.64152222	6.481702333	13.15981989	0.02468	0.07468	0.059744
6/18/2020 15:00	6/18/2020	15	development	train	42.740501	42.740501	11.86	11.86	13.07221111	4.313829666	8.758381444	0.02382	0.07382	0.059056
6/18/2020 16:00	6/18/2020	16	development	train	26.66725	26.66725	-0.31	0	12.49099556	4.122028535	8.368967025	0.02264	0.07264	0.058112
6/18/2020 17:00	6/18/2020	17	development	train	10.6487501	10.6487501	-0.27	0	12.28340333	4.053523099	8.229880231	0.02243	0.07243	0.057944
6/18/2020 18:00	6/18/2020	18	development	train	3.0088334	3.0088334	-0.27	0	8.395937222	2.770659283	5.625277939	0.02232	0.07232	0.057856
6/18/2020 19:00	6/18/2020	19	development	train	1.7295833	1.7295833	-0.28	0	11.49637667	3.793804301	7.702572369	0.02178	0.07178	0.057424
6/18/2020 20:00	6/18/2020	20	development	train	0.6030833	0.6030833	-0.29	0	50.29418222	16.59708013	33.69710209	0.02157	0.07157	0.057256
6/18/2020 21:00	6/18/2020	21	development	train	0.0068333	0.0068333	-0.14	0	50.80723111	16.76638627	34.04084484	0.02114	0.07114	0.056912
6/18/2020 22:00	6/18/2020	22	development	train	0	0	2.95	2.95	35.62007778	11.75462567	23.86545211	0.01832	0.06832	0.054656
6/18/2020 23:00	6/18/2020	23	development	train	0	0	2.07	2.07	8.086579444	2.668571217	5.418008227	0.01757	0.06757	0.054056
6/19/2020 0:00	6/19/2020	0	development	train	0	0	-0.09	0	11.81412444	3.898661065	7.915463375	0.01693	0.06693	0.053544
6/19/2020 1:00	6/19/2020	1	development	train	0.03325	0.03325	-0.04	0	13.44106444	4.435551265	9.005513175	0.01683	0.06683	0.053464
6/19/2020 2:00	6/19/2020	2	development	train	0.8284167	0.8284167	-0.05	0	11.92096222	3.933917533	7.987044687	0.01683	0.06683	0.053464
6/19/2020 3:00	6/19/2020	3	development	train	1.7500833	1.7500833	-0.01	0	8.388253333	2.7681236	5.620129733	0.01821	0.06821	0.054568
6/19/2020 4:00	6/19/2020	4	development	train	2.9980834	2.9980834	-0.12	0	9.387695556	3.097939533	6.289756023	0.02087	0.07087	0.056696
6/19/2020 5:00	6/19/2020	5	development	train	11.2391666	11.2391666	-0.13	0	9.089087222	2.999398783	6.089688439	0.02833	0.07833	0.062664
6/19/2020 6:00	6/19/2020	6	development	train	28.961084	28.961084	-0.18	0	15.70562444	5.182856065	10.52276837	0.03025	0.08025	0.0642
6/19/2020 7:00	6/19/2020	7	development	train	46.09275	46.09275	-0.15	0	13.18438556	4.350847235	8.833538325	0.03067	0.08067	0.064536
6/19/2020 8:00	6/19/2020	8	development	train	58.352834	58.352834	-0.12	0	14.28487889	4.714010034	9.570868856	0.03057	0.08057	0.064456
6/19/2020 9:00	6/19/2020	9	development	train	67.498666	67.498666	8.72	8.72	13.84680667	4.569446201	9.277360469	0.03003	0.08003	0.064024
6/19/2020 10:00	6/19/2020	10	development	train	72.648	72.648	3.07	3.07	10.24933333	3.382279999	6.867053331	0.02961	0.07961	0.063688
6/19/2020 11:00	6/19/2020	11	development	train	74.135334	74.135334	-0.29	0	10.64186222	3.511814533	7.130047687	0.02929	0.07929	0.063432
6/19/2020 12:00	6/19/2020	12	development	train	71.88675	71.88675	-0.26	0	16.21428778	5.350714967	10.86357281	0.02886	0.07886	0.063088
6/19/2020 13:00	6/19/2020	13	development	train	65.459248	65.459248	-0.26	0	15.68107222	5.174753833	10.50631839	0.02418	0.07418	0.059344
6/19/2020 14:00	6/19/2020	14	development	train	55.974666	55.974666	-0.28	0	35.29298444	11.64668487	23.64629957	0.0229	0.0729	0.05832
6/19/2020 15:00	6/19/2020	15	development	train	42.800167	42.800167	-0.25	0	51.84756889	17.10969773	34.73787116	0.02311	0.07311	0.058488
6/19/2020 16:00	6/19/2020	16	development	train	26.794583	26.794583	-0.16	0	46.71001778	15.41430587	31.29571191	0.02205	0.07205	0.05764
6/19/2020 17:00	6/19/2020	17	development	train	10.4924167	10.4924167	-0.27	0	48.72924	16.0806492	32.6485908	0.02162	0.07162	0.057296
6/19/2020 18:00	6/19/2020	18	development	train	2.6612499	2.6612499	-0.29	0	50.85458667	16.7820136	34.07257307	0.02077	0.07077	0.056616
6/19/2020 19:00	6/19/2020	19	development	train	1.6289999	1.6289999	-0.29	0	52.16892444	17.21574507	34.95317937	0.01938	0.06938	0.055504
6/19/2020 20:00	6/19/2020	20	development	train	0.56025	0.56025	-0.27	0	54.18961333	17.8825724	36.30704093	0.01906	0.06906	0.055248
6/19/2020 21:00	6/19/2020	21	development	train	0.0069167	0.0069167	-0.26	0	34.12042222	11.25973933	22.86068289	0.01864	0.06864	0.054912
6/19/2020 22:00	6/19/2020	22	development	train	0	0	-0.24	0	14.68751444	4.846879765	9.840634675	0.01664	0.06664	0.053312
6/19/2020 23:00	6/19/2020	23	development	train	0	0	-0.16	0	13.09141111	4.320165666	8.771245444	0.01557	0.06557	0.052456
6/20/2020 0:00	6/20/2020	0	development	train	0	0	-0.03	0	11.59211	3.8253963	7.7667137	0.01439	0.06439	0.051512
6/20/2020 1:00	6/20/2020	1	development	train	0.0275834	0.0275834	-0.01	0	9.590864444	3.164985267	6.425879177	0.01342	0.06342	0.050736
6/20/2020 2:00	6/20/2020	2	development	train	0.8244166	0.8244166	-0.01	0	9.7797	3.227301	6.552399	0.01256	0.06256	0.050048
6/20/2020 3:00	6/20/2020	3	development	train	1.8825	1.8825	0	0	9.233443889	3.047036483	6.186407406	0.01439	0.06439	0.051512
6/20/2020 4:00	6/20/2020	4	development	train	3.1965834	3.1965834	-0.03	0	7.941065	2.62055145	5.32051355	0.01664	0.06664	0.053312
6/20/2020 5:00	6/20/2020	5	development	train	10.9400833	10.9400833	-0.02	0	7.849658889	2.590387433	5.259271456	0.01697	0.06697	0.053576
6/20/2020 6:00	6/20/2020	6	development	train	27.5794995	27.5794995	3.46	3.46	15.52940111	5.124702366	10.40469874	0.0175	0.0675	0.054
6/20/2020 7:00	6/20/2020	7	development	train	43.417417	43.417417	1.34	1.34	14.70112444	4.851371065	9.849753375	0.01793	0.06793	0.054344
6/20/2020 8:00	6/20/2020	8	development	train	55.63675	55.63675	16.9	16.9	14.82500444	4.892251465	9.932752975	0.01825	0.06825	0.0546
6/20/2020 9:00	6/20/2020	9	development	train	64.743834	64.743834	29.2	29.2	13.74222333	4.534933699	9.207289631	0.01825	0.06825	0.0546
6/20/2020 10:00	6/20/2020	10	development	train	69.673666	69.673666	20.01	20.01	12.75664222	4.209691933	8.546950287	0.01815	0.06815	0.05452
6/20/2020 11:00	6/20/2020	11	development	train	69.864834	69.864834	15.74	15.74	12.54279222	4.139121433	8.403670787	0.01815	0.06815	0.05452
6/20/2020 12:00	6/20/2020	12	development	train	65.920166	65.920166	23.95	23.95	25.54038	8.4283254	17.1120546	0.01815	0.06815	0.05452
6/20/2020 13:00	6/20/2020	13	development	train	55.819584	55.819584	20.35	20.35	54.48972444	17.98160907	36.50811537	0.01836	0.06836	0.054688
6/20/2020 14:00	6/20/2020	14	development	train	37.914499	37.914499	13.52	13.52	54.02346222	17.82774253	36.19571969	0.01868	0.06868	0.054944
6/20/2020 15:00	6/20/2020	15	development	train	31.719333	31.719333	4.53	4.53	51.16111111	16.88316667	34.27794444	0.01911	0.06911	0.055288
6/20/2020 16:00	6/20/2020	16	development	train	23.553417	23.553417	-1.14	0	46.36007111	15.29882347	31.06124764	0.01922	0.06922	0.055376
6/20/2020 17:00	6/20/2020	17	development	train	10.5633333	10.5633333	-1.1	0	47.79341333	15.7718264	32.02158693	0.01922	0.06922	0.055376
6/20/2020 18:00	6/20/2020	18	development	train	6.0919166	6.0919166	1.24	1.24	48.86143556	16.12427373	32.73716183	0.01901	0.06901	0.055208
6/20/2020 19:00	6/20/2020	19	development	train	2.8619166	2.8619166	18.21	18.21	45.16110667	14.9031652	30.25794147	0.01858	0.06858	0.054864
6/20/2020 20:00	6/20/2020	20	development	train	1.0695	1.0695	24.17	24.17	13.78486556	4.549005635	9.235859925	0.01825	0.06825	0.0546
6/20/2020 21:00	6/20/2020	21	development	train	0.0356667	0.0356667	30.79	30.79	10.26265111	3.386674866	6.875976244	0.01793	0.06793	0.054344
6/20/2020 22:00	6/20/2020	22	development	train	0	0	38.65	38.65	11.53926333	3.807956899	7.731306431	0.01712	0.06712	0.053696
6/20/2020 23:00	6/20/2020	23	development	train	0	0	60.03	60.03	11.75881444	3.880408765	7.878405675	0.01691	0.06691	0.053528
6/21/2020 0:00	6/21/2020	0	development	train	0	0	95.19	95.19	10.62550111	3.506415366	7.119085744	0.01658	0.06658	0.053264
6/21/2020 1:00	6/21/2020	1	development	train	0.00975	0.00975	99.08	99.08	10.87924667	3.590151401	7.289095269	0.01637	0.06637	0.053096
6/21/2020 2:00	6/21/2020	2	development	train	0.4811667	0.4811667	93.11	93.11	11.81536111	3.899069166	7.916291944	0.01583	0.06583	0.052664
6/21/2020 3:00	6/21/2020	3	development	train	1.5616667	1.5616667	82.23	82.23	10.08308778	3.327418967	6.755668813	0.01626	0.06626	0.053008
6/21/2020 4:00	6/21/2020	4	development	train	3.2320834	3.2320834	65.12	65.12	7.756415	2.55961695	5.19679805	0.01648	0.06648	0.053184
6/21/2020 5:00	6/21/2020	5	development	train	9.6655	9.6655	53.06	53.06	7.493053333	2.4727076	5.020345733	0.01658	0.06658	0.053264
6/21/2020 6:00	6/21/2020	6	development	train	22.532333	22.532333	62.23	62.23	15.75836778	5.200261367	10.55810641	0.01658	0.06658	0.053264
6/21/2020 7:00	6/21/2020	7	development	train	30.56	30.56	84.56	84.56	14.97971556	4.943306135	10.03640943	0.01669	0.06669	0.053352
6/21/2020 8:00	6/21/2020	8	development	train	37.361582	37.361582	60.07	60.07	15.66696889	5.170099734	10.49686916	0.0168	0.0668	0.05344
6/21/2020 9:00	6/21/2020	9	development	train	46.164584	46.164584	64.27	64.27	12.76686667	4.213066001	8.553800669	0.0168	0.0668	0.05344
6/21/2020 10:00	6/21/2020	10	development	train	44.93475	44.93475	82.54	82.54	12.28668667	4.054606601	8.232080069	0.0168	0.0668	0.05344
6/21/2020 11:00	6/21/2020	11	development	train	44.364334	44.364334	47.52	47.52	45.89845333	15.1464896	30.75196373	0.0168	0.0668	0.05344
6/21/2020 12:00	6/21/2020	12	development	train	44.814416	44.814416	51.93	51.93	48.65372889	16.05573053	32.59799836	0.01691	0.06691	0.053528
6/21/2020 13:00	6/21/2020	13	development	train	43.305084	43.305084	24.79	24.79	31.59472	10.4262576	21.1684624	0.01701	0.06701	0.053608
6/21/2020 14:00	6/21/2020	14	development	train	31.2347493	31.2347493	19.1	19.1	43.01926222	14.19635653	28.82290569	0.01712	0.06712	0.053696
6/21/2020 15:00	6/21/2020	15	development	train	22.447667	22.447667	13.42	13.42	41.20606667	13.598002	27.60806467	0.01723	0.06723	0.053784
6/21/2020 16:00	6/21/2020	16	development	train	17.243833	17.243833	-1.06	0	19.11979556	6.309532535	12.81026303	0.01734	0.06734	0.053872
6/21/2020 17:00	6/21/2020	17	development	train	7.4285834	7.4285834	1.01	1.01	13.83143778	4.564374467	9.267063313	0.01755	0.06755	0.05404
6/21/2020 18:00	6/21/2020	18	development	train	2.1014166	2.1014166	7.06	7.06	13.94725778	4.602595067	9.344662713	0.01766	0.06766	0.054128
6/21/2020 19:00	6/21/2020	19	development	train	1.2308334	1.2308334	-0.78	0	17.96370556	5.928022835	12.03568273	0.01755	0.06755	0.05404
6/21/2020 20:00	6/21/2020	20	development	train	0.3595	0.3595	-1.23	0	17.19543556	5.674493735	11.52094183	0.01755	0.06755	0.05404
6/21/2020 21:00	6/21/2020	21	development	train	0	0	-1.23	0	14.42122222	4.759003333	9.662218887	0.01712	0.06712	0.053696
6/21/2020 22:00	6/21/2020	22	development	train	0	0	-1.21	0	15.43025111	5.091982866	10.33826824	0.01744	0.06744	0.053952
6/21/2020 23:00	6/21/2020	23	development	train	0	0	-0.31	0	15.63569778	5.159780267	10.47591751	0.01712	0.06712	0.053696
6/22/2020 0:00	6/22/2020	0	development	train	0	0	-0.25	0	15.44116222	5.095583533	10.34557869	0.01691	0.06691	0.053528
6/22/2020 1:00	6/22/2020	1	development	train	0.0366666	0.0366666	-0.29	0	11.85221111	3.911229666	7.940981444	0.01691	0.06691	0.053528
6/22/2020 2:00	6/22/2020	2	development	train	1.3597501	1.3597501	-0.26	0	9.907284444	3.269403867	6.637880577	0.01691	0.06691	0.053528
6/22/2020 3:00	6/22/2020	3	development	train	2.10925	2.10925	-0.26	0	9.946387778	3.282307967	6.664079811	0.01723	0.06723	0.053784
6/22/2020 4:00	6/22/2020	4	development	train	2.3088334	2.3088334	-0.27	0	11.60406222	3.829340533	7.774721687	0.01917	0.06917	0.055336
6/22/2020 5:00	6/22/2020	5	development	train	3.1965832	3.1965832	-0.26	0	12.76024556	4.210881035	8.549364525	0.0407	0.0907	0.07256
6/22/2020 6:00	6/22/2020	6	development	train	6.3895833	6.3895833	4.11	4.11	16.66069778	5.498030267	11.16266751	0.06579	0.11579	0.092632
6/22/2020 7:00	6/22/2020	7	development	train	12.8338332	12.8338332	19.82	19.82	17.26078667	5.696059601	11.56472707	0.05352	0.10352	0.082816
6/22/2020 8:00	6/22/2020	8	development	train	12.7190837	12.7190837	0.07	0.07	12.01133667	3.963741101	8.047595569	0.05298	0.10298	0.082384
6/22/2020 9:00	6/22/2020	9	development	train	10.916	10.916	-0.26	0	13.99395667	4.618005701	9.375950969	0.04867	0.09867	0.078936
6/22/2020 10:00	6/22/2020	10	development	train	14.698833	14.698833	0.32	0.32	11.62723333	3.836986999	7.790246331	0.04016	0.09016	0.072128
6/22/2020 11:00	6/22/2020	11	development	train	17.108	17.108	-0.29	0	8.02573	2.6484909	5.3772391	0.04027	0.09027	0.072216
6/22/2020 12:00	6/22/2020	12	development	train	11.4500833	11.4500833	-0.28	0	11.93729111	3.939306066	7.997985044	0.02143	0.07143	0.057144
6/22/2020 13:00	6/22/2020	13	development	train	8.1655833	8.1655833	0.88	0.88	15.13068	4.9931244	10.1375556	0.02164	0.07164	0.057312
6/22/2020 14:00	6/22/2020	14	development	train	11.4944169	11.4944169	-0.27	0	13.69260222	4.518558733	9.174043487	0.01927	0.06927	0.055416
6/22/2020 15:00	6/22/2020	15	development	train	13.7241665	13.7241665	-0.25	0	15.38465333	5.076935599	10.30771773	0.01895	0.06895	0.05516
6/22/2020 16:00	6/22/2020	16	development	train	16.3872495	16.3872495	-0.26	0	10.34966333	3.415388899	6.934274431	0.01852	0.06852	0.054816
6/22/2020 17:00	6/22/2020	17	development	train	7.8744167	7.8744167	-0.28	0	17.90627333	5.909070199	11.99720313	0.01874	0.06874	0.054992
6/22/2020 18:00	6/22/2020	18	development	train	2.4735833	2.4735833	-0.27	0	15.40454889	5.083501134	10.32104776	0.01895	0.06895	0.05516
6/22/2020 19:00	6/22/2020	19	development	train	2.072	2.072	-0.21	0	14.85749111	4.902972066	9.954519044	0.02164	0.07164	0.057312
6/22/2020 20:00	6/22/2020	20	development	train	0.3614167	0.3614167	-0.06	0	13.80455778	4.555504067	9.249053713	0.02046	0.07046	0.056368
6/22/2020 21:00	6/22/2020	21	development	train	0.0351667	0.0351667	-0.09	0	16.29668778	5.377906967	10.91878081	0.01895	0.06895	0.05516
6/22/2020 22:00	6/22/2020	22	development	train	0	0	0.05	0.05	11.41792889	3.767916534	7.650012356	0.01756	0.06756	0.054048
6/22/2020 23:00	6/22/2020	23	development	train	0	0	0.68	0.68	10.17901111	3.359073666	6.819937444	0.0168	0.0668	0.05344
6/23/2020 0:00	6/23/2020	0	development	train	0	0	-0.06	0	10.95919333	3.616533799	7.342659531	0.01616	0.06616	0.052928
6/23/2020 1:00	6/23/2020	1	development	train	0.06325	0.06325	-0.06	0	12.2448	4.040784	8.204016	0.01616	0.06616	0.052928
6/23/2020 2:00	6/23/2020	2	development	train	1.2145833	1.2145833	-0.14	0	13.42851556	4.431410135	8.997105425	0.01594	0.06594	0.052752
6/23/2020 3:00	6/23/2020	3	development	train	2.6645834	2.6645834	-0.06	0	10.42100889	3.438932934	6.982075956	0.01594	0.06594	0.052752
6/23/2020 4:00	6/23/2020	4	development	train	5.6520835	5.6520835	-0.16	0	10.42513333	3.440293999	6.984839331	0.01767	0.06767	0.054136
6/23/2020 5:00	6/23/2020	5	development	train	14.4977502	14.4977502	-0.15	0	12.86014778	4.243848767	8.616299013	0.0181	0.0681	0.05448
6/23/2020 6:00	6/23/2020	6	development	train	24.5720005	24.5720005	-0.11	0	15.19091111	5.013000666	10.17791044	0.0209	0.0709	0.05672
6/23/2020 7:00	6/23/2020	7	development	train	40.07725	40.07725	-0.06	0	20.31831556	6.705044135	13.61327143	0.02154	0.07154	0.057232
6/23/2020 8:00	6/23/2020	8	development	train	46.955417	46.955417	0.98	0.98	17.28151222	5.702899033	11.57861319	0.02165	0.07165	0.05732
6/23/2020 9:00	6/23/2020	9	development	train	43.007	43.007	0.76	0.76	19.06869333	6.292668799	12.77602453	0.02144	0.07144	0.057152
6/23/2020 10:00	6/23/2020	10	development	train	49.4185	49.4185	0.04	0.04	17.76971111	5.864004666	11.90570644	0.02144	0.07144	0.057152
6/23/2020 11:00	6/23/2020	11	development	train	66.611416	66.611416	-0.28	0	13.94403111	4.601530266	9.342500844	0.02144	0.07144	0.057152
6/23/2020 12:00	6/23/2020	12	development	train	52.227748	52.227748	-0.27	0	16.79824333	5.543420299	11.25482303	0.02122	0.07122	0.056976
6/23/2020 13:00	6/23/2020	13	development	train	24.633	24.633	-0.29	0	16.09166889	5.310250734	10.78141816	0.02079	0.07079	0.056632
6/23/2020 14:00	6/23/2020	14	development	train	15.4465	15.4465	32.99	32.99	17.29361111	5.706891666	11.58671944	0.01939	0.06939	0.055512
6/23/2020 15:00	6/23/2020	15	development	train	13.844	13.844	78.64	78.64	13.34898333	4.405164499	8.943818831	0.01853	0.06853	0.054824
6/23/2020 16:00	6/23/2020	16	development	train	4.769	4.769	44	44	13.50899333	4.457967799	9.051025531	0.01842	0.06842	0.054736
6/23/2020 17:00	6/23/2020	17	development	train	4.7120834	4.7120834	20.42	20.42	13.24250222	4.370025733	8.872476487	0.0182	0.0682	0.05456
6/23/2020 18:00	6/23/2020	18	development	train	2.9265	2.9265	5.51	5.51	18.14446889	5.987674734	12.15679416	0.01842	0.06842	0.054736
6/23/2020 19:00	6/23/2020	19	development	train	2.2726667	2.2726667	-0.26	0	16.23301111	5.356893666	10.87611744	0.01874	0.06874	0.054992
6/23/2020 20:00	6/23/2020	20	development	train	0.9531667	0.9531667	-0.27	0	15.39882333	5.081611699	10.31721163	0.01831	0.06831	0.054648
6/23/2020 21:00	6/23/2020	21	development	train	0.0054166	0.0054166	-0.11	0	14.55956111	4.804655166	9.754905944	0.01788	0.06788	0.054304
6/23/2020 22:00	6/23/2020	22	development	train	0	0	-0.11	0	13.63998444	4.501194865	9.138789575	0.01644	0.06644	0.053152
6/23/2020 23:00	6/23/2020	23	development	train	0	0	-0.07	0	11.80460556	3.895519835	7.909085725	0.01612	0.06612	0.052896
6/24/2020 0:00	6/24/2020	0	development	train	0	0	-0.43	0	12.50766667	4.127530001	8.380136669	0.0159	0.0659	0.05272
6/24/2020 1:00	6/24/2020	1	development	train	0.0153333	0.0153333	-0.14	0	15.37274	5.0730042	10.2997358	0.0159	0.0659	0.05272
6/24/2020 2:00	6/24/2020	2	development	train	1.2093334	1.2093334	-0.14	0	12.15968111	4.012694766	8.146986344	0.0158	0.0658	0.05264
6/24/2020 3:00	6/24/2020	3	development	train	2.7135	2.7135	-0.08	0	13.82375556	4.561839335	9.261916225	0.0158	0.0658	0.05264
6/24/2020 4:00	6/24/2020	4	development	train	4.97025	4.97025	-0.09	0	9.444862222	3.116804533	6.328057689	0.01612	0.06612	0.052896
6/24/2020 5:00	6/24/2020	5	development	train	12.02425	12.02425	-0.06	0	14.09482667	4.651292801	9.443533869	0.01676	0.06676	0.053408
6/24/2020 6:00	6/24/2020	6	development	train	27.4154995	27.4154995	-0.07	0	14.28288444	4.713351865	9.569532575	0.01708	0.06708	0.053664
6/24/2020 7:00	6/24/2020	7	development	train	41.04375	41.04375	-0.1	0	19.19959111	6.335865066	12.86372604	0.0187	0.0687	0.05496
6/24/2020 8:00	6/24/2020	8	development	train	54.615334	54.615334	-0.05	0	12.01843778	3.966084467	8.052353313	0.01966	0.06966	0.055728
6/24/2020 9:00	6/24/2020	9	development	train	63.574332	63.574332	-0.05	0	12.11416444	3.997674265	8.116490175	0.01945	0.06945	0.05556
6/24/2020 10:00	6/24/2020	10	development	train	70.3425	70.3425	-0.1	0	12.1738	4.017354	8.156446	0.01913	0.06913	0.055304
6/24/2020 11:00	6/24/2020	11	development	train	74.665832	74.665832	-0.26	0	16.98457444	5.604909565	11.37966487	0.01902	0.06902	0.055216
6/24/2020 12:00	6/24/2020	12	development	train	69.869832	69.869832	-0.29	0	16.79164444	5.541242665	11.25040177	0.0187	0.0687	0.05496
6/24/2020 13:00	6/24/2020	13	development	train	62.24925	62.24925	-0.25	0	15.45056778	5.098687367	10.35188041	0.01837	0.06837	0.054696
6/24/2020 14:00	6/24/2020	14	development	train	53.855998	53.855998	-0.26	0	18.53527222	6.116639833	12.41863239	0.01805	0.06805	0.05444
6/24/2020 15:00	6/24/2020	15	development	train	40.171084	40.171084	-0.27	0	15.93844444	5.259686665	10.67875777	0.0173	0.0673	0.05384
6/24/2020 16:00	6/24/2020	16	development	train	25.524	25.524	-0.26	0	12.87508444	4.248777865	8.626306575	0.01698	0.06698	0.053584
6/24/2020 17:00	6/24/2020	17	development	train	11.1706666	11.1706666	-0.25	0	12.44582333	4.107121699	8.338701631	0.01708	0.06708	0.053664
6/24/2020 18:00	6/24/2020	18	development	train	3.8129168	3.8129168	-0.27	0	14.16959111	4.675965066	9.493626044	0.01708	0.06708	0.053664
6/24/2020 19:00	6/24/2020	19	development	train	1.9961666	1.9961666	-0.26	0	13.10591222	4.324951033	8.780961187	0.01676	0.06676	0.053408
6/24/2020 20:00	6/24/2020	20	development	train	0.7431667	0.7431667	-0.24	0	12.43065889	4.102117434	8.328541456	0.01644	0.06644	0.053152
6/24/2020 21:00	6/24/2020	21	development	train	0.0063333	0.0063333	-0.24	0	16.01278778	5.284219967	10.72856781	0.01612	0.06612	0.052896
6/24/2020 22:00	6/24/2020	22	development	train	0	0	-0.26	0	17.73523556	5.852627735	11.88260783	0.0162	0.0662	0.05296
6/24/2020 23:00	6/24/2020	23	development	train	0	0	6.32	6.32	13.14336	4.3373088	8.8060512	0.01588	0.06588	0.052704
6/25/2020 0:00	6/25/2020	0	development	train	0	0	6.84	6.84	12.5788	4.151004	8.427796	0.01555	0.06555	0.05244
6/25/2020 1:00	6/25/2020	1	development	train	0.0648334	0.0648334	0.3	0.3	11.18677333	3.691635199	7.495138131	0.01545	0.06545	0.05236
6/25/2020 2:00	6/25/2020	2	development	train	0.9393334	0.9393334	-0.16	0	12.60543111	4.159792266	8.445638844	0.01545	0.06545	0.05236
6/25/2020 3:00	6/25/2020	3	development	train	2.2511667	2.2511667	-0.06	0	11.16277222	3.683714833	7.479057387	0.01577	0.06577	0.052616
6/25/2020 4:00	6/25/2020	4	development	train	4.2110832	4.2110832	-0.11	0	9.556502222	3.153645733	6.402856489	0.01653	0.06653	0.053224
6/25/2020 5:00	6/25/2020	5	development	train	11.2231667	11.2231667	-0.09	0	10.24753222	3.381685633	6.865846587	0.01771	0.06771	0.054168
6/25/2020 6:00	6/25/2020	6	development	train	26.4919175	26.4919175	-0.08	0	15.40795778	5.084626067	10.32333171	0.01933	0.06933	0.055464
6/25/2020 7:00	6/25/2020	7	development	train	42.07675	42.07675	-0.08	0	13.92266	4.5944778	9.3281822	0.01933	0.06933	0.055464
6/25/2020 8:00	6/25/2020	8	development	train	52.954584	52.954584	-0.2	0	13.40628889	4.424075334	8.982213556	0.01933	0.06933	0.055464
6/25/2020 9:00	6/25/2020	9	development	train	64.124248	64.124248	-0.3	0	17.20576667	5.677903001	11.52786367	0.0189	0.0689	0.05512
6/25/2020 10:00	6/25/2020	10	development	train	70.42975	70.42975	-0.26	0	13.85877	4.5733941	9.2853759	0.01836	0.06836	0.054688
6/25/2020 11:00	6/25/2020	11	development	train	72.989084	72.989084	2.88	2.88	13.69899222	4.520667433	9.178324787	0.01944	0.06944	0.055552
6/25/2020 12:00	6/25/2020	12	development	train	69.881	69.881	0.27	0.27	18.69127333	6.168120199	12.52315313	0.01912	0.06912	0.055296
6/25/2020 13:00	6/25/2020	13	development	train	62.05075	62.05075	-0.06	0	15.03162111	4.960434966	10.07118614	0.01771	0.06771	0.054168
6/25/2020 14:00	6/25/2020	14	development	train	52.101584	52.101584	4.14	4.14	15.65168556	5.165056235	10.48662933	0.01717	0.06717	0.053736
6/25/2020 15:00	6/25/2020	15	development	train	39.203751	39.203751	8.68	8.68	15.80820667	5.216708201	10.59149847	0.01707	0.06707	0.053656
6/25/2020 16:00	6/25/2020	16	development	train	24.532583	24.532583	12.78	12.78	14.27254778	4.709940767	9.562607013	0.01696	0.06696	0.053568
6/25/2020 17:00	6/25/2020	17	development	train	11.6066666	11.6066666	11.99	11.99	15.75303778	5.198502467	10.55453531	0.01696	0.06696	0.053568
6/25/2020 18:00	6/25/2020	18	development	train	4.6920834	4.6920834	3.01	3.01	15.98712	5.2757496	10.7113704	0.01685	0.06685	0.05348
6/25/2020 19:00	6/25/2020	19	development	train	2.3663333	2.3663333	-0.25	0	14.95156111	4.934015166	10.01754594	0.01685	0.06685	0.05348
6/25/2020 20:00	6/25/2020	20	development	train	0.6768334	0.6768334	-0.25	0	16.52508	5.4532764	11.0718036	0.01642	0.06642	0.053136
6/25/2020 21:00	6/25/2020	21	development	train	0.0049166	0.0049166	-0.27	0	15.51334	5.1194022	10.3939378	0.01707	0.06707	0.053656
6/25/2020 22:00	6/25/2020	22	development	train	0	0	-0.3	0	16.09882222	5.312611333	10.78621089	0.0316	0.0816	0.06528
6/25/2020 23:00	6/25/2020	23	development	train	0	0	-0.12	0	15.16663556	5.004989735	10.16164583	0.02769	0.07769	0.062152
6/26/2020 0:00	6/26/2020	0	development	train	0	0	-0.08	0	12.46264778	4.112673767	8.349974013	0.02367	0.07367	0.058936
6/26/2020 1:00	6/26/2020	1	development	train	0.0604167	0.0604167	-0.03	0	10.56421222	3.486190033	7.078022187	0.01966	0.06966	0.055728
6/26/2020 2:00	6/26/2020	2	development	train	0.847	0.847	-0.05	0	13.58779444	4.483972165	9.103822275	0.01727	0.06727	0.053816
6/26/2020 3:00	6/26/2020	3	development	train	2.2239166	2.2239166	-0.06	0	10.50845	3.4677885	7.0406615	0.01792	0.06792	0.054336
6/26/2020 4:00	6/26/2020	4	development	train	5.37825	5.37825	-0.07	0	10.92036222	3.603719533	7.316642687	0.02357	0.07357	0.058856
6/26/2020 5:00	6/26/2020	5	development	train	10.2009167	10.2009167	-0.04	0	12.09761333	3.992212399	8.105400931	0.03171	0.08171	0.065368
6/26/2020 6:00	6/26/2020	6	development	train	26.1664165	26.1664165	-0.05	0	16.84426556	5.558607635	11.28565793	0.03225	0.08225	0.0658
6/26/2020 7:00	6/26/2020	7	development	train	44.069667	44.069667	-0.04	0	16.51128222	5.448723133	11.06255909	0.03247	0.08247	0.065976
6/26/2020 8:00	6/26/2020	8	development	train	52.663166	52.663166	-0.17	0	18.01989111	5.946564066	12.07332704	0.03247	0.08247	0.065976
6/26/2020 9:00	6/26/2020	9	development	train	64.009334	64.009334	-0.31	0	14.74316111	4.865243166	9.877917944	0.0316	0.0816	0.06528
6/26/2020 10:00	6/26/2020	10	development	train	68.499	68.499	-0.27	0	12.28855111	4.055221866	8.233329244	0.0316	0.0816	0.06528
6/26/2020 11:00	6/26/2020	11	development	train	69.843832	69.843832	-0.27	0	13.10719667	4.325374901	8.781821769	0.0316	0.0816	0.06528
6/26/2020 12:00	6/26/2020	12	development	train	68.930666	68.930666	-0.25	0	16.03266222	5.290778533	10.74188369	0.02889	0.07889	0.063112
6/26/2020 13:00	6/26/2020	13	development	train	63.312082	63.312082	-0.26	0	16.95024444	5.593580665	11.35666377	0.03193	0.08193	0.065544
6/26/2020 14:00	6/26/2020	14	development	train	53.832166	53.832166	9.38	9.38	15.96079778	5.267063267	10.69373451	0.03149	0.08149	0.065192
6/26/2020 15:00	6/26/2020	15	development	train	41.718667	41.718667	11.82	11.82	15.44996778	5.098489367	10.35147841	0.02921	0.07921	0.063368
6/26/2020 16:00	6/26/2020	16	development	train	28.216833	28.216833	-0.28	0	16.29807111	5.378363466	10.91970764	0.0316	0.0816	0.06528
6/26/2020 17:00	6/26/2020	17	development	train	12.2114167	12.2114167	0.16	0.16	13.65035444	4.504616965	9.145737475	0.03225	0.08225	0.0658
6/26/2020 18:00	6/26/2020	18	development	train	5.9621666	5.9621666	-0.26	0	13.19344889	4.353838134	8.839610756	0.03236	0.08236	0.065888
6/26/2020 19:00	6/26/2020	19	development	train	1.68975	1.68975	-0.26	0	11.68792556	3.857015435	7.830910125	0.03214	0.08214	0.065712
6/26/2020 20:00	6/26/2020	20	development	train	1.8809167	1.8809167	-0.25	0	13.21024778	4.359381767	8.850866013	0.03182	0.08182	0.065456
6/26/2020 21:00	6/26/2020	21	development	train	0.1401667	0.1401667	-0.29	0	19.86086889	6.554086734	13.30678216	0.03182	0.08182	0.065456
6/26/2020 22:00	6/26/2020	22	development	train	0	0	-0.25	0	14.03839333	4.632669799	9.405723531	0.03029	0.08029	0.064232
6/26/2020 23:00	6/26/2020	23	development	train	0	0	-0.27	0	14.44332556	4.766297435	9.677028125	0.02931	0.07931	0.063448
6/27/2020 0:00	6/27/2020	0	development	train	0	0	-0.29	0	14.58619778	4.813445267	9.772752513	0.02833	0.07833	0.062664
6/27/2020 1:00	6/27/2020	1	development	train	0.02425	0.02425	-0.25	0	12.87095333	4.247414599	8.623538731	0.02692	0.07692	0.061536
6/27/2020 2:00	6/27/2020	2	development	train	0.69075	0.69075	-0.14	0	10.04815	3.3158895	6.7322605	0.0266	0.0766	0.06128
6/27/2020 3:00	6/27/2020	3	development	train	1.9024167	1.9024167	-0.03	0	10.75571333	3.549385399	7.206327931	0.02671	0.07671	0.061368
6/27/2020 4:00	6/27/2020	4	development	train	3.1903334	3.1903334	0	0	7.928627778	2.616447167	5.312180611	0.02844	0.07844	0.062752
6/27/2020 5:00	6/27/2020	5	development	train	10.45275	10.45275	-0.13	0	11.87172	3.9176676	7.9540524	0.02888	0.07888	0.063104
6/27/2020 6:00	6/27/2020	6	development	train	26.7131665	26.7131665	-0.07	0	13.93795556	4.599525335	9.338430225	0.03029	0.08029	0.064232
6/27/2020 7:00	6/27/2020	7	development	train	43.480416	43.480416	-0.26	0	16.85082667	5.560772801	11.29005387	0.03072	0.08072	0.064576
6/27/2020 8:00	6/27/2020	8	development	train	55.836918	55.836918	-0.27	0	16.61182667	5.481902801	11.12992387	0.03083	0.08083	0.064664
6/27/2020 9:00	6/27/2020	9	development	train	64.770918	64.770918	2	2	14.10055333	4.653182599	9.447370731	0.03072	0.08072	0.064576
6/27/2020 10:00	6/27/2020	10	development	train	69.729666	69.729666	6.36	6.36	15.64987333	5.164458199	10.48541513	0.0292	0.0792	0.06336
6/27/2020 11:00	6/27/2020	11	development	train	70.684166	70.684166	5.78	5.78	11.06503889	3.651462834	7.413576056	0.0292	0.0792	0.06336
6/27/2020 12:00	6/27/2020	12	development	train	67.48475	67.48475	-0.25	0	16.00353778	5.281167467	10.72237031	0.02888	0.07888	0.063104
6/27/2020 13:00	6/27/2020	13	development	train	61.669918	61.669918	-0.27	0	15.61407889	5.152646034	10.46143286	0.02866	0.07866	0.062928
6/27/2020 14:00	6/27/2020	14	development	train	42.850083	42.850083	-0.26	0	14.54915556	4.801221335	9.747934225	0.02866	0.07866	0.062928
6/27/2020 15:00	6/27/2020	15	development	train	38.1705	38.1705	-0.27	0	12.57456778	4.149607367	8.424960413	0.02866	0.07866	0.062928
6/27/2020 16:00	6/27/2020	16	development	train	18.924167	18.924167	-0.3	0	12.56718667	4.147171601	8.420015069	0.02899	0.07899	0.063192
6/27/2020 17:00	6/27/2020	17	development	train	8.0618334	8.0618334	-0.26	0	12.98910556	4.286404835	8.702700725	0.02899	0.07899	0.063192
6/27/2020 18:00	6/27/2020	18	development	train	2.794	2.794	0.08	0.08	17.34452778	5.723694167	11.62083361	0.02855	0.07855	0.06284
6/27/2020 19:00	6/27/2020	19	development	train	1.5293333	1.5293333	-0.33	0	16.22125778	5.353015067	10.86824271	0.02681	0.07681	0.061448
6/27/2020 20:00	6/27/2020	20	development	train	0.3743333	0.3743333	-0.43	0	15.31859667	5.055136901	10.26345977	0.02388	0.07388	0.059104
6/27/2020 21:00	6/27/2020	21	development	train	0	0	10.25	10.25	14.31583111	4.724224266	9.591606844	0.02008	0.07008	0.056064
6/27/2020 22:00	6/27/2020	22	development	train	0	0	11.92	11.92	12.92534444	4.265363665	8.659980775	0.02471	0.07471	0.059768
6/27/2020 23:00	6/27/2020	23	development	train	0	0	-0.29	0	15.16149222	5.003292433	10.15819979	0.02156	0.07156	0.057248
6/28/2020 0:00	6/28/2020	0	development	train	0	0	-0.24	0	15.24438333	5.030646499	10.21373683	0.01666	0.06666	0.053328
6/28/2020 1:00	6/28/2020	1	development	train	0.0144167	0.0144167	6.45	6.45	11.93371333	3.938125399	7.995587931	0.01622	0.06622	0.052976
6/28/2020 2:00	6/28/2020	2	development	train	0.6775833	0.6775833	1.55	1.55	14.16011889	4.672839234	9.487279656	0.016	0.066	0.0528
6/28/2020 3:00	6/28/2020	3	development	train	1.7190833	1.7190833	-0.29	0	11.31764889	3.734824134	7.582824756	0.016	0.066	0.0528
6/28/2020 4:00	6/28/2020	4	development	train	2.9928334	2.9928334	-0.28	0	9.909822222	3.270241333	6.639580889	0.01611	0.06611	0.052888
6/28/2020 5:00	6/28/2020	5	development	train	10.8689167	10.8689167	-0.26	0	9.847615556	3.249713133	6.597902423	0.01611	0.06611	0.052888
6/28/2020 6:00	6/28/2020	6	development	train	22.6099165	22.6099165	3.95	3.95	16.54799778	5.460839267	11.08715851	0.01666	0.06666	0.053328
6/28/2020 7:00	6/28/2020	7	development	train	43.0495449	43.0495449	39.59	39.59	18.38363	6.0665979	12.3170321	0.02177	0.07177	0.057416
6/28/2020 8:00	6/28/2020	8	development	train	38.332666	38.332666	39.59	39.59	15.80941889	5.217108234	10.59231066	0.02058	0.07058	0.056464
6/28/2020 9:00	6/28/2020	9	development	train	35.9745	35.9745	56.09	56.09	12.98211111	4.284096666	8.698014444	0.02134	0.07134	0.057072
6/28/2020 10:00	6/28/2020	10	development	train	40.004667	40.004667	21.98	21.98	13.71377556	4.525545935	9.188229625	0.02199	0.07199	0.057592
6/28/2020 11:00	6/28/2020	11	development	train	27.234416	27.234416	32.24	32.24	14.44071222	4.765435033	9.675277187	0.02417	0.07417	0.059336
6/28/2020 12:00	6/28/2020	12	development	train	72.3435	72.3435	71.28	71.28	17.63757889	5.820401034	11.81717786	0.02461	0.07461	0.059688
6/28/2020 13:00	6/28/2020	13	development	train	54.74575	54.74575	38.36	38.36	14.47245778	4.775911067	9.696546713	0.02417	0.07417	0.059336
6/28/2020 14:00	6/28/2020	14	development	train	20.3565835	20.3565835	92.86	92.86	15.27921111	5.042139666	10.23707144	0.02428	0.07428	0.059424
6/28/2020 15:00	6/28/2020	15	development	train	5.6874998	5.6874998	34.36	34.36	15.85257778	5.231350667	10.62122711	0.02765	0.07765	0.06212
6/28/2020 16:00	6/28/2020	16	development	train	6.40125	6.40125	-1.09	0	13.32678556	4.397839235	8.928946325	0.02493	0.07493	0.059944
6/28/2020 17:00	6/28/2020	17	development	train	1.7460909	1.7460909	12.44	12.44	15.98068	5.2736244	10.7070556	0.02809	0.07809	0.062472
6/28/2020 18:00	6/28/2020	18	development	train	2.9557499	2.9557499	0.34	0.34	16.73992222	5.524174333	11.21574789	0.02929	0.07929	0.063432
6/28/2020 19:00	6/28/2020	19	development	train	0.6815833	0.6815833	-1.28	0	12.46181111	4.112397666	8.349413444	0.02972	0.07972	0.063776
6/28/2020 20:00	6/28/2020	20	development	train	0.02475	0.02475	3.97	3.97	15.39694333	5.080991299	10.31595203	0.02983	0.07983	0.063864
6/28/2020 21:00	6/28/2020	21	development	train	0	0	-0.91	0	17.77164889	5.864644134	11.90700476	0.03005	0.08005	0.06404
6/28/2020 22:00	6/28/2020	22	development	train	0	0	-0.28	0	11.36172444	3.749369065	7.612355375	0.02863	0.07863	0.062904
6/28/2020 23:00	6/28/2020	23	development	train	0	0	-0.27	0	10.7534	3.548622	7.204778	0.02842	0.07842	0.062736
6/29/2020 0:00	6/29/2020	0	development	train	0	0	-0.33	0	10.52647111	3.473735466	7.052735644	0.02874	0.07874	0.062992
6/29/2020 1:00	6/29/2020	1	development	train	0	0	-0.25	0	11.40874444	3.764885665	7.643858775	0.02874	0.07874	0.062992
6/29/2020 2:00	6/29/2020	2	development	train	0.1569166	0.1569166	0.6	0.6	14.24103333	4.699540999	9.541492331	0.02842	0.07842	0.062736
6/29/2020 3:00	6/29/2020	3	development	train	0.3093334	0.3093334	-0.01	0	11.67900889	3.854072934	7.824935956	0.02918	0.07918	0.063344
6/29/2020 4:00	6/29/2020	4	development	train	1.28275	1.28275	-0.13	0	11.77689222	3.886374433	7.890517787	0.01905	0.06905	0.05524
6/29/2020 5:00	6/29/2020	5	development	train	3.4304166	3.4304166	-0.13	0	7.297807778	2.408276567	4.889531211	0.02569	0.07569	0.060552
6/29/2020 6:00	6/29/2020	6	development	train	8.2208333	8.2208333	2.1	2.1	15.06478889	4.971380334	10.09340856	0.02863	0.07863	0.062904
6/29/2020 7:00	6/29/2020	7	development	train	14.4711665	14.4711665	2.42	2.42	15.67445	5.1725685	10.5018815	0.02972	0.07972	0.063776
6/29/2020 8:00	6/29/2020	8	development	train	13.3725835	13.3725835	-0.14	0	12.64419556	4.172584535	8.471611025	0.0295	0.0795	0.0636
6/29/2020 9:00	6/29/2020	9	development	train	7.2583334	7.2583334	1.24	1.24	11.80711111	3.896346666	7.910764444	0.02961	0.07961	0.063688
6/29/2020 10:00	6/29/2020	10	development	train	12.5273332	12.5273332	6.49	6.49	12.97194222	4.280740933	8.691201287	0.02711	0.07711	0.061688
6/29/2020 11:00	6/29/2020	11	development	train	13.2220835	13.2220835	4.53	4.53	14.59202	4.8153666	9.7766534	0.02678	0.07678	0.061424
6/29/2020 12:00	6/29/2020	12	development	train	12.5317498	12.5317498	2.54	2.54	22.09704	7.2920232	14.8050168	0.02624	0.07624	0.060992
6/29/2020 13:00	6/29/2020	13	development	train	14.1368335	14.1368335	6.39	6.39	14.71894444	4.857251665	9.861692775	0.02591	0.07591	0.060728
6/29/2020 14:00	6/29/2020	14	development	train	19.977417	19.977417	1.5	1.5	12.10659	3.9951747	8.1114153	0.0258	0.0758	0.06064
6/29/2020 15:00	6/29/2020	15	development	train	18.36775	18.36775	-0.26	0	11.69308889	3.858719334	7.834369556	0.02504	0.07504	0.060032
6/29/2020 16:00	6/29/2020	16	development	train	25.283166	25.283166	-0.29	0	19.64516444	6.482904265	13.16226017	0.02569	0.07569	0.060552
6/29/2020 17:00	6/29/2020	17	development	train	10.3309167	10.3309167	-0.26	0	21.92212444	7.234301065	14.68782337	0.02406	0.07406	0.059248
6/29/2020 18:00	6/29/2020	18	development	train	3.4325834	3.4325834	-0.27	0	19.46456	6.4233048	13.0412552	0.02363	0.07363	0.058904
6/29/2020 19:00	6/29/2020	19	development	train	1.7738334	1.7738334	-0.16	0	17.51929778	5.781368267	11.73792951	0.02308	0.07308	0.058464
6/29/2020 20:00	6/29/2020	20	development	train	0.3718333	0.3718333	-0.19	0	14.59502889	4.816359534	9.778669356	0.02123	0.07123	0.056984
6/29/2020 21:00	6/29/2020	21	development	train	0	0	-0.21	0	15.62143556	5.155073735	10.46636183	0.01786	0.06786	0.054288
6/29/2020 22:00	6/29/2020	22	development	train	0	0	-0.17	0	15.20503778	5.017662467	10.18737531	0.01637	0.06637	0.053096
6/29/2020 23:00	6/29/2020	23	development	train	0	0	-0.06	0	14.00042444	4.620140065	9.380284375	0.01604	0.06604	0.052832
6/30/2020 0:00	6/30/2020	0	development	train	0	0	-0.16	0	12.40973	4.0952109	8.3145191	0.01582	0.06582	0.052656
6/30/2020 1:00	6/30/2020	1	development	train	0	0	-0.12	0	12.89646667	4.255834001	8.640632669	0.01571	0.06571	0.052568
6/30/2020 2:00	6/30/2020	2	development	train	0.5541666	0.5541666	-0.11	0	11.39027333	3.758790199	7.631483131	0.01571	0.06571	0.052568
6/30/2020 3:00	6/30/2020	3	development	train	2.6746666	2.6746666	-0.09	0	10.99219333	3.627423799	7.364769531	0.01593	0.06593	0.052744
6/30/2020 4:00	6/30/2020	4	development	train	5.0210832	5.0210832	-0.17	0	9.176233889	3.028157183	6.148076706	0.0168	0.0668	0.05344
6/30/2020 5:00	6/30/2020	5	development	train	7.6623333	7.6623333	-0.18	0	12.23727111	4.038299466	8.198971644	0.02204	0.07204	0.057632
6/30/2020 6:00	6/30/2020	6	development	train	11.5527499	11.5527499	-0.15	0	19.92434889	6.575035134	13.34931376	0.02008	0.07008	0.056064
6/30/2020 7:00	6/30/2020	7	development	train	18.6796665	18.6796665	-0.04	0	16.36462111	5.400324966	10.96429614	0.02455	0.07455	0.05964
6/30/2020 8:00	6/30/2020	8	development	train	11.8163335	11.8163335	19.71	19.71	14.72999333	4.860897799	9.869095531	0.02182	0.07182	0.057456
6/30/2020 9:00	6/30/2020	9	development	train	19.782167	19.782167	21.88	21.88	12.67533333	4.182859999	8.492473331	0.01931	0.06931	0.055448
6/30/2020 10:00	6/30/2020	10	development	train	22.1785	22.1785	37.21	37.21	12.50584222	4.126927933	8.378914287	0.0191	0.0691	0.05528
6/30/2020 11:00	6/30/2020	11	development	train	32.099084	32.099084	34.7	34.7	16.19969	5.3458977	10.8537923	0.01713	0.06713	0.053704
6/30/2020 12:00	6/30/2020	12	development	train	23.00075	23.00075	36.12	36.12	17.03	5.6199	11.4101	0.01822	0.06822	0.054576
6/30/2020 13:00	6/30/2020	13	development	train	15.7383335	15.7383335	8.62	8.62	19.72111778	6.507968867	13.21314891	0.01713	0.06713	0.053704
6/30/2020 14:00	6/30/2020	14	development	train	10.0745	10.0745	20.77	20.77	15.44528111	5.096942766	10.34833834	0.01691	0.06691	0.053528
6/30/2020 15:00	6/30/2020	15	development	train	18.1538335	18.1538335	16.2	16.2	17.12273111	5.650501266	11.47222984	0.0168	0.0668	0.05344
6/30/2020 16:00	6/30/2020	16	development	train	4.3869998	4.3869998	23.35	23.35	18.19152	6.0032016	12.1883184	0.01648	0.06648	0.053184
6/30/2020 17:00	6/30/2020	17	development	train	1.9839167	1.9839167	25.6	25.6	19.85686889	6.552766734	13.30410216	0.01604	0.06604	0.052832
6/30/2020 18:00	6/30/2020	18	development	train	3.3899166	3.3899166	23.53	23.53	19.72816222	6.510293533	13.21786869	0.01604	0.06604	0.052832
6/30/2020 19:00	6/30/2020	19	development	train	0.76975	0.76975	18.73	18.73	17.35206	5.7261798	11.6258802	0.01593	0.06593	0.052744
6/30/2020 20:00	6/30/2020	20	development	train	0.2261666	0.2261666	13.59	13.59	14.34645111	4.734328866	9.612122244	0.01582	0.06582	0.052656
6/30/2020 21:00	6/30/2020	21	development	train	0	0	14.75	14.75	17.20473111	5.677561266	11.52716984	0.01604	0.06604	0.052832
6/30/2020 22:00	6/30/2020	22	development	train	0	0	14.72	14.72	14.11588444	4.658241865	9.457642575	0.01036	0.06036	0.048288
6/30/2020 23:00	6/30/2020	23	development	train	0	0	15.31	15.31	8.802148889	2.904709133	5.897439756	0.00654	0.05654	0.045232
7/1/2020 0:00	7/1/2020	0	development	train	0	0	9.61	9.61	13.57310889	4.479125934	9.093982956	0.00502	0.05502	0.044016
7/1/2020 1:00	7/1/2020	1	development	train	0.1415	0.1415	12.55	12.55	13.74492667	4.535825801	9.209100869	0.00502	0.05502	0.044016
7/1/2020 2:00	7/1/2020	2	development	train	1.3465833	1.3465833	34.86	34.86	12.64114222	4.171576933	8.469565287	0.00643	0.05643	0.045144
7/1/2020 3:00	7/1/2020	3	development	train	2.179	2.179	1.97	1.97	12.84884778	4.240119767	8.608728013	0.01483	0.06483	0.051864
7/1/2020 4:00	7/1/2020	4	development	train	8.1179167	8.1179167	6.85	6.85	11.97837333	3.952863199	8.025510131	0.01908	0.06908	0.055264
7/1/2020 5:00	7/1/2020	5	development	train	14.3165833	14.3165833	4.57	4.57	11.37646222	3.754232533	7.622229687	0.02203	0.07203	0.057624
7/1/2020 6:00	7/1/2020	6	development	train	23.0795	23.0795	8.12	8.12	12.87230556	4.247860835	8.624444725	0.02257	0.07257	0.058056
7/1/2020 7:00	7/1/2020	7	development	train	32.092083	32.092083	13.69	13.69	20.53452	6.7763916	13.7581284	0.02519	0.07519	0.060152
7/1/2020 8:00	7/1/2020	8	development	train	28.676917	28.676917	33.63	33.63	15.70632222	5.183086333	10.52323589	0.0265	0.0765	0.0612
7/1/2020 9:00	7/1/2020	9	development	train	31.842916	31.842916	11.35	11.35	16.84859556	5.560036535	11.28855903	0.02519	0.07519	0.060152
7/1/2020 10:00	7/1/2020	10	development	train	56.797416	56.797416	26.09	26.09	11.92885889	3.936523434	7.992335456	0.02453	0.07453	0.059624
7/1/2020 11:00	7/1/2020	11	development	train	28.69075	28.69075	13.38	13.38	9.652855556	3.185442333	6.467413223	0.02486	0.07486	0.059888
7/1/2020 12:00	7/1/2020	12	development	train	21.53325	21.53325	4.85	4.85	17.94253111	5.921035266	12.02149584	0.02399	0.07399	0.059192
7/1/2020 13:00	7/1/2020	13	development	train	22.152083	22.152083	40.51	40.51	17.47599889	5.767079634	11.70891926	0.02366	0.07366	0.058928
7/1/2020 14:00	7/1/2020	14	development	train	20.6230835	20.6230835	0.91	0.91	16.97350889	5.601257934	11.37225096	0.02312	0.07312	0.058496
7/1/2020 15:00	7/1/2020	15	development	train	14.8365835	14.8365835	3.62	3.62	13.17808889	4.348769334	8.829319556	0.02486	0.07486	0.059888
7/1/2020 16:00	7/1/2020	16	development	train	12.93425	12.93425	8.17	8.17	13.42749333	4.431072799	8.996420531	0.02279	0.07279	0.058232
7/1/2020 17:00	7/1/2020	17	development	train	6.9045	6.9045	10.79	10.79	19.23980222	6.349134733	12.89066749	0.02344	0.07344	0.058752
7/1/2020 18:00	7/1/2020	18	development	train	3.5370834	3.5370834	-0.21	0	18.18597889	6.001373034	12.18460586	0.02628	0.07628	0.061024
7/1/2020 19:00	7/1/2020	19	development	train	1.7878333	1.7878333	-0.27	0	16.21282444	5.350232065	10.86259237	0.02606	0.07606	0.060848
7/1/2020 20:00	7/1/2020	20	development	train	0.4495833	0.4495833	-0.28	0	17.66136111	5.828249166	11.83311194	0.02541	0.07541	0.060328
7/1/2020 21:00	7/1/2020	21	development	train	0	0	-0.27	0	19.71787556	6.506898935	13.21097663	0.02279	0.07279	0.058232
7/1/2020 22:00	7/1/2020	22	development	train	0	0	-0.22	0	15.04342889	4.964331534	10.07909736	0.02309	0.07309	0.058472
7/1/2020 23:00	7/1/2020	23	development	train	0	0	-0.2	0	12.97232667	4.280867801	8.691458869	0.02234	0.07234	0.057872
7/2/2020 0:00	7/2/2020	0	development	train	0	0	-0.3	0	16.85039111	5.560629066	11.28976204	0.02191	0.07191	0.057528
7/2/2020 1:00	7/2/2020	1	development	train	0.012	0.012	3.07	3.07	18.0578	5.959074	12.098726	0.02169	0.07169	0.057352
7/2/2020 2:00	7/2/2020	2	development	train	0.6735	0.6735	0.66	0.66	12.87470556	4.248652835	8.626052725	0.02169	0.07169	0.057352
7/2/2020 3:00	7/2/2020	3	development	train	2.04775	2.04775	-0.25	0	11.78341	3.8885253	7.8948847	0.02234	0.07234	0.057872
7/2/2020 4:00	7/2/2020	4	development	train	3.7948332	3.7948332	-0.23	0	8.51649	2.8104417	5.7060483	0.02631	0.07631	0.061048
7/2/2020 5:00	7/2/2020	5	development	train	13.1651665	13.1651665	-0.24	0	14.03442	4.6313586	9.4030614	0.02889	0.07889	0.063112
7/2/2020 6:00	7/2/2020	6	development	train	29.508833	29.508833	-0.19	0	18.83514222	6.215596933	12.61954529	0.03072	0.08072	0.064576
7/2/2020 7:00	7/2/2020	7	development	train	38.46075	38.46075	-0.22	0	11.62121111	3.834999666	7.786211444	0.03093	0.08093	0.064744
7/2/2020 8:00	7/2/2020	8	development	train	32.14925	32.14925	-0.22	0	13.84165889	4.567747434	9.273911456	0.03072	0.08072	0.064576
7/2/2020 9:00	7/2/2020	9	development	train	39.456834	39.456834	-0.18	0	14.98934	4.9464822	10.0428578	0.03039	0.08039	0.064312
7/2/2020 10:00	7/2/2020	10	development	train	37.637	37.637	-0.2	0	13.69728111	4.520102766	9.177178344	0.02932	0.07932	0.063456
7/2/2020 11:00	7/2/2020	11	development	train	47.28725	47.28725	5.62	5.62	12.31396222	4.063607533	8.250354687	0.02986	0.07986	0.063888
7/2/2020 12:00	7/2/2020	12	development	train	48.110082	48.110082	0.06	0.06	18.47344667	6.096237401	12.37720927	0.03082	0.08082	0.064656
7/2/2020 13:00	7/2/2020	13	development	train	46.028916	46.028916	1.39	1.39	19.85951111	6.553638666	13.30587244	0.02954	0.07954	0.063632
7/2/2020 14:00	7/2/2020	14	development	train	30.518334	30.518334	7.35	7.35	21.72626667	7.169668001	14.55659867	0.02932	0.07932	0.063456
7/2/2020 15:00	7/2/2020	15	development	train	31.938416	31.938416	-0.14	0	13.99531333	4.618453399	9.376859931	0.02685	0.07685	0.06148
7/2/2020 16:00	7/2/2020	16	development	train	20.3054165	20.3054165	-0.13	0	14.40187111	4.752617466	9.649253644	0.0261	0.0761	0.06088
7/2/2020 17:00	7/2/2020	17	development	train	10.9864166	10.9864166	1.3	1.3	15.09455333	4.981202599	10.11335073	0.02588	0.07588	0.060704
7/2/2020 18:00	7/2/2020	18	development	train	3.53825	3.53825	10.88	10.88	15.43175778	5.092480067	10.33927771	0.02621	0.07621	0.060968
7/2/2020 19:00	7/2/2020	19	development	train	1.9137499	1.9137499	1.7	1.7	13.66933333	4.510879999	9.158453331	0.02524	0.07524	0.060192
7/2/2020 20:00	7/2/2020	20	development	train	0.2525	0.2525	-0.24	0	14.9395	4.930035	10.009465	0.02621	0.07621	0.060968
7/2/2020 21:00	7/2/2020	21	development	train	0	0	5.11	5.11	17.80901333	5.876974399	11.93203893	0.02352	0.07352	0.058816
7/2/2020 22:00	7/2/2020	22	development	train	0	0	11.98	11.98	10.86773889	3.586353834	7.281385056	0.0203	0.0703	0.05624
7/2/2020 23:00	7/2/2020	23	development	train	0	0	10.56	10.56	9.752127778	3.218202167	6.533925611	0.0188	0.0688	0.05504
7/3/2020 0:00	7/3/2020	0	development	train	0	0	9.52	9.52	13.77189889	4.544726634	9.227172256	0.01774	0.06774	0.054192
7/3/2020 1:00	7/3/2020	1	development	train	0	0	-0.38	0	12.68480889	4.185986934	8.498821956	0.0172	0.0672	0.05376
7/3/2020 2:00	7/3/2020	2	development	train	0.5744166	0.5744166	9.53	9.53	14.47057444	4.775289565	9.695284875	0.01731	0.06731	0.053848
7/3/2020 3:00	7/3/2020	3	development	train	2.5161666	2.5161666	16.67	16.67	11.80886	3.8969238	7.9119362	0.01838	0.06838	0.054704
7/3/2020 4:00	7/3/2020	4	development	train	5.4820834	5.4820834	9.95	9.95	11.50275556	3.795909335	7.706846225	0.02329	0.07329	0.058632
7/3/2020 5:00	7/3/2020	5	development	train	11.1357502	11.1357502	8.09	8.09	12.39086778	4.088986367	8.301881413	0.02543	0.07543	0.060344
7/3/2020 6:00	7/3/2020	6	development	train	32.248334	32.248334	0.4	0.4	14.44734778	4.767624767	9.679723013	0.0266	0.0766	0.06128
7/3/2020 7:00	7/3/2020	7	development	train	36.463749	36.463749	-0.25	0	17.16557111	5.664638466	11.50093264	0.03056	0.08056	0.064448
7/3/2020 8:00	7/3/2020	8	development	train	33.870084	33.870084	-0.13	0	15.00989111	4.953264066	10.05662704	0.03098	0.08098	0.064784
7/3/2020 9:00	7/3/2020	9	development	train	22.2908335	22.2908335	-0.12	0	12.45318667	4.109551601	8.343635069	0.03013	0.08013	0.064104
7/3/2020 10:00	7/3/2020	10	development	train	20.132	20.132	-0.16	0	14.68300667	4.845392201	9.837614469	0.02853	0.07853	0.062824
7/3/2020 11:00	7/3/2020	11	development	train	1.7838333	1.7838333	7.62	7.62	14.51771333	4.790845399	9.726867931	0.0281	0.0781	0.06248
7/3/2020 12:00	7/3/2020	12	development	train	14.22825	14.22825	-0.29	0	19.35476444	6.387072265	12.96769217	0.02639	0.07639	0.061112
7/3/2020 13:00	7/3/2020	13	development	train	22.3978335	22.3978335	-0.21	0	18.44459556	6.086716535	12.35787903	0.02553	0.07553	0.060424
7/3/2020 14:00	7/3/2020	14	development	train	12.9005837	12.9005837	-0.26	0	15.17083778	5.006376467	10.16446131	0.025	0.075	0.06
7/3/2020 15:00	7/3/2020	15	development	train	7.5816666	7.5816666	-0.29	0	14.22482667	4.694192801	9.530633869	0.04359	0.09359	0.074872
7/3/2020 16:00	7/3/2020	16	development	train	10.3259999	10.3259999	0.56	0.56	15.89336556	5.244810635	10.64855493	0.04263	0.09263	0.074104
7/3/2020 17:00	7/3/2020	17	development	train	5.9269167	5.9269167	-0.26	0	17.32480778	5.717186567	11.60762121	0.04092	0.09092	0.072736
7/3/2020 18:00	7/3/2020	18	development	train	1.89075	1.89075	1.52	1.52	18.51754444	6.110789665	12.40675477	0.04017	0.09017	0.072136
7/3/2020 19:00	7/3/2020	19	development	train	0.9701667	0.9701667	5	5	17.35825556	5.728224335	11.63003123	0.03633	0.08633	0.069064
7/3/2020 20:00	7/3/2020	20	development	train	0.0269167	0.0269167	-0.23	0	14.68474778	4.845966767	9.838781013	0.03141	0.08141	0.065128
7/3/2020 21:00	7/3/2020	21	development	train	0	0	-0.27	0	14.57795333	4.810724599	9.767228731	0.02543	0.07543	0.060344
7/3/2020 22:00	7/3/2020	22	development	train	0	0	9.95	9.95	13.78421111	4.548789666	9.235421444	0.02298	0.07298	0.058384
7/3/2020 23:00	7/3/2020	23	development	train	0	0	0.37	0.37	16.92067667	5.583823301	11.33685337	0.01475	0.06475	0.0518
7/4/2020 0:00	7/4/2020	0	development	train	0	0	9.51	9.51	12.97190778	4.280729567	8.691178213	0.01293	0.06293	0.050344
7/4/2020 1:00	7/4/2020	1	development	train	0	0	-0.24	0	12.43004222	4.101913933	8.328128287	0.01144	0.06144	0.049152
7/4/2020 2:00	7/4/2020	2	development	train	0	0	-0.25	0	17.79462667	5.872226801	11.92239987	0.01005	0.06005	0.04804
7/4/2020 3:00	7/4/2020	3	development	train	0.03875	0.03875	2.14	2.14	12.42871667	4.101476501	8.327240169	0.01176	0.06176	0.049408
7/4/2020 4:00	7/4/2020	4	development	train	1.2560833	1.2560833	-0.24	0	14.36508222	4.740477133	9.624605087	0.01496	0.06496	0.051968
7/4/2020 5:00	7/4/2020	5	development	train	5.1105834	5.1105834	-0.14	0	11.08848667	3.659200601	7.429286069	0.01646	0.06646	0.053168
7/4/2020 6:00	7/4/2020	6	development	train	12.5913333	12.5913333	-0.26	0	18.01072222	5.943538333	12.06718389	0.02832	0.07832	0.062656
7/4/2020 7:00	7/4/2020	7	development	train	16.9124165	16.9124165	-0.26	0	17.90708	5.9093364	11.9977436	0.02576	0.07576	0.060608
7/4/2020 8:00	7/4/2020	8	development	train	15.095167	15.095167	-0.25	0	15.49525111	5.113432866	10.38181824	0.01571	0.06571	0.052568
7/4/2020 9:00	7/4/2020	9	development	train	66.463168	66.463168	-0.23	0	13.68914333	4.517417299	9.171726031	0.01539	0.06539	0.052312
7/4/2020 10:00	7/4/2020	10	development	train	69.132832	69.132832	0.26	0.26	12.53756889	4.137397734	8.400171156	0.0155	0.0655	0.0524
7/4/2020 11:00	7/4/2020	11	development	train	78.051584	78.051584	-0.21	0	18.47403778	6.096432467	12.37760531	0.01539	0.06539	0.052312
7/4/2020 12:00	7/4/2020	12	development	train	75.756	75.756	-0.17	0	20.20539556	6.667780535	13.53761503	0.01518	0.06518	0.052144
7/4/2020 13:00	7/4/2020	13	development	train	69.7645	69.7645	-0.19	0	16.67180667	5.501696201	11.17011047	0.01945	0.06945	0.05556
7/4/2020 14:00	7/4/2020	14	development	train	59.7775	59.7775	-0.19	0	17.75215	5.8582095	11.8939405	0.04563	0.09563	0.076504
7/4/2020 15:00	7/4/2020	15	development	train	45.980417	45.980417	-0.2	0	17.58001556	5.801405135	11.77861043	0.04638	0.09638	0.077104
7/4/2020 16:00	7/4/2020	16	development	train	29.41325	29.41325	-0.22	0	13.95971111	4.606704666	9.353006444	0.03708	0.08708	0.069664
7/4/2020 17:00	7/4/2020	17	development	train	11.5235	11.5235	-0.21	0	17.51123556	5.778707735	11.73252783	0.03655	0.08655	0.06924
7/4/2020 18:00	7/4/2020	18	development	train	2.70075	2.70075	-0.28	0	20.26806444	6.688461265	13.57960317	0.03505	0.08505	0.06804
7/4/2020 19:00	7/4/2020	19	development	train	1.60425	1.60425	-0.21	0	20.14095778	6.646516067	13.49444171	0.03431	0.08431	0.067448
7/4/2020 20:00	7/4/2020	20	development	train	0.5330834	0.5330834	0.96	0.96	16.85276	5.5614108	11.2913492	0.03398	0.08398	0.067184
7/4/2020 21:00	7/4/2020	21	development	train	0.0025833	0.0025833	3.43	3.43	14.88467111	4.911941466	9.972729644	0.03238	0.08238	0.065904
7/4/2020 22:00	7/4/2020	22	development	train	0	0	-0.22	0	15.46629	5.1038757	10.3624143	0.03356	0.08356	0.066848
7/4/2020 23:00	7/4/2020	23	development	train	0	0	-0.26	0	8.269981111	2.729093767	5.540887344	0.01476	0.06476	0.051808
7/5/2020 0:00	7/5/2020	0	development	train	0	0	1.64	1.64	13.67222889	4.511835534	9.160393356	0.00935	0.05935	0.04748
7/5/2020 1:00	7/5/2020	1	development	train	0.00525	0.00525	-0.28	0	12.66852778	4.180614167	8.487913613	0.00457	0.05457	0.043656
7/5/2020 2:00	7/5/2020	2	development	train	0.5485834	0.5485834	-0.25	0	12.56502667	4.146458801	8.418567869	0.00361	0.05361	0.042888
7/5/2020 3:00	7/5/2020	3	development	train	1.4599999	1.4599999	-0.25	0	12.95791778	4.276112867	8.681804913	0.00446	0.05446	0.043568
7/5/2020 4:00	7/5/2020	4	development	train	2.5761668	2.5761668	-0.2	0	9.068121111	2.992479967	6.075641144	0.00701	0.05701	0.045608
7/5/2020 5:00	7/5/2020	5	development	train	10.2389998	10.2389998	-0.07	0	11.82333	3.9016989	7.9216311	0.01052	0.06052	0.048416
7/5/2020 6:00	7/5/2020	6	development	train	29.0464165	29.0464165	1.82	1.82	15.84489111	5.228814066	10.61607704	0.01402	0.06402	0.051216
7/5/2020 7:00	7/5/2020	7	development	train	45.665084	45.665084	-0.09	0	16.50399889	5.446319634	11.05767926	0.01529	0.06529	0.052232
7/5/2020 8:00	7/5/2020	8	development	train	55.724166	55.724166	29.64	29.64	14.78750222	4.879875733	9.907626487	0.01551	0.06551	0.052408
7/5/2020 9:00	7/5/2020	9	development	train	43.808	43.808	12.2	12.2	14.39769778	4.751240267	9.646457513	0.01529	0.06529	0.052232
7/5/2020 10:00	7/5/2020	10	development	train	44.612584	44.612584	38.8	38.8	18.61720778	6.143678567	12.47352921	0.01434	0.06434	0.051472
7/5/2020 11:00	7/5/2020	11	development	train	62.785334	62.785334	81.63	81.63	17.55008	5.7915264	11.7585536	0.01115	0.06115	0.04892
7/5/2020 12:00	7/5/2020	12	development	train	27.126083	27.126083	81.87	81.87	21.07315778	6.954142067	14.11901571	0.00988	0.05988	0.047904
7/5/2020 13:00	7/5/2020	13	development	train	26.218833	26.218833	87.05	87.05	19.8215	6.541095	13.280405	0.00807	0.05807	0.046456
7/5/2020 14:00	7/5/2020	14	development	train	5.7343334	5.7343334	34.78	34.78	19.88565778	6.562267067	13.32339071	0.00659	0.05659	0.045272
7/5/2020 15:00	7/5/2020	15	development	train	13.7438335	13.7438335	30.7	30.7	15.16414444	5.004167665	10.15997677	0.00913	0.05913	0.047304
7/5/2020 16:00	7/5/2020	16	development	train	8.3942499	8.3942499	48.32	48.32	16.43057	5.4220881	11.0084819	0.01147	0.06147	0.049176
7/5/2020 17:00	7/5/2020	17	development	train	4.8880834	4.8880834	17.98	17.98	13.4251	4.430283	8.994817	0.01391	0.06391	0.051128
7/5/2020 18:00	7/5/2020	18	development	train	2.7121666	2.7121666	3.2	3.2	16.68531778	5.506154867	11.17916291	0.01466	0.06466	0.051728
7/5/2020 19:00	7/5/2020	19	development	train	0.7491667	0.7491667	16.54	16.54	13.40437556	4.423443935	8.980931625	0.01445	0.06445	0.05156
7/5/2020 20:00	7/5/2020	20	development	train	0.1091667	0.1091667	12.01	12.01	15.04720667	4.965578201	10.08162847	0.01423	0.06423	0.051384
7/5/2020 21:00	7/5/2020	21	development	train	0	0	6.36	6.36	11.60794222	3.830620933	7.777321287	0.01285	0.06285	0.05028
7/5/2020 22:00	7/5/2020	22	development	train	0	0	-0.21	0	8.320072222	2.745623833	5.574448389	0.00138	0.05138	0.041104
7/5/2020 23:00	7/5/2020	23	development	train	0	0	-0.18	0	8.600867778	2.838286367	5.762581411	0.00053	0.05053	0.040424
7/6/2020 0:00	7/6/2020	0	development	train	0	0	-0.14	0	11.20623	3.6980559	7.5081741	0	0.05	0.04
7/6/2020 1:00	7/6/2020	1	development	train	0	0	4.4	4.4	11.64193778	3.841839467	7.800098313	0.00011	0.05011	0.040088
7/6/2020 2:00	7/6/2020	2	development	train	0	0	34.72	34.72	14.66636111	4.839899166	9.826461944	0.01445	0.06445	0.05156
7/6/2020 3:00	7/6/2020	3	development	train	0.1903333	0.1903333	65.94	65.94	15.08971222	4.979605033	10.11010719	0.01476	0.06476	0.051808
7/6/2020 4:00	7/6/2020	4	development	train	0.952	0.952	44.65	44.65	18.76332667	6.191897801	12.57142887	0.01508	0.06508	0.052064
7/6/2020 5:00	7/6/2020	5	development	train	3.5453332	3.5453332	24.24	24.24	18.27774222	6.031654933	12.24608729	0.01572	0.06572	0.052576
7/6/2020 6:00	7/6/2020	6	development	train	4.4055834	4.4055834	4.1	4.1	22.05558889	7.278344334	14.77724456	0.02613	0.07613	0.060904
7/6/2020 7:00	7/6/2020	7	development	train	9.9368333	9.9368333	-0.27	0	19.93000444	6.576901465	13.35310297	0.02507	0.07507	0.060056
7/6/2020 8:00	7/6/2020	8	development	train	16.5635835	16.5635835	-0.23	0	18.51798444	6.110934865	12.40704957	0.01583	0.06583	0.052664
7/6/2020 9:00	7/6/2020	9	development	train	13.3316665	13.3316665	-0.22	0	15.36142	5.0692686	10.2921514	0.01551	0.06551	0.052408
7/6/2020 10:00	7/6/2020	10	development	train	16.2509165	16.2509165	41.71	41.71	17.76956889	5.863957734	11.90561116	0.0154	0.0654	0.05232
7/6/2020 11:00	7/6/2020	11	development	train	33.505416	33.505416	56.38	56.38	14.07748889	4.645571334	9.431917556	0.01529	0.06529	0.052232
7/6/2020 12:00	7/6/2020	12	development	train	26.58925	26.58925	94.75	94.75	14.59953111	4.817845266	9.781685844	0.01529	0.06529	0.052232
7/6/2020 13:00	7/6/2020	13	development	train	25.0379995	25.0379995	83.65	83.65	13.43976111	4.435121166	9.004639944	0.01519	0.06519	0.052152
7/6/2020 14:00	7/6/2020	14	development	train	9.2150833	9.2150833	93.22	93.22	14.10157667	4.653520301	9.448056369	0.01508	0.06508	0.052064
7/6/2020 15:00	7/6/2020	15	development	train	3.966	3.966	108.86	108.86	18.68288889	6.165353334	12.51753556	0.01561	0.06561	0.052488
7/6/2020 16:00	7/6/2020	16	development	train	2.7040833	2.7040833	141.08	141.08	15.18662556	5.011586435	10.17503913	0.01583	0.06583	0.052664
7/6/2020 17:00	7/6/2020	17	development	train	3.0579166	3.0579166	113.22	113.22	12.96477667	4.278376301	8.686400369	0.01583	0.06583	0.052664
7/6/2020 18:00	7/6/2020	18	development	train	2.5500834	2.5500834	98.03	98.03	11.76745	3.8832585	7.8841915	0.01583	0.06583	0.052664
7/6/2020 19:00	7/6/2020	19	development	train	1.0676667	1.0676667	62.62	62.62	12.97070667	4.280333201	8.690373469	0.01593	0.06593	0.052744
7/6/2020 20:00	7/6/2020	20	development	train	0.2394166	0.2394166	54.14	54.14	10.83889	3.5768337	7.2620563	0.01604	0.06604	0.052832
7/6/2020 21:00	7/6/2020	21	development	train	0	0	33.24	33.24	9.832857778	3.244843067	6.588014711	0.01498	0.06498	0.051984
7/6/2020 22:00	7/6/2020	22	development	train	0	0	22.23	22.23	11.10239889	3.663791634	7.438607256	0.0151	0.0651	0.05208
7/6/2020 23:00	7/6/2020	23	development	train	0	0	17.91	17.91	9.896246667	3.2657614	6.630485267	0.0151	0.0651	0.05208
7/7/2020 0:00	7/7/2020	0	development	train	0	0	21.4	21.4	15.59325444	5.145773965	10.44748047	0.01499	0.06499	0.051992
7/7/2020 1:00	7/7/2020	1	development	train	0	0	22.64	22.64	12.33386	4.0701738	8.2636862	0.01499	0.06499	0.051992
7/7/2020 2:00	7/7/2020	2	development	train	0.104	0.104	8.96	8.96	12.05607556	3.978504935	8.077570625	0.0151	0.0651	0.05208
7/7/2020 3:00	7/7/2020	3	development	train	1.2653333	1.2653333	9.51	9.51	12.23280778	4.036826567	8.195981213	0.0152	0.0652	0.05216
7/7/2020 4:00	7/7/2020	4	development	train	3.07825	3.07825	19.04	19.04	10.15429778	3.350918267	6.803379513	0.02328	0.07328	0.058624
7/7/2020 5:00	7/7/2020	5	development	train	8.60775	8.60775	12.71	12.71	13.15476667	4.341073001	8.813693669	0.02339	0.07339	0.058712
7/7/2020 6:00	7/7/2020	6	development	train	13.3925835	13.3925835	20.78	20.78	18.96607111	6.258803466	12.70726764	0.02615	0.07615	0.06092
7/7/2020 7:00	7/7/2020	7	development	train	31.442333	31.442333	9.72	9.72	16.62717333	5.486967199	11.14020613	0.02647	0.07647	0.061176
7/7/2020 8:00	7/7/2020	8	development	train	27.943833	27.943833	25.72	25.72	14.19141889	4.683168234	9.508250656	0.02679	0.07679	0.061432
7/7/2020 9:00	7/7/2020	9	development	train	31.913916	31.913916	11.37	11.37	12.37528	4.0838424	8.2914376	0.02658	0.07658	0.061264
7/7/2020 10:00	7/7/2020	10	development	train	26.425583	26.425583	9.3	9.3	14.22443444	4.694063365	9.530371075	0.02605	0.07605	0.06084
7/7/2020 11:00	7/7/2020	11	development	train	22.297	22.297	8.76	8.76	15.02134444	4.957043665	10.06430077	0.02552	0.07552	0.060416
7/7/2020 12:00	7/7/2020	12	development	train	31.882584	31.882584	-0.22	0	18.33319333	6.049953799	12.28323953	0.02403	0.07403	0.059224
7/7/2020 13:00	7/7/2020	13	development	train	60.171418	60.171418	42.41	42.41	13.01748333	4.295769499	8.721713831	0.02328	0.07328	0.058624
7/7/2020 14:00	7/7/2020	14	development	train	50.947833	50.947833	34.6	34.6	17.28651111	5.704548666	11.58196244	0.02297	0.07297	0.058376
7/7/2020 15:00	7/7/2020	15	development	train	31.316167	31.316167	28.91	28.91	11.93418556	3.938281235	7.995904325	0.02275	0.07275	0.0582
7/7/2020 16:00	7/7/2020	16	development	train	24.739667	24.739667	35.92	35.92	17.21293111	5.680267266	11.53266384	0.02275	0.07275	0.0582
7/7/2020 17:00	7/7/2020	17	development	train	7.5346666	7.5346666	17.09	17.09	13.64298556	4.502185235	9.140800325	0.02297	0.07297	0.058376
7/7/2020 18:00	7/7/2020	18	development	train	3.6495834	3.6495834	15.17	15.17	16.51061333	5.448502399	11.06211093	0.02328	0.07328	0.058624
7/7/2020 19:00	7/7/2020	19	development	train	1.6198334	1.6198334	12.42	12.42	17.47561111	5.766951666	11.70865944	0.02318	0.07318	0.058544
7/7/2020 20:00	7/7/2020	20	development	train	0.658	0.658	-0.19	0	14.18603222	4.681390633	9.504641587	0.02275	0.07275	0.0582
7/7/2020 21:00	7/7/2020	21	development	train	0	0	0.61	0.61	14.26044556	4.705947035	9.554498525	0.02169	0.07169	0.057352
7/7/2020 22:00	7/7/2020	22	development	train	0	0	5.14	5.14	11.44755	3.7776915	7.6698585	0.01727	0.06727	0.053816
7/7/2020 23:00	7/7/2020	23	development	train	0	0	-0.25	0	10.60899444	3.500968165	7.108026275	0.01631	0.06631	0.053048
7/8/2020 0:00	7/8/2020	0	development	train	0	0	-0.27	0	12.72743778	4.200054467	8.527383313	0.01599	0.06599	0.052792
7/8/2020 1:00	7/8/2020	1	development	train	0	0	1.02	1.02	13.30719556	4.391374535	8.915821025	0.01589	0.06589	0.052712
7/8/2020 2:00	7/8/2020	2	development	train	0.0142499	0.0142499	-0.26	0	11.57472889	3.819660534	7.755068356	0.01589	0.06589	0.052712
7/8/2020 3:00	7/8/2020	3	development	train	2.4741667	2.4741667	-0.02	0	9.183768889	3.030643733	6.153125156	0.01589	0.06589	0.052712
7/8/2020 4:00	7/8/2020	4	development	train	6.7568333	6.7568333	0.43	0.43	11.74123444	3.874607365	7.866627075	0.02069	0.07069	0.056552
7/8/2020 5:00	7/8/2020	5	development	train	9.07375	9.07375	-0.27	0	11.68220778	3.855128567	7.827079213	0.02474	0.07474	0.059792
7/8/2020 6:00	7/8/2020	6	development	train	9.5102501	9.5102501	-0.25	0	16.75461778	5.529023867	11.22559391	0.02548	0.07548	0.060384
7/8/2020 7:00	7/8/2020	7	development	train	13.0204163	13.0204163	3.82	3.82	15.91170667	5.250863201	10.66084347	0.02975	0.07975	0.0638
7/8/2020 8:00	7/8/2020	8	development	train	19.80125	19.80125	2.93	2.93	14.93510222	4.928583733	10.00651849	0.03007	0.08007	0.064056
7/8/2020 9:00	7/8/2020	9	development	train	14.231333	14.231333	1.83	1.83	12.50252889	4.125834534	8.376694356	0.03071	0.08071	0.064568
7/8/2020 10:00	7/8/2020	10	development	train	25.8966665	25.8966665	7.5	7.5	13.23586778	4.367836367	8.868031413	0.0274	0.0774	0.06192
7/8/2020 11:00	7/8/2020	11	development	train	26.576916	26.576916	25.02	25.02	15.70643556	5.183123735	10.52331183	0.02527	0.07527	0.060216
7/8/2020 12:00	7/8/2020	12	development	train	25.953333	25.953333	6.94	6.94	17.87247	5.8979151	11.9745549	0.02474	0.07474	0.059792
7/8/2020 13:00	7/8/2020	13	development	train	26.6403325	26.6403325	8.22	8.22	18.73914	6.1839162	12.5552238	0.02335	0.07335	0.05868
7/8/2020 14:00	7/8/2020	14	development	train	21.59225	21.59225	41.14	41.14	15.02162222	4.957135333	10.06448689	0.02207	0.07207	0.057656
7/8/2020 15:00	7/8/2020	15	development	train	12.45475	12.45475	20.62	20.62	14.82713556	4.892954735	9.934180825	0.02005	0.07005	0.05604
7/8/2020 16:00	7/8/2020	16	development	train	9.7214166	9.7214166	3.94	3.94	12.99059556	4.286896535	8.703699025	0.01738	0.06738	0.053904
7/8/2020 17:00	7/8/2020	17	development	train	8.9075	8.9075	24.8	24.8	9.998943333	3.2996513	6.699292033	0.01663	0.06663	0.053304
7/8/2020 18:00	7/8/2020	18	development	train	6.5634167	6.5634167	25.84	25.84	14.14215333	4.666910599	9.475242731	0.0161	0.0661	0.05288
7/8/2020 19:00	7/8/2020	19	development	train	2.8778334	2.8778334	24.81	24.81	15.40216778	5.082715367	10.31945241	0.01589	0.06589	0.052712
7/8/2020 20:00	7/8/2020	20	development	train	0.6097499	0.6097499	3.95	3.95	14.41236667	4.756081001	9.656285669	0.01578	0.06578	0.052624
7/8/2020 21:00	7/8/2020	21	development	train	0	0	0	0	14.70265556	4.851876335	9.850779225	0.01557	0.06557	0.052456
7/8/2020 22:00	7/8/2020	22	development	train	0	0	0	0	12.09268	3.9905844	8.1020956	0.01572	0.06572	0.052576
7/8/2020 23:00	7/8/2020	23	development	train	0	0	0	0	9.864746667	3.2553664	6.609380267	0.01561	0.06561	0.052488
7/9/2020 0:00	7/9/2020	0	development	train	0	0	0	0	12.81000667	4.227302201	8.582704469	0.01551	0.06551	0.052408
7/9/2020 1:00	7/9/2020	1	development	train	0	0	0	0	11.28633333	3.724489999	7.561843331	0.01551	0.06551	0.052408
7/9/2020 2:00	7/9/2020	2	development	train	0	0	0	0	11.78725	3.8897925	7.8974575	0.0154	0.0654	0.05232
7/9/2020 3:00	7/9/2020	3	development	train	0	0	0	0	10.27527111	3.390839466	6.884431644	0.01551	0.06551	0.052408
7/9/2020 4:00	7/9/2020	4	development	train	0	0	0	0	10.00909556	3.303001535	6.706094025	0.01572	0.06572	0.052576
7/9/2020 5:00	7/9/2020	5	development	train	0	0	0	0	13.90776556	4.589562635	9.318202925	0.01594	0.06594	0.052752
7/9/2020 6:00	7/9/2020	6	development	train	0	0	0	0	19.30316222	6.370043533	12.93311869	0.01775	0.06775	0.0542
7/9/2020 7:00	7/9/2020	7	development	train	0	0	0	0	18.76385333	6.192071599	12.57178173	0.02043	0.07043	0.056344
7/9/2020 8:00	7/9/2020	8	development	train	0	0	-0.07	0	14.00155556	4.620513335	9.381042225	0.02642	0.07642	0.061136
7/9/2020 9:00	7/9/2020	9	development	train	0	0	0	0	14.61269	4.8221877	9.7905023	0.02684	0.07684	0.061472
7/9/2020 10:00	7/9/2020	10	development	train	0	0	0	0	14.74545	4.8659985	9.8794515	0.02684	0.07684	0.061472
7/9/2020 11:00	7/9/2020	11	development	train	31.58825	31.58825	0	0	11.79221889	3.891432234	7.900786656	0.02674	0.07674	0.061392
7/9/2020 12:00	7/9/2020	12	development	train	11.6842499	11.6842499	0	0	15.96711333	5.269147399	10.69796593	0.02674	0.07674	0.061392
7/9/2020 13:00	7/9/2020	13	development	train	16.4240835	16.4240835	0	0	20.52413111	6.772963266	13.75116784	0.02652	0.07652	0.061216
7/9/2020 14:00	7/9/2020	14	development	train	11.2295001	11.2295001	6.04	6.04	18.73058444	6.181092865	12.54949157	0.02695	0.07695	0.06156
7/9/2020 15:00	7/9/2020	15	development	train	12.5381663	12.5381663	10.75	10.75	15.02640556	4.958713835	10.06769173	0.02706	0.07706	0.061648
7/9/2020 16:00	7/9/2020	16	development	train	5.9833333	5.9833333	28.04	28.04	15.67781556	5.173679135	10.50413643	0.02717	0.07717	0.061736
7/9/2020 17:00	7/9/2020	17	development	train	7.7463334	7.7463334	0.28	0.28	14.71894778	4.857252767	9.861695013	0.0293	0.0793	0.06344
7/9/2020 18:00	7/9/2020	18	development	train	5.5675002	5.5675002	-0.16	0	19.91752222	6.572782333	13.34473989	0.02963	0.07963	0.063704
7/9/2020 19:00	7/9/2020	19	development	train	2.3600833	2.3600833	1	1	15.82035111	5.220715866	10.59963524	0.02941	0.07941	0.063528
7/9/2020 20:00	7/9/2020	20	development	train	0.4530833	0.4530833	-0.18	0	14.86013778	4.903845467	9.956292313	0.02888	0.07888	0.063104
7/9/2020 21:00	7/9/2020	21	development	train	0	0	-0.15	0	16.23865667	5.358756701	10.87989997	0.02738	0.07738	0.061904
7/9/2020 22:00	7/9/2020	22	development	train	0	0	-0.23	0	12.97473556	4.281662735	8.693072825	0.02612	0.07612	0.060896
7/9/2020 23:00	7/9/2020	23	development	train	0	0	-0.21	0	14.52074333	4.791845299	9.728898031	0.02549	0.07549	0.060392
7/10/2020 0:00	7/10/2020	0	development	train	0	0	2.72	2.72	14.11052778	4.656474167	9.454053613	0.02517	0.07517	0.060136
7/10/2020 1:00	7/10/2020	1	development	train	0	0	9.47	9.47	12.32184667	4.066209401	8.255637269	0.02506	0.07506	0.060048
7/10/2020 2:00	7/10/2020	2	development	train	0.6686666	0.6686666	11.74	11.74	11.87752778	3.919584167	7.957943613	0.02506	0.07506	0.060048
7/10/2020 3:00	7/10/2020	3	development	train	2.67925	2.67925	9.79	9.79	9.146358333	3.01829825	6.128060083	0.02538	0.07538	0.060304
7/10/2020 4:00	7/10/2020	4	development	train	5.1095832	5.1095832	1.47	1.47	13.76372889	4.542030534	9.221698356	0.02644	0.07644	0.061152
7/10/2020 5:00	7/10/2020	5	development	train	9.4100834	9.4100834	-0.25	0	14.66640444	4.839913465	9.826490975	0.02782	0.07782	0.062256
7/10/2020 6:00	7/10/2020	6	development	train	15.4951665	15.4951665	-0.25	0	17.77259556	5.864956535	11.90763903	0.02984	0.07984	0.063872
7/10/2020 7:00	7/10/2020	7	development	train	40.594834	40.594834	-0.24	0	18.81357333	6.208479199	12.60509413	0.03048	0.08048	0.064384
7/10/2020 8:00	7/10/2020	8	development	train	41.2335	41.2335	-0.11	0	17.20740778	5.678444567	11.52896321	0.03048	0.08048	0.064384
7/10/2020 9:00	7/10/2020	9	development	train	47.599416	47.599416	-0.19	0	17.99922667	5.939744801	12.05948187	0.03069	0.08069	0.064552
7/10/2020 10:00	7/10/2020	10	development	train	75.979498	75.979498	-0.22	0	14.41564	4.7571612	9.6584788	0.03069	0.08069	0.064552
7/10/2020 11:00	7/10/2020	11	development	train	69.442166	69.442166	-0.22	0	14.90021556	4.917071135	9.983144425	0.03069	0.08069	0.064552
7/10/2020 12:00	7/10/2020	12	development	train	65.217584	65.217584	-0.27	0	19.20942444	6.339110065	12.87031437	0.03101	0.08101	0.064808
7/10/2020 13:00	7/10/2020	13	development	train	23.6939165	23.6939165	1.34	1.34	18.90304889	6.238006134	12.66504276	0.03122	0.08122	0.064976
7/10/2020 14:00	7/10/2020	14	development	train	30.3635	30.3635	0.39	0.39	18.04721889	5.955582234	12.09163666	0.03101	0.08101	0.064808
7/10/2020 15:00	7/10/2020	15	development	train	15.31025	15.31025	-0.21	0	14.96016333	4.936853899	10.02330943	0.0308	0.0808	0.06464
7/10/2020 16:00	7/10/2020	16	development	train	2.7240833	2.7240833	1.55	1.55	14.75067778	4.867723667	9.882954113	0.03101	0.08101	0.064808
7/10/2020 17:00	7/10/2020	17	development	train	6.4999166	6.4999166	-0.3	0	16.34207222	5.392883833	10.94918839	0.03101	0.08101	0.064808
7/10/2020 18:00	7/10/2020	18	development	train	4.4723332	4.4723332	-0.2	0	14.37553111	4.743925266	9.631605844	0.03058	0.08058	0.064464
7/10/2020 19:00	7/10/2020	19	development	train	1.2840834	1.2840834	-0.21	0	14.10654	4.6551582	9.4513818	0.03005	0.08005	0.06404
7/10/2020 20:00	7/10/2020	20	development	train	0.177	0.177	-0.19	0	12.14439111	4.007649066	8.136742044	0.02995	0.07995	0.06396
7/10/2020 21:00	7/10/2020	21	development	train	0	0	-0.26	0	10.88232889	3.591168534	7.291160356	0.02825	0.07825	0.0626
7/10/2020 22:00	7/10/2020	22	development	train	0	0	-0.28	0	11.32799444	3.738238165	7.589756275	0.02805	0.07805	0.06244
7/10/2020 23:00	7/10/2020	23	development	train	0	0	1.74	1.74	8.708597778	2.873837267	5.834760511	0.02623	0.07623	0.060984
7/11/2020 0:00	7/11/2020	0	development	train	0	0	11.87	11.87	15.06953	4.9729449	10.0965851	0.02269	0.07269	0.058152
7/11/2020 1:00	7/11/2020	1	development	train	0	0	8.52	8.52	13.69266333	4.518578899	9.174084431	0.02066	0.07066	0.056528
7/11/2020 2:00	7/11/2020	2	development	train	0.2470833	0.2470833	7.2	7.2	12.34669	4.0744077	8.2722823	0.01895	0.06895	0.05516
7/11/2020 3:00	7/11/2020	3	development	train	2.2931667	2.2931667	8.12	8.12	8.696505	2.86984665	5.82665835	0.01831	0.06831	0.054648
7/11/2020 4:00	7/11/2020	4	development	train	5.4545	5.4545	7.37	7.37	7.949308889	2.623271933	5.326036956	0.01831	0.06831	0.054648
7/11/2020 5:00	7/11/2020	5	development	train	10.5029168	10.5029168	6.93	6.93	7.612115556	2.511998133	5.100117423	0.01809	0.06809	0.054472
7/11/2020 6:00	7/11/2020	6	development	train	32.365	32.365	2.05	2.05	16.62111444	5.484967765	11.13614667	0.01873	0.06873	0.054984
7/11/2020 7:00	7/11/2020	7	development	train	32.129666	32.129666	4.4	4.4	14.33483222	4.730494633	9.604337587	0.02045	0.07045	0.05636
7/11/2020 8:00	7/11/2020	8	development	train	42.490583	42.490583	15.43	15.43	13.57827111	4.480829466	9.097441644	0.02045	0.07045	0.05636
7/11/2020 9:00	7/11/2020	9	development	train	29.304333	29.304333	12.04	12.04	14.03747111	4.632365466	9.405105644	0.0197	0.0697	0.05576
7/11/2020 10:00	7/11/2020	10	development	train	42.44075	42.44075	7.43	7.43	16.50041778	5.445137867	11.05527991	0.01863	0.06863	0.054904
7/11/2020 11:00	7/11/2020	11	development	train	27.480917	27.480917	62.53	62.53	16.86868444	5.566665865	11.30201857	0.01788	0.06788	0.054304
7/11/2020 12:00	7/11/2020	12	development	train	32.451834	32.451834	77.84	77.84	16.83807889	5.556566034	11.28151286	0.01788	0.06788	0.054304
7/11/2020 13:00	7/11/2020	13	development	train	26.594167	26.594167	57.58	57.58	18.10347556	5.974146935	12.12932863	0.01766	0.06766	0.054128
7/11/2020 14:00	7/11/2020	14	development	train	12.4305002	12.4305002	38.75	38.75	16.61216778	5.482015367	11.13015241	0.01777	0.06777	0.054216
7/11/2020 15:00	7/11/2020	15	development	train	8.0519167	8.0519167	17.44	17.44	15.62644222	5.156725933	10.46971629	0.01777	0.06777	0.054216
7/11/2020 16:00	7/11/2020	16	development	train	5.7452499	5.7452499	15.48	15.48	14.65559556	4.836346535	9.819249025	0.01788	0.06788	0.054304
7/11/2020 17:00	7/11/2020	17	development	train	3.772	3.772	21.95	21.95	15.16585444	5.004731965	10.16112247	0.01809	0.06809	0.054472
7/11/2020 18:00	7/11/2020	18	development	train	3.0706666	3.0706666	8.92	8.92	16.92231667	5.584364501	11.33795217	0.01798	0.06798	0.054384
7/11/2020 19:00	7/11/2020	19	development	train	0.97375	0.97375	9.67	9.67	14.54577556	4.800105935	9.745669625	0.01788	0.06788	0.054304
7/11/2020 20:00	7/11/2020	20	development	train	0.001	0.001	4.87	4.87	13.54950333	4.471336099	9.078167231	0.01766	0.06766	0.054128
7/11/2020 21:00	7/11/2020	21	development	train	0	0	14.33	14.33	14.93966556	4.930089635	10.00957593	0.01756	0.06756	0.054048
7/11/2020 22:00	7/11/2020	22	development	train	0	0	11.73	11.73	12.82992778	4.233876167	8.596051613	0.01726	0.06726	0.053808
7/11/2020 23:00	7/11/2020	23	development	train	0	0	12.63	12.63	10.49119111	3.462093066	7.029098044	0.01694	0.06694	0.053552
7/12/2020 0:00	7/12/2020	0	development	train	0	0	19.49	19.49	11.96761	3.9493113	8.0182987	0.01662	0.06662	0.053296
7/12/2020 1:00	7/12/2020	1	development	train	0	0	25.41	25.41	12.88122889	4.250805534	8.630423356	0.0162	0.0662	0.05296
7/12/2020 2:00	7/12/2020	2	development	train	0.0138334	0.0138334	32.37	32.37	13.45650444	4.440646465	9.015857975	0.01598	0.06598	0.052784
7/12/2020 3:00	7/12/2020	3	development	train	0.2849167	0.2849167	20.71	20.71	10.66781778	3.520379867	7.147437913	0.01598	0.06598	0.052784
7/12/2020 4:00	7/12/2020	4	development	train	1.2446667	1.2446667	22.25	22.25	10.85572444	3.582389065	7.273335375	0.0162	0.0662	0.05296
7/12/2020 5:00	7/12/2020	5	development	train	2.94725	2.94725	24.36	24.36	11.05725778	3.648895067	7.408362713	0.01683	0.06683	0.053464
7/12/2020 6:00	7/12/2020	6	development	train	4.1188334	4.1188334	10.58	10.58	18.83985333	6.217151599	12.62270173	0.01662	0.06662	0.053296
7/12/2020 7:00	7/12/2020	7	development	train	8.5216667	8.5216667	20.37	20.37	16.22029222	5.352696433	10.86759579	0.01769	0.06769	0.054152
7/12/2020 8:00	7/12/2020	8	development	train	6.5391668	6.5391668	1.53	1.53	15.74511667	5.195888501	10.54922817	0.01918	0.06918	0.055344
7/12/2020 9:00	7/12/2020	9	development	train	5.7430834	5.7430834	1.39	1.39	15.70357778	5.182180667	10.52139711	0.02557	0.07557	0.060456
7/12/2020 10:00	7/12/2020	10	development	train	9.0464166	9.0464166	4.98	4.98	16.69072667	5.507939801	11.18278687	0.0293	0.0793	0.06344
7/12/2020 11:00	7/12/2020	11	development	train	40.964	40.964	20.39	20.39	18.59556	6.1365348	12.4590252	0.03047	0.08047	0.064376
7/12/2020 12:00	7/12/2020	12	development	train	16.8181665	16.8181665	6.32	6.32	19.83017556	6.543957935	13.28621763	0.03282	0.08282	0.066256
7/12/2020 13:00	7/12/2020	13	development	train	13.868	13.868	27.3	27.3	19.45001111	6.418503666	13.03150744	0.03367	0.08367	0.066936
7/12/2020 14:00	7/12/2020	14	development	train	11.5618334	11.5618334	43.34	43.34	20.11032667	6.636407801	13.47391887	0.03399	0.08399	0.067192
7/12/2020 15:00	7/12/2020	15	development	train	10.7900833	10.7900833	34.09	34.09	17.12533333	5.651359999	11.47397333	0.0341	0.0841	0.06728
7/12/2020 16:00	7/12/2020	16	development	train	7.4554167	7.4554167	34.66	34.66	17.10068444	5.643225865	11.45745857	0.0342	0.0842	0.06736
7/12/2020 17:00	7/12/2020	17	development	train	4.2803332	4.2803332	10.11	10.11	20.11429111	6.637716066	13.47657504	0.03452	0.08452	0.067616
7/12/2020 18:00	7/12/2020	18	development	train	2.5067499	2.5067499	-0.31	0	19.79492	6.5323236	13.2625964	0.03452	0.08452	0.067616
7/12/2020 19:00	7/12/2020	19	development	train	2.0834167	2.0834167	7.39	7.39	14.65755667	4.836993701	9.820562969	0.03442	0.08442	0.067536
7/12/2020 20:00	7/12/2020	20	development	train	0.1186667	0.1186667	3.95	3.95	17.36628667	5.730874601	11.63541207	0.03452	0.08452	0.067616
7/12/2020 21:00	7/12/2020	21	development	train	0	0	-0.23	0	12.66329667	4.178887901	8.484408769	0.03463	0.08463	0.067704
7/12/2020 22:00	7/12/2020	22	development	train	0	0	5.32	5.32	10.00638889	3.302108334	6.704280556	0.03644	0.08644	0.069152
7/12/2020 23:00	7/12/2020	23	development	train	0	0	6.23	6.23	10.65280222	3.515424733	7.137377487	0.03569	0.08569	0.068552
7/13/2020 0:00	7/13/2020	0	development	train	0	0	3.3	3.3	13.22995111	4.365883866	8.864067244	0.03527	0.08527	0.068216
7/13/2020 1:00	7/13/2020	1	development	train	0	0	11.42	11.42	15.39573778	5.080593467	10.31514431	0.03495	0.08495	0.06796
7/13/2020 2:00	7/13/2020	2	development	train	0.0278333	0.0278333	8.98	8.98	12.40106889	4.092352734	8.308716156	0.03527	0.08527	0.068216
7/13/2020 3:00	7/13/2020	3	development	train	1.73275	1.73275	7.35	7.35	10.07139556	3.323560535	6.747835025	0.03633	0.08633	0.069064
7/13/2020 4:00	7/13/2020	4	development	train	2.13475	2.13475	2.03	2.03	13.17344111	4.347235566	8.826205544	0.04006	0.09006	0.072048
7/13/2020 5:00	7/13/2020	5	development	train	6.8098333	6.8098333	-0.26	0	10.35857444	3.418329565	6.940244875	0.03985	0.08985	0.07188
7/13/2020 6:00	7/13/2020	6	development	train	14.3440835	14.3440835	-0.24	0	18.29481667	6.037289501	12.25752717	0.04028	0.09028	0.072224
7/13/2020 7:00	7/13/2020	7	development	train	29.398333	29.398333	-0.22	0	15.77784222	5.206687933	10.57115429	0.04017	0.09017	0.072136
7/13/2020 8:00	7/13/2020	8	development	train	34.396417	34.396417	-0.14	0	15.86653667	5.235957101	10.63057957	0.04038	0.09038	0.072304
7/13/2020 9:00	7/13/2020	9	development	train	25.966333	25.966333	-0.15	0	15.66282444	5.168732065	10.49409237	0.04028	0.09028	0.072224
7/13/2020 10:00	7/13/2020	10	development	train	37.535499	37.535499	-0.09	0	13.55449556	4.472983535	9.081512025	0.04006	0.09006	0.072048
7/13/2020 11:00	7/13/2020	11	development	train	60.064666	60.064666	-0.14	0	15.73234778	5.191674767	10.54067301	0.03985	0.08985	0.07188
7/13/2020 12:00	7/13/2020	12	development	train	64.446168	64.446168	-0.11	0	20.85184667	6.881109401	13.97073727	0.03974	0.08974	0.071792
7/13/2020 13:00	7/13/2020	13	development	train	68.864918	68.864918	-0.07	0	17.73983444	5.854145365	11.88568907	0.03921	0.08921	0.071368
7/13/2020 14:00	7/13/2020	14	development	train	51.95025	51.95025	-0.08	0	19.33880667	6.381806201	12.95700047	0.03804	0.08804	0.070432
7/13/2020 15:00	7/13/2020	15	development	train	42.891667	42.891667	-0.04	0	16.52982889	5.454843534	11.07498536	0.03697	0.08697	0.069576
7/13/2020 16:00	7/13/2020	16	development	train	26.800916	26.800916	-0.09	0	15.41781778	5.087879867	10.32993791	0.03708	0.08708	0.069664
7/13/2020 17:00	7/13/2020	17	development	train	11.0925	11.0925	-0.11	0	12.97773889	4.282653834	8.695085056	0.03697	0.08697	0.069576
7/13/2020 18:00	7/13/2020	18	development	train	5.19925	5.19925	0.32	0.32	15.84775333	5.229758599	10.61799473	0.03623	0.08623	0.068984
7/13/2020 19:00	7/13/2020	19	development	train	2.5430834	2.5430834	-0.19	0	15.87996556	5.240388635	10.63957693	0.03548	0.08548	0.068384
7/13/2020 20:00	7/13/2020	20	development	train	0.3178334	0.3178334	-0.2	0	16.32260667	5.386460201	10.93614647	0.03676	0.08676	0.069408
7/13/2020 21:00	7/13/2020	21	development	train	0	0	-0.28	0	16.66460111	5.499318366	11.16528274	0.03591	0.08591	0.068728
7/13/2020 22:00	7/13/2020	22	development	train	0	0	-0.23	0	15.90803667	5.249652101	10.65838457	0.03235	0.08235	0.06588
7/13/2020 23:00	7/13/2020	23	development	train	0	0	-0.22	0	14.87412444	4.908461065	9.965663375	0.03128	0.08128	0.065024
7/14/2020 0:00	7/14/2020	0	development	train	0	0	-0.21	0	12.49412667	4.123061801	8.371064869	0.03032	0.08032	0.064256
7/14/2020 1:00	7/14/2020	1	development	train	0	0	-0.2	0	13.09592778	4.321656167	8.774271613	0.02861	0.07861	0.062888
7/14/2020 2:00	7/14/2020	2	development	train	0.3819166	0.3819166	1.67	1.67	12.61257556	4.162149935	8.450425625	0.02711	0.07711	0.061688
7/14/2020 3:00	7/14/2020	3	development	train	1.7411666	1.7411666	-0.2	0	10.91560444	3.602149465	7.313454975	0.02776	0.07776	0.062208
7/14/2020 4:00	7/14/2020	4	development	train	2.8043334	2.8043334	-0.21	0	12.55963333	4.144678999	8.414954331	0.03096	0.08096	0.064768
7/14/2020 5:00	7/14/2020	5	development	train	5.1993332	5.1993332	-0.17	0	18.57783	6.1306839	12.4471461	0.03235	0.08235	0.06588
7/14/2020 6:00	7/14/2020	6	development	train	4.4924168	4.4924168	-0.21	0	18.30323667	6.040068101	12.26316857	0.03405	0.08405	0.06724
7/14/2020 7:00	7/14/2020	7	development	train	9.4721667	9.4721667	-0.24	0	17.11603556	5.648291735	11.46774383	0.03256	0.08256	0.066048
7/14/2020 8:00	7/14/2020	8	development	train	22.939583	22.939583	-0.22	0	14.69770111	4.850241366	9.847459744	0.03373	0.08373	0.066984
7/14/2020 9:00	7/14/2020	9	development	train	42.359417	42.359417	-0.23	0	15.09768333	4.982235499	10.11544783	0.03405	0.08405	0.06724
7/14/2020 10:00	7/14/2020	10	development	train	49.308666	49.308666	-0.37	0	16.30512556	5.380691435	10.92443413	0.03416	0.08416	0.067328
7/14/2020 11:00	7/14/2020	11	development	train	53.886916	53.886916	7.36	7.36	12.37579222	4.084011433	8.291780787	0.03427	0.08427	0.067416
7/14/2020 12:00	7/14/2020	12	development	train	31.110667	31.110667	6.67	6.67	16.51254444	5.449139665	11.06340477	0.03555	0.08555	0.06844
7/14/2020 13:00	7/14/2020	13	development	train	29.737499	29.737499	-0.28	0	15.24945889	5.032321434	10.21713746	0.03555	0.08555	0.06844
7/14/2020 14:00	7/14/2020	14	development	train	15.1773335	15.1773335	-0.28	0	19.39668444	6.400905865	12.99577857	0.03469	0.08469	0.067752
7/14/2020 15:00	7/14/2020	15	development	train	48.136834	48.136834	-0.28	0	14.54953444	4.801346365	9.748188075	0.03416	0.08416	0.067328
7/14/2020 16:00	7/14/2020	16	development	train	26.3486367	26.3486367	-0.27	0	14.51669556	4.790509535	9.726186025	0.03288	0.08288	0.066304
7/14/2020 17:00	7/14/2020	17	development	train	0	0	-0.26	0	14.34684889	4.734460134	9.612388756	0.03512	0.08512	0.068096
7/14/2020 18:00	7/14/2020	18	development	train	0	0	-0.28	0	13.34349111	4.403352066	8.940139044	0.03469	0.08469	0.067752
7/14/2020 19:00	7/14/2020	19	development	train	0	0	-0.29	0	11.87162	3.9176346	7.9539854	0.03363	0.08363	0.066904
7/14/2020 20:00	7/14/2020	20	development	train	0	0	-0.04	0	12.34281889	4.073130234	8.269688656	0.03405	0.08405	0.06724
7/14/2020 21:00	7/14/2020	21	development	train	0	0	-0.02	0	16.58257778	5.472250667	11.11032711	0.0317	0.0817	0.06536
7/14/2020 22:00	7/14/2020	22	development	train	0	0	-0.03	0	13.07968889	4.316297334	8.763391556	0.03239	0.08239	0.065912
7/14/2020 23:00	7/14/2020	23	development	train	0	0	-0.03	0	9.123357778	3.010708067	6.112649711	0.03185	0.08185	0.06548
7/15/2020 0:00	7/15/2020	0	development	train	0	0	-0.15	0	11.79609222	3.892710433	7.903381787	0.03164	0.08164	0.065312
7/15/2020 1:00	7/15/2020	1	development	train	0	0	-0.16	0	15.01558444	4.955142865	10.06044157	0.03153	0.08153	0.065224
7/15/2020 2:00	7/15/2020	2	development	train	0	0	-0.14	0	12.39090667	4.088999201	8.301907469	0.03025	0.08025	0.0642
7/15/2020 3:00	7/15/2020	3	development	train	0	0	-0.13	0	11.31432111	3.733725966	7.580595144	0.03132	0.08132	0.065056
7/15/2020 4:00	7/15/2020	4	development	train	0	0	-0.19	0	8.902824444	2.937932067	5.964892377	0.03175	0.08175	0.0654
7/15/2020 5:00	7/15/2020	5	development	train	0	0	-0.15	0	10.52157444	3.472119565	7.049454875	0.03647	0.08647	0.069176
7/15/2020 6:00	7/15/2020	6	development	train	0	0	-0.13	0	19.64947111	6.484325466	13.16514564	0.03679	0.08679	0.069432
7/15/2020 7:00	7/15/2020	7	development	train	0	0	-0.15	0	14.93472	4.9284576	10.0062624	0.03732	0.08732	0.069856
7/15/2020 8:00	7/15/2020	8	development	train	0	0	-0.17	0	12.81101778	4.227635867	8.583381913	0.03786	0.08786	0.070288
7/15/2020 9:00	7/15/2020	9	development	train	0	0	0.77	0.77	12.89280111	4.254624366	8.638176744	0.03754	0.08754	0.070032
7/15/2020 10:00	7/15/2020	10	development	train	0	0	1.28	1.28	13.34581	4.4041173	8.9416927	0.03754	0.08754	0.070032
7/15/2020 11:00	7/15/2020	11	development	train	0	0	-0.23	0	11.38806667	3.758062001	7.630004669	0.03754	0.08754	0.070032
7/15/2020 12:00	7/15/2020	12	development	train	0	0	-0.11	0	15.54181444	5.128798765	10.41301567	0.03743	0.08743	0.069944
7/15/2020 13:00	7/15/2020	13	development	train	0	0	-0.25	0	11.12484889	3.671200134	7.453648756	0.03765	0.08765	0.07012
7/15/2020 14:00	7/15/2020	14	development	train	0	0	-0.29	0	13.89654222	4.585858933	9.310683287	0.03818	0.08818	0.070544
7/15/2020 15:00	7/15/2020	15	development	train	0	0	2.99	2.99	11.69667889	3.859904034	7.836774856	0.03732	0.08732	0.069856
7/15/2020 16:00	7/15/2020	16	development	train	0	0	-0.24	0	12.53021111	4.134969666	8.395241444	0.03732	0.08732	0.069856
7/15/2020 17:00	7/15/2020	17	development	train	0	0	-0.26	0	12.21289333	4.030254799	8.182638531	0.03722	0.08722	0.069776
7/15/2020 18:00	7/15/2020	18	development	train	0	0	-0.28	0	16.22018667	5.352661601	10.86752507	0.03722	0.08722	0.069776
7/15/2020 19:00	7/15/2020	19	development	train	0	0	-0.29	0	14.43380556	4.763155835	9.670649725	0.037	0.087	0.0696
7/15/2020 20:00	7/15/2020	20	development	train	0	0	-0.14	0	15.20270667	5.016893201	10.18581347	0.0369	0.0869	0.06952
7/15/2020 21:00	7/15/2020	21	development	train	0	0	-0.1	0	14.56613556	4.806824735	9.759310825	0.03539	0.08539	0.068312
7/15/2020 22:00	7/15/2020	22	development	train	0	0	7.35	7.35	11.71898556	3.867265235	7.851720325	0.03925	0.08925	0.0714
7/15/2020 23:00	7/15/2020	23	development	train	0	0	10.84	10.84	11.21898222	3.702264133	7.516718087	0.0385	0.0885	0.0708
7/16/2020 0:00	7/16/2020	0	development	train	0	0	4.68	4.68	13.74563	4.5360579	9.2095721	0.03807	0.08807	0.070456
7/16/2020 1:00	7/16/2020	1	development	train	0	0	2.64	2.64	10.25097444	3.382821565	6.868152875	0.03765	0.08765	0.07012
7/16/2020 2:00	7/16/2020	2	development	train	0	0	-0.29	0	13.15614333	4.341527299	8.814616031	0.03722	0.08722	0.069776
7/16/2020 3:00	7/16/2020	3	development	train	0	0	-0.09	0	7.555464444	2.493303267	5.062161177	0.03775	0.08775	0.0702
7/16/2020 4:00	7/16/2020	4	development	train	0	0	-0.11	0	10.69045444	3.527849965	7.162604475	0.03839	0.08839	0.070712
7/16/2020 5:00	7/16/2020	5	development	train	0	0	-0.05	0	12.40745556	4.094460335	8.312995225	0.03925	0.08925	0.0714
7/16/2020 6:00	7/16/2020	6	development	train	0	0	-0.08	0	17.38560111	5.737248366	11.64835274	0.03978	0.08978	0.071824
7/16/2020 7:00	7/16/2020	7	development	train	0	0	-0.11	0	15.00343	4.9511319	10.0522981	0.04021	0.09021	0.072168
7/16/2020 8:00	7/16/2020	8	development	train	0	0	-0.06	0	15.45037556	5.098623935	10.35175163	0.04042	0.09042	0.072336
7/16/2020 9:00	7/16/2020	9	development	train	0	0	-0.09	0	15.12686889	4.991866734	10.13500216	0.04031	0.09031	0.072248
7/16/2020 10:00	7/16/2020	10	development	train	0	0	-0.08	0	15.40117667	5.082388301	10.31878837	0.0401	0.0901	0.07208
7/16/2020 11:00	7/16/2020	11	development	train	0	0	-0.11	0	13.43751778	4.434380867	9.003136913	0.03989	0.08989	0.071912
7/16/2020 12:00	7/16/2020	12	development	train	0	0	-0.21	0	15.06388667	4.971082601	10.09280407	0.03999	0.08999	0.071992
7/16/2020 13:00	7/16/2020	13	development	train	0	0	-0.26	0	15.17548222	5.007909133	10.16757309	0.03989	0.08989	0.071912
7/16/2020 14:00	7/16/2020	14	development	train	0	0	2.49	2.49	18.31084889	6.042580134	12.26826876	0.03999	0.08999	0.071992
7/16/2020 15:00	7/16/2020	15	development	train	0	0	3.79	3.79	14.23294667	4.696872401	9.536074269	0.03978	0.08978	0.071824
7/16/2020 16:00	7/16/2020	16	development	train	0	0	19.13	19.13	12.91406111	4.261640166	8.652420944	0.03989	0.08989	0.071912
7/16/2020 17:00	7/16/2020	17	development	train	0	0	17.66	17.66	12.11254444	3.997139665	8.115404775	0.03967	0.08967	0.071736
7/16/2020 18:00	7/16/2020	18	development	train	0	0	2.29	2.29	11.83225444	3.904643965	7.927610475	0.03978	0.08978	0.071824
7/16/2020 19:00	7/16/2020	19	development	train	0	0	-0.25	0	13.47417444	4.446477565	9.027696875	0.03946	0.08946	0.071568
7/16/2020 20:00	7/16/2020	20	development	train	0	0	0.04	0.04	15.73767222	5.193431833	10.54424039	0.03903	0.08903	0.071224
7/16/2020 21:00	7/16/2020	21	development	train	0	0	-0.08	0	0.048395833	0.015970625	0.032425208	0.0385	0.0885	0.0708
7/16/2020 22:00	7/16/2020	22	development	train	0	0	0	0	0.048396111	0.015970717	0.032425394	0.03772	0.08772	0.070176
7/16/2020 23:00	7/16/2020	23	development	train	0	0	0	0	0.048395833	0.015970625	0.032425208	0.03687	0.08687	0.069496
7/17/2020 0:00	7/17/2020	0	development	train	0	0	0	0	15.74790667	5.196809201	10.55109747	0.03602	0.08602	0.068816
7/17/2020 1:00	7/17/2020	1	development	train	0	0	0	0	19.49027556	6.431790935	13.05848463	0.03528	0.08528	0.068224
7/17/2020 2:00	7/17/2020	2	development	train	0	0	0	0	18.34897222	6.055160833	12.29381139	0.03474	0.08474	0.067792
7/17/2020 3:00	7/17/2020	3	development	train	0	0	0	0	17.37992444	5.735375065	11.64454937	0.03528	0.08528	0.068224
7/17/2020 4:00	7/17/2020	4	development	train	0	0	0	0	13.50412889	4.456362534	9.047766356	0.03719	0.08719	0.069752
7/17/2020 5:00	7/17/2020	5	development	train	0	0	0	0	13.38218333	4.416120499	8.966062831	0.03772	0.08772	0.070176
7/17/2020 6:00	7/17/2020	6	development	train	0	0	0	0	16.86732222	5.566216333	11.30110589	0.03878	0.08878	0.071024
7/17/2020 7:00	7/17/2020	7	development	train	0	0	0	0	15.20461111	5.017521666	10.18708944	0.03921	0.08921	0.071368
7/17/2020 8:00	7/17/2020	8	development	train	0	0	0	0	13.14387222	4.337477833	8.806394387	0.03931	0.08931	0.071448
7/17/2020 9:00	7/17/2020	9	development	train	0	0	0	0	15.71616222	5.186333533	10.52982869	0.04038	0.09038	0.072304
7/17/2020 10:00	7/17/2020	10	development	train	0	0	0	0	14.06255222	4.640642233	9.421909987	0.04006	0.09006	0.072048
7/17/2020 11:00	7/17/2020	11	development	train	0	0	0	0	12.19840111	4.025472366	8.172928744	0.03995	0.08995	0.07196
7/17/2020 12:00	7/17/2020	12	development	train	0	0	0	0	15.83740333	5.226343099	10.61106023	0.03953	0.08953	0.071624
7/17/2020 13:00	7/17/2020	13	development	train	0	0	0	0	16.96964333	5.599982299	11.36966103	0.03931	0.08931	0.071448
7/17/2020 14:00	7/17/2020	14	development	train	0	0	0	0	17.59205111	5.805376866	11.78667424	0.03889	0.08889	0.071112
7/17/2020 15:00	7/17/2020	15	development	train	0	0	0	0	15.12203222	4.990270633	10.13176159	0.03846	0.08846	0.070768
7/17/2020 16:00	7/17/2020	16	development	train	0	0	0	0	13.72668556	4.529806235	9.196879325	0.03857	0.08857	0.070856
7/17/2020 17:00	7/17/2020	17	development	train	0	0	0	0	15.97381778	5.271359867	10.70245791	0.03846	0.08846	0.070768
7/17/2020 18:00	7/17/2020	18	development	train	0	0	0	0	17.02842778	5.619381167	11.40904661	0.03719	0.08719	0.069752
7/17/2020 19:00	7/17/2020	19	development	train	0.0851	0.0851	-0.19	0	17.94915556	5.923221335	12.02593423	0.03655	0.08655	0.06924
7/17/2020 20:00	7/17/2020	20	development	train	0.0175	0.0175	-0.25	0	14.82024	4.8906792	9.9295608	0.03708	0.08708	0.069664
7/17/2020 21:00	7/17/2020	21	development	train	0	0	-0.2	0	12.81214222	4.228006933	8.584135287	0.03698	0.08698	0.069584
7/17/2020 22:00	7/17/2020	22	development	train	0	0	-0.2	0	15.14843667	4.998984101	10.14945257	0.0352	0.0852	0.06816
7/17/2020 23:00	7/17/2020	23	development	train	0	0	-0.16	0	12.81127	4.2277191	8.5835509	0.03445	0.08445	0.06756
7/18/2020 0:00	7/18/2020	0	development	train	0	0	-0.25	0	15.55853778	5.134317467	10.42422031	0.03392	0.08392	0.067136
7/18/2020 1:00	7/18/2020	1	development	train	0	0	-0.23	0	12.35962444	4.078676065	8.280948375	0.03371	0.08371	0.066968
7/18/2020 2:00	7/18/2020	2	development	train	0.04425	0.04425	-0.26	0	16.44671444	5.427415765	11.01929867	0.03361	0.08361	0.066888
7/18/2020 3:00	7/18/2020	3	development	train	2.0034167	2.0034167	-0.25	0	12.03832	3.9726456	8.0656744	0.0335	0.0835	0.0668
7/18/2020 4:00	7/18/2020	4	development	train	5.7640833	5.7640833	0.2	0.2	14.85603667	4.902492101	9.953544569	0.03371	0.08371	0.066968
7/18/2020 5:00	7/18/2020	5	development	train	11.6905833	11.6905833	-0.3	0	13.33451333	4.400389399	8.934123931	0.03371	0.08371	0.066968
7/18/2020 6:00	7/18/2020	6	development	train	18.3059995	18.3059995	-0.23	0	17.60551556	5.809820135	11.79569543	0.03477	0.08477	0.067816
7/18/2020 7:00	7/18/2020	7	development	train	15.46025	15.46025	-0.21	0	15.50239222	5.115789433	10.38660279	0.03605	0.08605	0.06884
7/18/2020 8:00	7/18/2020	8	development	train	31.607166	31.607166	-0.13	0	17.41029889	5.745398634	11.66490026	0.03753	0.08753	0.070024
7/18/2020 9:00	7/18/2020	9	development	train	67.107916	67.107916	-0.14	0	13.31822	4.3950126	8.9232074	0.03742	0.08742	0.069936
7/18/2020 10:00	7/18/2020	10	development	train	48.062666	48.062666	-0.17	0	16.84741	5.5596453	11.2877647	0.03668	0.08668	0.069344
7/18/2020 11:00	7/18/2020	11	development	train	35.06375	35.06375	-0.19	0	15.11636667	4.988401001	10.12796567	0.03594	0.08594	0.068752
7/18/2020 12:00	7/18/2020	12	development	train	42.824333	42.824333	-0.15	0	20.66850222	6.820605733	13.84789649	0.03594	0.08594	0.068752
7/18/2020 13:00	7/18/2020	13	development	train	33.063666	33.063666	-0.1	0	19.45618444	6.420540865	13.03564357	0.03562	0.08562	0.068496
7/18/2020 14:00	7/18/2020	14	development	train	37.697167	37.697167	-0.1	0	17.40777333	5.744565199	11.66320813	0.03594	0.08594	0.068752
7/18/2020 15:00	7/18/2020	15	development	train	10.8496667	10.8496667	-0.27	0	13.71110889	4.524665934	9.186442956	0.03647	0.08647	0.069176
7/18/2020 16:00	7/18/2020	16	development	train	15.02125	15.02125	-0.28	0	12.91253778	4.261137467	8.651400313	0.03573	0.08573	0.068584
7/18/2020 17:00	7/18/2020	17	development	train	3.0888334	3.0888334	-0.26	0	16.38102	5.4057366	10.9752834	0.03509	0.08509	0.068072
7/18/2020 18:00	7/18/2020	18	development	train	0.47	0.47	7.1	7.1	17.60178444	5.808588865	11.79319557	0.04548	0.09548	0.076384
7/18/2020 19:00	7/18/2020	19	development	train	0.1615834	0.1615834	10.19	10.19	15.60717444	5.150367565	10.45680687	0.04506	0.09506	0.076048
7/18/2020 20:00	7/18/2020	20	development	train	0.3576667	0.3576667	-0.17	0	15.80393778	5.215299467	10.58863831	0.04463	0.09463	0.075704
7/18/2020 21:00	7/18/2020	21	development	train	0	0	-0.19	0	7.412633333	2.446169	4.966464333	0.04474	0.09474	0.075792
7/18/2020 22:00	7/18/2020	22	development	train	0	0	-0.16	0	16.80707	5.5463331	11.2607369	0.04278	0.09278	0.074224
7/18/2020 23:00	7/18/2020	23	development	train	0	0	-0.09	0	12.44647222	4.107335833	8.339136387	0.03918	0.08918	0.071344
7/19/2020 0:00	7/19/2020	0	development	train	0	0	-0.12	0	13.71245111	4.525108866	9.187342244	0.03833	0.08833	0.070664
7/19/2020 1:00	7/19/2020	1	development	train	0	0	-0.19	0	12.35488556	4.077112235	8.277773325	0.03748	0.08748	0.069984
7/19/2020 2:00	7/19/2020	2	development	train	0	0	-0.19	0	11.92769222	3.936138433	7.991553787	0.0361	0.0861	0.06888
7/19/2020 3:00	7/19/2020	3	development	train	0.6196667	0.6196667	-0.27	0	12.18415	4.0207695	8.1633805	0.03992	0.08992	0.071936
7/19/2020 4:00	7/19/2020	4	development	train	3.0687501	3.0687501	-0.18	0	8.727695556	2.880139533	5.847556023	0.04045	0.09045	0.07236
7/19/2020 5:00	7/19/2020	5	development	train	6.8030833	6.8030833	-0.13	0	11.37946667	3.755224001	7.624242669	0.04002	0.09002	0.072016
7/19/2020 6:00	7/19/2020	6	development	train	11.6339166	11.6339166	-0.13	0	18.15518222	5.991210133	12.16397209	0.04119	0.09119	0.072952
7/19/2020 7:00	7/19/2020	7	development	train	18.6066665	18.6066665	-0.21	0	16.82426667	5.552008001	11.27225867	0.04406	0.09406	0.075248
7/19/2020 8:00	7/19/2020	8	development	train	44.213083	44.213083	-0.21	0	11.24532	3.7109556	7.5343644	0.04693	0.09693	0.077544
7/19/2020 9:00	7/19/2020	9	development	train	58.375168	58.375168	-0.22	0	8.164397778	2.694251267	5.470146511	0.04777	0.09777	0.078216
7/19/2020 10:00	7/19/2020	10	development	train	49.223583	49.223583	-0.18	0	8.090552222	2.669882233	5.420669989	0.04788	0.09788	0.078304
7/19/2020 11:00	7/19/2020	11	development	train	58.354166	58.354166	-0.16	0	7.649393333	2.5242998	5.125093533	0.04788	0.09788	0.078304
7/19/2020 12:00	7/19/2020	12	development	train	60.55625	60.55625	-0.16	0	13.59721222	4.487080033	9.110132187	0.04788	0.09788	0.078304
7/19/2020 13:00	7/19/2020	13	development	train	61.648918	61.648918	-0.14	0	11.32548	3.7374084	7.5880716	0.04777	0.09777	0.078216
7/19/2020 14:00	7/19/2020	14	development	train	31.116001	31.116001	-0.18	0	14.01461889	4.624824234	9.389794656	0.04799	0.09799	0.078392
7/19/2020 15:00	7/19/2020	15	development	train	31.54875	31.54875	-0.21	0	11.83910222	3.906903733	7.932198487	0.0482	0.0982	0.07856
7/19/2020 16:00	7/19/2020	16	development	train	21.086917	21.086917	17.23	17.23	11.39081778	3.758969867	7.631847913	0.04831	0.09831	0.078648
7/19/2020 17:00	7/19/2020	17	development	train	8.4415	8.4415	42.63	42.63	14.78449333	4.878882799	9.905610531	0.04841	0.09841	0.078728
7/19/2020 18:00	7/19/2020	18	development	train	3.3975	3.3975	44.9	44.9	17.53632667	5.786987801	11.74933887	0.0482	0.0982	0.07856
7/19/2020 19:00	7/19/2020	19	development	train	0.3885	0.3885	37.06	37.06	17.08129333	5.636826799	11.44446653	0.04809	0.09809	0.078472
7/19/2020 20:00	7/19/2020	20	development	train	0	0	27.09	27.09	15.19451222	5.014189033	10.18032319	0.04767	0.09767	0.078136
7/19/2020 21:00	7/19/2020	21	development	train	0	0	5.62	5.62	15.04697889	4.965503034	10.08147586	0.04693	0.09693	0.077544
7/19/2020 22:00	7/19/2020	22	development	train	0	0	9.17	9.17	13.52956333	4.464755899	9.064807431	0.04151	0.09151	0.073208
7/19/2020 23:00	7/19/2020	23	development	train	0	0	6.16	6.16	12.42866444	4.101459265	8.327205175	0.04119	0.09119	0.072952
7/20/2020 0:00	7/20/2020	0	development	train	0	0	0.29	0.29	15.76131333	5.201233399	10.56007993	0.04109	0.09109	0.072872
7/20/2020 1:00	7/20/2020	1	development	train	0	0	-0.21	0	15.42156111	5.089115166	10.33244594	0.04087	0.09087	0.072696
7/20/2020 2:00	7/20/2020	2	development	train	0	0	-0.17	0	11.64744667	3.843657401	7.803789269	0.04077	0.09077	0.072616
7/20/2020 3:00	7/20/2020	3	development	train	0.7505833	0.7505833	-0.22	0	9.835801111	3.245814367	6.589986744	0.04098	0.09098	0.072784
7/20/2020 4:00	7/20/2020	4	development	train	1.5080833	1.5080833	-0.22	0	18.00189444	5.940625165	12.06126927	0.04183	0.09183	0.073464
7/20/2020 5:00	7/20/2020	5	development	train	4.1125834	4.1125834	-0.25	0	17.01595	5.6152635	11.4006865	0.04353	0.09353	0.074824
7/20/2020 6:00	7/20/2020	6	development	train	10.0371667	10.0371667	-0.21	0	13.85603778	4.572492467	9.283545313	0.04608	0.09608	0.076864
7/20/2020 7:00	7/20/2020	7	development	train	12.25025	12.25025	-0.19	0	12.34512889	4.073892534	8.271236356	0.04788	0.09788	0.078304
7/20/2020 8:00	7/20/2020	8	development	train	22.4714165	22.4714165	-0.16	0	14.07894556	4.646052035	9.432893525	0.04841	0.09841	0.078728
7/20/2020 9:00	7/20/2020	9	development	train	11.2289166	11.2289166	-0.21	0	12.61135111	4.161745866	8.449605244	0.0482	0.0982	0.07856
7/20/2020 10:00	7/20/2020	10	development	train	14.4295	14.4295	-0.25	0	11.98740778	3.955844567	8.031563213	0.04799	0.09799	0.078392
7/20/2020 11:00	7/20/2020	11	development	train	21.142333	21.142333	-0.23	0	11.16983444	3.686045365	7.483789075	0.04746	0.09746	0.077968
7/20/2020 12:00	7/20/2020	12	development	train	13.8386665	13.8386665	-0.22	0	15.21509444	5.020981165	10.19411327	0.04671	0.09671	0.077368
7/20/2020 13:00	7/20/2020	13	development	train	15.702833	15.702833	-0.25	0	12.74951778	4.207340867	8.542176913	0.04406	0.09406	0.075248
7/20/2020 14:00	7/20/2020	14	development	train	18.2533335	18.2533335	-0.21	0	14.0007	4.620231	9.380469	0.04448	0.09448	0.075584
7/20/2020 15:00	7/20/2020	15	development	train	10.0785833	10.0785833	0.56	0.56	11.82025333	3.900683599	7.919569731	0.04236	0.09236	0.073888
7/20/2020 16:00	7/20/2020	16	development	train	10.4118333	10.4118333	0.79	0.79	10.78757556	3.559899935	7.227675625	0.04215	0.09215	0.07372
7/20/2020 17:00	7/20/2020	17	development	train	9.2889999	9.2889999	4.86	4.86	11.03478	3.6414774	7.3933026	0.04194	0.09194	0.073552
7/20/2020 18:00	7/20/2020	18	development	train	6.1427501	6.1427501	3.28	3.28	12.74267111	4.205081466	8.537589644	0.04194	0.09194	0.073552
7/20/2020 19:00	7/20/2020	19	development	train	0.486	0.486	12.71	12.71	11.20103333	3.696340999	7.504692331	0.04183	0.09183	0.073464
7/20/2020 20:00	7/20/2020	20	development	train	0.2231666	0.2231666	-0.2	0	11.68291556	3.855362135	7.827553425	0.0414	0.0914	0.07312
7/20/2020 21:00	7/20/2020	21	development	train	0	0	-0.21	0	12.90441444	4.258456765	8.645957675	0.04109	0.09109	0.072872
7/20/2020 22:00	7/20/2020	22	development	train	0	0	-0.27	0	15.19484556	5.014299035	10.18054653	0.03774	0.08774	0.070192
7/20/2020 23:00	7/20/2020	23	development	train	0	0	0.29	0.29	10.18752444	3.361883065	6.825641375	0.03658	0.08658	0.069264
7/21/2020 0:00	7/21/2020	0	development	train	0	0	8.57	8.57	14.80923111	4.887046266	9.922184844	0.03626	0.08626	0.069008
7/21/2020 1:00	7/21/2020	1	development	train	0	0	-0.19	0	11.90004889	3.927016134	7.973032756	0.03605	0.08605	0.06884
7/21/2020 2:00	7/21/2020	2	development	train	0.0202273	0.0202273	-0.29	0	14.7161	4.856313	9.859787	0.03477	0.08477	0.067816
7/21/2020 3:00	7/21/2020	3	development	train	1.1775833	1.1775833	-0.3	0	10.4603	3.451899	7.008401	0.03615	0.08615	0.06892
7/21/2020 4:00	7/21/2020	4	development	train	2.387	2.387	-0.24	0	8.513285556	2.809384233	5.703901323	0.03393	0.08393	0.067144
7/21/2020 5:00	7/21/2020	5	development	train	10.1801667	10.1801667	2.25	2.25	11.31732111	3.734715966	7.582605144	0.03541	0.08541	0.068328
7/21/2020 6:00	7/21/2020	6	development	train	9.2128333	9.2128333	2.75	2.75	13.30533778	4.390761467	8.914576313	0.03626	0.08626	0.069008
7/21/2020 7:00	7/21/2020	7	development	train	5.2765832	5.2765832	16.66	16.66	15.75098444	5.197824865	10.55315957	0.03636	0.08636	0.069088
7/21/2020 8:00	7/21/2020	8	development	train	7.5599167	7.5599167	6.71	6.71	12.07710444	3.985444465	8.091659975	0.03636	0.08636	0.069088
7/21/2020 9:00	7/21/2020	9	development	train	10.3224166	10.3224166	16.13	16.13	13.20031333	4.356103399	8.844209931	0.03605	0.08605	0.06884
7/21/2020 10:00	7/21/2020	10	development	train	16.9681665	16.9681665	4.23	4.23	12.08896889	3.989359734	8.099609156	0.03541	0.08541	0.068328
7/21/2020 11:00	7/21/2020	11	development	train	13.969417	13.969417	57.12	57.12	11.76536333	3.882569899	7.882793431	0.0352	0.0852	0.06816
7/21/2020 12:00	7/21/2020	12	development	train	30.779833	30.779833	47.38	47.38	15.27156	5.0396148	10.2319452	0.03509	0.08509	0.068072
7/21/2020 13:00	7/21/2020	13	development	train	33.678916	33.678916	34.9	34.9	16.76693556	5.533088735	11.23384683	0.03467	0.08467	0.067736
7/21/2020 14:00	7/21/2020	14	development	train	9.9286666	9.9286666	64.04	64.04	15.67233556	5.171870735	10.50046483	0.03446	0.08446	0.067568
7/21/2020 15:00	7/21/2020	15	development	train	6.1516667	6.1516667	19.62	19.62	12.18591333	4.021351399	8.164561931	0.03435	0.08435	0.06748
7/21/2020 16:00	7/21/2020	16	development	train	6.7971667	6.7971667	27.04	27.04	8.17187	2.6967171	5.4751529	0.03414	0.08414	0.067312
7/21/2020 17:00	7/21/2020	17	development	train	4.2925834	4.2925834	68.49	68.49	13.40795222	4.424624233	8.983327987	0.03403	0.08403	0.067224
7/21/2020 18:00	7/21/2020	18	development	train	3.2683333	3.2683333	36.48	36.48	16.46111222	5.432167033	11.02894519	0.03382	0.08382	0.067056
7/21/2020 19:00	7/21/2020	19	development	train	1.7440833	1.7440833	3.85	3.85	14.60198778	4.818655967	9.783331813	0.03382	0.08382	0.067056
7/21/2020 20:00	7/21/2020	20	development	train	0.4780833	0.4780833	13.32	13.32	15.53348111	5.126048766	10.40743234	0.03382	0.08382	0.067056
7/21/2020 21:00	7/21/2020	21	development	train	0	0	13.65	13.65	15.55179111	5.132091066	10.41970004	0.03329	0.08329	0.066632
7/21/2020 22:00	7/21/2020	22	development	train	0	0	8.98	8.98	15.70119556	5.181394535	10.51980103	0.02994	0.07994	0.063952
7/21/2020 23:00	7/21/2020	23	development	train	0	0	12.28	12.28	11.82056222	3.900785533	7.919776687	0.02858	0.07858	0.062864
7/22/2020 0:00	7/22/2020	0	development	train	0	0	16.5	16.5	12.61974111	4.164514566	8.455226544	0.02343	0.07343	0.058744
7/22/2020 1:00	7/22/2020	1	development	train	0	0	18.47	18.47	15.56644222	5.136925933	10.42951629	0.02269	0.07269	0.058152
7/22/2020 2:00	7/22/2020	2	development	train	0.07075	0.07075	12.28	12.28	13.50365889	4.456207434	9.047451456	0.02406	0.07406	0.059248
7/22/2020 3:00	7/22/2020	3	development	train	1.1390833	1.1390833	8.83	8.83	12.71178889	4.194890334	8.516898556	0.02921	0.07921	0.063368
7/22/2020 4:00	7/22/2020	4	development	train	1.9506666	1.9506666	-0.03	0	11.13667333	3.675102199	7.461571131	0.03078	0.08078	0.064624
7/22/2020 5:00	7/22/2020	5	development	train	4.8965834	4.8965834	0.62	0.62	9.250792222	3.052761433	6.198030789	0.03162	0.08162	0.065296
7/22/2020 6:00	7/22/2020	6	development	train	11.489	11.489	14.01	14.01	14.26963222	4.708978633	9.560653587	0.03204	0.08204	0.065632
7/22/2020 7:00	7/22/2020	7	development	train	12.14025	12.14025	13.63	13.63	11.93650111	3.939045366	7.997455744	0.03246	0.08246	0.065968
7/22/2020 8:00	7/22/2020	8	development	train	16.5025	16.5025	25.04	25.04	14.51042333	4.788439699	9.721983631	0.03278	0.08278	0.066224
7/22/2020 9:00	7/22/2020	9	development	train	10.139	10.139	19.38	19.38	13.67227333	4.511850199	9.160423131	0.03289	0.08289	0.066312
7/22/2020 10:00	7/22/2020	10	development	train	14.8418335	14.8418335	19.43	19.43	15.11355333	4.987472599	10.12608073	0.03267	0.08267	0.066136
7/22/2020 11:00	7/22/2020	11	development	train	13.2510835	13.2510835	20.04	20.04	12.54510333	4.139884099	8.405219231	0.03257	0.08257	0.066056
7/22/2020 12:00	7/22/2020	12	development	train	23.6566665	23.6566665	26.43	26.43	16.38213222	5.406103633	10.97602859	0.03246	0.08246	0.065968
7/22/2020 13:00	7/22/2020	13	development	train	28.6055	28.6055	29.83	29.83	16.60996333	5.481287899	11.12867543	0.03236	0.08236	0.065888
7/22/2020 14:00	7/22/2020	14	development	train	42.244584	42.244584	76.35	76.35	14.76549778	4.872614267	9.892883513	0.03215	0.08215	0.06572
7/22/2020 15:00	7/22/2020	15	development	train	31.997417	31.997417	42.47	42.47	14.65156667	4.835017001	9.816549669	0.03194	0.08194	0.065552
7/22/2020 16:00	7/22/2020	16	development	train	17.77175	17.77175	23.29	23.29	14.29507556	4.717374935	9.577700625	0.03225	0.08225	0.0658
7/22/2020 17:00	7/22/2020	17	development	train	13.412417	13.412417	58.25	58.25	13.55376444	4.472742265	9.081022175	0.03236	0.08236	0.065888
7/22/2020 18:00	7/22/2020	18	development	train	6.0308333	6.0308333	51.16	51.16	13.24539111	4.370979066	8.874412044	0.03225	0.08225	0.0658
7/22/2020 19:00	7/22/2020	19	development	train	2.016	2.016	15.41	15.41	13.65823556	4.507217735	9.151017825	0.03215	0.08215	0.06572
7/22/2020 20:00	7/22/2020	20	development	train	0.0759167	0.0759167	7.22	7.22	13.47501444	4.446754765	9.028259675	0.03183	0.08183	0.065464
7/22/2020 21:00	7/22/2020	21	development	train	0	0	15.91	15.91	14.81955333	4.890452599	9.929100731	0.02385	0.07385	0.05908
7/22/2020 22:00	7/22/2020	22	development	train	0	0	16.57	16.57	9.43308	3.1129164	6.3201636	0.0265	0.0765	0.0612
7/22/2020 23:00	7/22/2020	23	development	train	0	0	12.63	12.63	11.21006	3.6993198	7.5107402	0.0227	0.0727	0.05816
7/23/2020 0:00	7/23/2020	0	development	train	0	0	11	11	13.96032556	4.606907435	9.353418125	0.02143	0.07143	0.057144
7/23/2020 1:00	7/23/2020	1	development	train	0	0	21.65	21.65	12.69360556	4.188889835	8.504715725	0.01964	0.06964	0.055712
7/23/2020 2:00	7/23/2020	2	development	train	0	0	3.99	3.99	16.45347333	5.429646199	11.02382713	0.01583	0.06583	0.052664
7/23/2020 3:00	7/23/2020	3	development	train	0.0394167	0.0394167	24.56	24.56	10.32776444	3.408162265	6.919602175	0.02502	0.07502	0.060016
7/23/2020 4:00	7/23/2020	4	development	train	1.93025	1.93025	28.12	28.12	13.25798444	4.375134865	8.882849575	0.02692	0.07692	0.061536
7/23/2020 5:00	7/23/2020	5	development	train	6.7785	6.7785	21.6	21.6	9.891925556	3.264335433	6.627590123	0.02702	0.07702	0.061616
7/23/2020 6:00	7/23/2020	6	development	train	9.23325	9.23325	27.78	27.78	15.1318	4.993494	10.138306	0.02861	0.07861	0.062888
7/23/2020 7:00	7/23/2020	7	development	train	23.502417	23.502417	36.6	36.6	15.16456111	5.004305166	10.16025594	0.02914	0.07914	0.063312
7/23/2020 8:00	7/23/2020	8	development	train	11.1454166	11.1454166	25.16	25.16	12.81044778	4.227447767	8.583000013	0.02892	0.07892	0.063136
7/23/2020 9:00	7/23/2020	9	development	train	30.739	30.739	43.96	43.96	12.67794556	4.183722035	8.494223525	0.02861	0.07861	0.062888
7/23/2020 10:00	7/23/2020	10	development	train	39.939	39.939	24.01	24.01	15.10946444	4.986123265	10.12334117	0.02702	0.07702	0.061616
7/23/2020 11:00	7/23/2020	11	development	train	43.881417	43.881417	19.5	19.5	13.36455667	4.410303701	8.954252969	0.02671	0.07671	0.061368
7/23/2020 12:00	7/23/2020	12	development	train	51.477334	51.477334	25.37	25.37	18.94393556	6.251498735	12.69243683	0.0266	0.0766	0.06128
7/23/2020 13:00	7/23/2020	13	development	train	40.2095	40.2095	45.03	45.03	16.24490889	5.360819934	10.88408896	0.02607	0.07607	0.060856
7/23/2020 14:00	7/23/2020	14	development	train	33.410167	33.410167	45.2	45.2	16.25014333	5.362547299	10.88759603	0.02491	0.07491	0.059928
7/23/2020 15:00	7/23/2020	15	development	train	18.2823335	18.2823335	63.77	63.77	13.22063111	4.362808266	8.857822844	0.02449	0.07449	0.059592
7/23/2020 16:00	7/23/2020	16	development	train	22.903333	22.903333	50.93	50.93	13.62268444	4.495485865	9.127198575	0.02555	0.07555	0.06044
7/23/2020 17:00	7/23/2020	17	development	train	9.9853334	9.9853334	33.47	33.47	15.61302	5.1522966	10.4607234	0.02597	0.07597	0.060776
7/23/2020 18:00	7/23/2020	18	development	train	6.1035833	6.1035833	22.02	22.02	15.38008	5.0754264	10.3046536	0.03167	0.08167	0.065336
7/23/2020 19:00	7/23/2020	19	development	train	1.65525	1.65525	17.17	17.17	13.89698444	4.586004865	9.310979575	0.03188	0.08188	0.065504
7/23/2020 20:00	7/23/2020	20	development	train	0	0	27.78	27.78	12.15531556	4.011254135	8.144061425	0.03167	0.08167	0.065336
7/23/2020 21:00	7/23/2020	21	development	train	0	0	14.66	14.66	14.44415333	4.766570599	9.677582731	0.03125	0.08125	0.065
7/23/2020 22:00	7/23/2020	22	development	train	0	0	2.73	2.73	14.0389	4.632837	9.406063	0.02501	0.07501	0.060008
7/23/2020 23:00	7/23/2020	23	development	train	0	0	8.37	8.37	12.96157222	4.277318833	8.684253387	0.02352	0.07352	0.058816
7/24/2020 0:00	7/24/2020	0	development	train	0	0	9.58	9.58	14.35078778	4.735759967	9.615027813	0.02204	0.07204	0.057632
7/24/2020 1:00	7/24/2020	1	development	train	0	0	-0.05	0	13.92452111	4.595091966	9.329429144	0.02193	0.07193	0.057544
7/24/2020 2:00	7/24/2020	2	development	train	0.0197	0.0197	-0.25	0	14.57225444	4.808843965	9.763410475	0.0231	0.0731	0.05848
7/24/2020 3:00	7/24/2020	3	development	train	0.1279167	0.1279167	0.64	0.64	11.59915556	3.827721335	7.771434225	0.02617	0.07617	0.060936
7/24/2020 4:00	7/24/2020	4	development	train	0.24975	0.24975	3.86	3.86	10.47215556	3.455811335	7.016344225	0.03073	0.08073	0.064584
7/24/2020 5:00	7/24/2020	5	development	train	3.5705	3.5705	3.06	3.06	11.03413556	3.641264735	7.392870825	0.03136	0.08136	0.065088
7/24/2020 6:00	7/24/2020	6	development	train	4.44675	4.44675	8.53	8.53	17.14152778	5.656704167	11.48482361	0.03454	0.08454	0.067632
7/24/2020 7:00	7/24/2020	7	development	train	5.1606668	5.1606668	12.76	12.76	12.82491778	4.232222867	8.592694913	0.03475	0.08475	0.0678
7/24/2020 8:00	7/24/2020	8	development	train	5.1665	5.1665	23.79	23.79	14.43741333	4.764346399	9.673066931	0.03465	0.08465	0.06772
7/24/2020 9:00	7/24/2020	9	development	train	6.4689999	6.4689999	23.68	23.68	16.04349333	5.294352799	10.74914053	0.03423	0.08423	0.067384
7/24/2020 10:00	7/24/2020	10	development	train	5.0279168	5.0279168	9.67	9.67	13.65567667	4.506373301	9.149303369	0.0338	0.0838	0.06704
7/24/2020 11:00	7/24/2020	11	development	train	11.4968335	11.4968335	25.92	25.92	10.40344	3.4331352	6.9703048	0.03253	0.08253	0.066024
7/24/2020 12:00	7/24/2020	12	development	train	4.3828334	4.3828334	17.12	17.12	15.88472333	5.241958699	10.64276463	0.03211	0.08211	0.065688
7/24/2020 13:00	7/24/2020	13	development	train	8.692	8.692	17.76	17.76	16.07447444	5.304576565	10.76989787	0.0285	0.0785	0.0628
7/24/2020 14:00	7/24/2020	14	development	train	5.4305834	5.4305834	3.13	3.13	17.08646889	5.638534734	11.44793416	0.0284	0.0784	0.06272
7/24/2020 15:00	7/24/2020	15	development	train	7.0965833	7.0965833	-0.27	0	14.83123333	4.894306999	9.936926331	0.02819	0.07819	0.062552
7/24/2020 16:00	7/24/2020	16	development	train	4.2539168	4.2539168	-0.25	0	13.25104667	4.372845401	8.878201269	0.0284	0.0784	0.06272
7/24/2020 17:00	7/24/2020	17	development	train	1.501	1.501	-0.29	0	13.98227333	4.614150199	9.368123131	0.0285	0.0785	0.0628
7/24/2020 18:00	7/24/2020	18	development	train	0.93125	0.93125	-0.28	0	15.95038222	5.263626133	10.68675609	0.0285	0.0785	0.0628
7/24/2020 19:00	7/24/2020	19	development	train	0.1545	0.1545	-0.29	0	15.06489333	4.971414799	10.09347853	0.02967	0.07967	0.063736
7/24/2020 20:00	7/24/2020	20	development	train	0	0	-0.29	0	14.54979	4.8014307	9.7483593	0.03052	0.08052	0.064416
7/24/2020 21:00	7/24/2020	21	development	train	0	0	-0.3	0	14.12099667	4.659928901	9.461067769	0.02914	0.07914	0.063312
7/24/2020 22:00	7/24/2020	22	development	train	0	0	-0.32	0	10.00404111	3.301333566	6.702707544	0.02801	0.07801	0.062408
7/24/2020 23:00	7/24/2020	23	development	train	0	0	-0.28	0	10.04554	3.3150282	6.7305118	0.02737	0.07737	0.061896
7/25/2020 0:00	7/25/2020	0	development	train	0	0	-0.25	0	16.80926778	5.547058367	11.26220941	0.02726	0.07726	0.061808
7/25/2020 1:00	7/25/2020	1	development	train	0	0	-0.27	0	12.64403111	4.172530266	8.471500844	0.02705	0.07705	0.06164
7/25/2020 2:00	7/25/2020	2	development	train	0	0	-0.25	0	14.83717778	4.896268667	9.940909113	0.02694	0.07694	0.061552
7/25/2020 3:00	7/25/2020	3	development	train	0.0108333	0.0108333	-0.23	0	10.91398667	3.601615601	7.312371069	0.02705	0.07705	0.06164
7/25/2020 4:00	7/25/2020	4	development	train	1.5443333	1.5443333	-0.29	0	8.976308333	2.96218175	6.014126583	0.02758	0.07758	0.062064
7/25/2020 5:00	7/25/2020	5	development	train	3.7663334	3.7663334	-0.24	0	12.97738667	4.282537601	8.694849069	0.02769	0.07769	0.062152
7/25/2020 6:00	7/25/2020	6	development	train	7.1364167	7.1364167	-0.26	0	10.64278333	3.512118499	7.130664831	0.0294	0.0794	0.06352
7/25/2020 7:00	7/25/2020	7	development	train	11.9574168	11.9574168	-0.3	0	15.71213778	5.185005467	10.52713231	0.03058	0.08058	0.064464
7/25/2020 8:00	7/25/2020	8	development	train	23.501	23.501	-0.27	0	14.72103778	4.857942467	9.863095313	0.03133	0.08133	0.065064
7/25/2020 9:00	7/25/2020	9	development	train	21.3695	21.3695	-0.27	0	12.57849222	4.150902433	8.427589787	0.03143	0.08143	0.065144
7/25/2020 10:00	7/25/2020	10	development	train	25.7497495	25.7497495	-0.24	0	12.31490667	4.063919201	8.250987469	0.03101	0.08101	0.064808
7/25/2020 11:00	7/25/2020	11	development	train	29.646333	29.646333	-0.23	0	12.79489778	4.222316267	8.572581513	0.03036	0.08036	0.064288
7/25/2020 12:00	7/25/2020	12	development	train	7.4860834	7.4860834	-0.25	0	16.93709111	5.589240066	11.34785104	0.02983	0.07983	0.063864
7/25/2020 13:00	7/25/2020	13	development	train	20.92775	20.92775	-0.22	0	17.32430778	5.717021567	11.60728621	0.02951	0.07951	0.063608
7/25/2020 14:00	7/25/2020	14	development	train	39.13075	39.13075	-0.26	0	17.15161889	5.660034234	11.49158466	0.02983	0.07983	0.063864
7/25/2020 15:00	7/25/2020	15	development	train	42.591667	42.591667	-0.19	0	16.10081	5.3132673	10.7875427	0.03047	0.08047	0.064376
7/25/2020 16:00	7/25/2020	16	development	train	23.457834	23.457834	-0.24	0	20.66857333	6.820629199	13.84794413	0.03047	0.08047	0.064376
7/25/2020 17:00	7/25/2020	17	development	train	10.2209167	10.2209167	-0.22	0	22.47586222	7.417034533	15.05882769	0.03036	0.08036	0.064288
7/25/2020 18:00	7/25/2020	18	development	train	2.4440833	2.4440833	-0.25	0	18.58836333	6.134159899	12.45420343	0.02994	0.07994	0.063952
7/25/2020 19:00	7/25/2020	19	development	train	0.9965	0.9965	-0.28	0	19.88530889	6.562151934	13.32315696	0.02919	0.07919	0.063352
7/25/2020 20:00	7/25/2020	20	development	train	0.04675	0.04675	-0.25	0	21.00141556	6.930467135	14.07094843	0.02833	0.07833	0.062664
7/25/2020 21:00	7/25/2020	21	development	train	0	0	-0.26	0	14.93822444	4.929614065	10.00861037	0.0278	0.0778	0.06224
7/25/2020 22:00	7/25/2020	22	development	train	0	0	-0.24	0	16.78120333	5.537797099	11.24340623	0.02547	0.07547	0.060376
7/25/2020 23:00	7/25/2020	23	development	train	0	0	-0.25	0	16.79542	5.5424886	11.2529314	0.02494	0.07494	0.059952
7/26/2020 0:00	7/26/2020	0	development	train	0	0	-0.28	0	20.34510222	6.713883733	13.63121849	0.02473	0.07473	0.059784
7/26/2020 1:00	7/26/2020	1	development	train	0	0	-0.23	0	13.30700889	4.391312934	8.915695956	0.02462	0.07462	0.059696
7/26/2020 2:00	7/26/2020	2	development	train	0.0621667	0.0621667	-0.25	0	15.68108889	5.174759334	10.50632956	0.02441	0.07441	0.059528
7/26/2020 3:00	7/26/2020	3	development	train	1.4850833	1.4850833	-0.22	0	12.18571333	4.021285399	8.164427931	0.02441	0.07441	0.059528
7/26/2020 4:00	7/26/2020	4	development	train	4.2346666	4.2346666	-0.2	0	13.54187111	4.468817466	9.073053644	0.02462	0.07462	0.059696
7/26/2020 5:00	7/26/2020	5	development	train	9.8988333	9.8988333	-0.2	0	13.14703889	4.338522834	8.808516056	0.02483	0.07483	0.059864
7/26/2020 6:00	7/26/2020	6	development	train	22.1525835	22.1525835	-0.22	0	17.94635556	5.922297335	12.02405823	0.02537	0.07537	0.060296
7/26/2020 7:00	7/26/2020	7	development	train	34.535	34.535	-0.23	0	19.21922667	6.342344801	12.87688187	0.02547	0.07547	0.060376
7/26/2020 8:00	7/26/2020	8	development	train	50.720999	50.720999	-0.26	0	16.57272667	5.468999801	11.10372687	0.02537	0.07537	0.060296
7/26/2020 9:00	7/26/2020	9	development	train	61.99525	61.99525	33.28	33.28	20.35780444	6.718075465	13.63972897	0.02132	0.07132	0.057056
7/26/2020 10:00	7/26/2020	10	development	train	55.208168	55.208168	73.81	73.81	18.02361444	5.947792765	12.07582167	0.01535	0.06535	0.05228
7/26/2020 11:00	7/26/2020	11	development	train	77.087166	77.087166	75.65	75.65	18.84227111	6.217949466	12.62432164	0.01503	0.06503	0.052024
7/26/2020 12:00	7/26/2020	12	development	train	49.625584	49.625584	90.85	90.85	17.86347778	5.894947667	11.96853011	0.01279	0.06279	0.050232
7/26/2020 13:00	7/26/2020	13	development	train	40.128916	40.128916	130.23	130.23	15.51047111	5.118455466	10.39201564	0.01322	0.06322	0.050576
7/26/2020 14:00	7/26/2020	14	development	train	26.961749	26.961749	116.37	116.37	15.89722889	5.246085534	10.65114336	0.01492	0.06492	0.051936
7/26/2020 15:00	7/26/2020	15	development	train	12.4323333	12.4323333	52.36	52.36	16.38681444	5.407648765	10.97916567	0.02121	0.07121	0.056968
7/26/2020 16:00	7/26/2020	16	development	train	8.2739166	8.2739166	26.43	26.43	14.27067667	4.709323301	9.561353369	0.02366	0.07366	0.058928
7/26/2020 17:00	7/26/2020	17	development	train	2.1758334	2.1758334	10.88	10.88	16.09600444	5.311681465	10.78432297	0.02345	0.07345	0.05876
7/26/2020 18:00	7/26/2020	18	development	train	0.44175	0.44175	21.84	21.84	18.47275778	6.096010067	12.37674771	0.02313	0.07313	0.058504
7/26/2020 19:00	7/26/2020	19	development	train	0.0053333	0.0053333	39.34	39.34	15.17820667	5.008808201	10.16939847	0.02281	0.07281	0.058248
7/26/2020 20:00	7/26/2020	20	development	train	0	0	36.4	36.4	14.05135556	4.636947335	9.414408225	0.02249	0.07249	0.057992
7/26/2020 21:00	7/26/2020	21	development	train	0	0	19.99	19.99	19.20475778	6.337570067	12.86718771	0.02025	0.07025	0.0562
7/26/2020 22:00	7/26/2020	22	development	train	0	0	20.62	20.62	15.68561556	5.176253135	10.50936243	0.01886	0.06886	0.055088
7/26/2020 23:00	7/26/2020	23	development	train	0	0	20.19	20.19	12.29769556	4.058239535	8.239456025	0.01748	0.06748	0.053984
7/27/2020 0:00	7/27/2020	0	development	train	0	0	81.88	81.88	13.96506222	4.608470533	9.356591687	0.01673	0.06673	0.053384
7/27/2020 1:00	7/27/2020	1	development	train	0	0	89.58	89.58	11.20340556	3.697123835	7.506281725	0.01641	0.06641	0.053128
7/27/2020 2:00	7/27/2020	2	development	train	0	0	15.69	15.69	13.14433333	4.337629999	8.806703331	0.01876	0.06876	0.055008
7/27/2020 3:00	7/27/2020	3	development	train	0	0	-1.11	0	10.10366889	3.334210734	6.769458156	0.02462	0.07462	0.059696
7/27/2020 4:00	7/27/2020	4	development	train	0.0403333	0.0403333	-0.29	0	9.564967778	3.156439367	6.408528411	0.02633	0.07633	0.061064
7/27/2020 5:00	7/27/2020	5	development	train	1.3233334	1.3233334	-0.25	0	13.12688667	4.331872601	8.795014069	0.02643	0.07643	0.061144
7/27/2020 6:00	7/27/2020	6	development	train	1.1365834	1.1365834	-0.28	0	19.17625111	6.328162866	12.84808824	0.0276	0.0776	0.06208
7/27/2020 7:00	7/27/2020	7	development	train	1.5724	1.5724	-0.26	0	16.35413667	5.396865101	10.95727157	0.02792	0.07792	0.062336
7/27/2020 8:00	7/27/2020	8	development	train	0	0	-0.18	0	20.37738	6.7245354	13.6528446	0.02814	0.07814	0.062512
7/27/2020 9:00	7/27/2020	9	development	train	0	0	-0.12	0	17.17277778	5.667016667	11.50576111	0.02803	0.07803	0.062424
7/27/2020 10:00	7/27/2020	10	development	train	0	0	-0.09	0	18.79246222	6.201512533	12.59094969	0.02803	0.07803	0.062424
7/27/2020 11:00	7/27/2020	11	development	train	0	0	-0.11	0	20.99682	6.9289506	14.0678694	0.02792	0.07792	0.062336
7/27/2020 12:00	7/27/2020	12	development	train	0	0	-0.1	0	20.11976889	6.639523734	13.48024516	0.02792	0.07792	0.062336
7/27/2020 13:00	7/27/2020	13	development	train	0	0	-0.24	0	19.92166	6.5741478	13.3475122	0.02803	0.07803	0.062424
7/27/2020 14:00	7/27/2020	14	development	train	46.7024004	46.7024004	-0.24	0	19.51998667	6.441595601	13.07839107	0.0275	0.0775	0.062
7/27/2020 15:00	7/27/2020	15	development	train	38.96425	38.96425	-0.22	0	17.74765778	5.856727067	11.89093071	0.0275	0.0775	0.062
7/27/2020 16:00	7/27/2020	16	development	train	15.2670835	15.2670835	-0.17	0	16.15382	5.3307606	10.8230594	0.02707	0.07707	0.061656
7/27/2020 17:00	7/27/2020	17	development	train	7.9399167	7.9399167	-0.17	0	17.22793	5.6852169	11.5427131	0.02686	0.07686	0.061488
7/27/2020 18:00	7/27/2020	18	development	train	2.33125	2.33125	-0.16	0	20.01366222	6.604508533	13.40915369	0.02633	0.07633	0.061064
7/27/2020 19:00	7/27/2020	19	development	train	1.2268333	1.2268333	-0.18	0	18.09071333	5.969935399	12.12077793	0.0259	0.0759	0.06072
7/27/2020 20:00	7/27/2020	20	development	train	0.0597501	0.0597501	-0.18	0	17.93930444	5.919970465	12.01933397	0.02505	0.07505	0.06004
7/27/2020 21:00	7/27/2020	21	development	train	0	0	-0.25	0	17.50139444	5.775460165	11.72593427	0.02323	0.07323	0.058584
7/27/2020 22:00	7/27/2020	22	development	train	0	0	-0.12	0	17.10894667	5.645952401	11.46299427	0.01758	0.06758	0.054064
7/27/2020 23:00	7/27/2020	23	development	train	0	0	-0.15	0	16.96576556	5.598702635	11.36706293	0.01673	0.06673	0.053384
7/28/2020 0:00	7/28/2020	0	development	train	0	0	-0.12	0	15.61061778	5.151503867	10.45911391	0.01598	0.06598	0.052784
7/28/2020 1:00	7/28/2020	1	development	train	0	0	-0.09	0	14.21802444	4.691948065	9.526076375	0.01588	0.06588	0.052704
7/28/2020 2:00	7/28/2020	2	development	train	0.0491666	0.0491666	-0.1	0	11.14118889	3.676592334	7.464596556	0.01588	0.06588	0.052704
7/28/2020 3:00	7/28/2020	3	development	train	1.1838334	1.1838334	-0.13	0	11.82600778	3.902582567	7.923425213	0.01588	0.06588	0.052704
7/28/2020 4:00	7/28/2020	4	development	train	2.0235834	2.0235834	-0.14	0	9.829685556	3.243796233	6.585889323	0.01716	0.06716	0.053728
7/28/2020 5:00	7/28/2020	5	development	train	6.5879999	6.5879999	-0.19	0	13.16141556	4.343267135	8.818148425	0.0179	0.0679	0.05432
7/28/2020 6:00	7/28/2020	6	development	train	23.7576665	23.7576665	-0.22	0	18.30852	6.0418116	12.2667084	0.01801	0.06801	0.054408
7/28/2020 7:00	7/28/2020	7	development	train	35.1101816	35.1101816	-0.19	0	11.72979667	3.870832901	7.858963769	0.01812	0.06812	0.054496
7/28/2020 8:00	7/28/2020	8	development	train	22.23725	22.23725	48.22	48.22	13.90441889	4.588458234	9.315960656	0.01844	0.06844	0.054752
7/28/2020 9:00	7/28/2020	9	development	train	54.665666	54.665666	99.61	99.61	15.11709222	4.988640433	10.12845179	0.01801	0.06801	0.054408
7/28/2020 10:00	7/28/2020	10	development	train	33.57425	33.57425	70.83	70.83	17.01956	5.6164548	11.4031052	0.01769	0.06769	0.054152
7/28/2020 11:00	7/28/2020	11	development	train	39.590084	39.590084	16.05	16.05	16.21523889	5.351028834	10.86421006	0.0178	0.0678	0.05424
7/28/2020 12:00	7/28/2020	12	development	train	37.836166	37.836166	53.16	53.16	16.77565	5.5359645	11.2396855	0.01694	0.06694	0.053552
7/28/2020 13:00	7/28/2020	13	development	train	29.613166	29.613166	83.61	83.61	19.49617111	6.433736466	13.06243464	0.01769	0.06769	0.054152
7/28/2020 14:00	7/28/2020	14	development	train	17.2986363	17.2986363	45.71	45.71	15.22036222	5.022719533	10.19764269	0.01748	0.06748	0.053984
7/28/2020 15:00	7/28/2020	15	development	train	10.2120833	10.2120833	-1.23	0	16.47186111	5.435714166	11.03614694	0.01758	0.06758	0.054064
7/28/2020 16:00	7/28/2020	16	development	train	7.1442727	7.1442727	22.01	22.01	16.78690111	5.539677366	11.24722374	0.01737	0.06737	0.053896
7/28/2020 17:00	7/28/2020	17	development	train	6.1508335	6.1508335	34.23	34.23	12.75899333	4.210467799	8.548525531	0.01716	0.06716	0.053728
7/28/2020 18:00	7/28/2020	18	development	train	2.4385834	2.4385834	70.99	70.99	12.27140889	4.049564934	8.221843956	0.01726	0.06726	0.053808
7/28/2020 19:00	7/28/2020	19	development	train	0.5409167	0.5409167	40.73	40.73	14.62289778	4.825556267	9.797341513	0.01705	0.06705	0.05364
7/28/2020 20:00	7/28/2020	20	development	train	0	0	17.68	17.68	17.46854	5.7646182	11.7039218	0.01716	0.06716	0.053728
7/28/2020 21:00	7/28/2020	21	development	train	0	0	8.55	8.55	15.16648111	5.004938766	10.16154234	0.01598	0.06598	0.052784
7/28/2020 22:00	7/28/2020	22	development	train	0	0	37.54	37.54	13.0901	4.319733	8.770367	0.01702	0.06702	0.053616
7/28/2020 23:00	7/28/2020	23	development	train	0	0	73.63	73.63	9.737188889	3.213272333	6.523916556	0.0166	0.0666	0.05328
7/29/2020 0:00	7/29/2020	0	development	train	0	0	58.38	58.38	12.83427	4.2353091	8.5989609	0.01585	0.06585	0.05268
7/29/2020 1:00	7/29/2020	1	development	train	0	0	6.98	6.98	14.52360111	4.792788366	9.730812744	0.01435	0.06435	0.05148
7/29/2020 2:00	7/29/2020	2	development	train	0.0113637	0.0113637	23.27	23.27	10.95843333	3.616282999	7.342150331	0.0136	0.0636	0.05088
7/29/2020 3:00	7/29/2020	3	development	train	1.1395	1.1395	5.1	5.1	11.40136222	3.762449533	7.638912687	0.01563	0.06563	0.052504
7/29/2020 4:00	7/29/2020	4	development	train	2.3308334	2.3308334	1.53	1.53	6.880117778	2.270438867	4.609678911	0.02013	0.07013	0.056104
7/29/2020 5:00	7/29/2020	5	development	train	9.7204167	9.7204167	4.55	4.55	14.28041333	4.712536399	9.567876931	0.02141	0.07141	0.057128
7/29/2020 6:00	7/29/2020	6	development	train	27.4489165	27.4489165	1.33	1.33	20.19814444	6.665387665	13.53275677	0.0227	0.0727	0.05816
7/29/2020 7:00	7/29/2020	7	development	train	28.5144443	28.5144443	0.28	0.28	15.29534778	5.047464767	10.24788301	0.02505	0.07505	0.06004
7/29/2020 8:00	7/29/2020	8	development	train	24.959667	24.959667	-0.08	0	14.67401778	4.842425867	9.831591913	0.02516	0.07516	0.060128
7/29/2020 9:00	7/29/2020	9	development	train	32.8119004	32.8119004	19.23	19.23	13.87102222	4.577437333	9.293584887	0.02484	0.07484	0.059872
7/29/2020 10:00	7/29/2020	10	development	train	44.447418	44.447418	2.45	2.45	16.43683222	5.424154633	11.01267759	0.01467	0.06467	0.051736
7/29/2020 11:00	7/29/2020	11	development	train	34.811916	34.811916	-0.32	0	10.86882222	3.586711333	7.282110887	0.01071	0.06071	0.048568
7/29/2020 12:00	7/29/2020	12	development	train	51.7493184	51.7493184	-0.36	0	15.26913778	5.038815467	10.23032231	0.01167	0.06167	0.049336
7/29/2020 13:00	7/29/2020	13	development	train	43.494999	43.494999	-0.4	0	20.87309333	6.888120799	13.98497253	0.01531	0.06531	0.052248
7/29/2020 14:00	7/29/2020	14	development	train	12.0944546	12.0944546	6.46	6.46	16.18844778	5.342187767	10.84626001	0.0228	0.0728	0.05824
7/29/2020 15:00	7/29/2020	15	development	train	34.236249	34.236249	-0.25	0	10.88633556	3.592490735	7.293844825	0.02484	0.07484	0.059872
7/29/2020 16:00	7/29/2020	16	development	train	25.0050996	25.0050996	8.31	8.31	9.901856667	3.2676127	6.634243967	0.02495	0.07495	0.05996
7/29/2020 17:00	7/29/2020	17	development	train	10.3625	10.3625	39.93	39.93	11.62967667	3.837793301	7.791883369	0.02484	0.07484	0.059872
7/29/2020 18:00	7/29/2020	18	development	train	2.7140833	2.7140833	3.87	3.87	13.81103667	4.557642101	9.253394569	0.0242	0.0742	0.05936
7/29/2020 19:00	7/29/2020	19	development	train	0.9148333	0.9148333	-0.26	0	18.3307	6.049131	12.281569	0.02537	0.07537	0.060296
7/29/2020 20:00	7/29/2020	20	development	train	0	0	-0.25	0	15.66746778	5.170264367	10.49720341	0.02527	0.07527	0.060216
7/29/2020 21:00	7/29/2020	21	development	train	0	0	0.09	0.09	15.56543333	5.136592999	10.42884033	0.02495	0.07495	0.05996
7/29/2020 22:00	7/29/2020	22	development	train	0	0	-0.29	0	11.19307556	3.693714935	7.499360625	0.01726	0.06726	0.053808
7/29/2020 23:00	7/29/2020	23	development	train	0	0	-0.27	0	7.416808889	2.447546933	4.969261956	0.01545	0.06545	0.05236
7/30/2020 0:00	7/30/2020	0	development	train	0	0	2.18	2.18	13.60886	4.4909238	9.1179362	0.01438	0.06438	0.051504
7/30/2020 1:00	7/30/2020	1	development	train	0	0	19.07	19.07	11.39936	3.7617888	7.6375712	0.00991	0.05991	0.047928
7/30/2020 2:00	7/30/2020	2	development	train	0	0	3.62	3.62	12.17791556	4.018712135	8.159203425	0.00842	0.05842	0.046736
7/30/2020 3:00	7/30/2020	3	development	train	0.264	0.264	-0.26	0	9.390031111	3.098710267	6.291320844	0.01524	0.06524	0.052192
7/30/2020 4:00	7/30/2020	4	development	train	0.1596667	0.1596667	3.07	3.07	7.771399444	2.564561817	5.206837627	0.01673	0.06673	0.053384
7/30/2020 5:00	7/30/2020	5	development	train	1.6048334	1.6048334	2.8	2.8	11.32930556	3.738670835	7.590634725	0.01865	0.06865	0.05492
7/30/2020 6:00	7/30/2020	6	development	train	5.7728335	5.7728335	4.76	4.76	16.52294	5.4525702	11.0703698	0.01897	0.06897	0.055176
7/30/2020 7:00	7/30/2020	7	development	train	4.6778334	4.6778334	3.12	3.12	16.26824778	5.368521767	10.89972601	0.01907	0.06907	0.055256
7/30/2020 8:00	7/30/2020	8	development	train	7.4723003	7.4723003	-0.28	0	16.90195333	5.577644599	11.32430873	0.01897	0.06897	0.055176
7/30/2020 9:00	7/30/2020	9	development	train	13.8038335	13.8038335	-0.28	0	11.54812111	3.810879966	7.737241144	0.01811	0.06811	0.054488
7/30/2020 10:00	7/30/2020	10	development	train	12.4883335	12.4883335	-0.25	0	10.47029333	3.455196799	7.015096531	0.01609	0.06609	0.052872
7/30/2020 11:00	7/30/2020	11	development	train	5.2230834	5.2230834	-0.28	0	11.35315222	3.746540233	7.606611987	0.01598	0.06598	0.052784
7/30/2020 12:00	7/30/2020	12	development	train	3.3621666	3.3621666	-0.29	0	19.71376	6.5055408	13.2082192	0.01545	0.06545	0.05236
7/30/2020 13:00	7/30/2020	13	development	train	4.2339166	4.2339166	-0.28	0	19.16077111	6.323054466	12.83771664	0.01513	0.06513	0.052104
7/30/2020 14:00	7/30/2020	14	development	train	2.647	2.647	-0.26	0	16.45955111	5.431651866	11.02789924	0.01524	0.06524	0.052192
7/30/2020 15:00	7/30/2020	15	development	train	2.80325	2.80325	-0.22	0	12.95859	4.2763347	8.6822553	0.0179	0.0679	0.05432
7/30/2020 16:00	7/30/2020	16	development	train	4.2788182	4.2788182	-0.09	0	11.11219667	3.667024901	7.445171769	0.01907	0.06907	0.055256
7/30/2020 17:00	7/30/2020	17	development	train	8.3109167	8.3109167	2.32	2.32	11.88063444	3.920609365	7.960025075	0.01918	0.06918	0.055344
7/30/2020 18:00	7/30/2020	18	development	train	2.9015834	2.9015834	6.08	6.08	17.34982556	5.725442435	11.62438313	0.01929	0.06929	0.055432
7/30/2020 19:00	7/30/2020	19	development	train	0.3374999	0.3374999	-0.29	0	19.36930222	6.391869733	12.97743249	0.01918	0.06918	0.055344
7/30/2020 20:00	7/30/2020	20	development	train	0	0	-0.25	0	16.55167333	5.462052199	11.08962113	0.01971	0.06971	0.055768
7/30/2020 21:00	7/30/2020	21	development	train	0	0	-0.28	0	16.21522889	5.351025534	10.86420336	0.01865	0.06865	0.05492
7/30/2020 22:00	7/30/2020	22	development	train	0	0	-0.26	0	9.420052222	3.108617233	6.311434989	0.01542	0.06542	0.052336
7/30/2020 23:00	7/30/2020	23	development	train	0	0	-0.28	0	7.836703333	2.5861121	5.250591233	0.01499	0.06499	0.051992
7/31/2020 0:00	7/31/2020	0	development	train	0	0	-0.27	0	11.72493778	3.869229467	7.855708313	0.01446	0.06446	0.051568
7/31/2020 1:00	7/31/2020	1	development	train	0	0	-0.26	0	12.21124222	4.029709933	8.181532287	0.01414	0.06414	0.051312
7/31/2020 2:00	7/31/2020	2	development	train	0	0	-0.29	0	11.43230111	3.772659366	7.659641744	0.01446	0.06446	0.051568
7/31/2020 3:00	7/31/2020	3	development	train	0.1598333	0.1598333	-0.27	0	9.176085556	3.028108233	6.147977323	0.01649	0.06649	0.053192
7/31/2020 4:00	7/31/2020	4	development	train	0.9045001	0.9045001	-0.26	0	11.06405	3.6511365	7.4129135	0.02249	0.07249	0.057992
7/31/2020 5:00	7/31/2020	5	development	train	1.9179999	1.9179999	-0.25	0	10.50141556	3.465467135	7.035948425	0.02302	0.07302	0.058416
7/31/2020 6:00	7/31/2020	6	development	train	4.9050834	4.9050834	-0.25	0	13.39050444	4.418866465	8.971637975	0.01863	0.06863	0.054904
7/31/2020 7:00	7/31/2020	7	development	train	10.2573334	10.2573334	-0.26	0	14.18649667	4.681543901	9.504952769	0.01949	0.06949	0.055592
7/31/2020 8:00	7/31/2020	8	development	train	15.19775	15.19775	-0.24	0	17.04203778	5.623872467	11.41816531	0.01981	0.06981	0.055848
7/31/2020 9:00	7/31/2020	9	development	train	21.9034165	21.9034165	-0.26	0	11.96834778	3.949554767	8.018793013	0.0197	0.0697	0.05576
7/31/2020 10:00	7/31/2020	10	development	train	51.591832	51.591832	-0.26	0	10.56719333	3.487173799	7.080019531	0.0197	0.0697	0.05576
7/31/2020 11:00	7/31/2020	11	development	train	71.743418	71.743418	-0.26	0	14.33394444	4.730201665	9.603742775	0.0196	0.0696	0.05568
7/31/2020 12:00	7/31/2020	12	development	train	69.4845	69.4845	-0.29	0	17.45047333	5.758656199	11.69181713	0.01928	0.06928	0.055424
7/31/2020 13:00	7/31/2020	13	development	train	63.722832	63.722832	-0.27	0	15.07926889	4.976158734	10.10311016	0.01906	0.06906	0.055248
7/31/2020 14:00	7/31/2020	14	development	train	54.222332	54.222332	-0.25	0	16.68541556	5.506187135	11.17922843	0.02334	0.07334	0.058672
7/31/2020 15:00	7/31/2020	15	development	train	40.918333	40.918333	-0.26	0	9.432262222	3.112646533	6.319615689	0.02324	0.07324	0.058592
7/31/2020 16:00	7/31/2020	16	development	train	24.70725	24.70725	9.17	9.17	8.956316667	2.9555845	6.000732167	0.02313	0.07313	0.058504
7/31/2020 17:00	7/31/2020	17	development	train	8.4389167	8.4389167	14.91	14.91	14.14678556	4.668439235	9.478346325	0.02313	0.07313	0.058504
7/31/2020 18:00	7/31/2020	18	development	train	1.9718333	1.9718333	4.26	4.26	20.07891556	6.626042135	13.45287343	0.02281	0.07281	0.058248
7/31/2020 19:00	7/31/2020	19	development	train	0.63225	0.63225	-0.28	0	19.30013333	6.369043999	12.93108933	0.02238	0.07238	0.057904
7/31/2020 20:00	7/31/2020	20	development	train	0	0	-0.32	0	14.19706667	4.685032001	9.512034669	0.02227	0.07227	0.057816
7/31/2020 21:00	7/31/2020	21	development	train	0	0	-0.3	0	15.59959556	5.147866535	10.45172903	0.02131	0.07131	0.057048
7/31/2020 22:00	7/31/2020	22	development	train	0	0	-0.26	0	10.8077	3.566541	7.241159	0.02098	0.07098	0.056784
7/31/2020 23:00	7/31/2020	23	development	train	0	0	-0.27	0	9.207082222	3.038337133	6.168745089	0.02055	0.07055	0.05644
8/1/2020 0:00	8/1/2020	0	development	train	0	0	-0.27	0	11.66099556	3.848128535	7.812867025	0.02034	0.07034	0.056272
8/1/2020 1:00	8/1/2020	1	development	train	0	0	-0.25	0	12.62977222	4.167824833	8.461947387	0.02023	0.07023	0.056184
8/1/2020 2:00	8/1/2020	2	development	train	0.0122111	0.0122111	-0.26	0	13.74049333	4.534362799	9.206130531	0.02023	0.07023	0.056184
8/1/2020 3:00	8/1/2020	3	development	train	2.4775833	2.4775833	-0.27	0	9.595215556	3.166421133	6.428794423	0.02055	0.07055	0.05644
8/1/2020 4:00	8/1/2020	4	development	train	4.0345834	4.0345834	-0.25	0	10.36830222	3.421539733	6.946762487	0.0212	0.0712	0.05696
8/1/2020 5:00	8/1/2020	5	development	train	2.6688333	2.6688333	-0.24	0	9.117887778	3.008902967	6.108984811	0.02217	0.07217	0.057736
8/1/2020 6:00	8/1/2020	6	development	train	7.2414166	7.2414166	-0.25	0	18.74407111	6.185543466	12.55852764	0.0227	0.0727	0.05816
8/1/2020 7:00	8/1/2020	7	development	train	18.54475	18.54475	-0.27	0	19.17646889	6.328234734	12.84823416	0.02356	0.07356	0.058848
8/1/2020 8:00	8/1/2020	8	development	train	24.536084	24.536084	-0.25	0	14.66162222	4.838335333	9.823286887	0.02486	0.07486	0.059888
8/1/2020 9:00	8/1/2020	9	development	train	48.627082	48.627082	-0.24	0	10.03938444	3.312996865	6.726387575	0.02518	0.07518	0.060144
8/1/2020 10:00	8/1/2020	10	development	train	72.034668	72.034668	-0.3	0	14.27653667	4.711257101	9.565279569	0.02432	0.07432	0.059456
8/1/2020 11:00	8/1/2020	11	development	train	68.912332	68.912332	0	0	14.60083889	4.818276834	9.782562056	0.02324	0.07324	0.058592
8/1/2020 12:00	8/1/2020	12	development	train	66.6545	66.6545	-0.25	0	14.17009778	4.676132267	9.493965513	0.02238	0.07238	0.057904
8/1/2020 13:00	8/1/2020	13	development	train	61.956418	61.956418	-0.25	0	14.71995333	4.857584599	9.862368731	0.02195	0.07195	0.05756
8/1/2020 14:00	8/1/2020	14	development	train	52.772916	52.772916	-0.26	0	11.88349111	3.921552066	7.961939044	0.02184	0.07184	0.057472
8/1/2020 15:00	8/1/2020	15	development	train	39.746333	39.746333	3.52	3.52	12.30716889	4.061365734	8.245803156	0.02292	0.07292	0.058336
8/1/2020 16:00	8/1/2020	16	development	train	23.9655835	23.9655835	2.98	2.98	13.69878889	4.520600334	9.178188556	0.02281	0.07281	0.058248
8/1/2020 17:00	8/1/2020	17	development	train	8.1315834	8.1315834	1.32	1.32	14.01816778	4.625995367	9.392172413	0.0226	0.0726	0.05808
8/1/2020 18:00	8/1/2020	18	development	train	1.9778334	1.9778334	-0.28	0	14.72003111	4.857610266	9.862420844	0.02238	0.07238	0.057904
8/1/2020 19:00	8/1/2020	19	development	train	0.386	0.386	-0.29	0	11.67240111	3.851892366	7.820508744	0.02217	0.07217	0.057736
8/1/2020 20:00	8/1/2020	20	development	train	0	0	-0.27	0	13.00997333	4.293291199	8.716682131	0.02217	0.07217	0.057736
8/1/2020 21:00	8/1/2020	21	development	train	0	0	-0.28	0	8.406861111	2.774264167	5.632596944	0.0213	0.0713	0.05704
8/1/2020 22:00	8/1/2020	22	development	train	0	0	-0.26	0	9.300625556	3.069206433	6.231419123	0.02056	0.07056	0.056448
8/1/2020 23:00	8/1/2020	23	development	train	0	0	-0.25	0	11.55314222	3.812536933	7.740605287	0.02013	0.07013	0.056104
8/2/2020 0:00	8/2/2020	0	development	train	0	0	-0.27	0	12.36003889	4.078812834	8.281226056	0.01992	0.06992	0.055936
8/2/2020 1:00	8/2/2020	1	development	train	0	0	-0.29	0	11.93474556	3.938466035	7.996279525	0.02013	0.07013	0.056104
8/2/2020 2:00	8/2/2020	2	development	train	0	0	-0.27	0	12.59063111	4.154908266	8.435722844	0.01981	0.06981	0.055848
8/2/2020 3:00	8/2/2020	3	development	train	1.0516666	1.0516666	-0.26	0	8.14159	2.6867247	5.4548653	0.02024	0.07024	0.056192
8/2/2020 4:00	8/2/2020	4	development	train	2.8719167	2.8719167	-0.27	0	9.1377	3.015441	6.122259	0.02132	0.07132	0.057056
8/2/2020 5:00	8/2/2020	5	development	train	10.79425	10.79425	-0.26	0	8.768975556	2.893761933	5.875213623	0.02121	0.07121	0.056968
8/2/2020 6:00	8/2/2020	6	development	train	13.5205005	13.5205005	-0.24	0	14.77122444	4.874504065	9.896720375	0.02175	0.07175	0.0574
8/2/2020 7:00	8/2/2020	7	development	train	38.681834	38.681834	-0.24	0	17.11453222	5.647795633	11.46673659	0.02196	0.07196	0.057568
8/2/2020 8:00	8/2/2020	8	development	train	49.195416	49.195416	-0.28	0	13.58476667	4.482973001	9.101793669	0.0225	0.0725	0.058
8/2/2020 9:00	8/2/2020	9	development	train	31.9295	31.9295	-0.24	0	9.038663333	2.9827589	6.055904433	0.02239	0.07239	0.057912
8/2/2020 10:00	8/2/2020	10	development	train	18.6560005	18.6560005	-0.27	0	10.73163111	3.541438266	7.190192844	0.02239	0.07239	0.057912
8/2/2020 11:00	8/2/2020	11	development	train	16.5740835	16.5740835	-0.27	0	10.07406111	3.324440166	6.749620944	0.02218	0.07218	0.057744
8/2/2020 12:00	8/2/2020	12	development	train	21.5157505	21.5157505	0.46	0.46	16.15208667	5.330188601	10.82189807	0.02218	0.07218	0.057744
8/2/2020 13:00	8/2/2020	13	development	train	26.16125	26.16125	7.5	7.5	11.42108778	3.768958967	7.652128813	0.02196	0.07196	0.057568
8/2/2020 14:00	8/2/2020	14	development	train	17.6754165	17.6754165	2.02	2.02	10.69662	3.5298846	7.1667354	0.02175	0.07175	0.0574
8/2/2020 15:00	8/2/2020	15	development	train	7.4644167	7.4644167	-0.27	0	11.80139111	3.894459066	7.906932044	0.02185	0.07185	0.05748
8/2/2020 16:00	8/2/2020	16	development	train	5.1861666	5.1861666	-0.29	0	9.748621111	3.217044967	6.531576144	0.02185	0.07185	0.05748
8/2/2020 17:00	8/2/2020	17	development	train	3.6213334	3.6213334	-0.26	0	8.268536667	2.7286171	5.539919567	0.02175	0.07175	0.0574
8/2/2020 18:00	8/2/2020	18	development	train	0.82125	0.82125	2.43	2.43	17.12797778	5.652232667	11.47574511	0.02164	0.07164	0.057312
8/2/2020 19:00	8/2/2020	19	development	train	0.2469167	0.2469167	6.89	6.89	16.16749556	5.335273535	10.83222203	0.02024	0.07024	0.056192
8/2/2020 20:00	8/2/2020	20	development	train	0	0	14.07	14.07	14.85979111	4.903731066	9.956060044	0.01981	0.06981	0.055848
8/2/2020 21:00	8/2/2020	21	development	train	0	0	1.05	1.05	16.11994	5.3195802	10.8003598	0.01916	0.06916	0.055328
8/2/2020 22:00	8/2/2020	22	development	train	0	0	-0.25	0	15.75902667	5.200478801	10.55854787	0.01949	0.06949	0.055592
8/2/2020 23:00	8/2/2020	23	development	train	0	0	-0.28	0	9.561716667	3.1553665	6.406350167	0.01906	0.06906	0.055248
8/3/2020 0:00	8/3/2020	0	development	train	0	0	5.12	5.12	11.71901222	3.867274033	7.851738187	0.01863	0.06863	0.054904
8/3/2020 1:00	8/3/2020	1	development	train	0	0	3.14	3.14	11.43568111	3.773774766	7.661906344	0.01819	0.06819	0.054552
8/3/2020 2:00	8/3/2020	2	development	train	0	0	1.72	1.72	10.71690556	3.536578835	7.180326725	0.01787	0.06787	0.054296
8/3/2020 3:00	8/3/2020	3	development	train	0	0	0.75	0.75	8.755767778	2.889403367	5.866364411	0.01819	0.06819	0.054552
8/3/2020 4:00	8/3/2020	4	development	train	0.1093333	0.1093333	3.11	3.11	8.37788	2.7647004	5.6131796	0.01916	0.06916	0.055328
8/3/2020 5:00	8/3/2020	5	development	train	1.0568333	1.0568333	1	1	10.20569444	3.367879165	6.837815275	0.02089	0.07089	0.056712
8/3/2020 6:00	8/3/2020	6	development	train	0.4563333	0.4563333	-0.12	0	13.72009667	4.527631901	9.192464769	0.02218	0.07218	0.057744
8/3/2020 7:00	8/3/2020	7	development	train	0.89375	0.89375	7.48	7.48	17.33452222	5.720392333	11.61412989	0.02358	0.07358	0.058864
8/3/2020 8:00	8/3/2020	8	development	train	2.24175	2.24175	21.8	21.8	14.11559556	4.658146535	9.457449025	0.02455	0.07455	0.05964
8/3/2020 9:00	8/3/2020	9	development	train	3.6325	3.6325	11.79	11.79	7.576694444	2.500309167	5.076385277	0.02498	0.07498	0.059984
8/3/2020 10:00	8/3/2020	10	development	train	4.3449166	4.3449166	34.95	34.95	11.58453333	3.822895999	7.761637331	0.02476	0.07476	0.059808
8/3/2020 11:00	8/3/2020	11	development	train	5.00225	5.00225	31.32	31.32	16.45734667	5.430924401	11.02642227	0.02616	0.07616	0.060928
8/3/2020 12:00	8/3/2020	12	development	train	4.1028333	4.1028333	18.29	18.29	16.55686889	5.463766734	11.09310216	0.02605	0.07605	0.06084
8/3/2020 13:00	8/3/2020	13	development	train	4.7494167	4.7494167	18.14	18.14	15.57266	5.1389778	10.4336822	0.02444	0.07444	0.059552
8/3/2020 14:00	8/3/2020	14	development	train	3.4020832	3.4020832	0	0	16.75797556	5.530131935	11.22784363	0.02358	0.07358	0.058864
8/3/2020 15:00	8/3/2020	15	development	train	3.8749168	3.8749168	0	0	15.79604556	5.212695035	10.58335053	0.02336	0.07336	0.058688
8/3/2020 16:00	8/3/2020	16	development	train	2.4296666	2.4296666	0	0	10.56564444	3.486662665	7.078981775	0.02293	0.07293	0.058344
8/3/2020 17:00	8/3/2020	17	development	train	1.758	1.758	0	0	9.668461111	3.190592167	6.477868944	0.02369	0.07369	0.058952
8/3/2020 18:00	8/3/2020	18	development	train	0.5625	0.5625	0	0	16.24190667	5.359829201	10.88207747	0.02444	0.07444	0.059552
8/3/2020 19:00	8/3/2020	19	development	train	0.0041667	0.0041667	0	0	17.31617111	5.714336466	11.60183464	0.02519	0.07519	0.060152
8/3/2020 20:00	8/3/2020	20	development	train	0	0	-0.03	0	17.56483111	5.796394266	11.76843684	0.0239	0.0739	0.05912
8/3/2020 21:00	8/3/2020	21	development	train	0	0	-0.05	0	17.18578111	5.671307766	11.51447334	0.02304	0.07304	0.058432
8/3/2020 22:00	8/3/2020	22	development	train	0	0	-0.04	0	11.07394556	3.654402035	7.419543525	0.02297	0.07297	0.058376
8/3/2020 23:00	8/3/2020	23	development	train	0	0	2.55	2.55	9.123546667	3.0107704	6.112776267	0.02136	0.07136	0.057088
8/4/2020 0:00	8/4/2020	0	development	train	0	0	3.41	3.41	10.65222889	3.515235534	7.136993356	0.02103	0.07103	0.056824
8/4/2020 1:00	8/4/2020	1	development	train	0	0	6.23	6.23	10.79965333	3.563885599	7.235767731	0.02082	0.07082	0.056656
8/4/2020 2:00	8/4/2020	2	development	train	0	0	9.86	9.86	11.15743	3.6819519	7.4754781	0.02061	0.07061	0.056488
8/4/2020 3:00	8/4/2020	3	development	train	0.00075	0.00075	9.81	9.81	12.01826667	3.966028001	8.052238669	0.02114	0.07114	0.056912
8/4/2020 4:00	8/4/2020	4	development	train	0.18825	0.18825	3.54	3.54	10.10502	3.3346566	6.7703634	0.02232	0.07232	0.057856
8/4/2020 5:00	8/4/2020	5	development	train	0.5941667	0.5941667	4.73	4.73	10.60117444	3.498387565	7.102786875	0.02383	0.07383	0.059064
8/4/2020 6:00	8/4/2020	6	development	train	3.7596666	3.7596666	7.61	7.61	17.22576889	5.684503734	11.54126516	0.02468	0.07468	0.059744
8/4/2020 7:00	8/4/2020	7	development	train	4.5260833	4.5260833	1.92	1.92	17.16452444	5.664293065	11.50023137	0.02522	0.07522	0.060176
8/4/2020 8:00	8/4/2020	8	development	train	6.6685	6.6685	-0.04	0	18.31642667	6.044420801	12.27200587	0.02554	0.07554	0.060432
8/4/2020 9:00	8/4/2020	9	development	train	7.3058333	7.3058333	-0.02	0	14.92659444	4.925776165	10.00081827	0.02565	0.07565	0.06052
8/4/2020 10:00	8/4/2020	10	development	train	7.5634167	7.5634167	-0.05	0	9.777371111	3.226532467	6.550838644	0.02586	0.07586	0.060688
8/4/2020 11:00	8/4/2020	11	development	train	8.8965835	8.8965835	0	0	11.34779778	3.744773267	7.603024513	0.02565	0.07565	0.06052
8/4/2020 12:00	8/4/2020	12	development	train	10.441583	10.441583	-0.08	0	13.64128444	4.501623865	9.139660575	0.02565	0.07565	0.06052
8/4/2020 13:00	8/4/2020	13	development	train	13.9070835	13.9070835	-0.05	0	13.07448889	4.314581334	8.759907556	0.02565	0.07565	0.06052
8/4/2020 14:00	8/4/2020	14	development	train	6.88375	6.88375	-0.02	0	17.43216444	5.752614265	11.67955017	0.02576	0.07576	0.060608
8/4/2020 15:00	8/4/2020	15	development	train	5.4613334	5.4613334	-0.04	0	13.86702	4.5761166	9.2909034	0.02586	0.07586	0.060688
8/4/2020 16:00	8/4/2020	16	development	train	3.9263334	3.9263334	-0.05	0	10.02848	3.3093984	6.7190816	0.02586	0.07586	0.060688
8/4/2020 17:00	8/4/2020	17	development	train	2.7325832	2.7325832	-0.06	0	12.21048111	4.029458766	8.181022344	0.02597	0.07597	0.060776
8/4/2020 18:00	8/4/2020	18	development	train	0.8025	0.8025	-0.07	0	16.53194667	5.455542401	11.07640427	0.02586	0.07586	0.060688
8/4/2020 19:00	8/4/2020	19	development	train	0.0089166	0.0089166	-0.03	0	14.23743333	4.698352999	9.539080331	0.02576	0.07576	0.060608
8/4/2020 20:00	8/4/2020	20	development	train	0	0	-0.03	0	15.72313111	5.188633266	10.53449784	0.02554	0.07554	0.060432
8/4/2020 21:00	8/4/2020	21	development	train	0	0	-0.02	0	10.70334667	3.532104401	7.171242269	0.0249	0.0749	0.05992
8/4/2020 22:00	8/4/2020	22	development	train	0	0	-0.07	0	13.17713667	4.348455101	8.828681569	0.02602	0.07602	0.060816
8/4/2020 23:00	8/4/2020	23	development	train	0	0	-0.08	0	9.156573889	3.021669383	6.134904506	0.0257	0.0757	0.06056
8/5/2020 0:00	8/5/2020	0	development	train	0	0	-0.07	0	11.84781778	3.909779867	7.938037913	0.02527	0.07527	0.060216
8/5/2020 1:00	8/5/2020	1	development	train	0	0	-0.06	0	13.00144222	4.290475933	8.710966287	0.02484	0.07484	0.059872
8/5/2020 2:00	8/5/2020	2	development	train	0	0	-0.11	0	12.79148667	4.221190601	8.570296069	0.02408	0.07408	0.059264
8/5/2020 3:00	8/5/2020	3	development	train	0.3744167	0.3744167	-0.02	0	11.77730778	3.886511567	7.890796213	0.02333	0.07333	0.058664
8/5/2020 4:00	8/5/2020	4	development	train	1.833	1.833	-0.02	0	9.00329	2.9710857	6.0322043	0.02398	0.07398	0.059184
8/5/2020 5:00	8/5/2020	5	development	train	4.4556667	4.4556667	-0.01	0	8.279066667	2.732092	5.546974667	0.0257	0.0757	0.06056
8/5/2020 6:00	8/5/2020	6	development	train	15.6792505	15.6792505	-0.11	0	16.12252333	5.320432699	10.80209063	0.02559	0.07559	0.060472
8/5/2020 7:00	8/5/2020	7	development	train	21.459917	21.459917	15.94	15.94	14.92690222	4.925877733	10.00102449	0.02634	0.07634	0.061072
8/5/2020 8:00	8/5/2020	8	development	train	21.6535	21.6535	43.16	43.16	15.12246889	4.990414734	10.13205416	0.02666	0.07666	0.061328
8/5/2020 9:00	8/5/2020	9	development	train	25.6205	25.6205	112.24	112.24	14.53818778	4.797601967	9.740585813	0.02666	0.07666	0.061328
8/5/2020 10:00	8/5/2020	10	development	train	19.83725	19.83725	107.31	107.31	13.02069667	4.296829901	8.723866769	0.02677	0.07677	0.061416
8/5/2020 11:00	8/5/2020	11	development	train	24.37725	24.37725	114.53	114.53	12.47468111	4.116644766	8.358036344	0.02677	0.07677	0.061416
8/5/2020 12:00	8/5/2020	12	development	train	19.4905	19.4905	61.61	61.61	13.68351333	4.515559399	9.167953931	0.02699	0.07699	0.061592
8/5/2020 13:00	8/5/2020	13	development	train	37.689417	37.689417	19.32	19.32	13.08184444	4.317008665	8.764835775	0.02731	0.07731	0.061848
8/5/2020 14:00	8/5/2020	14	development	train	32.846167	32.846167	-1.21	0	10.56604889	3.486796134	7.079252756	0.02763	0.07763	0.062104
8/5/2020 15:00	8/5/2020	15	development	train	20.5009165	20.5009165	-1.1	0	13.80368556	4.555216235	9.248469325	0.02763	0.07763	0.062104
8/5/2020 16:00	8/5/2020	16	development	train	8.5165	8.5165	-0.27	0	11.86174111	3.914374566	7.947366544	0.0272	0.0772	0.06176
8/5/2020 17:00	8/5/2020	17	development	train	3.3235832	3.3235832	-0.28	0	16.93334222	5.588002933	11.34533929	0.0272	0.0772	0.06176
8/5/2020 18:00	8/5/2020	18	development	train	0.25575	0.25575	-0.31	0	20.74624222	6.846259933	13.89998229	0.0272	0.0772	0.06176
8/5/2020 19:00	8/5/2020	19	development	train	0	0	-0.27	0	15.46631333	5.103883399	10.36242993	0.02709	0.07709	0.061672
8/5/2020 20:00	8/5/2020	20	development	train	0	0	-0.31	0	8.311342222	2.742742933	5.568599289	0.02688	0.07688	0.061504
8/5/2020 21:00	8/5/2020	21	development	train	0	0	-0.26	0	11.93496778	3.938539367	7.996428413	0.02645	0.07645	0.06116
8/5/2020 22:00	8/5/2020	22	development	train	0	0	-0.26	0	11.95559667	3.945346901	8.010249769	0.02711	0.07711	0.061688
8/5/2020 23:00	8/5/2020	23	development	train	0	0	-0.24	0	8.63002	2.8479066	5.7821134	0.0269	0.0769	0.06152
8/6/2020 0:00	8/6/2020	0	development	train	0	0	-0.24	0	11.93277333	3.937815199	7.994958131	0.02669	0.07669	0.061352
8/6/2020 1:00	8/6/2020	1	development	train	0	0	-0.29	0	13.07761111	4.315611666	8.761999444	0.02658	0.07658	0.061264
8/6/2020 2:00	8/6/2020	2	development	train	0	0	-0.27	0	11.51916556	3.801324635	7.717840925	0.02658	0.07658	0.061264
8/6/2020 3:00	8/6/2020	3	development	train	0.09225	0.09225	-0.26	0	8.155858889	2.691433433	5.464425456	0.02679	0.07679	0.061432
8/6/2020 4:00	8/6/2020	4	development	train	0.8233333	0.8233333	-0.28	0	8.058714444	2.659375767	5.399338677	0.02733	0.07733	0.061864
8/6/2020 5:00	8/6/2020	5	development	train	3.8214166	3.8214166	-0.31	0	10.45411667	3.449858501	7.004258169	0.02722	0.07722	0.061776
8/6/2020 6:00	8/6/2020	6	development	train	7.1541666	7.1541666	-0.32	0	19.34441111	6.383655666	12.96075544	0.02904	0.07904	0.063232
8/6/2020 7:00	8/6/2020	7	development	train	10.3890833	10.3890833	-0.3	0	15.02767222	4.959131833	10.06854039	0.02978	0.07978	0.063824
8/6/2020 8:00	8/6/2020	8	development	train	15.99275	15.99275	-0.25	0	14.16585556	4.674732335	9.491123225	0.03138	0.08138	0.065104
8/6/2020 9:00	8/6/2020	9	development	train	44.312417	44.312417	-0.26	0	12.71151111	4.194798666	8.516712444	0.0316	0.0816	0.06528
8/6/2020 10:00	8/6/2020	10	development	train	34.543583	34.543583	-0.25	0	9.782335556	3.228170733	6.554164823	0.03149	0.08149	0.065192
8/6/2020 11:00	8/6/2020	11	development	train	20.789833	20.789833	-0.28	0	10.48524556	3.460131035	7.025114525	0.03074	0.08074	0.064592
8/6/2020 12:00	8/6/2020	12	development	train	25.3196665	25.3196665	-0.26	0	14.63612556	4.829921435	9.806204125	0.03074	0.08074	0.064592
8/6/2020 13:00	8/6/2020	13	development	train	21.2568335	21.2568335	-0.24	0	17.20426444	5.677407265	11.52685717	0.03021	0.08021	0.064168
8/6/2020 14:00	8/6/2020	14	development	train	21.5964165	21.5964165	-0.25	0	12.67543	4.1828919	8.4925381	0.02957	0.07957	0.063656
8/6/2020 15:00	8/6/2020	15	development	train	32.269917	32.269917	-0.3	0	11.15533889	3.681261834	7.474077056	0.02904	0.07904	0.063232
8/6/2020 16:00	8/6/2020	16	development	train	18.344833	18.344833	-0.26	0	9.433421111	3.113028967	6.320392144	0.02861	0.07861	0.062888
8/6/2020 17:00	8/6/2020	17	development	train	5.5621668	5.5621668	-0.25	0	8.253375556	2.723613933	5.529761623	0.02829	0.07829	0.062632
8/6/2020 18:00	8/6/2020	18	development	train	0.7926666	0.7926666	-0.27	0	17.67187111	5.831717466	11.84015364	0.02765	0.07765	0.06212
8/6/2020 19:00	8/6/2020	19	development	train	0.1205834	0.1205834	-0.3	0	16.21557333	5.351139199	10.86443413	0.02776	0.07776	0.062208
8/6/2020 20:00	8/6/2020	20	development	train	0	0	-0.26	0	14.55675556	4.803729335	9.753026225	0.02743	0.07743	0.061944
8/6/2020 21:00	8/6/2020	21	development	train	0	0	-0.25	0	13.07745222	4.315559233	8.761892987	0.02701	0.07701	0.061608
8/6/2020 22:00	8/6/2020	22	development	train	0	0	-0.28	0	17.42622222	5.750653333	11.67556889	0.02789	0.07789	0.062312
8/6/2020 23:00	8/6/2020	23	development	train	0	0	-0.26	0	11.57398222	3.819414133	7.754568087	0.02746	0.07746	0.061968
8/7/2020 0:00	8/7/2020	0	development	train	0	0	-0.24	0	14.24408	4.7005464	9.5435336	0.02714	0.07714	0.061712
8/7/2020 1:00	8/7/2020	1	development	train	0	0	-0.25	0	11.91194111	3.930940566	7.981000544	0.02704	0.07704	0.061632
8/7/2020 2:00	8/7/2020	2	development	train	0	0	-0.24	0	10.81381333	3.568558399	7.245254931	0.02725	0.07725	0.0618
8/7/2020 3:00	8/7/2020	3	development	train	0.2365	0.2365	-0.25	0	9.137315556	3.015314133	6.122001423	0.02746	0.07746	0.061968
8/7/2020 4:00	8/7/2020	4	development	train	1.3871667	1.3871667	-0.25	0	9.304490556	3.070481883	6.234008673	0.02821	0.07821	0.062568
8/7/2020 5:00	8/7/2020	5	development	train	5.4329999	5.4329999	-0.25	0	9.617805556	3.173875833	6.443929723	0.02853	0.07853	0.062824
8/7/2020 6:00	8/7/2020	6	development	train	22.4415835	22.4415835	-0.25	0	15.72969111	5.190798066	10.53889304	0.03002	0.08002	0.064016
8/7/2020 7:00	8/7/2020	7	development	train	41.007167	41.007167	-0.24	0	14.58007778	4.811425667	9.768652113	0.03108	0.08108	0.064864
8/7/2020 8:00	8/7/2020	8	development	train	53.091668	53.091668	-0.25	0	14.23748444	4.698369865	9.539114575	0.0313	0.0813	0.06504
8/7/2020 9:00	8/7/2020	9	development	train	59.103748	59.103748	-0.31	0	10.36595778	3.420766067	6.945191713	0.03076	0.08076	0.064608
8/7/2020 10:00	8/7/2020	10	development	train	58.9775	58.9775	-0.27	0	7.500134444	2.475044367	5.025090077	0.03119	0.08119	0.064952
8/7/2020 11:00	8/7/2020	11	development	train	64.104002	64.104002	-0.27	0	7.120915	2.34990195	4.77101305	0.03108	0.08108	0.064864
8/7/2020 12:00	8/7/2020	12	development	train	44.624666	44.624666	-0.26	0	15.12985889	4.992853434	10.13700546	0.03013	0.08013	0.064104
8/7/2020 13:00	8/7/2020	13	development	train	38.127334	38.127334	-0.28	0	14.31309778	4.723322267	9.589775513	0.03013	0.08013	0.064104
8/7/2020 14:00	8/7/2020	14	development	train	47.354749	47.354749	-0.3	0	13.59410889	4.486055934	9.108052956	0.03034	0.08034	0.064272
8/7/2020 15:00	8/7/2020	15	development	train	40.003417	40.003417	-0.27	0	12.59476444	4.156272265	8.438492175	0.03044	0.08044	0.064352
8/7/2020 16:00	8/7/2020	16	development	train	22.6793335	22.6793335	-0.56	0	12.31526222	4.064036533	8.251225687	0.03044	0.08044	0.064352
8/7/2020 17:00	8/7/2020	17	development	train	4.0939168	4.0939168	-0.27	0	12.71871111	4.197174666	8.521536444	0.03044	0.08044	0.064352
8/7/2020 18:00	8/7/2020	18	development	train	1.5906667	1.5906667	2.39	2.39	13.57532889	4.479858534	9.095470356	0.03002	0.08002	0.064016
8/7/2020 19:00	8/7/2020	19	development	train	0.2374167	0.2374167	8.28	8.28	12.30404444	4.060334665	8.243709775	0.02981	0.07981	0.063848
8/7/2020 20:00	8/7/2020	20	development	train	0	0	-0.24	0	8.458707778	2.791373567	5.667334211	0.02938	0.07938	0.063504
8/7/2020 21:00	8/7/2020	21	development	train	0	0	-0.27	0	7.624631667	2.51612845	5.108503217	0.02874	0.07874	0.062992
8/7/2020 22:00	8/7/2020	22	development	train	0	0	-0.27	0	7.289645	2.40558285	4.88406215	0.03053	0.08053	0.064424
8/7/2020 23:00	8/7/2020	23	development	train	0	0	-0.28	0	7.933448333	2.61803795	5.315410383	0.03	0.08	0.064
8/8/2020 0:00	8/8/2020	0	development	train	0	0	-0.29	0	13.05634889	4.308595134	8.747753756	0.02968	0.07968	0.063744
8/8/2020 1:00	8/8/2020	1	development	train	0	0	5.9	5.9	11.88487556	3.922008935	7.962866625	0.02958	0.07958	0.063664
8/8/2020 2:00	8/8/2020	2	development	train	0	0	1.1	1.1	10.25203111	3.383170266	6.868860844	0.02947	0.07947	0.063576
8/8/2020 3:00	8/8/2020	3	development	train	0.4515	0.4515	-0.29	0	7.078802222	2.336004733	4.742797489	0.02947	0.07947	0.063576
8/8/2020 4:00	8/8/2020	4	development	train	2.3576666	2.3576666	-0.32	0	9.381894444	3.096025167	6.285869277	0.02936	0.07936	0.063488
8/8/2020 5:00	8/8/2020	5	development	train	8.3550001	8.3550001	-0.25	0	9.587912222	3.164011033	6.423901189	0.02947	0.07947	0.063576
8/8/2020 6:00	8/8/2020	6	development	train	19.3429165	19.3429165	-0.24	0	16.14097778	5.326522667	10.81445511	0.02958	0.07958	0.063664
8/8/2020 7:00	8/8/2020	7	development	train	10.7008333	10.7008333	-0.26	0	14.94068667	4.930426601	10.01026007	0.03064	0.08064	0.064512
8/8/2020 8:00	8/8/2020	8	development	train	13.0137502	13.0137502	-0.26	0	13.92328556	4.594684235	9.328601325	0.03106	0.08106	0.064848
8/8/2020 9:00	8/8/2020	9	development	train	44.301167	44.301167	-0.24	0	11.65580889	3.846416934	7.809391956	0.03096	0.08096	0.064768
8/8/2020 10:00	8/8/2020	10	development	train	30.480583	30.480583	-0.28	0	11.42477222	3.770174833	7.654597387	0.03011	0.08011	0.064088
8/8/2020 11:00	8/8/2020	11	development	train	37.1495	37.1495	-0.29	0	7.952307778	2.624261567	5.328046211	0.02958	0.07958	0.063664
8/8/2020 12:00	8/8/2020	12	development	train	5.7243333	5.7243333	44.04	44.04	10.68965111	3.527584866	7.162066244	0.02915	0.07915	0.06332
8/8/2020 13:00	8/8/2020	13	development	train	9.76775	9.76775	36.87	36.87	11.28448778	3.723880967	7.560606813	0.02872	0.07872	0.062976
8/8/2020 14:00	8/8/2020	14	development	train	3.9723334	3.9723334	52.44	52.44	12.81924444	4.230350665	8.588893775	0.02777	0.07777	0.062216
8/8/2020 15:00	8/8/2020	15	development	train	1.7911666	1.7911666	66.25	66.25	9.338295556	3.081637533	6.256658023	0.02798	0.07798	0.062384
8/8/2020 16:00	8/8/2020	16	development	train	5.5580832	5.5580832	54.04	54.04	9.834751111	3.245467867	6.589283244	0.0283	0.0783	0.06264
8/8/2020 17:00	8/8/2020	17	development	train	3.1450833	3.1450833	35.93	35.93	13.73292222	4.531864333	9.201057887	0.02883	0.07883	0.063064
8/8/2020 18:00	8/8/2020	18	development	train	3.7837498	3.7837498	19.11	19.11	17.92750111	5.916075366	12.01142574	0.02915	0.07915	0.06332
8/8/2020 19:00	8/8/2020	19	development	train	0.75075	0.75075	1.24	1.24	14.19144667	4.683177401	9.508269269	0.02926	0.07926	0.063408
8/8/2020 20:00	8/8/2020	20	development	train	0	0	-0.35	0	13.23834444	4.368653665	8.869690775	0.02926	0.07926	0.063408
8/8/2020 21:00	8/8/2020	21	development	train	0	0	-0.27	0	13.36652556	4.410953435	8.955572125	0.02915	0.07915	0.06332
8/8/2020 22:00	8/8/2020	22	development	train	0	0	-0.27	0	13.30471889	4.390557234	8.914161656	0.03064	0.08064	0.064512
8/8/2020 23:00	8/8/2020	23	development	train	0	0	-0.27	0	9.154168889	3.020875733	6.133293156	0.03011	0.08011	0.064088
8/9/2020 0:00	8/9/2020	0	development	train	0	0	-0.27	0	13.4298	4.431834	8.997966	0.02968	0.07968	0.063744
8/9/2020 1:00	8/9/2020	1	development	train	0	0	-0.29	0	11.83376333	3.905141899	7.928621431	0.02958	0.07958	0.063664
8/9/2020 2:00	8/9/2020	2	development	train	0	0	-0.26	0	12.20911111	4.029006666	8.180104444	0.02958	0.07958	0.063664
8/9/2020 3:00	8/9/2020	3	development	train	0.1144166	0.1144166	-0.28	0	12.75035333	4.207616599	8.542736731	0.02958	0.07958	0.063664
8/9/2020 4:00	8/9/2020	4	development	train	1.5625001	1.5625001	-0.26	0	8.113451667	2.67743905	5.436012617	0.02979	0.07979	0.063832
8/9/2020 5:00	8/9/2020	5	development	train	4.4651666	4.4651666	-0.26	0	11.08841778	3.659177867	7.429239913	0.03032	0.08032	0.064256
8/9/2020 6:00	8/9/2020	6	development	train	22.9447505	22.9447505	-0.25	0	13.30827	4.3917291	8.9165409	0.03075	0.08075	0.0646
8/9/2020 7:00	8/9/2020	7	development	train	6.5667499	6.5667499	-0.32	0	14.68111333	4.844767399	9.836345931	0.03202	0.08202	0.065616
8/9/2020 8:00	8/9/2020	8	development	train	19.3545835	19.3545835	-0.31	0	14.43319667	4.762954901	9.670241769	0.03245	0.08245	0.06596
8/9/2020 9:00	8/9/2020	9	development	train	37.727583	37.727583	-0.25	0	12.07579556	3.985012535	8.090783025	0.03277	0.08277	0.066216
8/9/2020 10:00	8/9/2020	10	development	train	50.628	50.628	-0.29	0	14.52579889	4.793513634	9.732285256	0.03287	0.08287	0.066296
8/9/2020 11:00	8/9/2020	11	development	train	17.4505	17.4505	-0.27	0	11.24681111	3.711447666	7.535363444	0.03341	0.08341	0.066728
8/9/2020 12:00	8/9/2020	12	development	train	21.6088335	21.6088335	-0.27	0	15.62232778	5.155368167	10.46695961	0.03415	0.08415	0.06732
8/9/2020 13:00	8/9/2020	13	development	train	36.768917	36.768917	-0.28	0	18.08768	5.9689344	12.1187456	0.03394	0.08394	0.067152
8/9/2020 14:00	8/9/2020	14	development	train	42.587501	42.587501	-0.28	0	14.10035778	4.653118067	9.447239713	0.03404	0.08404	0.067232
8/9/2020 15:00	8/9/2020	15	development	train	42.570334	42.570334	-0.25	0	16.16720667	5.335178201	10.83202847	0.03436	0.08436	0.067488
8/9/2020 16:00	8/9/2020	16	development	train	23.313167	23.313167	-0.24	0	12.49466111	4.123238166	8.371422944	0.03426	0.08426	0.067408
8/9/2020 17:00	8/9/2020	17	development	train	7.1245834	7.1245834	-0.25	0	14.21668	4.6915044	9.5251756	0.03436	0.08436	0.067488
8/9/2020 18:00	8/9/2020	18	development	train	1.6700834	1.6700834	-0.27	0	13.11587556	4.328238935	8.787636625	0.03447	0.08447	0.067576
8/9/2020 19:00	8/9/2020	19	development	train	0.23925	0.23925	-0.27	0	14.19160111	4.683228366	9.508372744	0.03458	0.08458	0.067664
8/9/2020 20:00	8/9/2020	20	development	train	0	0	-0.26	0	17.26500222	5.697450733	11.56755149	0.03436	0.08436	0.067488
8/9/2020 21:00	8/9/2020	21	development	train	0	0	-0.3	0	11.12993667	3.672879101	7.457057569	0.03383	0.08383	0.067064
8/9/2020 22:00	8/9/2020	22	development	train	0	0	-0.25	0	8.77871	2.8969743	5.8817357	0.03585	0.08585	0.06868
8/9/2020 23:00	8/9/2020	23	development	train	0	0	-0.28	0	12.14742222	4.008649333	8.138772887	0.03532	0.08532	0.068256
8/10/2020 0:00	8/10/2020	0	development	train	0	0	-0.27	0	12.49473333	4.123261999	8.371471331	0.03479	0.08479	0.067832
8/10/2020 1:00	8/10/2020	1	development	train	0	0	-0.25	0	13.57069444	4.478329165	9.092365275	0.03436	0.08436	0.067488
8/10/2020 2:00	8/10/2020	2	development	train	0	0	-0.24	0	16.34706889	5.394532734	10.95253616	0.03426	0.08426	0.067408
8/10/2020 3:00	8/10/2020	3	development	train	0.2727499	0.2727499	-0.26	0	11.24590444	3.711148465	7.534755975	0.03468	0.08468	0.067744
8/10/2020 4:00	8/10/2020	4	development	train	1.54675	1.54675	-0.24	0	9.195855	3.03463215	6.16122285	0.03596	0.08596	0.068768
8/10/2020 5:00	8/10/2020	5	development	train	6.2863333	6.2863333	-0.26	0	12.69051111	4.187868666	8.502642444	0.03777	0.08777	0.070216
8/10/2020 6:00	8/10/2020	6	development	train	23.172667	23.172667	-0.25	0	15.80757333	5.216499199	10.59107413	0.03979	0.08979	0.071832
8/10/2020 7:00	8/10/2020	7	development	train	41.413334	41.413334	-0.25	0	14.95660444	4.935679465	10.02092497	0.04181	0.09181	0.073448
8/10/2020 8:00	8/10/2020	8	development	train	55.055584	55.055584	-0.24	0	13.01681111	4.295547666	8.721263444	0.04234	0.09234	0.073872
8/10/2020 9:00	8/10/2020	9	development	train	64.871166	64.871166	-0.26	0	11.01137778	3.633754667	7.377623113	0.04234	0.09234	0.073872
8/10/2020 10:00	8/10/2020	10	development	train	69.844666	69.844666	-0.32	0	8.810115	2.90733795	5.90277705	0.04224	0.09224	0.073792
8/10/2020 11:00	8/10/2020	11	development	train	71.185416	71.185416	-0.25	0	11.70177333	3.861585199	7.840188131	0.04213	0.09213	0.073704
8/10/2020 12:00	8/10/2020	12	development	train	69.165168	69.165168	-0.25	0	19.29769556	6.368239535	12.92945603	0.0433	0.0933	0.07464
8/10/2020 13:00	8/10/2020	13	development	train	62.573582	62.573582	-0.27	0	20.00382222	6.601261333	13.40256089	0.04319	0.09319	0.074552
8/10/2020 14:00	8/10/2020	14	development	train	51.7505	51.7505	-0.25	0	16.66900111	5.500770366	11.16823074	0.04245	0.09245	0.07396
8/10/2020 15:00	8/10/2020	15	development	train	38.958083	38.958083	-0.3	0	15.30173778	5.049573467	10.25216431	0.04213	0.09213	0.073704
8/10/2020 16:00	8/10/2020	16	development	train	22.3480835	22.3480835	-0.27	0	14.54529333	4.799946799	9.745346531	0.0416	0.0916	0.07328
8/10/2020 17:00	8/10/2020	17	development	train	7.2456667	7.2456667	-0.24	0	11.1531	3.680523	7.472577	0.0416	0.0916	0.07328
8/10/2020 18:00	8/10/2020	18	development	train	1.4405833	1.4405833	-0.28	0	17.92799	5.9162367	12.0117533	0.0416	0.0916	0.07328
8/10/2020 19:00	8/10/2020	19	development	train	0.1836666	0.1836666	-0.26	0	17.36385556	5.730072335	11.63378323	0.04139	0.09139	0.073112
8/10/2020 20:00	8/10/2020	20	development	train	0	0	-0.27	0	16.53628889	5.456975334	11.07931356	0.04085	0.09085	0.07268
8/10/2020 21:00	8/10/2020	21	development	train	0	0	-0.25	0	14.02996667	4.629889001	9.400077669	0.03968	0.08968	0.071744
8/10/2020 22:00	8/10/2020	22	development	train	0	0	-0.28	0	13.10534	4.3247622	8.7805778	0.04505	0.09505	0.07604
8/10/2020 23:00	8/10/2020	23	development	train	0	0	-0.3	0	11.97697333	3.952401199	8.024572131	0.04463	0.09463	0.075704
8/11/2020 0:00	8/11/2020	0	development	train	0	0	-0.26	0	10.61081111	3.501567666	7.109243444	0.04431	0.09431	0.075448
8/11/2020 1:00	8/11/2020	1	development	train	0	0	-0.26	0	11.19037889	3.692825034	7.497553856	0.0442	0.0942	0.07536
8/11/2020 2:00	8/11/2020	2	development	train	0	0	-0.26	0	10.82055556	3.570783335	7.249772225	0.0442	0.0942	0.07536
8/11/2020 3:00	8/11/2020	3	development	train	0.2454167	0.2454167	-0.25	0	8.812518889	2.908131233	5.904387656	0.04431	0.09431	0.075448
8/11/2020 4:00	8/11/2020	4	development	train	1.6580001	1.6580001	-0.25	0	9.077096667	2.9954419	6.081654767	0.04516	0.09516	0.076128
8/11/2020 5:00	8/11/2020	5	development	train	7.1435	7.1435	-0.24	0	8.912088889	2.940989333	5.971099556	0.04675	0.09675	0.0774
8/11/2020 6:00	8/11/2020	6	development	train	21.577667	21.577667	-0.25	0	17.41735778	5.747728067	11.66962971	0.0476	0.0976	0.07808
8/11/2020 7:00	8/11/2020	7	development	train	29.233417	29.233417	-0.25	0	13.73533778	4.532661467	9.202676313	0.0476	0.0976	0.07808
8/11/2020 8:00	8/11/2020	8	development	train	23.6463335	23.6463335	-0.24	0	16.56061778	5.465003867	11.09561391	0.04792	0.09792	0.078336
8/11/2020 9:00	8/11/2020	9	development	train	38.707417	38.707417	-0.28	0	12.36003778	4.078812467	8.281225313	0.04866	0.09866	0.078928
8/11/2020 10:00	8/11/2020	10	development	train	34.844834	34.844834	-0.25	0	7.987596667	2.6359069	5.351689767	0.04834	0.09834	0.078672
8/11/2020 11:00	8/11/2020	11	development	train	45.4085	45.4085	-0.29	0	11.48163	3.7889379	7.6926921	0.04771	0.09771	0.078168
8/11/2020 12:00	8/11/2020	12	development	train	27.822584	27.822584	-0.27	0	13.42766111	4.431128166	8.996532944	0.04877	0.09877	0.079016
8/11/2020 13:00	8/11/2020	13	development	train	35.44275	35.44275	-0.25	0	14.63100556	4.828231835	9.802773725	0.04824	0.09824	0.078592
8/11/2020 14:00	8/11/2020	14	development	train	42.556	42.556	-0.26	0	16.10225333	5.313743599	10.78850973	0.04781	0.09781	0.078248
8/11/2020 15:00	8/11/2020	15	development	train	23.9457495	23.9457495	3.5	3.5	12.90816667	4.259695001	8.648471669	0.04803	0.09803	0.078424
8/11/2020 16:00	8/11/2020	16	development	train	17.3342495	17.3342495	-0.58	0	8.410078333	2.77532585	5.634752483	0.04739	0.09739	0.077912
8/11/2020 17:00	8/11/2020	17	development	train	4.9531666	4.9531666	-0.25	0	12.96348111	4.277948766	8.685532344	0.04739	0.09739	0.077912
8/11/2020 18:00	8/11/2020	18	development	train	2.0889167	2.0889167	-0.25	0	15.44846444	5.097993265	10.35047117	0.04739	0.09739	0.077912
8/11/2020 19:00	8/11/2020	19	development	train	0.1036667	0.1036667	-0.28	0	16.32877667	5.388496301	10.94028037	0.04739	0.09739	0.077912
8/11/2020 20:00	8/11/2020	20	development	train	0	0	-0.26	0	17.92699889	5.915909634	12.01108926	0.04707	0.09707	0.077656
8/11/2020 21:00	8/11/2020	21	development	train	0	0	-0.29	0	11.17493778	3.687729467	7.487208313	0.04643	0.09643	0.077144
8/11/2020 22:00	8/11/2020	22	development	train	0	0	-0.26	0	7.99888	2.6396304	5.3592496	0.05582	0.10582	0.084656
8/11/2020 23:00	8/11/2020	23	development	train	0	0	-0.27	0	7.166561111	2.364965167	4.801595944	0.05519	0.10519	0.084152
8/12/2020 0:00	8/12/2020	0	development	train	0	0	-0.24	0	10.18568	3.3612744	6.8244056	0.05487	0.10487	0.083896
8/12/2020 1:00	8/12/2020	1	development	train	0	0	-0.25	0	10.83215	3.5746095	7.2575405	0.05455	0.10455	0.08364
8/12/2020 2:00	8/12/2020	2	development	train	0	0	-0.26	0	15.09112	4.9800696	10.1110504	0.05466	0.10466	0.083728
8/12/2020 3:00	8/12/2020	3	development	train	0.1889167	0.1889167	-0.26	0	9.504711111	3.136554667	6.368156444	0.05508	0.10508	0.084064
8/12/2020 4:00	8/12/2020	4	development	train	1.62825	1.62825	-0.24	0	11.92296444	3.934578265	7.988386175	0.05571	0.10571	0.084568
8/12/2020 5:00	8/12/2020	5	development	train	4.4945	4.4945	-0.24	0	9.867991111	3.256437067	6.611554044	0.06026	0.11026	0.088208
8/12/2020 6:00	8/12/2020	6	development	train	9.5546667	9.5546667	-0.24	0	17.98136556	5.933850635	12.04751493	0.05645	0.10645	0.08516
8/12/2020 7:00	8/12/2020	7	development	train	18.8078335	18.8078335	-0.26	0	15.42946222	5.091722533	10.33773969	0.05804	0.10804	0.086432
8/12/2020 8:00	8/12/2020	8	development	train	51.96175	51.96175	-0.29	0	14.73935111	4.863985866	9.875365244	0.06153	0.11153	0.089224
8/12/2020 9:00	8/12/2020	9	development	train	60.596418	60.596418	-0.26	0	13.34513333	4.403893999	8.941239331	0.06163	0.11163	0.089304
8/12/2020 10:00	8/12/2020	10	development	train	69.7665	69.7665	-0.26	0	12.32288667	4.066552601	8.256334069	0.06121	0.11121	0.088968
8/12/2020 11:00	8/12/2020	11	development	train	71.000832	71.000832	-0.27	0	12.81914778	4.230318767	8.588829013	0.05867	0.10867	0.086936
8/12/2020 12:00	8/12/2020	12	development	train	69.121	69.121	-0.27	0	14.45580667	4.770416201	9.685390469	0.06153	0.11153	0.089224
8/12/2020 13:00	8/12/2020	13	development	train	62.273498	62.273498	-0.25	0	15.41568	5.0871744	10.3285056	0.05677	0.10677	0.085416
8/12/2020 14:00	8/12/2020	14	development	train	51.892582	51.892582	-0.26	0	17.36321556	5.729861135	11.63335443	0.05762	0.10762	0.086096
8/12/2020 15:00	8/12/2020	15	development	train	38.031833	38.031833	-0.28	0	12.47168444	4.115655865	8.356028575	0.05709	0.10709	0.085672
8/12/2020 16:00	8/12/2020	16	development	train	21.1380835	21.1380835	-0.25	0	9.12222	3.0103326	6.1118874	0.05698	0.10698	0.085584
8/12/2020 17:00	8/12/2020	17	development	train	6.3683332	6.3683332	-0.26	0	14.02983889	4.629846834	9.399992056	0.05677	0.10677	0.085416
8/12/2020 18:00	8/12/2020	18	development	train	1.68125	1.68125	-0.24	0	15.78651778	5.209550867	10.57696691	0.05677	0.10677	0.085416
8/12/2020 19:00	8/12/2020	19	development	train	0.0546667	0.0546667	-0.26	0	12.47505222	4.116767233	8.358284987	0.05645	0.10645	0.08516
8/12/2020 20:00	8/12/2020	20	development	train	0	0	-0.3	0	12.77344	4.2152352	8.5582048	0.05603	0.10603	0.084824
8/12/2020 21:00	8/12/2020	21	development	train	0	0	-0.26	0	14.30732444	4.721417065	9.585907375	0.05497	0.10497	0.083976
8/12/2020 22:00	8/12/2020	22	development	train	0	0	-0.3	0	11.79031	3.8908023	7.8995077	0.06299	0.11299	0.090392
8/12/2020 23:00	8/12/2020	23	development	train	0	0	-0.25	0	9.166217222	3.024851683	6.141365539	0.06246	0.11246	0.089968
8/13/2020 0:00	8/13/2020	0	development	train	0	0	-0.27	0	10.70182	3.5316006	7.1702194	0.06214	0.11214	0.089712
8/13/2020 1:00	8/13/2020	1	development	train	0	0	-0.24	0	10.66071333	3.518035399	7.142677931	0.06183	0.11183	0.089464
8/13/2020 2:00	8/13/2020	2	development	train	0	0	-0.24	0	15.28097333	5.042721199	10.23825213	0.06183	0.11183	0.089464
8/13/2020 3:00	8/13/2020	3	development	train	0.0667501	0.0667501	-0.28	0	11.78862333	3.890245699	7.898377631	0.06204	0.11204	0.089632
8/13/2020 4:00	8/13/2020	4	development	train	2.494	2.494	-0.27	0	11.11200889	3.666962934	7.445045956	0.0632	0.1132	0.09056
8/13/2020 5:00	8/13/2020	5	development	train	4.6985832	4.6985832	-0.24	0	16.10064778	5.313213767	10.78743401	0.06394	0.11394	0.091152
8/13/2020 6:00	8/13/2020	6	development	train	16.2354995	16.2354995	-0.29	0	15.12153333	4.990105999	10.13142733	0.06489	0.11489	0.091912
8/13/2020 7:00	8/13/2020	7	development	train	5.5283334	5.5283334	-0.28	0	12.31966222	4.065488533	8.254173687	0.06436	0.11436	0.091488
8/13/2020 8:00	8/13/2020	8	development	train	7.1757499	7.1757499	-0.3	0	12.88429222	4.251816433	8.632475787	0.0652	0.1152	0.09216
8/13/2020 9:00	8/13/2020	9	development	train	10.7022499	10.7022499	-0.34	0	12.14307778	4.007215667	8.135862113	0.06499	0.11499	0.091992
8/13/2020 10:00	8/13/2020	10	development	train	10.6568333	10.6568333	-0.25	0	10.39179889	3.429293634	6.962505256	0.06478	0.11478	0.091824
8/13/2020 11:00	8/13/2020	11	development	train	10.6975834	10.6975834	-0.29	0	11.82194333	3.901241299	7.920702031	0.06457	0.11457	0.091656
8/13/2020 12:00	8/13/2020	12	development	train	29.118833	29.118833	-0.25	0	19.68644667	6.496527401	13.18991927	0.06436	0.11436	0.091488
8/13/2020 13:00	8/13/2020	13	development	train	30.667249	30.667249	-0.27	0	16.40975556	5.415219335	10.99453623	0.06478	0.11478	0.091824
8/13/2020 14:00	8/13/2020	14	development	train	16.264167	16.264167	-0.31	0	15.49743778	5.114154467	10.38328331	0.06425	0.11425	0.0914
8/13/2020 15:00	8/13/2020	15	development	train	18.9354165	18.9354165	-0.29	0	11.36016333	3.748853899	7.611309431	0.06425	0.11425	0.0914
8/13/2020 16:00	8/13/2020	16	development	train	3.2532501	3.2532501	-0.26	0	16.42709222	5.420940433	11.00615179	0.06394	0.11394	0.091152
8/13/2020 17:00	8/13/2020	17	development	train	0.5224167	0.5224167	-0.24	0	12.03018444	3.969960865	8.060223575	0.06394	0.11394	0.091152
8/13/2020 18:00	8/13/2020	18	development	train	0.3116667	0.3116667	-0.25	0	15.19651444	5.014849765	10.18166467	0.06404	0.11404	0.091232
8/13/2020 19:00	8/13/2020	19	development	train	0	0	-0.31	0	13.78601222	4.549384033	9.236628187	0.06383	0.11383	0.091064
8/13/2020 20:00	8/13/2020	20	development	train	0	0	-0.28	0	17.13237556	5.653683935	11.47869163	0.06299	0.11299	0.090392
8/13/2020 21:00	8/13/2020	21	development	train	0	0	-0.29	0	11.92302667	3.934598801	7.988427869	0.06204	0.11204	0.089632
8/13/2020 22:00	8/13/2020	22	development	train	0	0	20.13	20.13	9.839047778	3.246885767	6.592162011	0.06263	0.11263	0.090104
8/13/2020 23:00	8/13/2020	23	development	train	0	0	2.86	2.86	7.507307222	2.477411383	5.029895839	0.06231	0.11231	0.089848
8/14/2020 0:00	8/14/2020	0	development	train	0	0	3.09	3.09	11.44206222	3.775880533	7.666181687	0.062	0.112	0.0896
8/14/2020 1:00	8/14/2020	1	development	train	0	0	-0.27	0	12.86970556	4.247002835	8.622702725	0.06189	0.11189	0.089512
8/14/2020 2:00	8/14/2020	2	development	train	0	0	-0.26	0	10.56297667	3.485782301	7.077194369	0.0621	0.1121	0.08968
8/14/2020 3:00	8/14/2020	3	development	train	0	0	-0.29	0	7.089331667	2.33947945	4.749852217	0.06231	0.11231	0.089848
8/14/2020 4:00	8/14/2020	4	development	train	0.624	0.624	-0.26	0	8.384331667	2.76682945	5.617502217	0.06368	0.11368	0.090944
8/14/2020 5:00	8/14/2020	5	development	train	2.5133334	2.5133334	-0.3	0	11.56745	3.8172585	7.7501915	0.06621	0.11621	0.092968
8/14/2020 6:00	8/14/2020	6	development	train	9.6389167	9.6389167	-0.24	0	16.37546889	5.403904734	10.97156416	0.06726	0.11726	0.093808
8/14/2020 7:00	8/14/2020	7	development	train	13.5703335	13.5703335	-0.25	0	14.20136222	4.686449533	9.514912687	0.07084	0.12084	0.096672
8/14/2020 8:00	8/14/2020	8	development	train	17.9219165	17.9219165	-0.24	0	15.38050111	5.075565366	10.30493574	0.07084	0.12084	0.096672
8/14/2020 9:00	8/14/2020	9	development	train	23.8891665	23.8891665	-0.26	0	17.9802	5.933466	12.046734	0.06926	0.11926	0.095408
8/14/2020 10:00	8/14/2020	10	development	train	71.526584	71.526584	-0.27	0	10.69751	3.5301783	7.1673317	0.0661	0.1161	0.09288
8/14/2020 11:00	8/14/2020	11	development	train	69.11775	69.11775	-0.26	0	11.43731778	3.774314867	7.663002913	0.06547	0.11547	0.092376
8/14/2020 12:00	8/14/2020	12	development	train	60.35175	60.35175	-0.26	0	14.33002444	4.728908065	9.601116375	0.06558	0.11558	0.092464
8/14/2020 13:00	8/14/2020	13	development	train	49.58125	49.58125	-0.31	0	13.93821333	4.599610399	9.338602931	0.06505	0.11505	0.09204
8/14/2020 14:00	8/14/2020	14	development	train	43.554167	43.554167	-0.28	0	38.64441778	12.75265787	25.89175991	0.06421	0.11421	0.091368
8/14/2020 15:00	8/14/2020	15	development	train	21.9885	21.9885	-0.25	0	51.90506667	17.128672	34.77639467	0.06347	0.11347	0.090776
8/14/2020 16:00	8/14/2020	16	development	train	15.1959165	15.1959165	-0.29	0	53.83691111	17.76618067	36.07073044	0.06295	0.11295	0.09036
8/14/2020 17:00	8/14/2020	17	development	train	10.1990834	10.1990834	-0.34	0	54.38620444	17.94744747	36.43875697	0.06326	0.11326	0.090608
8/14/2020 18:00	8/14/2020	18	development	train	1.8015834	1.8015834	-0.29	0	57.45374667	18.9597364	38.49401027	0.06326	0.11326	0.090608
8/14/2020 19:00	8/14/2020	19	development	train	0.1111667	0.1111667	-0.27	0	35.43297556	11.69288193	23.74009363	0.06263	0.11263	0.090104
8/14/2020 20:00	8/14/2020	20	development	train	0	0	-0.24	0	15.87107556	5.237454935	10.63362063	0.0621	0.1121	0.08968
8/14/2020 21:00	8/14/2020	21	development	train	0	0	-0.3	0	11.77788889	3.886703334	7.891185556	0.06105	0.11105	0.08884
8/14/2020 22:00	8/14/2020	22	development	train	0	0	5.79	5.79	9.212446111	3.040107217	6.172338894	0.05976	0.10976	0.087808
8/14/2020 23:00	8/14/2020	23	development	train	0	0	1.42	1.42	9.685594444	3.196246167	6.489348277	0.05892	0.10892	0.087136
8/15/2020 0:00	8/15/2020	0	development	train	0	0	-0.26	0	11.37976667	3.755323001	7.624443669	0.0585	0.1085	0.0868
8/15/2020 1:00	8/15/2020	1	development	train	0	0	-0.29	0	11.65287333	3.845448199	7.807425131	0.05818	0.10818	0.086544
8/15/2020 2:00	8/15/2020	2	development	train	0	0	-0.29	0	11.78163222	3.887938633	7.893693587	0.05797	0.10797	0.086376
8/15/2020 3:00	8/15/2020	3	development	train	0	0	-0.27	0	12.83909556	4.236901535	8.602194025	0.05776	0.10776	0.086208
8/15/2020 4:00	8/15/2020	4	development	train	0.2169167	0.2169167	-0.3	0	10.71460889	3.535820934	7.178787956	0.05797	0.10797	0.086376
8/15/2020 5:00	8/15/2020	5	development	train	0.6690001	0.6690001	0.81	0.81	13.17385556	4.347372335	8.826483225	0.05871	0.10871	0.086968
8/15/2020 6:00	8/15/2020	6	development	train	3.0230833	3.0230833	0.03	0.03	16.99532111	5.608455966	11.38686514	0.06008	0.11008	0.088064
8/15/2020 7:00	8/15/2020	7	development	train	6.9090833	6.9090833	-0.26	0	17.73516667	5.852605001	11.88256167	0.06155	0.11155	0.08924
8/15/2020 8:00	8/15/2020	8	development	train	14.0845835	14.0845835	-0.27	0	15.23055222	5.026082233	10.20446999	0.06198	0.11198	0.089584
8/15/2020 9:00	8/15/2020	9	development	train	16.9818335	16.9818335	-0.27	0	12.27768444	4.051635865	8.226048575	0.06198	0.11198	0.089584
8/15/2020 10:00	8/15/2020	10	development	train	24.429833	24.429833	-0.26	0	45.71318222	15.08535013	30.62783209	0.06124	0.11124	0.088992
8/15/2020 11:00	8/15/2020	11	development	train	18.7303335	18.7303335	2.22	2.22	50.20696	16.5682968	33.6386632	0.0605	0.1105	0.0884
8/15/2020 12:00	8/15/2020	12	development	train	5.6226666	5.6226666	1.5	1.5	19.40792222	6.404614333	13.00330789	0.05945	0.10945	0.08756
8/15/2020 13:00	8/15/2020	13	development	train	5.7154168	5.7154168	-0.27	0	54.46771111	17.97434467	36.49336644	0.05955	0.10955	0.08764
8/15/2020 14:00	8/15/2020	14	development	train	3.0062501	3.0062501	1.27	1.27	56.17590667	18.5380492	37.63785747	0.06018	0.11018	0.088144
8/15/2020 15:00	8/15/2020	15	development	train	1.8978333	1.8978333	2.75	2.75	55.48273333	18.309302	37.17343133	0.06103	0.11103	0.088824
8/15/2020 16:00	8/15/2020	16	development	train	0.4321666	0.4321666	8.79	8.79	53.28163111	17.58293827	35.69869284	0.06145	0.11145	0.08916
8/15/2020 17:00	8/15/2020	17	development	train	0.252	0.252	5.37	5.37	52.01472889	17.16486053	34.84986836	0.06155	0.11155	0.08924
8/15/2020 18:00	8/15/2020	18	development	train	0	0	7.13	7.13	27.72666667	9.149800001	18.57686667	0.06155	0.11155	0.08924
8/15/2020 19:00	8/15/2020	19	development	train	0	0	0.1	0.1	20.12196444	6.640248265	13.48171617	0.06155	0.11155	0.08924
8/15/2020 20:00	8/15/2020	20	development	train	0	0	-0.29	0	14.92903	4.9265799	10.0024501	0.06145	0.11145	0.08916
8/15/2020 21:00	8/15/2020	21	development	train	0	0	6.55	6.55	12.39952222	4.091842333	8.307679887	0.06124	0.11124	0.088992
8/15/2020 22:00	8/15/2020	22	development	train	0	0	-0.27	0	10.35368444	3.416715865	6.936968575	0.06247	0.11247	0.089976
8/15/2020 23:00	8/15/2020	23	development	train	0	0	-0.27	0	9.830758889	3.244150433	6.586608456	0.06268	0.11268	0.090144
8/16/2020 0:00	8/16/2020	0	development	train	0	0	0.57	0.57	12.30160444	4.059529465	8.242074975	0.06279	0.11279	0.090232
8/16/2020 1:00	8/16/2020	1	development	train	0	0	-0.27	0	12.05013444	3.976544365	8.073590075	0.06311	0.11311	0.090488
8/16/2020 2:00	8/16/2020	2	development	train	0	0	-0.28	0	14.58129778	4.811828267	9.769469513	0.06658	0.11658	0.093264
8/16/2020 3:00	8/16/2020	3	development	train	0	0	-0.26	0	8.392735556	2.769602733	5.623132823	0.06721	0.11721	0.093768
8/16/2020 4:00	8/16/2020	4	development	train	0.8648334	0.8648334	-0.24	0	9.532185556	3.145621233	6.386564323	0.07036	0.12036	0.096288
8/16/2020 5:00	8/16/2020	5	development	train	2.8080833	2.8080833	-0.26	0	9.143055556	3.017208333	6.125847223	0.0712	0.1212	0.09696
8/16/2020 6:00	8/16/2020	6	development	train	9.4266667	9.4266667	-0.26	0	17.96899	5.9297667	12.0392233	0.0712	0.1212	0.09696
8/16/2020 7:00	8/16/2020	7	development	train	12.6644167	12.6644167	-0.28	0	18.57262889	6.128967534	12.44366136	0.07257	0.12257	0.098056
8/16/2020 8:00	8/16/2020	8	development	train	26.101417	26.101417	-0.25	0	17.20466667	5.677540001	11.52712667	0.0731	0.1231	0.09848
8/16/2020 9:00	8/16/2020	9	development	train	46.766333	46.766333	-0.26	0	12.62298889	4.165586334	8.457402556	0.0732	0.1232	0.09856
8/16/2020 10:00	8/16/2020	10	development	train	48.98025	48.98025	-0.29	0	12.75740444	4.209943465	8.547460975	0.07289	0.12289	0.098312
8/16/2020 11:00	8/16/2020	11	development	train	61.29675	61.29675	-0.3	0	12.63061556	4.168103135	8.462512425	0.07352	0.12352	0.098816
8/16/2020 12:00	8/16/2020	12	development	train	64.951	64.951	-0.25	0	19.60932667	6.471077801	13.13824887	0.07341	0.12341	0.098728
8/16/2020 13:00	8/16/2020	13	development	train	52.811252	52.811252	-0.25	0	12.7348	4.202484	8.532316	0.07341	0.12341	0.098728
8/16/2020 14:00	8/16/2020	14	development	train	44.241833	44.241833	2.55	2.55	14.74683444	4.866455365	9.880379075	0.0732	0.1232	0.09856
8/16/2020 15:00	8/16/2020	15	development	train	35.87775	35.87775	4.74	4.74	9.929982222	3.276894133	6.653088089	0.07289	0.12289	0.098312
8/16/2020 16:00	8/16/2020	16	development	train	21.7949995	21.7949995	0.68	0.68	13.65312667	4.505531801	9.147594869	0.0732	0.1232	0.09856
8/16/2020 17:00	8/16/2020	17	development	train	6.7110833	6.7110833	-0.24	0	11.47575778	3.787000067	7.688757713	0.0731	0.1231	0.09848
8/16/2020 18:00	8/16/2020	18	development	train	1.516	1.516	-0.25	0	14.40478	4.7535774	9.6512026	0.0731	0.1231	0.09848
8/16/2020 19:00	8/16/2020	19	development	train	0.0202727	0.0202727	-0.24	0	15.41304222	5.086303933	10.32673829	0.07289	0.12289	0.098312
8/16/2020 20:00	8/16/2020	20	development	train	0	0	-0.27	0	15.75244111	5.198305566	10.55413554	0.07141	0.12141	0.097128
8/16/2020 21:00	8/16/2020	21	development	train	0	0	-0.28	0	16.46778333	5.434368499	11.03341483	0.06836	0.11836	0.094688
8/16/2020 22:00	8/16/2020	22	development	train	0	0	-0.29	0	14.08718556	4.648771235	9.438414325	0.06721	0.11721	0.093768
8/16/2020 23:00	8/16/2020	23	development	train	0	0	3.17	3.17	7.428991111	2.451567067	4.977424044	0.06458	0.11458	0.091664
8/17/2020 0:00	8/17/2020	0	development	train	0	0	-0.25	0	11.08169778	3.656960267	7.424737513	0.06311	0.11311	0.090488
8/17/2020 1:00	8/17/2020	1	development	train	0	0	-0.25	0	9.557637778	3.154020467	6.403617311	0.06279	0.11279	0.090232
8/17/2020 2:00	8/17/2020	2	development	train	0	0	-0.25	0	10.50446556	3.466473635	7.037991925	0.06268	0.11268	0.090144
8/17/2020 3:00	8/17/2020	3	development	train	0.0779167	0.0779167	-0.28	0	8.946966667	2.952499	5.994467667	0.063	0.113	0.0904
8/17/2020 4:00	8/17/2020	4	development	train	1.2619167	1.2619167	-0.25	0	10.44316111	3.446243166	6.996917944	0.06489	0.11489	0.091912
8/17/2020 5:00	8/17/2020	5	development	train	5.6440833	5.6440833	-0.26	0	12.33494889	4.070533134	8.264415756	0.07415	0.12415	0.09932
8/17/2020 6:00	8/17/2020	6	development	train	21.8055	21.8055	-0.29	0	15.80880333	5.216905099	10.59189823	0.07488	0.12488	0.099904
8/17/2020 7:00	8/17/2020	7	development	train	39.585	39.585	-0.25	0	14.79435556	4.882137335	9.912218225	0.07562	0.12562	0.100496
8/17/2020 8:00	8/17/2020	8	development	train	53.24725	53.24725	-0.27	0	17.84413778	5.888565467	11.95557231	0.07688	0.12688	0.101504
8/17/2020 9:00	8/17/2020	9	development	train	62.88325	62.88325	-0.28	0	14.75154222	4.868008933	9.883533287	0.07552	0.12552	0.100416
8/17/2020 10:00	8/17/2020	10	development	train	68.575332	68.575332	-0.26	0	10.95016444	3.613554265	7.336610175	0.07899	0.12899	0.103192
8/17/2020 11:00	8/17/2020	11	development	train	70.0275	70.0275	-0.25	0	10.81120444	3.567697465	7.243506975	0.07909	0.12909	0.103272
8/17/2020 12:00	8/17/2020	12	development	train	67.719582	67.719582	-0.26	0	14.03308778	4.630918967	9.402168813	0.07657	0.12657	0.101256
8/17/2020 13:00	8/17/2020	13	development	train	61.580916	61.580916	-0.26	0	12.91410667	4.261655201	8.652451469	0.0772	0.1272	0.10176
8/17/2020 14:00	8/17/2020	14	development	train	51.297498	51.297498	-0.28	0	14.41166667	4.755850001	9.655816669	0.07751	0.12751	0.102008
8/17/2020 15:00	8/17/2020	15	development	train	37.462417	37.462417	-0.27	0	8.450707778	2.788733567	5.661974211	0.07867	0.12867	0.102936
8/17/2020 16:00	8/17/2020	16	development	train	20.450083	20.450083	-0.26	0	9.668091111	3.190470067	6.477621044	0.07793	0.12793	0.102344
8/17/2020 17:00	8/17/2020	17	development	train	5.3519166	5.3519166	-0.28	0	15.00835556	4.952757335	10.05559823	0.07709	0.12709	0.101672
8/17/2020 18:00	8/17/2020	18	development	train	1.0645	1.0645	-0.25	0	13.05204556	4.307175035	8.744870525	0.07657	0.12657	0.101256
8/17/2020 19:00	8/17/2020	19	development	train	0.0224546	0.0224546	-0.26	0	14.22484889	4.694200134	9.530648756	0.07646	0.12646	0.101168
8/17/2020 20:00	8/17/2020	20	development	train	0	0	-0.27	0	8.226941111	2.714890567	5.512050544	0.07562	0.12562	0.100496
8/17/2020 21:00	8/17/2020	21	development	train	0	0	-0.25	0	10.16598667	3.354775601	6.811211069	0.07436	0.12436	0.099488
8/17/2020 22:00	8/17/2020	22	development	train	0	0	-0.3	0	12.31607778	4.064305667	8.251772113	0.06373	0.11373	0.090984
8/17/2020 23:00	8/17/2020	23	development	train	0	0	-0.26	0	9.822227778	3.241335167	6.580892611	0.06289	0.11289	0.090312
8/18/2020 0:00	8/18/2020	0	development	train	0	0	-0.29	0	10.55124778	3.481911767	7.069336013	0.06268	0.11268	0.090144
8/18/2020 1:00	8/18/2020	1	development	train	0	0	-0.27	0	11.12893333	3.672547999	7.456385331	0.06257	0.11257	0.090056
8/18/2020 2:00	8/18/2020	2	development	train	0	0	-0.24	0	12.21230444	4.030060465	8.182243975	0.06268	0.11268	0.090144
8/18/2020 3:00	8/18/2020	3	development	train	0.0642728	0.0642728	-0.25	0	9.70361	3.2021913	6.5014187	0.06278	0.11278	0.090224
8/18/2020 4:00	8/18/2020	4	development	train	1.2563333	1.2563333	-0.24	0	11.09466	3.6612378	7.4334222	0.06846	0.11846	0.094768
8/18/2020 5:00	8/18/2020	5	development	train	5.5699166	5.5699166	-0.25	0	11.72181778	3.868199867	7.853617913	0.08066	0.13066	0.104528
8/18/2020 6:00	8/18/2020	6	development	train	19.2593335	19.2593335	-0.26	0	13.35876222	4.408391533	8.950370687	0.08371	0.13371	0.106968
8/18/2020 7:00	8/18/2020	7	development	train	35.673917	35.673917	-0.24	0	16.33480333	5.390485099	10.94431823	0.09128	0.14128	0.113024
8/18/2020 8:00	8/18/2020	8	development	train	36.347584	36.347584	-0.32	0	14.37564444	4.743962665	9.631681775	0.09128	0.14128	0.113024
8/18/2020 9:00	8/18/2020	9	development	train	58.777498	58.777498	-0.28	0	8.576646667	2.8302934	5.746353267	0.08444	0.13444	0.107552
8/18/2020 10:00	8/18/2020	10	development	train	64.3395	64.3395	-0.27	0	8.654653333	2.8560356	5.798617733	0.08392	0.13392	0.107136
8/18/2020 11:00	8/18/2020	11	development	train	66.461416	66.461416	-0.26	0	8.437973889	2.784531383	5.653442506	0.08371	0.13371	0.106968
8/18/2020 12:00	8/18/2020	12	development	train	62.97075	62.97075	-0.26	0	15.88846	5.2431918	10.6452682	0.08329	0.13329	0.106632
8/18/2020 13:00	8/18/2020	13	development	train	54.796584	54.796584	-0.27	0	17.88844	5.9031852	11.9852548	0.08266	0.13266	0.106128
8/18/2020 14:00	8/18/2020	14	development	train	46.90275	46.90275	-0.24	0	10.79108889	3.561059334	7.230029556	0.07288	0.12288	0.098304
8/18/2020 15:00	8/18/2020	15	development	train	32.496	32.496	-0.28	0	9.021596111	2.977126717	6.044469394	0.07172	0.12172	0.097376
8/18/2020 16:00	8/18/2020	16	development	train	16.51675	16.51675	-0.27	0	7.268713333	2.3986754	4.870037933	0.06951	0.11951	0.095608
8/18/2020 17:00	8/18/2020	17	development	train	4.3280834	4.3280834	-0.29	0	8.767727778	2.893350167	5.874377611	0.06793	0.11793	0.094344
8/18/2020 18:00	8/18/2020	18	development	train	1.6616667	1.6616667	-0.3	0	17.27259111	5.699955066	11.57263604	0.06814	0.11814	0.094512
8/18/2020 19:00	8/18/2020	19	development	train	0	0	-0.28	0	17.78962889	5.870577534	11.91905136	0.06804	0.11804	0.094432
8/18/2020 20:00	8/18/2020	20	development	train	0	0	-0.32	0	17.77107778	5.864455667	11.90662211	0.06783	0.11783	0.094264
8/18/2020 21:00	8/18/2020	21	development	train	0	0	-0.26	0	15.27651333	5.041249399	10.23526393	0.06509	0.11509	0.092072
8/18/2020 22:00	8/18/2020	22	development	train	0	0	-0.28	0	9.051021111	2.986836967	6.064184144	0.0663	0.1163	0.09304
8/18/2020 23:00	8/18/2020	23	development	train	0	0	-0.26	0	7.253566667	2.393677	4.859889667	0.06504	0.11504	0.092032
8/19/2020 0:00	8/19/2020	0	development	train	0	0	-0.25	0	10.29323778	3.396768467	6.896469313	0.06441	0.11441	0.091528
8/19/2020 1:00	8/19/2020	1	development	train	0	0	-0.28	0	10.39338667	3.429817601	6.963569069	0.0641	0.1141	0.09128
8/19/2020 2:00	8/19/2020	2	development	train	0	0	-0.27	0	10.22964444	3.375782665	6.853861775	0.0641	0.1141	0.09128
8/19/2020 3:00	8/19/2020	3	development	train	0	0	-0.3	0	8.957655	2.95602615	6.00162885	0.06462	0.11462	0.091696
8/19/2020 4:00	8/19/2020	4	development	train	1.3087501	1.3087501	-0.26	0	11.27372889	3.720330534	7.553398356	0.06777	0.11777	0.094216
8/19/2020 5:00	8/19/2020	5	development	train	5.6033334	5.6033334	-0.28	0	7.531518889	2.485401233	5.046117656	0.08343	0.13343	0.106744
8/19/2020 6:00	8/19/2020	6	development	train	12.4015	12.4015	-0.25	0	15.11781556	4.988879135	10.12893643	0.07996	0.12996	0.103968
8/19/2020 7:00	8/19/2020	7	development	train	31.603	31.603	-0.31	0	16.58535333	5.473166599	11.11218673	0.08353	0.13353	0.106824
8/19/2020 8:00	8/19/2020	8	development	train	34.142334	34.142334	-0.26	0	12.22652	4.0347516	8.1917684	0.08332	0.13332	0.106656
8/19/2020 9:00	8/19/2020	9	development	train	34.158917	34.158917	-0.26	0	11.51207333	3.798984199	7.713089131	0.08269	0.13269	0.106152
8/19/2020 10:00	8/19/2020	10	development	train	37.063334	37.063334	-0.26	0	15.41600667	5.087282201	10.32872447	0.08112	0.13112	0.104896
8/19/2020 11:00	8/19/2020	11	development	train	31.591	31.591	-0.25	0	12.40672444	4.094219065	8.312505375	0.08007	0.13007	0.104056
8/19/2020 12:00	8/19/2020	12	development	train	58.056416	58.056416	-0.26	0	11.90153778	3.927507467	7.974030313	0.07881	0.12881	0.103048
8/19/2020 13:00	8/19/2020	13	development	train	57.211416	57.211416	-0.28	0	16.13613444	5.324924365	10.81121007	0.07818	0.12818	0.102544
8/19/2020 14:00	8/19/2020	14	development	train	39.006917	39.006917	-0.27	0	13.07995556	4.316385335	8.763570225	0.08259	0.13259	0.106072
8/19/2020 15:00	8/19/2020	15	development	train	9.92125	9.92125	-0.25	0	10.04042111	3.313338966	6.727082144	0.07713	0.12713	0.101704
8/19/2020 16:00	8/19/2020	16	development	train	4.7193332	4.7193332	-0.25	0	10.44453111	3.446695266	6.997835844	0.07649	0.12649	0.101192
8/19/2020 17:00	8/19/2020	17	development	train	6.262	6.262	-0.26	0	13.43714444	4.434257665	9.002886775	0.07324	0.12324	0.098592
8/19/2020 18:00	8/19/2020	18	development	train	5.5623332	5.5623332	-0.25	0	16.74831111	5.526942666	11.22136844	0.07124	0.12124	0.096992
8/19/2020 19:00	8/19/2020	19	development	train	0.1316429	0.1316429	-0.27	0	9.062645556	2.990673033	6.071972523	0.07187	0.12187	0.097496
8/19/2020 20:00	8/19/2020	20	development	train	0	0	-0.27	0	9.551882222	3.152121133	6.399761089	0.06872	0.11872	0.094976
8/19/2020 21:00	8/19/2020	21	development	train	0	0	-0.26	0	11.00338333	3.631116499	7.372266831	0.06746	0.11746	0.093968
8/19/2020 22:00	8/19/2020	22	development	train	0	0	-0.27	0	10.51662889	3.470487534	7.046141356	0.06926	0.11926	0.095408
8/19/2020 23:00	8/19/2020	23	development	train	0	0	-0.24	0	9.584295556	3.162817533	6.421478023	0.06779	0.11779	0.094232
8/20/2020 0:00	8/20/2020	0	development	train	0	0	-0.27	0	14.36667333	4.741002199	9.625671131	0.06726	0.11726	0.093808
8/20/2020 1:00	8/20/2020	1	development	train	0	0	-0.29	0	11.89926	3.9267558	7.9725042	0.06715	0.11715	0.09372
8/20/2020 2:00	8/20/2020	2	development	train	0	0	-0.26	0	11.63880556	3.840805835	7.797999725	0.06705	0.11705	0.09364
8/20/2020 3:00	8/20/2020	3	development	train	0	0	-0.27	0	8.691925556	2.868335433	5.823590123	0.06736	0.11736	0.093888
8/20/2020 4:00	8/20/2020	4	development	train	0.32325	0.32325	-0.24	0	11.07621111	3.655149666	7.421061444	0.07084	0.12084	0.096672
8/20/2020 5:00	8/20/2020	5	development	train	1.3668333	1.3668333	-0.25	0	8.638483333	2.8506995	5.787783833	0.07632	0.12632	0.101056
8/20/2020 6:00	8/20/2020	6	development	train	9.327	9.327	-0.28	0	16.59014667	5.474748401	11.11539827	0.08033	0.13033	0.104264
8/20/2020 7:00	8/20/2020	7	development	train	10.7825833	10.7825833	-0.25	0	10.38128333	3.425823499	6.955459831	0.08138	0.13138	0.105104
8/20/2020 8:00	8/20/2020	8	development	train	16.307333	16.307333	-0.27	0	13.60496889	4.489639734	9.115329156	0.08328	0.13328	0.106624
8/20/2020 9:00	8/20/2020	9	development	train	31.52425	31.52425	-0.24	0	12.38721667	4.087781501	8.299435169	0.08297	0.13297	0.106376
8/20/2020 10:00	8/20/2020	10	development	train	42.659833	42.659833	-0.29	0	11.17500667	3.687752201	7.487254469	0.08233	0.13233	0.105864
8/20/2020 11:00	8/20/2020	11	development	train	60.443	60.443	-0.25	0	11.54502222	3.809857333	7.735164887	0.08149	0.13149	0.105192
8/20/2020 12:00	8/20/2020	12	development	train	38.31325	38.31325	-0.26	0	15.64551889	5.163021234	10.48249766	0.07959	0.12959	0.103672
8/20/2020 13:00	8/20/2020	13	development	train	44.858333	44.858333	-0.25	0	21.07316889	6.954145734	14.11902316	0.0797	0.1297	0.10376
8/20/2020 14:00	8/20/2020	14	development	train	40.6045	40.6045	-0.26	0	14.34568667	4.734076601	9.611610069	0.08107	0.13107	0.104856
8/20/2020 15:00	8/20/2020	15	development	train	34.480583	34.480583	-0.28	0	11.10963333	3.666178999	7.443454331	0.08012	0.13012	0.104096
8/20/2020 16:00	8/20/2020	16	development	train	13.164	13.164	-0.21	0	13.17540111	4.347882366	8.827518744	0.07938	0.12938	0.103504
8/20/2020 17:00	8/20/2020	17	development	train	4.7499166	4.7499166	-0.24	0	14.72419556	4.858984535	9.865211025	0.07791	0.12791	0.102328
8/20/2020 18:00	8/20/2020	18	development	train	0.6031667	0.6031667	-0.28	0	15.85462222	5.232025333	10.62259689	0.07727	0.12727	0.101816
8/20/2020 19:00	8/20/2020	19	development	train	0	0	-0.3	0	13.57715	4.4804595	9.0966905	0.07664	0.12664	0.101312
8/20/2020 20:00	8/20/2020	20	development	train	0	0	-0.28	0	17.24217556	5.689917935	11.55225763	0.07527	0.12527	0.100216
8/20/2020 21:00	8/20/2020	21	development	train	0	0	-0.29	0	12.55421556	4.142891135	8.411324425	0.072	0.122	0.0976
8/20/2020 22:00	8/20/2020	22	development	train	0	0	-0.25	0	8.110401667	2.67643255	5.433969117	0.07281	0.12281	0.098248
8/20/2020 23:00	8/20/2020	23	development	train	0	0	-0.24	0	7.991416667	2.6371675	5.354249167	0.07228	0.12228	0.097824
8/21/2020 0:00	8/21/2020	0	development	train	0	0	-0.25	0	10.85976	3.5837208	7.2760392	0.07196	0.12196	0.097568
8/21/2020 1:00	8/21/2020	1	development	train	0	0	-0.26	0	10.97834	3.6228522	7.3554878	0.07175	0.12175	0.0974
8/21/2020 2:00	8/21/2020	2	development	train	0	0	-0.27	0	11.50997111	3.798290466	7.711680644	0.07154	0.12154	0.097232
8/21/2020 3:00	8/21/2020	3	development	train	0	0	-0.25	0	9.329212222	3.078640033	6.250572189	0.07186	0.12186	0.097488
8/21/2020 4:00	8/21/2020	4	development	train	1.2761667	1.2761667	-0.25	0	7.860771111	2.594054467	5.266716644	0.0727	0.1227	0.09816
8/21/2020 5:00	8/21/2020	5	development	train	5.4698333	5.4698333	-0.26	0	6.655217222	2.196221683	4.458995539	0.07566	0.12566	0.100528
8/21/2020 6:00	8/21/2020	6	development	train	18.3316665	18.3316665	-0.26	0	17.72764889	5.850124134	11.87752476	0.07577	0.12577	0.100616
8/21/2020 7:00	8/21/2020	7	development	train	37.499666	37.499666	-0.29	0	16.11328444	5.317383865	10.79590057	0.0782	0.1282	0.10256
8/21/2020 8:00	8/21/2020	8	development	train	52.444084	52.444084	-0.29	0	14.19015889	4.682752434	9.507406456	0.08105	0.13105	0.10484
8/21/2020 9:00	8/21/2020	9	development	train	49.722833	49.722833	-0.31	0	11.38894889	3.758353134	7.630595756	0.07704	0.12704	0.101632
8/21/2020 10:00	8/21/2020	10	development	train	33.591167	33.591167	-0.35	0	11.97828444	3.952833865	8.025450575	0.07556	0.12556	0.100448
8/21/2020 11:00	8/21/2020	11	development	train	70.989416	70.989416	-0.34	0	9.63113	3.1782729	6.4528571	0.0744	0.1244	0.09952
8/21/2020 12:00	8/21/2020	12	development	train	63.8095	63.8095	74.06	74.06	10.88956778	3.593557367	7.296010413	0.07355	0.12355	0.09884
8/21/2020 13:00	8/21/2020	13	development	train	31.87675	31.87675	103.21	103.21	11.23978	3.7091274	7.5306526	0.0727	0.1227	0.09816
8/21/2020 14:00	8/21/2020	14	development	train	12.8040837	12.8040837	92.31	92.31	16.65456444	5.496006265	11.15855817	0.07186	0.12186	0.097488
8/21/2020 15:00	8/21/2020	15	development	train	13.9553335	13.9553335	121.27	121.27	7.311540556	2.412808383	4.898732173	0.07038	0.12038	0.096304
8/21/2020 16:00	8/21/2020	16	development	train	9.87625	9.87625	117.98	117.98	10.67293222	3.522067633	7.150864587	0.06943	0.11943	0.095544
8/21/2020 17:00	8/21/2020	17	development	train	1.6839167	1.6839167	66.25	66.25	14.57959	4.8112647	9.7683253	0.06774	0.11774	0.094192
8/21/2020 18:00	8/21/2020	18	development	train	0.3010834	0.3010834	114.38	114.38	15.65825778	5.167225067	10.49103271	0.06658	0.11658	0.093264
8/21/2020 19:00	8/21/2020	19	development	train	0	0	107.18	107.18	15.14393111	4.997497266	10.14643384	0.06552	0.11552	0.092416
8/21/2020 20:00	8/21/2020	20	development	train	0	0	122.54	122.54	9.303494444	3.070153167	6.233341277	0.06499	0.11499	0.091992
8/21/2020 21:00	8/21/2020	21	development	train	0	0	141.57	141.57	7.199501111	2.375835367	4.823665744	0.06446	0.11446	0.091568
8/21/2020 22:00	8/21/2020	22	development	train	0	0	102.13	102.13	6.731884444	2.221521867	4.510362577	0.06486	0.11486	0.091888
8/21/2020 23:00	8/21/2020	23	development	train	0	0	128.4	128.4	6.904867778	2.278606367	4.626261411	0.06729	0.11729	0.093832
8/22/2020 0:00	8/22/2020	0	development	train	0	0	106	106	10.31444111	3.403765566	6.910675544	0.06867	0.11867	0.094936
8/22/2020 1:00	8/22/2020	1	development	train	0	0	83.3	83.3	14.13898222	4.665864133	9.473118087	0.06793	0.11793	0.094344
8/22/2020 2:00	8/22/2020	2	development	train	0	0	114.18	114.18	10.51361333	3.469492399	7.044120931	0.06507	0.11507	0.092056
8/22/2020 3:00	8/22/2020	3	development	train	0	0	75.43	75.43	9.021333889	2.977040183	6.044293706	0.06359	0.11359	0.090872
8/22/2020 4:00	8/22/2020	4	development	train	1.0925	1.0925	35.59	35.59	9.282375556	3.063183933	6.219191623	0.06221	0.11221	0.089768
8/22/2020 5:00	8/22/2020	5	development	train	6.6054167	6.6054167	27.07	27.07	7.252806667	2.3934262	4.859380467	0.062	0.112	0.0896
8/22/2020 6:00	8/22/2020	6	development	train	7.3228333	7.3228333	57.61	57.61	16.67680667	5.503346201	11.17346047	0.06359	0.11359	0.090872
8/22/2020 7:00	8/22/2020	7	development	train	10.6280833	10.6280833	80.03	80.03	11.11247444	3.667116565	7.445357875	0.06613	0.11613	0.092904
8/22/2020 8:00	8/22/2020	8	development	train	6.9606667	6.9606667	74.47	74.47	9.286656667	3.0645967	6.222059967	0.06824	0.11824	0.094592
8/22/2020 9:00	8/22/2020	9	development	train	10.6585	10.6585	80.6	80.6	8.718413333	2.8770764	5.841336933	0.06983	0.11983	0.095864
8/22/2020 10:00	8/22/2020	10	development	train	13.1470835	13.1470835	75.59	75.59	11.82038222	3.900726133	7.919656087	0.07047	0.12047	0.096376
8/22/2020 11:00	8/22/2020	11	development	train	16.85425	16.85425	54.02	54.02	9.183177222	3.030448483	6.152728739	0.07047	0.12047	0.096376
8/22/2020 12:00	8/22/2020	12	development	train	7.4051667	7.4051667	14.9	14.9	15.79002	5.2107066	10.5793134	0.07205	0.12205	0.09764
8/22/2020 13:00	8/22/2020	13	development	train	12.7776667	12.7776667	-1.18	0	11.12639889	3.671711634	7.454687256	0.07248	0.12248	0.097984
8/22/2020 14:00	8/22/2020	14	development	train	20.0721665	20.0721665	-1.22	0	10.96533333	3.618559999	7.346773331	0.07258	0.12258	0.098064
8/22/2020 15:00	8/22/2020	15	development	train	16.35075	16.35075	-0.86	0	11.51758889	3.800804334	7.716784556	0.07269	0.12269	0.098152
8/22/2020 16:00	8/22/2020	16	development	train	8.1660833	8.1660833	-0.28	0	13.18442	4.3508586	8.8335614	0.07322	0.12322	0.098576
8/22/2020 17:00	8/22/2020	17	development	train	2.8118333	2.8118333	-0.28	0	14.07001111	4.643103666	9.426907444	0.07311	0.12311	0.098488
8/22/2020 18:00	8/22/2020	18	development	train	1.484	1.484	-0.28	0	9.630107778	3.177935567	6.452172211	0.0729	0.1229	0.09832
8/22/2020 19:00	8/22/2020	19	development	train	0	0	-0.28	0	14.94807	4.9328631	10.0152069	0.07248	0.12248	0.097984
8/22/2020 20:00	8/22/2020	20	development	train	0	0	-0.27	0	11.90379556	3.928252535	7.975543025	0.07205	0.12205	0.09764
8/22/2020 21:00	8/22/2020	21	development	train	0	0	-0.34	0	7.642543333	2.5220393	5.120504033	0.07121	0.12121	0.096968
8/22/2020 22:00	8/22/2020	22	development	train	0	0	-0.31	0	7.314804444	2.413885467	4.900918977	0.05603	0.10603	0.084824
8/22/2020 23:00	8/22/2020	23	development	train	0	0	-0.28	0	8.20078	2.7062574	5.4945226	0.05285	0.10285	0.08228
8/23/2020 0:00	8/23/2020	0	development	train	0	0	-0.28	0	12.94207556	4.270884935	8.671190625	0.04606	0.09606	0.076848
8/23/2020 1:00	8/23/2020	1	development	train	0	0	78.58	78.58	11.73240222	3.871692733	7.860709487	0.0399	0.0899	0.07192
8/23/2020 2:00	8/23/2020	2	development	train	0	0	35.87	35.87	17.33291667	5.719862501	11.61305417	0.03937	0.08937	0.071496
8/23/2020 3:00	8/23/2020	3	development	train	0	0	37.85	37.85	8.811790556	2.907890883	5.903899673	0.03895	0.08895	0.07116
8/23/2020 4:00	8/23/2020	4	development	train	0.4980834	0.4980834	14.46	14.46	9.056553333	2.9886626	6.067890733	0.03916	0.08916	0.071328
8/23/2020 5:00	8/23/2020	5	development	train	2.4884166	2.4884166	0.68	0.68	9.33066	3.0791178	6.2515422	0.03937	0.08937	0.071496
8/23/2020 6:00	8/23/2020	6	development	train	1.86225	1.86225	-0.26	0	16.25239444	5.363290165	10.88910427	0.04012	0.09012	0.072096
8/23/2020 7:00	8/23/2020	7	development	train	5.39925	5.39925	0.7	0.7	13.08139556	4.316860535	8.764535025	0.05211	0.10211	0.081688
8/23/2020 8:00	8/23/2020	8	development	train	7.3365001	7.3365001	10.9	10.9	13.59928222	4.487763133	9.111519087	0.05412	0.10412	0.083296
8/23/2020 9:00	8/23/2020	9	development	train	10.7163334	10.7163334	-0.08	0	11.66704889	3.850126134	7.816922756	0.05593	0.10593	0.084744
8/23/2020 10:00	8/23/2020	10	development	train	8.7563333	8.7563333	5.45	5.45	11.26393111	3.717097266	7.546833844	0.05688	0.10688	0.085504
8/23/2020 11:00	8/23/2020	11	development	train	7.7888334	7.7888334	13.14	13.14	7.577014444	2.500414767	5.076599677	0.05688	0.10688	0.085504
8/23/2020 12:00	8/23/2020	12	development	train	8.4853333	8.4853333	11.9	11.9	13.40673	4.4242209	8.9825091	0.0571	0.1071	0.08568
8/23/2020 13:00	8/23/2020	13	development	train	7.444	7.444	21.64	21.64	15.47340333	5.106223099	10.36718023	0.0572	0.1072	0.08576
8/23/2020 14:00	8/23/2020	14	development	train	3.9978332	3.9978332	28.22	28.22	13.20892111	4.358943966	8.849977144	0.05741	0.10741	0.085928
8/23/2020 15:00	8/23/2020	15	development	train	1.8680833	1.8680833	3.6	3.6	12.22914556	4.035618035	8.193527525	0.0572	0.1072	0.08576
8/23/2020 16:00	8/23/2020	16	development	train	3.60575	3.60575	1.65	1.65	9.971364444	3.290550267	6.680814177	0.06293	0.11293	0.090344
8/23/2020 17:00	8/23/2020	17	development	train	2.7875	2.7875	0.1	0.1	14.47039444	4.775230165	9.695164275	0.06675	0.11675	0.0934
8/23/2020 18:00	8/23/2020	18	development	train	0.6655833	0.6655833	13.25	13.25	17.19918222	5.675730133	11.52345209	0.06813	0.11813	0.094504
8/23/2020 19:00	8/23/2020	19	development	train	0	0	13.14	13.14	16.54424444	5.459600665	11.08464377	0.0675	0.1175	0.094
8/23/2020 20:00	8/23/2020	20	development	train	0	0	9.8	9.8	11.05163444	3.647039365	7.404595075	0.06527	0.11527	0.092216
8/23/2020 21:00	8/23/2020	21	development	train	0	0	13.6	13.6	14.72967111	4.860791466	9.868879644	0.05826	0.10826	0.086608
8/23/2020 22:00	8/23/2020	22	development	train	0	0	22.06	22.06	12.62954778	4.167750767	8.461797013	0.04723	0.09723	0.077784
8/23/2020 23:00	8/23/2020	23	development	train	0	0	38.48	38.48	9.3755	3.093915	6.281585	0.04001	0.09001	0.072008
8/24/2020 0:00	8/24/2020	0	development	train	0	0	27.27	27.27	15.76356444	5.201976265	10.56158817	0.03789	0.08789	0.070312
8/24/2020 1:00	8/24/2020	1	development	train	0	0	28.5	28.5	16.39326444	5.409777265	10.98348717	0.03736	0.08736	0.069888
8/24/2020 2:00	8/24/2020	2	development	train	0	0	24.74	24.74	12.61840889	4.164074934	8.454333956	0.03725	0.08725	0.0698
8/24/2020 3:00	8/24/2020	3	development	train	0.0695714	0.0695714	24	24	10.37615333	3.424130599	6.952022731	0.03778	0.08778	0.070224
8/24/2020 4:00	8/24/2020	4	development	train	2.3366667	2.3366667	29.86	29.86	8.932353333	2.9476766	5.984676733	0.04871	0.09871	0.078968
8/24/2020 5:00	8/24/2020	5	development	train	6.9822501	6.9822501	28.86	28.86	12.31539889	4.064081634	8.251317256	0.06866	0.11866	0.094928
8/24/2020 6:00	8/24/2020	6	development	train	9.1936667	9.1936667	17.92	17.92	14.60082333	4.818271699	9.782551631	0.0711	0.1211	0.09688
8/24/2020 7:00	8/24/2020	7	development	train	22.9073335	22.9073335	43.19	43.19	16.70973333	5.514211999	11.19552133	0.07185	0.12185	0.09748
8/24/2020 8:00	8/24/2020	8	development	train	29.793917	29.793917	89.88	89.88	17.69972222	5.840908333	11.85881389	0.07163	0.12163	0.097304
8/24/2020 9:00	8/24/2020	9	development	train	41.130083	41.130083	44.05	44.05	17.22983111	5.685844266	11.54398684	0.07047	0.12047	0.096376
8/24/2020 10:00	8/24/2020	10	development	train	29.041	29.041	41.59	41.59	14.48922889	4.781445534	9.707783356	0.0693	0.1193	0.09544
8/24/2020 11:00	8/24/2020	11	development	train	29.63975	29.63975	49.92	49.92	11.55206889	3.812182734	7.739886156	0.06856	0.11856	0.094848
8/24/2020 12:00	8/24/2020	12	development	train	30.765083	30.765083	46.27	46.27	18.39759	6.0712047	12.3263853	0.06824	0.11824	0.094592
8/24/2020 13:00	8/24/2020	13	development	train	15.6714165	15.6714165	60.36	60.36	19.35180889	6.386096934	12.96571196	0.06728	0.11728	0.093824
8/24/2020 14:00	8/24/2020	14	development	train	15.283667	15.283667	67.16	67.16	20.32003556	6.705611735	13.61442383	0.0659	0.1159	0.09272
8/24/2020 15:00	8/24/2020	15	development	train	16.30125	16.30125	35.08	35.08	14.25340778	4.703624567	9.549783213	0.06336	0.11336	0.090688
8/24/2020 16:00	8/24/2020	16	development	train	4.9596666	4.9596666	46.16	46.16	16.11866444	5.319159265	10.79950517	0.06686	0.11686	0.093488
8/24/2020 17:00	8/24/2020	17	development	train	1.4900833	1.4900833	62.75	62.75	14.25744556	4.704957035	9.552488525	0.06633	0.11633	0.093064
8/24/2020 18:00	8/24/2020	18	development	train	0.0129166	0.0129166	42.62	42.62	14.22982333	4.695841699	9.533981631	0.06633	0.11633	0.093064
8/24/2020 19:00	8/24/2020	19	development	train	0	0	57.09	57.09	23.42193778	7.729239467	15.69269831	0.06368	0.11368	0.090944
8/24/2020 20:00	8/24/2020	20	development	train	0	0	43.94	43.94	18.71815556	6.176991335	12.54116423	0.0624	0.1124	0.08992
8/24/2020 21:00	8/24/2020	21	development	train	0	0	51.01	51.01	19.32534222	6.377362933	12.94797929	0.05317	0.10317	0.082536
8/24/2020 22:00	8/24/2020	22	development	train	0	0	55.5	55.5	14.24478667	4.700779601	9.544007069	0.06159	0.11159	0.089272
8/24/2020 23:00	8/24/2020	23	development	train	0	0	46.23	46.23	9.573944444	3.159401667	6.414542777	0.05872	0.10872	0.086976
8/25/2020 0:00	8/25/2020	0	development	train	0	0	23.76	23.76	12.28708778	4.054738967	8.232348813	0.05543	0.10543	0.084344
8/25/2020 1:00	8/25/2020	1	development	train	0	0	42.84	42.84	12.25481556	4.044089135	8.210726425	0.05458	0.10458	0.083664
8/25/2020 2:00	8/25/2020	2	development	train	0	0	37.67	37.67	13.46101111	4.442133666	9.018877444	0.05511	0.10511	0.084088
8/25/2020 3:00	8/25/2020	3	development	train	0	0	38.68	38.68	12.66709444	4.180141165	8.486953275	0.05989	0.10989	0.087912
8/25/2020 4:00	8/25/2020	4	development	train	0.321	0.321	35.91	35.91	15.23748444	5.028369865	10.20911457	0.06913	0.11913	0.095304
8/25/2020 5:00	8/25/2020	5	development	train	1.8109167	1.8109167	30.69	30.69	12.68568556	4.186276235	8.499409325	0.07189	0.12189	0.097512
8/25/2020 6:00	8/25/2020	6	development	train	5.07525	5.07525	61.58	61.58	16.75441111	5.528955666	11.22545544	0.07401	0.12401	0.099208
8/25/2020 7:00	8/25/2020	7	development	train	10.2076667	10.2076667	66.92	66.92	17.99405333	5.938037599	12.05601573	0.07497	0.12497	0.099976
8/25/2020 8:00	8/25/2020	8	development	train	8.1172501	8.1172501	58.16	58.16	15.14284444	4.997138665	10.14570577	0.07624	0.12624	0.100992
8/25/2020 9:00	8/25/2020	9	development	train	10.93325	10.93325	47.53	47.53	12.67197111	4.181750466	8.490220644	0.07614	0.12614	0.100912
8/25/2020 10:00	8/25/2020	10	development	train	8.439	8.439	51.05	51.05	14.01840778	4.626074567	9.392333213	0.07593	0.12593	0.100744
8/25/2020 11:00	8/25/2020	11	development	train	8.13375	8.13375	55.74	55.74	10.28985444	3.395651965	6.894202475	0.0772	0.1272	0.10176
8/25/2020 12:00	8/25/2020	12	development	train	7.8088333	7.8088333	42.13	42.13	13.16460222	4.344318733	8.820283487	0.07932	0.12932	0.103456
8/25/2020 13:00	8/25/2020	13	development	train	5.8448333	5.8448333	44.45	44.45	13.84236667	4.567981001	9.274385669	0.07954	0.12954	0.103632
8/25/2020 14:00	8/25/2020	14	development	train	3.3246666	3.3246666	28.73	28.73	17.45114444	5.758877665	11.69226677	0.07826	0.12826	0.102608
8/25/2020 15:00	8/25/2020	15	development	train	3.8126666	3.8126666	31.29	31.29	21.15909333	6.982500799	14.17659253	0.07932	0.12932	0.103456
8/25/2020 16:00	8/25/2020	16	development	train	3.1491665	3.1491665	37.94	37.94	21.02265556	6.937476335	14.08517923	0.07847	0.12847	0.102776
8/25/2020 17:00	8/25/2020	17	development	train	1.3346667	1.3346667	12.01	12.01	18.56546	6.1266018	12.4388582	0.07879	0.12879	0.103032
8/25/2020 18:00	8/25/2020	18	development	train	0.3098333	0.3098333	15.62	15.62	11.27930667	3.722171201	7.557135469	0.08028	0.13028	0.104224
8/25/2020 19:00	8/25/2020	19	development	train	0	0	12.45	12.45	11.84810778	3.909875567	7.938232213	0.08166	0.13166	0.105328
8/25/2020 20:00	8/25/2020	20	development	train	0	0	8.87	8.87	13.21316889	4.360345734	8.852823156	0.08039	0.13039	0.104312
8/25/2020 21:00	8/25/2020	21	development	train	0	0	4.82	4.82	14.42526444	4.760337265	9.664927175	0.07773	0.12773	0.102184
8/25/2020 22:00	8/25/2020	22	development	train	0	0	4.66	4.66	12.66982222	4.181041333	8.488780887	0.08163	0.13163	0.105304
8/25/2020 23:00	8/25/2020	23	development	train	0	0	4.42	4.42	11.19196	3.6933468	7.4986132	0.0811	0.1311	0.10488
8/26/2020 0:00	8/26/2020	0	development	train	0	0	2.11	2.11	12.99262222	4.287565333	8.705056887	0.08099	0.13099	0.104792
8/26/2020 1:00	8/26/2020	1	development	train	0	0	1.2	1.2	11.64239333	3.841989799	7.800403531	0.08089	0.13089	0.104712
8/26/2020 2:00	8/26/2020	2	development	train	0	0	0.78	0.78	11.76811778	3.883478867	7.884638913	0.08078	0.13078	0.104624
8/26/2020 3:00	8/26/2020	3	development	train	0	0	0.97	0.97	10.65417778	3.515878667	7.138299113	0.08173	0.13173	0.105384
8/26/2020 4:00	8/26/2020	4	development	train	0.4456667	0.4456667	6.3	6.3	12.57746222	4.150562533	8.426899687	0.08522	0.13522	0.108176
8/26/2020 5:00	8/26/2020	5	development	train	2.5973333	2.5973333	5.38	5.38	13.96790778	4.609409567	9.358498213	0.08945	0.13945	0.11156
8/26/2020 6:00	8/26/2020	6	development	train	13.8486665	13.8486665	-0.24	0	19.41292	6.4062636	13.0066564	0.08977	0.13977	0.111816
8/26/2020 7:00	8/26/2020	7	development	train	24.7398335	24.7398335	-0.28	0	17.64937111	5.824292466	11.82507864	0.09114	0.14114	0.112912
8/26/2020 8:00	8/26/2020	8	development	train	32.635666	32.635666	-0.28	0	15.16606667	5.004802001	10.16126467	0.0921	0.1421	0.11368
8/26/2020 9:00	8/26/2020	9	development	train	35.315333	35.315333	-0.28	0	10.95943333	3.616612999	7.342820331	0.09157	0.14157	0.113256
8/26/2020 10:00	8/26/2020	10	development	train	29.966167	29.966167	2.04	2.04	11.17921889	3.689142234	7.490076656	0.09061	0.14061	0.112488
8/26/2020 11:00	8/26/2020	11	development	train	25.0753335	25.0753335	0.18	0.18	9.751445556	3.217977033	6.533468523	0.09009	0.14009	0.112072
8/26/2020 12:00	8/26/2020	12	development	train	26.367333	26.367333	0.06	0.06	13.95559667	4.605346901	9.350249769	0.08945	0.13945	0.11156
8/26/2020 13:00	8/26/2020	13	development	train	8.9910834	8.9910834	-0.19	0	12.96068889	4.277027334	8.683661556	0.08924	0.13924	0.111392
8/26/2020 14:00	8/26/2020	14	development	train	21.0844165	21.0844165	-0.26	0	18.12173556	5.980172735	12.14156283	0.0885	0.1385	0.1108
8/26/2020 15:00	8/26/2020	15	development	train	9.406	9.406	2.53	2.53	13.23201667	4.366565501	8.865451169	0.08839	0.13839	0.110712
8/26/2020 16:00	8/26/2020	16	development	train	4.2289166	4.2289166	9.25	9.25	17.57740222	5.800542733	11.77685949	0.08829	0.13829	0.110632
8/26/2020 17:00	8/26/2020	17	development	train	2.1191667	2.1191667	9.41	9.41	19.76501333	6.522454399	13.24255893	0.0885	0.1385	0.1108
8/26/2020 18:00	8/26/2020	18	development	train	0.153	0.153	6.07	6.07	18.36450556	6.060286835	12.30421873	0.08987	0.13987	0.111896
8/26/2020 19:00	8/26/2020	19	development	train	0	0	2.54	2.54	16.84117556	5.557587935	11.28358763	0.09061	0.14061	0.112488
8/26/2020 20:00	8/26/2020	20	development	train	0	0	-0.3	0	18.07298333	5.964084499	12.10889883	0.08755	0.13755	0.11004
8/26/2020 21:00	8/26/2020	21	development	train	0	0	-0.24	0	14.16589111	4.674744066	9.491147044	0.08427	0.13427	0.107416
8/26/2020 22:00	8/26/2020	22	development	train	0	0	-0.25	0	9.728061111	3.210260167	6.517800944	0.09809	0.14809	0.118472
8/26/2020 23:00	8/26/2020	23	development	train	0	0	-0.24	0	9.110738889	3.006543833	6.104195056	0.09756	0.14756	0.118048
8/27/2020 0:00	8/27/2020	0	development	train	0	0	-0.25	0	11.72608	3.8696064	7.8564736	0.09724	0.14724	0.117792
8/27/2020 1:00	8/27/2020	1	development	train	0	0	2.93	2.93	11.55793667	3.814119101	7.743817569	0.09724	0.14724	0.117792
8/27/2020 2:00	8/27/2020	2	development	train	0	0	-0.32	0	15.88088889	5.240693334	10.64019556	0.09735	0.14735	0.11788
8/27/2020 3:00	8/27/2020	3	development	train	0	0	-0.29	0	9.451712222	3.119065033	6.332647189	0.09788	0.14788	0.118304
8/27/2020 4:00	8/27/2020	4	development	train	0.5279167	0.5279167	-0.29	0	11.18286556	3.690345635	7.492519925	0.10168	0.15168	0.121344
8/27/2020 5:00	8/27/2020	5	development	train	3.9308335	3.9308335	-0.3	0	12.13213111	4.003603266	8.128527844	0.11775	0.16775	0.1342
8/27/2020 6:00	8/27/2020	6	development	train	19.599417	19.599417	-0.27	0	18.55701667	6.123815501	12.43320117	0.12103	0.17103	0.136824
8/27/2020 7:00	8/27/2020	7	development	train	31.513999	31.513999	-0.3	0	12.41650444	4.097446465	8.319057975	0.1279	0.1779	0.14232
8/27/2020 8:00	8/27/2020	8	development	train	28.625667	28.625667	-0.25	0	17.84209222	5.887890433	11.95420179	0.1336	0.1836	0.14688
8/27/2020 9:00	8/27/2020	9	development	train	27.089417	27.089417	-0.26	0	12.79133222	4.221139633	8.570192587	0.12758	0.17758	0.142064
8/27/2020 10:00	8/27/2020	10	development	train	51.464418	51.464418	-0.25	0	12.25380444	4.043755465	8.210048975	0.11891	0.16891	0.135128
8/27/2020 11:00	8/27/2020	11	development	train	54.870084	54.870084	-0.26	0	8.818022222	2.909947333	5.908074889	0.11701	0.16701	0.133608
8/27/2020 12:00	8/27/2020	12	development	train	53.32575	53.32575	-0.25	0	14.40547778	4.753807667	9.651670113	0.10559	0.15559	0.124472
8/27/2020 13:00	8/27/2020	13	development	train	35.880333	35.880333	-0.29	0	12.52844889	4.134388134	8.394060756	0.10454	0.15454	0.123632
8/27/2020 14:00	8/27/2020	14	development	train	23.82025	23.82025	-0.26	0	16.59082778	5.474973167	11.11585461	0.10327	0.15327	0.122616
8/27/2020 15:00	8/27/2020	15	development	train	32.779	32.779	-0.27	0	10.38571222	3.427285033	6.958427187	0.10147	0.15147	0.121176
8/27/2020 16:00	8/27/2020	16	development	train	17.9560835	17.9560835	-0.25	0	9.385154444	3.097100967	6.288053477	0.10042	0.15042	0.120336
8/27/2020 17:00	8/27/2020	17	development	train	3.6103334	3.6103334	-0.26	0	11.44640667	3.777314201	7.669092469	0.10031	0.15031	0.120248
8/27/2020 18:00	8/27/2020	18	development	train	0.3689167	0.3689167	-0.25	0	14.24431	4.7006223	9.5436877	0.10126	0.15126	0.121008
8/27/2020 19:00	8/27/2020	19	development	train	0	0	-0.3	0	17.02233	5.6173689	11.4049611	0.10179	0.15179	0.121432
8/27/2020 20:00	8/27/2020	20	development	train	0	0	-0.3	0	16.65496889	5.496139734	11.15882916	0.09968	0.14968	0.119744
8/27/2020 21:00	8/27/2020	21	development	train	0	0	-0.24	0	17.0962	5.641746	11.454454	0.09746	0.14746	0.117968
8/27/2020 22:00	8/27/2020	22	development	train	0	0	-0.3	0	10.57601778	3.490085867	7.085931913	0.1162	0.1662	0.13296
8/27/2020 23:00	8/27/2020	23	development	train	0	0	-0.24	0	8.44135	2.7856455	5.6557045	0.11504	0.16504	0.132032
8/28/2020 0:00	8/28/2020	0	development	train	0	0	-0.24	0	11.92965333	3.936785599	7.992867731	0.11262	0.16262	0.130096
8/28/2020 1:00	8/28/2020	1	development	train	0	0	-0.27	0	13.85892	4.5734436	9.2854764	0.11241	0.16241	0.129928
8/28/2020 2:00	8/28/2020	2	development	train	0	0	-0.27	0	14.45408222	4.769847133	9.684235087	0.11262	0.16262	0.130096
8/28/2020 3:00	8/28/2020	3	development	train	0	0	-0.25	0	10.35151778	3.416000867	6.935516913	0.11589	0.16589	0.132712
8/28/2020 4:00	8/28/2020	4	development	train	0.8586667	0.8586667	-0.25	0	10.83814222	3.576586933	7.261555287	0.11852	0.16852	0.134816
8/28/2020 5:00	8/28/2020	5	development	train	2.8056666	2.8056666	-0.25	0	11.90872222	3.929878333	7.978843887	0.11989	0.16989	0.135912
8/28/2020 6:00	8/28/2020	6	development	train	5.7701665	5.7701665	-0.27	0	20.33959556	6.712066535	13.62752903	0.12105	0.17105	0.13684
8/28/2020 7:00	8/28/2020	7	development	train	12.6790832	12.6790832	-0.26	0	17.93336889	5.918011734	12.01535716	0.12157	0.17157	0.137256
8/28/2020 8:00	8/28/2020	8	development	train	32.9415	32.9415	-0.26	0	17.24516	5.6909028	11.5542572	0.12126	0.17126	0.137008
8/28/2020 9:00	8/28/2020	9	development	train	58.824248	58.824248	-0.27	0	10.73924444	3.543950665	7.195293775	0.12094	0.17094	0.136752
8/28/2020 10:00	8/28/2020	10	development	train	70.023	70.023	-0.29	0	12.08186667	3.987016001	8.094850669	0.12052	0.17052	0.136416
8/28/2020 11:00	8/28/2020	11	development	train	70.408418	70.408418	-0.29	0	12.10302222	3.993997333	8.109024887	0.11989	0.16989	0.135912
8/28/2020 12:00	8/28/2020	12	development	train	67.884584	67.884584	-0.26	0	14.56413667	4.806165101	9.757971569	0.1201	0.1701	0.13608
8/28/2020 13:00	8/28/2020	13	development	train	61.167166	61.167166	-0.3	0	13.21753556	4.361786735	8.855748825	0.11894	0.16894	0.135152
8/28/2020 14:00	8/28/2020	14	development	train	50.378167	50.378167	-0.27	0	16.60038889	5.478128334	11.12226056	0.11789	0.16789	0.134312
8/28/2020 15:00	8/28/2020	15	development	train	35.78725	35.78725	5.8	5.8	11.14733778	3.678621467	7.468716313	0.11704	0.16704	0.133632
8/28/2020 16:00	8/28/2020	16	development	train	21.3320005	21.3320005	17.71	17.71	12.52245111	4.132408866	8.390042244	0.11725	0.16725	0.1338
8/28/2020 17:00	8/28/2020	17	development	train	4.2674166	4.2674166	11.89	11.89	15.64461667	5.162723501	10.48189317	0.1181	0.1681	0.13448
8/28/2020 18:00	8/28/2020	18	development	train	0.2960834	0.2960834	9.45	9.45	17.42137778	5.749054667	11.67232311	0.11841	0.16841	0.134728
8/28/2020 19:00	8/28/2020	19	development	train	0	0	0.08	0.08	20.58929333	6.794466799	13.79482653	0.1182	0.1682	0.13456
8/28/2020 20:00	8/28/2020	20	development	train	0	0	-0.25	0	17.31150889	5.712797934	11.59871096	0.11768	0.16768	0.134144
8/28/2020 21:00	8/28/2020	21	development	train	0	0	-0.26	0	15.87354889	5.238271134	10.63527776	0.11673	0.16673	0.133384
8/28/2020 22:00	8/28/2020	22	development	train	0	0	-0.24	0	11.12228	3.6703524	7.4519276	0.13472	0.18472	0.147776
8/28/2020 23:00	8/28/2020	23	development	train	0	0	-0.25	0	8.087567778	2.668897367	5.418670411	0.13294	0.18294	0.146352
8/29/2020 0:00	8/29/2020	0	development	train	0	0	-0.25	0	11.04145333	3.643679599	7.397773731	0.1321	0.1821	0.14568
8/29/2020 1:00	8/29/2020	1	development	train	0	0	-0.25	0	13.01451333	4.294789399	8.719723931	0.132	0.182	0.1456
8/29/2020 2:00	8/29/2020	2	development	train	0	0	-0.25	0	12.69524556	4.189431035	8.505814525	0.13231	0.18231	0.145848
8/29/2020 3:00	8/29/2020	3	development	train	0	0	-0.25	0	12.74134778	4.204644767	8.536703013	0.13305	0.18305	0.14644
8/29/2020 4:00	8/29/2020	4	development	train	0	0	-0.27	0	13.02814889	4.299289134	8.728859756	0.13671	0.18671	0.149368
8/29/2020 5:00	8/29/2020	5	development	train	1.4875833	1.4875833	-0.26	0	10.11486667	3.337906001	6.776960669	0.14048	0.19048	0.152384
8/29/2020 6:00	8/29/2020	6	development	train	5.20375	5.20375	-0.24	0	17.48078889	5.768660334	11.71212856	0.14436	0.19436	0.155488
8/29/2020 7:00	8/29/2020	7	development	train	9.5985001	9.5985001	-0.3	0	16.66910556	5.500804835	11.16830073	0.14771	0.19771	0.158168
8/29/2020 8:00	8/29/2020	8	development	train	14.53825	14.53825	-0.24	0	15.61014222	5.151346933	10.45879529	0.15075	0.20075	0.1606
8/29/2020 9:00	8/29/2020	9	development	train	17.2086665	17.2086665	-0.31	0	9.724771111	3.209174467	6.515596644	0.15075	0.20075	0.1606
8/29/2020 10:00	8/29/2020	10	development	train	20.8345835	20.8345835	-0.25	0	9.36335	3.0899055	6.2734445	0.14949	0.19949	0.159592
8/29/2020 11:00	8/29/2020	11	development	train	26.319834	26.319834	-0.24	0	12.67542778	4.182891167	8.492536613	0.14719	0.19719	0.157752
8/29/2020 12:00	8/29/2020	12	development	train	22.2679165	22.2679165	-0.27	0	14.34738333	4.734636499	9.612746831	0.14446	0.19446	0.155568
8/29/2020 13:00	8/29/2020	13	development	train	21.315333	21.315333	-0.28	0	15.29042667	5.045840801	10.24458587	0.14289	0.19289	0.154312
8/29/2020 14:00	8/29/2020	14	development	train	44.941667	44.941667	-0.07	0	13.58440444	4.482853465	9.101550975	0.14258	0.19258	0.154064
8/29/2020 15:00	8/29/2020	15	development	train	28.18025	28.18025	6.82	6.82	12.47121222	4.115500033	8.355712187	0.14258	0.19258	0.154064
8/29/2020 16:00	8/29/2020	16	development	train	5.5959166	5.5959166	12.25	12.25	10.03285667	3.310842701	6.722013969	0.14237	0.19237	0.153896
8/29/2020 17:00	8/29/2020	17	development	train	1.1893333	1.1893333	8.2	8.2	16.24306667	5.360212001	10.88285467	0.1408	0.1908	0.15264
8/29/2020 18:00	8/29/2020	18	development	train	0.11125	0.11125	-0.28	0	20.60017778	6.798058667	13.80211911	0.14279	0.19279	0.154232
8/29/2020 19:00	8/29/2020	19	development	train	0	0	-0.24	0	14.04444222	4.634665933	9.409776287	0.143	0.193	0.1544
8/29/2020 20:00	8/29/2020	20	development	train	0	0	-0.27	0	11.70632333	3.863086699	7.843236631	0.14247	0.19247	0.153976
8/29/2020 21:00	8/29/2020	21	development	train	0	0	1.05	1.05	13.61112667	4.491671801	9.119454869	0.13912	0.18912	0.151296
8/29/2020 22:00	8/29/2020	22	development	train	0	0	-0.26	0	12.39972889	4.091910534	8.307818356	0.16278	0.21278	0.170224
8/29/2020 23:00	8/29/2020	23	development	train	0	0	-0.27	0	11.27626222	3.721166533	7.555095687	0.15681	0.20681	0.165448
8/30/2020 0:00	8/30/2020	0	development	train	0	0	-0.27	0	14.66942222	4.840909333	9.828512887	0.15587	0.20587	0.164696
8/30/2020 1:00	8/30/2020	1	development	train	0	0	7.24	7.24	12.59719778	4.157075267	8.440122513	0.15545	0.20545	0.16436
8/30/2020 2:00	8/30/2020	2	development	train	0	0	1.48	1.48	11.80639333	3.896109799	7.910283531	0.15514	0.20514	0.164112
8/30/2020 3:00	8/30/2020	3	development	train	0	0	-0.12	0	9.546641111	3.150391567	6.396249544	0.15566	0.20566	0.164528
8/30/2020 4:00	8/30/2020	4	development	train	0.2136666	0.2136666	-0.25	0	9.105574444	3.004839567	6.100734877	0.16267	0.21267	0.170136
8/30/2020 5:00	8/30/2020	5	development	train	0.8328333	0.8328333	-0.26	0	9.44954	3.1183482	6.3311918	0.16519	0.21519	0.172152
8/30/2020 6:00	8/30/2020	6	development	train	2.57825	2.57825	0.92	0.92	15.97532	5.2718556	10.7034644	0.16539	0.21539	0.172312
8/30/2020 7:00	8/30/2020	7	development	train	3.9060834	3.9060834	1.37	1.37	18.0386	5.952738	12.085862	0.16696	0.21696	0.173568
8/30/2020 8:00	8/30/2020	8	development	train	10.5584167	10.5584167	-0.25	0	18.11667667	5.978503301	12.13817337	0.16644	0.21644	0.173152
8/30/2020 9:00	8/30/2020	9	development	train	16.8440835	16.8440835	11.65	11.65	13.69468222	4.519245133	9.175437087	0.16644	0.21644	0.173152
8/30/2020 10:00	8/30/2020	10	development	train	40.143666	40.143666	-0.29	0	13.69763333	4.520218999	9.177414331	0.16592	0.21592	0.172736
8/30/2020 11:00	8/30/2020	11	development	train	56.501582	56.501582	0.68	0.68	11.83793222	3.906517633	7.931414587	0.1655	0.2155	0.1724
8/30/2020 12:00	8/30/2020	12	development	train	70.4915	70.4915	-0.28	0	14.10168	4.6535544	9.4481256	0.16466	0.21466	0.171728
8/30/2020 13:00	8/30/2020	13	development	train	48.800917	48.800917	22.29	22.29	17.45882	5.7614106	11.6974094	0.1632	0.2132	0.17056
8/30/2020 14:00	8/30/2020	14	development	train	43.608	43.608	32.61	32.61	15.88068222	5.240625133	10.64005709	0.16225	0.21225	0.1698
8/30/2020 15:00	8/30/2020	15	development	train	28.914833	28.914833	51.95	51.95	10.57001333	3.488104399	7.081908931	0.16278	0.21278	0.170224
8/30/2020 16:00	8/30/2020	16	development	train	8.5445	8.5445	43.91	43.91	13.35540444	4.407283465	8.948120975	0.16393	0.21393	0.171144
8/30/2020 17:00	8/30/2020	17	development	train	2.0493333	2.0493333	25.34	25.34	15.77006889	5.204122734	10.56594616	0.16519	0.21519	0.172152
8/30/2020 18:00	8/30/2020	18	development	train	0.4359167	0.4359167	-0.28	0	19.60292222	6.468964333	13.13395789	0.16623	0.21623	0.172984
8/30/2020 19:00	8/30/2020	19	development	train	0	0	9.43	9.43	21.59417333	7.126077199	14.46809613	0.16717	0.21717	0.173736
8/30/2020 20:00	8/30/2020	20	development	train	0	0	0.72	0.72	18.52706	6.1139298	12.4131302	0.16592	0.21592	0.172736
8/30/2020 21:00	8/30/2020	21	development	train	0	0	-0.28	0	16.44186667	5.425816001	11.01605067	0.16445	0.21445	0.17156
8/30/2020 22:00	8/30/2020	22	development	train	0	0	-0.31	0	12.67381333	4.182358399	8.491454931	0.17356	0.22356	0.178848
8/30/2020 23:00	8/30/2020	23	development	train	0	0	-0.27	0	10.00943222	3.303112633	6.706319587	0.17314	0.22314	0.178512
8/31/2020 0:00	8/31/2020	0	development	train	0	0	-0.26	0	12.85621222	4.242550033	8.613662187	0.17304	0.22304	0.178432
8/31/2020 1:00	8/31/2020	1	development	train	0	0	-0.27	0	12.78024444	4.217480665	8.562763775	0.17325	0.22325	0.1786
8/31/2020 2:00	8/31/2020	2	development	train	0	0	-0.26	0	12.88049111	4.250562066	8.629929044	0.17377	0.22377	0.179016
8/31/2020 3:00	8/31/2020	3	development	train	0	0	0.4	0.4	10.70453	3.5324949	7.1720351	0.17471	0.22471	0.179768
8/31/2020 4:00	8/31/2020	4	development	train	0.42025	0.42025	6.67	6.67	10.45739667	3.450940901	7.006455769	0.17597	0.22597	0.180776
8/31/2020 5:00	8/31/2020	5	development	train	4.4601666	4.4601666	2.4	2.4	10.51945111	3.471418866	7.048032244	0.18675	0.23675	0.1894
8/31/2020 6:00	8/31/2020	6	development	train	23.1346665	23.1346665	1.44	1.44	17.10335111	5.644105866	11.45924524	0.31174	0.36174	0.289392
8/31/2020 7:00	8/31/2020	7	development	train	38.740167	38.740167	-0.25	0	15.4058	5.083914	10.321886	0.30598	0.35598	0.284784
8/31/2020 8:00	8/31/2020	8	development	train	51.483584	51.483584	-0.25	0	15.70406667	5.182342001	10.52172467	0.29279	0.34279	0.274232
8/31/2020 9:00	8/31/2020	9	development	train	60.909334	60.909334	-0.3	0	12.96749778	4.279274267	8.688223513	0.27269	0.32269	0.258152
8/31/2020 10:00	8/31/2020	10	development	train	54.815166	54.815166	-0.3	0	13.98474222	4.614964933	9.369777287	0.25029	0.30029	0.240232
8/31/2020 11:00	8/31/2020	11	development	train	72.055668	72.055668	-0.32	0	12.12938	4.0026954	8.1266846	0.4407	0.4907	0.39256
8/31/2020 12:00	8/31/2020	12	development	train	68.838334	68.838334	-0.26	0	12.68106333	4.184750899	8.496312431	0.44311	0.49311	0.394488
8/31/2020 13:00	8/31/2020	13	development	train	60.2195	60.2195	-0.26	0	15.40833444	5.084750365	10.32358407	0.22799	0.27799	0.222392
8/31/2020 14:00	8/31/2020	14	development	train	47.636917	47.636917	-0.25	0	16.64785667	5.493792701	11.15406397	0.2081	0.2581	0.20648
8/31/2020 15:00	8/31/2020	15	development	train	29.284166	29.284166	-0.25	0	10.17896	3.3590568	6.8199032	0.19732	0.24732	0.197856
8/31/2020 16:00	8/31/2020	16	development	train	12.0458333	12.0458333	-0.25	0	16.28177556	5.372985935	10.90878963	0.19628	0.24628	0.197024
8/31/2020 17:00	8/31/2020	17	development	train	2.6780833	2.6780833	-0.25	0	11.50786111	3.797594166	7.710266944	0.19607	0.24607	0.196856
8/31/2020 18:00	8/31/2020	18	development	train	0.1357499	0.1357499	-0.27	0	15.74032889	5.194308534	10.54602036	0.19648	0.24648	0.197184
8/31/2020 19:00	8/31/2020	19	development	train	0	0	-0.27	0	18.69558889	6.169544334	12.52604456	0.1945	0.2445	0.1956
8/31/2020 20:00	8/31/2020	20	development	train	0	0	-0.28	0	19.00335333	6.271106599	12.73224673	0.18842	0.23842	0.190736
8/31/2020 21:00	8/31/2020	21	development	train	0	0	-0.25	0	15.60253556	5.148836735	10.45369883	0.17963	0.22963	0.183704
8/31/2020 22:00	8/31/2020	22	development	train	0	0	-0.26	0	10.09045222	3.329849233	6.760602987	0.18867	0.23867	0.190936
8/31/2020 23:00	8/31/2020	23	development	train	0	0	-0.27	0	10.39314	3.4297362	6.9634038	0.18303	0.23303	0.186424
9/1/2020 0:00	9/1/2020	0	development	train	0	0	-0.24	0	12.99313333	4.287733999	8.705399331	0.17718	0.22718	0.181744
9/1/2020 1:00	9/1/2020	1	development	train	0	0	-0.25	0	14.22304222	4.693603933	9.529438287	0.17687	0.22687	0.181496
9/1/2020 2:00	9/1/2020	2	development	train	0	0	-0.29	0	14.00979333	4.623231799	9.386561531	0.17718	0.22718	0.181744
9/1/2020 3:00	9/1/2020	3	development	train	0	0	-0.26	0	9.871717778	3.257666867	6.614050911	0.17885	0.22885	0.18308
9/1/2020 4:00	9/1/2020	4	development	train	0.3495833	0.3495833	-0.25	0	11.19904778	3.695685767	7.503362013	0.19055	0.24055	0.19244
9/1/2020 5:00	9/1/2020	5	development	train	4.3410834	4.3410834	1.99	1.99	11.30568	3.7308744	7.5748056	0.19901	0.24901	0.199208
9/1/2020 6:00	9/1/2020	6	development	train	17.7530005	17.7530005	0.91	0.91	16.98187222	5.604017833	11.37785439	0.20894	0.25894	0.207152
9/1/2020 7:00	9/1/2020	7	development	train	37.616751	37.616751	-0.24	0	17.37436889	5.733541734	11.64082716	0.21949	0.26949	0.215592
9/1/2020 8:00	9/1/2020	8	development	train	51.949166	51.949166	-0.3	0	17.82730667	5.883011201	11.94429547	0.21594	0.26594	0.212752
9/1/2020 9:00	9/1/2020	9	development	train	61.926752	61.926752	-0.26	0	12.45332667	4.109597801	8.343728869	0.20006	0.25006	0.200048
9/1/2020 10:00	9/1/2020	10	development	train	67.898666	67.898666	-0.27	0	10.22705111	3.374926866	6.852124244	0.19912	0.24912	0.199296
9/1/2020 11:00	9/1/2020	11	development	train	69.334834	69.334834	5.26	5.26	11.45614889	3.780529134	7.675619756	0.1987	0.2487	0.19896
9/1/2020 12:00	9/1/2020	12	development	train	66.588582	66.588582	12.3	12.3	15.69875444	5.180588965	10.51816547	0.19619	0.24619	0.196952
9/1/2020 13:00	9/1/2020	13	development	train	59.426584	59.426584	2.62	2.62	16.18509778	5.341082267	10.84401551	0.19504	0.24504	0.196032
9/1/2020 14:00	9/1/2020	14	development	train	47.941499	47.941499	1.62	1.62	16.95661	5.5956813	11.3609287	0.19494	0.24494	0.195952
9/1/2020 15:00	9/1/2020	15	development	train	32.828083	32.828083	8.55	8.55	10.61292	3.5022636	7.1106564	0.19421	0.24421	0.195368
9/1/2020 16:00	9/1/2020	16	development	train	15.2711665	15.2711665	0.84	0.84	11.48037333	3.788523199	7.691850131	0.19389	0.24389	0.195112
9/1/2020 17:00	9/1/2020	17	development	train	2.4980833	2.4980833	-0.29	0	15.24110222	5.029563733	10.21153849	0.194	0.244	0.1952
9/1/2020 18:00	9/1/2020	18	development	train	0.1026364	0.1026364	3.81	3.81	19.50035556	6.435117335	13.06523823	0.19682	0.24682	0.197456
9/1/2020 19:00	9/1/2020	19	development	train	0	0	1.47	1.47	18.00793111	5.942617266	12.06531384	0.19766	0.24766	0.198128
9/1/2020 20:00	9/1/2020	20	development	train	0	0	-0.25	0	18.49993667	6.104979101	12.39495757	0.19431	0.24431	0.195448
9/1/2020 21:00	9/1/2020	21	development	train	0	0	-0.28	0	14.24582444	4.701122065	9.544702375	0.19097	0.24097	0.192776
9/1/2020 22:00	9/1/2020	22	development	train	0	0	-0.29	0	12.91711667	4.262648501	8.654468169	0.19859	0.24859	0.198872
9/1/2020 23:00	9/1/2020	23	development	train	0	0	-0.27	0	8.663075556	2.858814933	5.804260623	0.19755	0.24755	0.19804
9/2/2020 0:00	9/2/2020	0	development	train	0	0	-0.27	0	14.65104889	4.834846134	9.816202756	0.19703	0.24703	0.197624
9/2/2020 1:00	9/2/2020	1	development	train	0	0	-0.27	0	13.16816667	4.345495001	8.822671669	0.19723	0.24723	0.197784
9/2/2020 2:00	9/2/2020	2	development	train	0	0	2.31	2.31	11.76143556	3.881273735	7.880161825	0.19755	0.24755	0.19804
9/2/2020 3:00	9/2/2020	3	development	train	0	0	6.64	6.64	16.40067111	5.412221466	10.98844964	0.1987	0.2487	0.19896
9/2/2020 4:00	9/2/2020	4	development	train	0.2851667	0.2851667	5.01	5.01	14.22424889	4.694002134	9.530246756	0.1988	0.2488	0.19904
9/2/2020 5:00	9/2/2020	5	development	train	3.8109999	3.8109999	3.25	3.25	15.94899111	5.263167066	10.68582404	0.21258	0.26258	0.210064
9/2/2020 6:00	9/2/2020	6	development	train	12.4015833	12.4015833	-0.28	0	19.80509333	6.535680799	13.26941253	0.20736	0.25736	0.205888
9/2/2020 7:00	9/2/2020	7	development	train	36.613584	36.613584	-0.29	0	17.88344667	5.901537401	11.98190927	0.21278	0.26278	0.210224
9/2/2020 8:00	9/2/2020	8	development	train	51.230498	51.230498	0.79	0.79	13.37955222	4.415252233	8.964299987	0.21477	0.26477	0.211816
9/2/2020 9:00	9/2/2020	9	development	train	61.153334	61.153334	1.01	1.01	10.42910222	3.441603733	6.987498487	0.21456	0.26456	0.211648
9/2/2020 10:00	9/2/2020	10	development	train	66.838418	66.838418	-0.27	0	11.04151667	3.643700501	7.397816169	0.21404	0.26404	0.211232
9/2/2020 11:00	9/2/2020	11	development	train	68.424416	68.424416	1.26	1.26	12.69251	4.1885283	8.5039817	0.21278	0.26278	0.210224
9/2/2020 12:00	9/2/2020	12	development	train	65.153166	65.153166	3.89	3.89	15.92789111	5.256204066	10.67168704	0.21289	0.26289	0.210312
9/2/2020 13:00	9/2/2020	13	development	train	58.385834	58.385834	6.39	6.39	23.97209111	7.910790066	16.06130104	0.21435	0.26435	0.21148
9/2/2020 14:00	9/2/2020	14	development	train	47.333416	47.333416	11.44	11.44	14.95672667	4.935719801	10.02100687	0.21268	0.26268	0.210144
9/2/2020 15:00	9/2/2020	15	development	train	32.3305	32.3305	0.53	0.53	10.64963556	3.514379735	7.135255825	0.21091	0.26091	0.208728
9/2/2020 16:00	9/2/2020	16	development	train	14.8155835	14.8155835	6.82	6.82	15.51436667	5.119741001	10.39462567	0.21738	0.26738	0.213904
9/2/2020 17:00	9/2/2020	17	development	train	2.2425834	2.2425834	88.05	88.05	10.20708444	3.368337865	6.838746575	0.20955	0.25955	0.20764
9/2/2020 18:00	9/2/2020	18	development	train	0.0723	0.0723	108.91	108.91	9.426812222	3.110848033	6.315964189	0.19703	0.24703	0.197624
9/2/2020 19:00	9/2/2020	19	development	train	0	0	103.65	103.65	10.37861111	3.424941666	6.953669444	0.19358	0.24358	0.194864
9/2/2020 20:00	9/2/2020	20	development	train	0	0	110.15	110.15	14.22450222	4.694085733	9.530416487	0.19045	0.24045	0.19236
9/2/2020 21:00	9/2/2020	21	development	train	0	0	125.56	125.56	14.55050889	4.801667934	9.748840956	0.18722	0.23722	0.189776
9/2/2020 22:00	9/2/2020	22	development	train	0	0	136.56	136.56	10.29496556	3.397338635	6.897626925	0.1578	0.2078	0.16624
9/2/2020 23:00	9/2/2020	23	development	train	0	0	135.84	135.84	8.060373889	2.659923383	5.400450506	0.14959	0.19959	0.159672
9/3/2020 0:00	9/3/2020	0	development	train	0	0	0	0	11.42068667	3.768826601	7.651860069	0.1447	0.1947	0.15576
9/3/2020 1:00	9/3/2020	1	development	train	0	0	0	0	12.01098333	3.963624499	8.047358831	0.14147	0.19147	0.153176
9/3/2020 2:00	9/3/2020	2	development	train	0	0	0	0	12.84234222	4.237972933	8.604369287	0.14178	0.19178	0.153424
9/3/2020 3:00	9/3/2020	3	development	train	0	0	0	0	9.808468889	3.236794733	6.571674156	0.14782	0.19782	0.158256
9/3/2020 4:00	9/3/2020	4	development	train	0.2251666	0.2251666	0	0	16.29850667	5.378507201	10.91999947	0.17362	0.22362	0.178896
9/3/2020 5:00	9/3/2020	5	development	train	3.3383333	3.3383333	0	0	11.72643778	3.869724467	7.856713313	0.19203	0.24203	0.193624
9/3/2020 6:00	9/3/2020	6	development	train	19.29275	19.29275	88.59	88.59	13.77846667	4.546894001	9.231572669	0.21013	0.26013	0.208104
9/3/2020 7:00	9/3/2020	7	development	train	37.776584	37.776584	51.4	51.4	14.15807222	4.672163833	9.485908387	0.20888	0.25888	0.207104
9/3/2020 8:00	9/3/2020	8	development	train	53.278334	53.278334	135.43	135.43	17.19861778	5.675543867	11.52307391	0.20836	0.25836	0.206688
9/3/2020 9:00	9/3/2020	9	development	train	63.861668	63.861668	119.15	119.15	11.32998222	3.738894133	7.591088087	0.18995	0.23995	0.19196
9/3/2020 10:00	9/3/2020	10	development	train	70.212084	70.212084	105.7	105.7	9.647084444	3.183537867	6.463546577	0.20035	0.25035	0.20028
9/3/2020 11:00	9/3/2020	11	development	train	53.22925	53.22925	113.73	113.73	9.069075	2.99279475	6.07628025	0.19609	0.24609	0.196872
9/3/2020 12:00	9/3/2020	12	development	train	44.839667	44.839667	103.43	103.43	15.34866	5.0650578	10.2836022	0.20066	0.25066	0.200528
9/3/2020 13:00	9/3/2020	13	development	train	43.63275	43.63275	102.18	102.18	15.45909778	5.101502267	10.35759551	0.20253	0.25253	0.202024
9/3/2020 14:00	9/3/2020	14	development	train	23.251583	23.251583	97.75	97.75	12.34844667	4.074987401	8.273459269	0.20815	0.25815	0.20652
9/3/2020 15:00	9/3/2020	15	development	train	12.5378332	12.5378332	65.13	65.13	8.401523333	2.7725027	5.629020633	0.20711	0.25711	0.205688
9/3/2020 16:00	9/3/2020	16	development	train	4.1826668	4.1826668	31.64	31.64	11.50478222	3.796578133	7.708204087	0.20285	0.25285	0.20228
9/3/2020 17:00	9/3/2020	17	development	train	1.1228333	1.1228333	86.62	86.62	11.79608889	3.892709334	7.903379556	0.20337	0.25337	0.202696
9/3/2020 18:00	9/3/2020	18	development	train	0	0	86.56	86.56	16.01314556	5.284338035	10.72880753	0.2043	0.2543	0.20344
9/3/2020 19:00	9/3/2020	19	development	train	0	0	30.44	30.44	15.88132	5.2408356	10.6404844	0.19369	0.24369	0.194952
9/3/2020 20:00	9/3/2020	20	development	train	0	0	35.75	35.75	17.11651111	5.648448666	11.46806244	0.18599	0.23599	0.188792
9/3/2020 21:00	9/3/2020	21	development	train	0	0	55.44	55.44	18.83406222	6.215240533	12.61882169	0.17434	0.22434	0.179472
9/3/2020 22:00	9/3/2020	22	development	train	0	0	71.39	71.39	8.900060556	2.937019983	5.963040573	0.17235	0.22235	0.17788
9/3/2020 23:00	9/3/2020	23	development	train	0	0	64.77	64.77	8.309315556	2.742074133	5.567241423	0.16983	0.21983	0.175864
9/4/2020 0:00	9/4/2020	0	development	train	0	0	46.43	46.43	10.94907333	3.613194199	7.335879131	0.16909	0.21909	0.175272
9/4/2020 1:00	9/4/2020	1	development	train	0	0	24.98	24.98	12.08632333	3.988486699	8.097836631	0.17982	0.22982	0.183856
9/4/2020 2:00	9/4/2020	2	development	train	0	0	12.33	12.33	14.39550889	4.750517934	9.644990956	0.1856	0.2356	0.18848
9/4/2020 3:00	9/4/2020	3	development	train	0	0	8.57	8.57	9.014328889	2.974728533	6.039600356	0.18823	0.23823	0.190584
9/4/2020 4:00	9/4/2020	4	development	train	0.0903667	0.0903667	-0.34	0	13.07863556	4.315949735	8.762685825	0.1937	0.2437	0.19496
9/4/2020 5:00	9/4/2020	5	development	train	1.9133334	1.9133334	-0.26	0	12.95449444	4.274983165	8.679511275	0.1918	0.2418	0.19344
9/4/2020 6:00	9/4/2020	6	development	train	6.80525	6.80525	-0.3	0	17.66014889	5.827849134	11.83229976	0.19916	0.24916	0.199328
9/4/2020 7:00	9/4/2020	7	development	train	14.05275	14.05275	-0.26	0	16.69276111	5.508611166	11.18414994	0.20421	0.25421	0.203368
9/4/2020 8:00	9/4/2020	8	development	train	17.441583	17.441583	-0.31	0	13.38091778	4.415702867	8.965214913	0.20211	0.25211	0.201688
9/4/2020 9:00	9/4/2020	9	development	train	27.52475	27.52475	-0.28	0	10.85046444	3.580653265	7.269811175	0.19948	0.24948	0.199584
9/4/2020 10:00	9/4/2020	10	development	train	59.166166	59.166166	-0.27	0	8.039521667	2.65304215	5.386479517	0.19538	0.24538	0.196304
9/4/2020 11:00	9/4/2020	11	development	train	67.849666	67.849666	-0.25	0	10.05444	3.3179652	6.7364748	0.19412	0.24412	0.195296
9/4/2020 12:00	9/4/2020	12	development	train	48.456	48.456	-0.25	0	17.48746222	5.770862533	11.71659969	0.19306	0.24306	0.194448
9/4/2020 13:00	9/4/2020	13	development	train	9.0879166	9.0879166	-0.26	0	14.31153556	4.722806735	9.588728825	0.19149	0.24149	0.193192
9/4/2020 14:00	9/4/2020	14	development	train	6.6766666	6.6766666	-0.27	0	14.96633222	4.938889633	10.02744259	0.18686	0.23686	0.189488
9/4/2020 15:00	9/4/2020	15	development	train	5.04475	5.04475	0.55	0.55	11.02400444	3.637921465	7.386082975	0.18623	0.23623	0.188984
9/4/2020 16:00	9/4/2020	16	development	train	4.5319166	4.5319166	-0.26	0	9.325908889	3.077549933	6.248358956	0.18612	0.23612	0.188896
9/4/2020 17:00	9/4/2020	17	development	train	0.1255	0.1255	7.58	7.58	15.51998889	5.121596334	10.39839256	0.18665	0.23665	0.18932
9/4/2020 18:00	9/4/2020	18	development	train	0	0	-0.46	0	17.07416889	5.634475734	11.43969316	0.18676	0.23676	0.189408
9/4/2020 19:00	9/4/2020	19	development	train	0	0	-0.3	0	13.14347667	4.337347301	8.806129369	0.18749	0.23749	0.189992
9/4/2020 20:00	9/4/2020	20	development	train	0	0	-0.34	0	11.78488333	3.889011499	7.895871831	0.18665	0.23665	0.18932
9/4/2020 21:00	9/4/2020	21	development	train	0	0	-0.3	0	12.80112	4.2243696	8.5767504	0.18024	0.23024	0.184192
9/4/2020 22:00	9/4/2020	22	development	train	0	0	-0.26	0	10.13640556	3.345013835	6.791391725	0.17131	0.22131	0.177048
9/4/2020 23:00	9/4/2020	23	development	train	0	0	-0.33	0	12.18724889	4.021792134	8.165456756	0.16878	0.21878	0.175024
9/5/2020 0:00	9/5/2020	0	development	train	0	0	-0.29	0	12.01186444	3.963915265	8.047949175	0.16741	0.21741	0.173928
9/5/2020 1:00	9/5/2020	1	development	train	0	0	-0.33	0	12.69497444	4.189341565	8.505632875	0.16741	0.21741	0.173928
9/5/2020 2:00	9/5/2020	2	development	train	0	0	-0.26	0	11.68627	3.8564691	7.8298009	0.16741	0.21741	0.173928
9/5/2020 3:00	9/5/2020	3	development	train	0	0	-0.28	0	8.201798333	2.70659345	5.495204883	0.16825	0.21825	0.1746
9/5/2020 4:00	9/5/2020	4	development	train	0.0365454	0.0365454	-0.25	0	11.31658444	3.734472865	7.582111575	0.17078	0.22078	0.176624
9/5/2020 5:00	9/5/2020	5	development	train	1.6948333	1.6948333	-0.26	0	15.07138444	4.973556865	10.09782757	0.17299	0.22299	0.178392
9/5/2020 6:00	9/5/2020	6	development	train	6.9911667	6.9911667	-0.28	0	18.79394222	6.202000933	12.59194129	0.17489	0.22489	0.179912
9/5/2020 7:00	9/5/2020	7	development	train	28.85125	28.85125	-0.29	0	16.36984889	5.402050134	10.96779876	0.18753	0.23753	0.190024
9/5/2020 8:00	9/5/2020	8	development	train	24.2275	24.2275	-0.31	0	20.11943111	6.639412266	13.48001884	0.18922	0.23922	0.191376
9/5/2020 9:00	9/5/2020	9	development	train	49.189166	49.189166	-0.29	0	12.06167444	3.980352565	8.081321875	0.18848	0.23848	0.190784
9/5/2020 10:00	9/5/2020	10	development	train	45.42275	45.42275	-0.25	0	14.09740333	4.652143099	9.445260231	0.18658	0.23658	0.189264
9/5/2020 11:00	9/5/2020	11	development	train	51.049583	51.049583	-0.25	0	13.18636667	4.351501001	8.834865669	0.18353	0.23353	0.186824
9/5/2020 12:00	9/5/2020	12	development	train	50.185918	50.185918	-0.32	0	16.02427444	5.288010565	10.73626387	0.18153	0.23153	0.185224
9/5/2020 13:00	9/5/2020	13	development	train	24.2356665	24.2356665	-0.31	0	18.68589333	6.166344799	12.51954853	0.18037	0.23037	0.184296
9/5/2020 14:00	9/5/2020	14	development	train	7.3801667	7.3801667	-0.29	0	16.70636778	5.513101367	11.19326641	0.18068	0.23068	0.184544
9/5/2020 15:00	9/5/2020	15	development	train	5.0686668	5.0686668	-0.27	0	12.21622778	4.031355167	8.184872613	0.18342	0.23342	0.186736
9/5/2020 16:00	9/5/2020	16	development	train	1.8135834	1.8135834	-0.28	0	12.16726444	4.015197265	8.152067175	0.18616	0.23616	0.188928
9/5/2020 17:00	9/5/2020	17	development	train	1.011	1.011	-0.28	0	20.96793778	6.919419467	14.04851831	0.18848	0.23848	0.190784
9/5/2020 18:00	9/5/2020	18	development	train	0	0	-0.24	0	20.13422222	6.644293333	13.48992889	0.18859	0.23859	0.190872
9/5/2020 19:00	9/5/2020	19	development	train	0	0	-0.28	0	15.16618778	5.004841967	10.16134581	0.1869	0.2369	0.18952
9/5/2020 20:00	9/5/2020	20	development	train	0	0	-0.28	0	15.15385	5.0007705	10.1530795	0.18269	0.23269	0.186152
9/5/2020 21:00	9/5/2020	21	development	train	0	0	-0.25	0	14.40086556	4.752285635	9.648579925	0.17847	0.22847	0.182776
9/5/2020 22:00	9/5/2020	22	development	train	0	0	-0.25	0	11.81966	3.9004878	7.9191722	0.18557	0.23557	0.188456
9/5/2020 23:00	9/5/2020	23	development	train	0	0	-0.32	0	9.600385556	3.168127233	6.432258323	0.18451	0.23451	0.187608
9/6/2020 0:00	9/6/2020	0	development	train	0	0	-0.24	0	12.79678667	4.222939601	8.573847069	0.18335	0.23335	0.18668
9/6/2020 1:00	9/6/2020	1	development	train	0	0	1.86	1.86	14.07342333	4.644229699	9.429193631	0.18462	0.23462	0.187696
9/6/2020 2:00	9/6/2020	2	development	train	0	0	1.36	1.36	15.38150444	5.075896465	10.30560797	0.18515	0.23515	0.18812
9/6/2020 3:00	9/6/2020	3	development	train	0	0	4.1	4.1	9.017340556	2.975722383	6.041618173	0.18546	0.23546	0.188368
9/6/2020 4:00	9/6/2020	4	development	train	0.0059091	0.0059091	3.78	3.78	9.477692222	3.127638433	6.350053789	0.18589	0.23589	0.188712
9/6/2020 5:00	9/6/2020	5	development	train	0.8580834	0.8580834	2.6	2.6	10.16248889	3.353621334	6.808867556	0.18694	0.23694	0.189552
9/6/2020 6:00	9/6/2020	6	development	train	3.1800833	3.1800833	-0.25	0	16.78116222	5.537783533	11.24337869	0.18895	0.23895	0.19116
9/6/2020 7:00	9/6/2020	7	development	train	9.519	9.519	2.15	2.15	23.08600222	7.618380733	15.46762149	0.1899	0.2399	0.19192
9/6/2020 8:00	9/6/2020	8	development	train	13.40475	13.40475	-0.27	0	18.35753333	6.057985999	12.29954733	0.19033	0.24033	0.192264
9/6/2020 9:00	9/6/2020	9	development	train	16.2453335	16.2453335	-0.27	0	11.53086222	3.805184533	7.725677687	0.1899	0.2399	0.19192
9/6/2020 10:00	9/6/2020	10	development	train	45.6145	45.6145	-0.32	0	16.13413778	5.324265467	10.80987231	0.18969	0.23969	0.191752
9/6/2020 11:00	9/6/2020	11	development	train	62.218166	62.218166	-0.3	0	14.66531222	4.839553033	9.825759187	0.18895	0.23895	0.19116
9/6/2020 12:00	9/6/2020	12	development	train	60.19975	60.19975	-0.24	0	20.36247111	6.719615466	13.64285564	0.18885	0.23885	0.19108
9/6/2020 13:00	9/6/2020	13	development	train	57.6635	57.6635	-0.27	0	22.12784222	7.302187933	14.82565429	0.18853	0.23853	0.190824
9/6/2020 14:00	9/6/2020	14	development	train	36.803167	36.803167	4.09	4.09	14.42798889	4.761236334	9.666752556	0.18863	0.23863	0.190904
9/6/2020 15:00	9/6/2020	15	development	train	15.5585835	15.5585835	13.74	13.74	15.30144444	5.049476665	10.25196777	0.18885	0.23885	0.19108
9/6/2020 16:00	9/6/2020	16	development	train	13.109417	13.109417	12.32	12.32	10.16878	3.3556974	6.8130826	0.18937	0.23937	0.191496
9/6/2020 17:00	9/6/2020	17	development	train	1.4164167	1.4164167	0.74	0.74	12.28343333	4.053532999	8.229900331	0.19001	0.24001	0.192008
9/6/2020 18:00	9/6/2020	18	development	train	0	0	-0.26	0	17.23819556	5.688604535	11.54959103	0.19191	0.24191	0.193528
9/6/2020 19:00	9/6/2020	19	development	train	0	0	-0.26	0	16.62401111	5.485923666	11.13808744	0.19181	0.24181	0.193448
9/6/2020 20:00	9/6/2020	20	development	train	0	0	0.22	0.22	16.07322444	5.304164065	10.76906037	0.18969	0.23969	0.191752
9/6/2020 21:00	9/6/2020	21	development	train	0	0	10.4	10.4	12.52627556	4.133670935	8.392604625	0.18853	0.23853	0.190824
9/6/2020 22:00	9/6/2020	22	development	train	0	0	11.23	11.23	13.34708333	4.404537499	8.942545831	0.18229	0.23229	0.185832
9/6/2020 23:00	9/6/2020	23	development	train	0	0	14.87	14.87	9.958324444	3.286247067	6.672077377	0.17996	0.22996	0.183968
9/7/2020 0:00	9/7/2020	0	development	train	0	0	13.24	13.24	15.03103222	4.960240633	10.07079159	0.17499	0.22499	0.179992
9/7/2020 1:00	9/7/2020	1	development	train	0	0	15.21	15.21	13.94818667	4.602901601	9.345285069	0.17341	0.22341	0.178728
9/7/2020 2:00	9/7/2020	2	development	train	0	0	21.77	21.77	14.37517444	4.743807565	9.631366875	0.17383	0.22383	0.179064
9/7/2020 3:00	9/7/2020	3	development	train	0	0	30.46	30.46	15.79111111	5.211066666	10.58004444	0.17827	0.22827	0.182616
9/7/2020 4:00	9/7/2020	4	development	train	0.1582728	0.1582728	24.93	24.93	15.54371556	5.129426135	10.41428943	0.18018	0.23018	0.184144
9/7/2020 5:00	9/7/2020	5	development	train	3.8219165	3.8219165	20.03	20.03	12.10193778	3.993639467	8.108298313	0.19889	0.24889	0.199112
9/7/2020 6:00	9/7/2020	6	development	train	6.0843333	6.0843333	12.22	12.22	18.33260778	6.049760567	12.28284721	0.21644	0.26644	0.213152
9/7/2020 7:00	9/7/2020	7	development	train	24.9425835	24.9425835	1.26	1.26	15.58722889	5.143785534	10.44344336	0.21613	0.26613	0.212904
9/7/2020 8:00	9/7/2020	8	development	train	39.601834	39.601834	11.51	11.51	14.47130222	4.775529733	9.695772487	0.21549	0.26549	0.212392
9/7/2020 9:00	9/7/2020	9	development	train	32.376999	32.376999	8.49	8.49	18.34108	6.0525564	12.2885236	0.20037	0.25037	0.200296
9/7/2020 10:00	9/7/2020	10	development	train	22.4694165	22.4694165	0.94	0.94	14.61609111	4.823310066	9.792781044	0.19614	0.24614	0.196912
9/7/2020 11:00	9/7/2020	11	development	train	24.949333	24.949333	-0.26	0	13.46438889	4.443248334	9.021140556	0.19128	0.24128	0.193024
9/7/2020 12:00	9/7/2020	12	development	train	11.8896665	11.8896665	2.22	2.22	14.43029	4.7619957	9.6682943	0.19086	0.24086	0.192688
9/7/2020 13:00	9/7/2020	13	development	train	5.0027502	5.0027502	-0.3	0	15.27364778	5.040303767	10.23334401	0.19043	0.24043	0.192344
9/7/2020 14:00	9/7/2020	14	development	train	2.4310128	2.4310128	-0.29	0	17.19312	5.6737296	11.5193904	0.18705	0.23705	0.18964
9/7/2020 15:00	9/7/2020	15	development	train	0.9906818	0.9906818	-0.34	0	12.35635222	4.077596233	8.278755987	0.18229	0.23229	0.185832
9/7/2020 16:00	9/7/2020	16	development	train	0.2814999	0.2814999	20.71	20.71	11.66723222	3.850186633	7.817045587	0.17447	0.22447	0.179576
9/7/2020 17:00	9/7/2020	17	development	train	0.0039999	0.0039999	72.6	72.6	13.10299333	4.323987799	8.779005531	0.15744	0.20744	0.165952
9/7/2020 18:00	9/7/2020	18	development	train	0	0	75.88	75.88	19.92686667	6.575866001	13.35100067	0.1566	0.2066	0.16528
9/7/2020 19:00	9/7/2020	19	development	train	0	0	105.62	105.62	20.21231333	6.670063399	13.54224993	0.15279	0.20279	0.162232
9/7/2020 20:00	9/7/2020	20	development	train	0	0	79.87	79.87	18.81200222	6.207960733	12.60404149	0.14962	0.19962	0.159696
9/7/2020 21:00	9/7/2020	21	development	train	0	0	17.65	17.65	19.30843333	6.371782999	12.93665033	0.12414	0.17414	0.139312
9/7/2020 22:00	9/7/2020	22	development	train	0	0	-0.39	0	16.01560222	5.285148733	10.73045349	0.10487	0.15487	0.123896
9/7/2020 23:00	9/7/2020	23	development	train	0	0	-0.31	0	8.78727	2.8997991	5.8874709	0.10075	0.15075	0.1206
9/8/2020 0:00	9/8/2020	0	development	train	0	0	10.25	10.25	12.14662	4.0083846	8.1382354	0.09843	0.14843	0.118744
9/8/2020 1:00	9/8/2020	1	development	train	0	0	21.57	21.57	14.02663889	4.628790834	9.397848056	0.09801	0.14801	0.118408
9/8/2020 2:00	9/8/2020	2	development	train	0	0	17.13	17.13	15.89667778	5.245903667	10.65077411	0.09727	0.14727	0.117816
9/8/2020 3:00	9/8/2020	3	development	train	0	0	13.76	13.76	14.75729333	4.869906799	9.887386531	0.09769	0.14769	0.118152
9/8/2020 4:00	9/8/2020	4	development	train	0.126	0.126	25.8	25.8	10.02953111	3.309745266	6.719785844	0.10466	0.15466	0.123728
9/8/2020 5:00	9/8/2020	5	development	train	1.0239999	1.0239999	14.15	14.15	10.74233444	3.544970365	7.197364075	0.13022	0.18022	0.144176
9/8/2020 6:00	9/8/2020	6	development	train	2.5119999	2.5119999	22.4	22.4	17.12151556	5.650100135	11.47141543	0.15609	0.20609	0.164872
9/8/2020 7:00	9/8/2020	7	development	train	1.9018749	1.9018749	18.53	18.53	20.23229778	6.676658267	13.55563951	0.15557	0.20557	0.164456
9/8/2020 8:00	9/8/2020	8	development	train	10.9895001	10.9895001	15.68	15.68	15.28630222	5.044479733	10.24182249	0.15472	0.20472	0.163776
9/8/2020 9:00	9/8/2020	9	development	train	12.0422499	12.0422499	27.32	27.32	10.47825667	3.457824701	7.020431969	0.14838	0.19838	0.158704
9/8/2020 10:00	9/8/2020	10	development	train	23.0745	23.0745	27.36	27.36	10.98722889	3.625785534	7.361443356	0.13856	0.18856	0.150848
9/8/2020 11:00	9/8/2020	11	development	train	23.7392505	23.7392505	32.53	32.53	11.72213444	3.868304365	7.853830075	0.12705	0.17705	0.14164
9/8/2020 12:00	9/8/2020	12	development	train	18.4602495	18.4602495	48.57	48.57	15.89820444	5.246407465	10.65179697	0.12325	0.17325	0.1386
9/8/2020 13:00	9/8/2020	13	development	train	19.4125005	19.4125005	64.77	64.77	16.76463778	5.532330467	11.23230731	0.11216	0.16216	0.129728
9/8/2020 14:00	9/8/2020	14	development	train	7.74525	7.74525	53.1	53.1	16.18643889	5.341524834	10.84491406	0.10772	0.15772	0.126176
9/8/2020 15:00	9/8/2020	15	development	train	25.715001	25.715001	17.67	17.67	13.54338667	4.469317601	9.074069069	0.1053	0.1553	0.12424
9/8/2020 16:00	9/8/2020	16	development	train	9.072	9.072	15.02	15.02	13.40872667	4.424879801	8.983846869	0.1053	0.1553	0.12424
9/8/2020 17:00	9/8/2020	17	development	train	0.7250001	0.7250001	20.84	20.84	17.23006222	5.685920533	11.54414169	0.10667	0.15667	0.125336
9/8/2020 18:00	9/8/2020	18	development	train	0	0	22.91	22.91	15.95754	5.2659882	10.6915518	0.11089	0.16089	0.128712
9/8/2020 19:00	9/8/2020	19	development	train	0	0	6.1	6.1	13.96739778	4.609241267	9.358156513	0.11205	0.16205	0.12964
9/8/2020 20:00	9/8/2020	20	development	train	0	0	6.65	6.65	15.62203333	5.155270999	10.46676233	0.10551	0.15551	0.124408
9/8/2020 21:00	9/8/2020	21	development	train	0	0	19.53	19.53	14.75315556	4.868541335	9.884614225	0.10192	0.15192	0.121536
9/8/2020 22:00	9/8/2020	22	development	train	0	0	21.91	21.91	9.843657778	3.248407067	6.595250711	0.11329	0.16329	0.130632
9/8/2020 23:00	9/8/2020	23	development	train	0	0	15.21	15.21	10.01389333	3.304584799	6.709308531	0.11138	0.16138	0.129104
9/9/2020 0:00	9/9/2020	0	development	train	0	0	11.65	11.65	15.98223444	5.274137365	10.70809707	0.11138	0.16138	0.129104
9/9/2020 1:00	9/9/2020	1	development	train	0	0	4.98	4.98	14.03840667	4.632674201	9.405732469	0.11287	0.16287	0.130296
9/9/2020 2:00	9/9/2020	2	development	train	0	0	5.39	5.39	13.02219444	4.297324165	8.724870275	0.11607	0.16607	0.132856
9/9/2020 3:00	9/9/2020	3	development	train	0	0	18.44	18.44	10.57226778	3.488848367	7.083419413	0.12267	0.17267	0.138136
9/9/2020 4:00	9/9/2020	4	development	train	0.0043332	0.0043332	23.64	23.64	11.51865778	3.801157067	7.717500713	0.13749	0.18749	0.149992
9/9/2020 5:00	9/9/2020	5	development	train	1.218	1.218	1.76	1.76	17.15046444	5.659653265	11.49081117	0.1765	0.2265	0.1812
9/9/2020 6:00	9/9/2020	6	development	train	4.0017498	4.0017498	1.91	1.91	20.40150667	6.732497201	13.66900947	0.18097	0.23097	0.184776
9/9/2020 7:00	9/9/2020	7	development	train	4.83675	4.83675	1.19	1.19	15.03968556	4.963096235	10.07658933	0.1895	0.2395	0.1916
9/9/2020 8:00	9/9/2020	8	development	train	17.4987495	17.4987495	8.83	8.83	12.34248778	4.073020967	8.269466813	0.18918	0.23918	0.191344
9/9/2020 9:00	9/9/2020	9	development	train	4.84725	4.84725	1.97	1.97	11.74178333	3.874788499	7.866994831	0.18683	0.23683	0.189464
9/9/2020 10:00	9/9/2020	10	development	train	17.5159995	17.5159995	2.02	2.02	10.18510667	3.361085201	6.824021469	0.18129	0.23129	0.185032
9/9/2020 11:00	9/9/2020	11	development	train	12.82725	12.82725	10.18	10.18	16.16841333	5.335576399	10.83283693	0.1847	0.2347	0.18776
9/9/2020 12:00	9/9/2020	12	development	train	11.0754999	11.0754999	10.99	10.99	14.77603778	4.876092467	9.899945313	0.18108	0.23108	0.184864
9/9/2020 13:00	9/9/2020	13	development	train	6.5642499	6.5642499	23.62	23.62	16.97169	5.6006577	11.3710323	0.18715	0.23715	0.18972
9/9/2020 14:00	9/9/2020	14	development	train	7.3845	7.3845	11.96	11.96	21.19291111	6.993660666	14.19925044	0.18108	0.23108	0.184864
9/9/2020 15:00	9/9/2020	15	development	train	3.3017502	3.3017502	15.97	15.97	13.27198889	4.379756334	8.892232556	0.17959	0.22959	0.183672
9/9/2020 16:00	9/9/2020	16	development	train	1.221	1.221	15.19	15.19	12.11006222	3.996320533	8.113741687	0.17671	0.22671	0.181368
9/9/2020 17:00	9/9/2020	17	development	train	0.04425	0.04425	5.95	5.95	16.03979556	5.293132535	10.74666303	0.17287	0.22287	0.178296
9/9/2020 18:00	9/9/2020	18	development	train	0	0	0.49	0.49	18.06390556	5.961088835	12.10281673	0.17031	0.22031	0.176248
9/9/2020 19:00	9/9/2020	19	development	train	0	0	17.79	17.79	17.70531778	5.842754867	11.86256291	0.15955	0.20955	0.16764
9/9/2020 20:00	9/9/2020	20	development	train	0	0	20.48	20.48	21.98072222	7.253638333	14.72708389	0.12843	0.17843	0.142744
9/9/2020 21:00	9/9/2020	21	development	train	0	0	59.81	59.81	17.35272667	5.726399801	11.62632687	0.1215	0.1715	0.1372
9/9/2020 22:00	9/9/2020	22	development	train	0	0	60.89	60.89	12.67214	4.1818062	8.4903338	0.1071	0.1571	0.12568
9/9/2020 23:00	9/9/2020	23	development	train	0	0	75.81	75.81	9.145021111	3.017856967	6.127164144	0.10582	0.15582	0.124656
9/10/2020 0:00	9/10/2020	0	development	train	0	0	50.63	50.63	13.89811778	4.586378867	9.311738913	0.1041	0.1541	0.12328
9/10/2020 1:00	9/10/2020	1	development	train	0	0	91.3	91.3	13.15558111	4.341341766	8.814239344	0.10442	0.15442	0.123536
9/10/2020 2:00	9/10/2020	2	development	train	0	0	42.58	42.58	14.50757111	4.787498466	9.720072644	0.10496	0.15496	0.123968
9/10/2020 3:00	9/10/2020	3	development	train	0	0	54.29	54.29	10.71773333	3.536851999	7.180881331	0.10582	0.15582	0.124656
9/10/2020 4:00	9/10/2020	4	development	train	0.189	0.189	80	80	12.70365	4.1922045	8.5114455	0.11632	0.16632	0.133056
9/10/2020 5:00	9/10/2020	5	development	train	1.2519999	1.2519999	67.95	67.95	15.77473111	5.205661266	10.56906984	0.12683	0.17683	0.141464
9/10/2020 6:00	9/10/2020	6	development	train	2.4107499	2.4107499	55.18	55.18	18.30380111	6.040254366	12.26354674	0.13776	0.18776	0.150208
9/10/2020 7:00	9/10/2020	7	development	train	5.2122498	5.2122498	68.08	68.08	17.66648	5.8299384	11.8365416	0.13734	0.18734	0.149872
9/10/2020 8:00	9/10/2020	8	development	train	4.587	4.587	96.53	96.53	21.59238889	7.125488334	14.46690056	0.13776	0.18776	0.150208
9/10/2020 9:00	9/10/2020	9	development	train	6.8525001	6.8525001	121.07	121.07	20.23784222	6.678487933	13.55935429	0.13412	0.18412	0.147296
9/10/2020 10:00	9/10/2020	10	development	train	19.6905	19.6905	115.3	115.3	15.39048	5.0788584	10.3116216	0.13487	0.18487	0.147896
9/10/2020 11:00	9/10/2020	11	development	train	26.305251	26.305251	74.33	74.33	15.48242556	5.109200435	10.37322513	0.13348	0.18348	0.146784
9/10/2020 12:00	9/10/2020	12	development	train	28.173	28.173	92.59	92.59	18.26310333	6.026824099	12.23627923	0.13315	0.18315	0.14652
9/10/2020 13:00	9/10/2020	13	development	train	22.0887495	22.0887495	63.21	63.21	16.07036889	5.303221734	10.76714716	0.13455	0.18455	0.14764
9/10/2020 14:00	9/10/2020	14	development	train	14.2022505	14.2022505	31.96	31.96	16.03935111	5.292985866	10.74636524	0.13391	0.18391	0.147128
9/10/2020 15:00	9/10/2020	15	development	train	6.1429998	6.1429998	26.38	26.38	16.76537556	5.532573935	11.23280163	0.13262	0.18262	0.146096
9/10/2020 16:00	9/10/2020	16	development	train	2.5965	2.5965	14.1	14.1	19.16808	6.3254664	12.8426136	0.13616	0.18616	0.148928
9/10/2020 17:00	9/10/2020	17	development	train	0.096	0.096	3.07	3.07	17.26809	5.6984697	11.5696203	0.13969	0.18969	0.151752
9/10/2020 18:00	9/10/2020	18	development	train	0	0	1.28	1.28	19.90663556	6.569189735	13.33744583	0.15385	0.20385	0.16308
9/10/2020 19:00	9/10/2020	19	development	train	0	0	5.52	5.52	18.01419	5.9446827	12.0695073	0.16735	0.21735	0.17388
9/10/2020 20:00	9/10/2020	20	development	train	0	0	12.64	12.64	15.26286333	5.036744899	10.22611843	0.17186	0.22186	0.177488
9/10/2020 21:00	9/10/2020	21	development	train	0	0	6.75	6.75	14.32176111	4.726181166	9.595579944	0.16392	0.21392	0.171136
9/10/2020 22:00	9/10/2020	22	development	train	0	0	11.75	11.75	11.77333556	3.885200735	7.888134825	0.13797	0.18797	0.150376
9/10/2020 23:00	9/10/2020	23	development	train	0	0	17.93	17.93	9.761064444	3.221151267	6.539913177	0.12599	0.17599	0.140792
9/11/2020 0:00	9/11/2020	0	development	train	0	0	9.55	9.55	12.82654444	4.232759665	8.593784775	0.12075	0.17075	0.1366
9/11/2020 1:00	9/11/2020	1	development	train	0	0	9.01	9.01	18.40202333	6.072667699	12.32935563	0.12032	0.17032	0.136256
9/11/2020 2:00	9/11/2020	2	development	train	0	0	15.56	15.56	15.28971889	5.045607234	10.24411166	0.12182	0.17182	0.137456
9/11/2020 3:00	9/11/2020	3	development	train	0	0	-0.25	0	12.77896444	4.217058265	8.561906175	0.12674	0.17674	0.141392
9/11/2020 4:00	9/11/2020	4	development	train	0	0	-0.26	0	9.636202222	3.179946733	6.456255489	0.15786	0.20786	0.166288
9/11/2020 5:00	9/11/2020	5	development	train	0	0	-0.25	0	11.89848667	3.926500601	7.971986069	0.18128	0.23128	0.185024
9/11/2020 6:00	9/11/2020	6	development	train	8.4508334	8.4508334	-0.26	0	20.71250222	6.835125733	13.87737649	0.18427	0.23427	0.187416
9/11/2020 7:00	9/11/2020	7	development	train	33.766167	33.766167	-0.26	0	18.85553778	6.222327467	12.63321031	0.18342	0.23342	0.186736
9/11/2020 8:00	9/11/2020	8	development	train	44.708084	44.708084	-0.3	0	16.26241	5.3665953	10.8958147	0.1831	0.2331	0.18648
9/11/2020 9:00	9/11/2020	9	development	train	27.409584	27.409584	-0.08	0	14.30363889	4.720200834	9.583438056	0.18128	0.23128	0.185024
9/11/2020 10:00	9/11/2020	10	development	train	41.258083	41.258083	0.6	0.6	11.03798444	3.642534865	7.395449575	0.17936	0.22936	0.183488
9/11/2020 11:00	9/11/2020	11	development	train	19.74075	19.74075	2.48	2.48	12.12278222	4.000518133	8.122264087	0.17486	0.22486	0.179888
9/11/2020 12:00	9/11/2020	12	development	train	13.7085	13.7085	-0.24	0	17.53479111	5.786481066	11.74831004	0.16962	0.21962	0.175696
9/11/2020 13:00	9/11/2020	13	development	train	11.4876665	11.4876665	-0.28	0	14.13828667	4.665634601	9.472652069	0.15914	0.20914	0.167312
9/11/2020 14:00	9/11/2020	14	development	train	6.6180001	6.6180001	23.64	23.64	19.96969333	6.589998799	13.37969453	0.15433	0.20433	0.163464
9/11/2020 15:00	9/11/2020	15	development	train	2.50125	2.50125	44.52	44.52	13.52266111	4.462478166	9.060182944	0.1493	0.1993	0.15944
9/11/2020 16:00	9/11/2020	16	development	train	0.49475	0.49475	94.82	94.82	10.67066222	3.521318533	7.149343687	0.1462	0.1962	0.15696
9/11/2020 17:00	9/11/2020	17	development	train	0.0670833	0.0670833	151.44	151.44	14.32741444	4.728046765	9.599367675	0.13529	0.18529	0.148232
9/11/2020 18:00	9/11/2020	18	development	train	0	0	151.99	151.99	17.66430222	5.829219733	11.83508249	0.12502	0.17502	0.140016
9/11/2020 19:00	9/11/2020	19	development	train	0	0	116.14	116.14	21.96352889	7.247964534	14.71556436	0.12449	0.17449	0.139592
9/11/2020 20:00	9/11/2020	20	development	train	0	0	69.85	69.85	20.17331778	6.657194867	13.51612291	0.12417	0.17417	0.139336
9/11/2020 21:00	9/11/2020	21	development	train	0	0	16.56	16.56	17.21049889	5.679464634	11.53103426	0.12192	0.17192	0.137536
9/11/2020 22:00	9/11/2020	22	development	train	0	0	-0.89	0	10.25396667	3.383809001	6.870157669	0.12407	0.17407	0.139256
9/11/2020 23:00	9/11/2020	23	development	train	0	0	0.1	0.1	11.31153667	3.732807101	7.578729569	0.12246	0.17246	0.137968
9/12/2020 0:00	9/12/2020	0	development	train	0	0	-0.28	0	11.30432444	3.730427065	7.573897375	0.09788	0.14788	0.118304
9/12/2020 1:00	9/12/2020	1	development	train	0	0	7.77	7.77	11.18622111	3.691452966	7.494768144	0.09692	0.14692	0.117536
9/12/2020 2:00	9/12/2020	2	development	train	0	0	7.67	7.67	12.45071111	4.108734666	8.341976444	0.11904	0.16904	0.135232
9/12/2020 3:00	9/12/2020	3	development	train	0	0	3.79	3.79	10.74170889	3.544763934	7.196944956	0.12364	0.17364	0.138912
9/12/2020 4:00	9/12/2020	4	development	train	0	0	2.19	2.19	12.11470333	3.997852099	8.116851231	0.12492	0.17492	0.139936
9/12/2020 5:00	9/12/2020	5	development	train	0.3694167	0.3694167	-0.34	0	13.96049778	4.606964267	9.353533513	0.12471	0.17471	0.139768
9/12/2020 6:00	9/12/2020	6	development	train	4.3188334	4.3188334	-0.32	0	20.09758444	6.632202865	13.46538157	0.12706	0.17706	0.141648
9/12/2020 7:00	9/12/2020	7	development	train	7.0018333	7.0018333	-0.3	0	13.48296444	4.449378265	9.033586175	0.1308	0.1808	0.14464
9/12/2020 8:00	9/12/2020	8	development	train	13.01825	13.01825	-0.26	0	17.30214444	5.709707665	11.59243677	0.13518	0.18518	0.148144
9/12/2020 9:00	9/12/2020	9	development	train	13.6430835	13.6430835	-0.24	0	19.10754	6.3054882	12.8020518	0.12834	0.17834	0.142672
9/12/2020 10:00	9/12/2020	10	development	train	19.4810005	19.4810005	-0.39	0	17.52697111	5.783900466	11.74307064	0.12652	0.17652	0.141216
9/12/2020 11:00	9/12/2020	11	development	train	13.4955835	13.4955835	-0.27	0	12.2681	4.048473	8.219627	0.12375	0.17375	0.139
9/12/2020 12:00	9/12/2020	12	development	train	9.58125	9.58125	-0.52	0	15.49286778	5.112646367	10.38022141	0.12033	0.17033	0.136264
9/12/2020 13:00	9/12/2020	13	development	train	37.028583	37.028583	-0.29	0	14.26459	4.7073147	9.5572753	0.12385	0.17385	0.13908
9/12/2020 14:00	9/12/2020	14	development	train	24.301167	24.301167	-0.27	0	17.83987111	5.887157466	11.95271364	0.12321	0.17321	0.138568
9/12/2020 15:00	9/12/2020	15	development	train	7.75875	7.75875	-0.35	0	15.20714222	5.018356933	10.18878529	0.11968	0.16968	0.135744
9/12/2020 16:00	9/12/2020	16	development	train	7.9945	7.9945	-0.37	0	11.72984	3.8708472	7.8589928	0.11776	0.16776	0.134208
9/12/2020 17:00	9/12/2020	17	development	train	1.38575	1.38575	1.4	1.4	12.00873111	3.962881266	8.045849844	0.09895	0.14895	0.11916
9/12/2020 18:00	9/12/2020	18	development	train	0	0	0.03	0.03	18.50118222	6.105390133	12.39579209	0.09927	0.14927	0.119416
9/12/2020 19:00	9/12/2020	19	development	train	0	0	0.97	0.97	20.27708222	6.691437133	13.58564509	0.09927	0.14927	0.119416
9/12/2020 20:00	9/12/2020	20	development	train	0	0	16.74	16.74	15.86611222	5.235817033	10.63029519	0.09799	0.14799	0.118392
9/12/2020 21:00	9/12/2020	21	development	train	0	0	24.52	24.52	12.91264667	4.261173401	8.651473269	0.09671	0.14671	0.117368
9/12/2020 22:00	9/12/2020	22	development	train	0	0	19.72	19.72	11.06431778	3.651224867	7.413092913	0.09809	0.14809	0.118472
9/12/2020 23:00	9/12/2020	23	development	train	0	0	21.03	21.03	10.77488222	3.555711133	7.219171087	0.09671	0.14671	0.117368
9/13/2020 0:00	9/13/2020	0	development	train	0	0	34.05	34.05	9.803206667	3.2350582	6.568148467	0.09617	0.14617	0.116936
9/13/2020 1:00	9/13/2020	1	development	train	0	0	24.29	24.29	9.422424444	3.109400067	6.313024377	0.09436	0.14436	0.115488
9/13/2020 2:00	9/13/2020	2	development	train	0	0	22.67	22.67	10.85273556	3.581402735	7.271332825	0.09286	0.14286	0.114288
9/13/2020 3:00	9/13/2020	3	development	train	0	0	21.96	21.96	9.694376667	3.1991443	6.495232367	0.09329	0.14329	0.114632
9/13/2020 4:00	9/13/2020	4	development	train	0	0	18.4	18.4	8.31084	2.7425772	5.5682628	0.09628	0.14628	0.117024
9/13/2020 5:00	9/13/2020	5	development	train	0.4371666	0.4371666	34.08	34.08	9.917203333	3.2726771	6.644526233	0.09841	0.14841	0.118728
9/13/2020 6:00	9/13/2020	6	development	train	2.1065833	2.1065833	44.32	44.32	22.29971111	7.358904666	14.94080644	0.0998	0.1498	0.11984
9/13/2020 7:00	9/13/2020	7	development	train	2.5470834	2.5470834	40.58	40.58	21.62617778	7.136638667	14.48953911	0.10172	0.15172	0.121376
9/13/2020 8:00	9/13/2020	8	development	train	3.725	3.725	49.01	49.01	22.32061333	7.365802399	14.95481093	0.12318	0.17318	0.138544
9/13/2020 9:00	9/13/2020	9	development	train	5.4379168	5.4379168	24.36	24.36	18.79004222	6.200713933	12.58932829	0.1013	0.1513	0.12104
9/13/2020 10:00	9/13/2020	10	development	train	7.42075	7.42075	31.24	31.24	12.04192889	3.973836534	8.068092356	0.10108	0.15108	0.120864
9/13/2020 11:00	9/13/2020	11	development	train	4.9934998	4.9934998	38.46	38.46	15.07031556	4.973204135	10.09711143	0.10151	0.15151	0.121208
9/13/2020 12:00	9/13/2020	12	development	train	5.5249168	5.5249168	29.99	29.99	15.93739	5.2593387	10.6780513	0.0966	0.1466	0.11728
9/13/2020 13:00	9/13/2020	13	development	train	5.9491667	5.9491667	53.43	53.43	15.01813556	4.955984735	10.06215083	0.09991	0.14991	0.119928
9/13/2020 14:00	9/13/2020	14	development	train	16.8426665	16.8426665	7.34	7.34	17.36195444	5.729444965	11.63250947	0.10204	0.15204	0.121632
9/13/2020 15:00	9/13/2020	15	development	train	20.588667	20.588667	0.23	0.23	16.24320889	5.360258934	10.88294996	0.10439	0.15439	0.123512
9/13/2020 16:00	9/13/2020	16	development	train	5.5486668	5.5486668	7.4	7.4	11.77296556	3.885078635	7.887886925	0.12083	0.17083	0.136664
9/13/2020 17:00	9/13/2020	17	development	train	0.0605833	0.0605833	3.83	3.83	12.84490444	4.238818465	8.606085975	0.1235	0.1735	0.1388
9/13/2020 18:00	9/13/2020	18	development	train	0	0	8.41	8.41	19.26574889	6.357697134	12.90805176	0.1236	0.1736	0.13888
9/13/2020 19:00	9/13/2020	19	development	train	0	0	8.12	8.12	19.85496	6.5521368	13.3028232	0.12286	0.17286	0.138288
9/13/2020 20:00	9/13/2020	20	development	train	0	0	18.27	18.27	21.11554667	6.968130401	14.14741627	0.10151	0.15151	0.121208
9/13/2020 21:00	9/13/2020	21	development	train	0	0	13.76	13.76	15.27805556	5.041758335	10.23629723	0.09895	0.14895	0.11916
9/13/2020 22:00	9/13/2020	22	development	train	0	0	26.11	26.11	14.16682222	4.675051333	9.491770887	0.12819	0.17819	0.142552
9/13/2020 23:00	9/13/2020	23	development	train	0	0	12.23	12.23	11.00054	3.6301782	7.3703618	0.12798	0.17798	0.142384
9/14/2020 0:00	9/14/2020	0	development	train	0	0	2.04	2.04	14.60373556	4.819232735	9.784502825	0.12787	0.17787	0.142296
9/14/2020 1:00	9/14/2020	1	development	train	0	0	2.03	2.03	13.28738889	4.384838334	8.902550556	0.12819	0.17819	0.142552
9/14/2020 2:00	9/14/2020	2	development	train	0	0	-0.26	0	12.10979111	3.996231066	8.113560044	0.12873	0.17873	0.142984
9/14/2020 3:00	9/14/2020	3	development	train	0	0	-0.32	0	10.42886111	3.441524166	6.987336944	0.13193	0.18193	0.145544
9/14/2020 4:00	9/14/2020	4	development	train	0	0	0.97	0.97	9.586966667	3.163699	6.423267667	0.15339	0.20339	0.162712
9/14/2020 5:00	9/14/2020	5	development	train	1.4233333	1.4233333	-0.28	0	14.82463	4.8921279	9.9325021	0.17996	0.22996	0.183968
9/14/2020 6:00	9/14/2020	6	development	train	6.4310833	6.4310833	-0.27	0	19.54779556	6.450772535	13.09702303	0.1884	0.2384	0.19072
9/14/2020 7:00	9/14/2020	7	development	train	5.0998334	5.0998334	-0.25	0	18.84648	6.2193384	12.6271416	0.18968	0.23968	0.191744
9/14/2020 8:00	9/14/2020	8	development	train	10.97225	10.97225	-0.26	0	19.61124889	6.471712134	13.13953676	0.18946	0.23946	0.191568
9/14/2020 9:00	9/14/2020	9	development	train	15.9446665	15.9446665	-0.32	0	16.55231	5.4622623	11.0900477	0.18978	0.23978	0.191824
9/14/2020 10:00	9/14/2020	10	development	train	40.579167	40.579167	-0.27	0	14.42262444	4.759466065	9.663158375	0.19106	0.24106	0.192848
9/14/2020 11:00	9/14/2020	11	development	train	41.551	41.551	-0.25	0	10.39605778	3.430699067	6.965358713	0.19171	0.24171	0.193368
9/14/2020 12:00	9/14/2020	12	development	train	46.452	46.452	-0.25	0	15.41826111	5.088026166	10.33023494	0.1916	0.2416	0.19328
9/14/2020 13:00	9/14/2020	13	development	train	25.678917	25.678917	-0.26	0	15.24462667	5.030726801	10.21389987	0.1916	0.2416	0.19328
9/14/2020 14:00	9/14/2020	14	development	train	8.2100833	8.2100833	-0.25	0	18.79874222	6.203584933	12.59515729	0.1916	0.2416	0.19328
9/14/2020 15:00	9/14/2020	15	development	train	6.159	6.159	-0.26	0	10.76682444	3.553052065	7.213772375	0.19149	0.24149	0.193192
9/14/2020 16:00	9/14/2020	16	development	train	1.8855833	1.8855833	-0.26	0	10.42990333	3.441868099	6.988035231	0.19149	0.24149	0.193192
9/14/2020 17:00	9/14/2020	17	development	train	0.0885833	0.0885833	-0.27	0	16.23356556	5.357076635	10.87648893	0.19181	0.24181	0.193448
9/14/2020 18:00	9/14/2020	18	development	train	0	0	-0.26	0	20.15894889	6.652453134	13.50649576	0.19213	0.24213	0.193704
9/14/2020 19:00	9/14/2020	19	development	train	0	0	-0.26	0	20.65187333	6.815118199	13.83675513	0.19138	0.24138	0.193104
9/14/2020 20:00	9/14/2020	20	development	train	0	0	-0.27	0	16.43821	5.4246093	11.0136007	0.1884	0.2384	0.19072
9/14/2020 21:00	9/14/2020	21	development	train	0	0	-0.24	0	11.06531222	3.651553033	7.413759187	0.17847	0.22847	0.182776
9/14/2020 22:00	9/14/2020	22	development	train	0	0	-0.24	0	9.721533333	3.208106	6.513427333	0.17828	0.22828	0.182624
9/14/2020 23:00	9/14/2020	23	development	train	0	0	-0.25	0	9.302438889	3.069804833	6.232634056	0.17475	0.22475	0.1798
9/15/2020 0:00	9/15/2020	0	development	train	0	0	-0.24	0	12.21975778	4.032520067	8.187237713	0.17336	0.22336	0.178688
9/15/2020 1:00	9/15/2020	1	development	train	0	0	-0.25	0	13.65770889	4.507043934	9.150664956	0.17325	0.22325	0.1786
9/15/2020 2:00	9/15/2020	2	development	train	0	0	-0.24	0	16.63763	5.4904179	11.1472121	0.17464	0.22464	0.179712
9/15/2020 3:00	9/15/2020	3	development	train	0	0	-0.25	0	11.39004667	3.758715401	7.631331269	0.17956	0.22956	0.183648
9/15/2020 4:00	9/15/2020	4	development	train	0	0	-0.24	0	10.14272778	3.347100167	6.795627613	0.13606	0.18606	0.148848
9/15/2020 5:00	9/15/2020	5	development	train	0.7451666	0.7451666	-0.24	0	13.48122222	4.448803333	9.032418887	0.14878	0.19878	0.159024
9/15/2020 6:00	9/15/2020	6	development	train	0.9845	0.9845	-0.2	0	15.07602333	4.975087699	10.10093563	0.16513	0.21513	0.172104
9/15/2020 7:00	9/15/2020	7	development	train	0	0	-0.25	0	18.33832222	6.051646333	12.28667589	0.16395	0.21395	0.17116
9/15/2020 8:00	9/15/2020	8	development	train	0	0	-0.28	0	17.38476111	5.736971166	11.64778994	0.16513	0.21513	0.172104
9/15/2020 9:00	9/15/2020	9	development	train	0	0	-0.25	0	16.21204222	5.349973933	10.86206829	0.16321	0.21321	0.170568
9/15/2020 10:00	9/15/2020	10	development	train	0	0	-0.25	0	14.62121667	4.825001501	9.796215169	0.17154	0.22154	0.177232
9/15/2020 11:00	9/15/2020	11	development	train	0	0	-0.28	0	13.51245333	4.459109599	9.053343731	0.16566	0.21566	0.172528
9/15/2020 12:00	9/15/2020	12	development	train	0	0	-0.26	0	16.59537778	5.476474667	11.11890311	0.15786	0.20786	0.166288
9/15/2020 13:00	9/15/2020	13	development	train	0	0	-0.28	0	15.65730778	5.166911567	10.49039621	0.16267	0.21267	0.170136
9/15/2020 14:00	9/15/2020	14	development	train	0	0	-0.26	0	19.03319778	6.280955267	12.75224251	0.15327	0.20327	0.162616
9/15/2020 15:00	9/15/2020	15	development	train	0	0	-0.27	0	12.84337667	4.238314301	8.605062369	0.14824	0.19824	0.158592
9/15/2020 16:00	9/15/2020	16	development	train	0	0	-0.27	0	11.57559111	3.819945066	7.755646044	0.14675	0.19675	0.1574
9/15/2020 17:00	9/15/2020	17	development	train	0	0	-0.27	0	14.49332667	4.782797801	9.710528869	0.1461	0.1961	0.15688
9/15/2020 18:00	9/15/2020	18	development	train	0	0	-0.25	0	22.16201333	7.313464399	14.84854893	0.14439	0.19439	0.155512
9/15/2020 19:00	9/15/2020	19	development	train	0	0	0.73	0.73	22.84198	7.5378534	15.3041266	0.13349	0.18349	0.146792
9/15/2020 20:00	9/15/2020	20	development	train	0	0	4.4	4.4	22.00861556	7.262843135	14.74577243	0.12719	0.17719	0.141752
9/15/2020 21:00	9/15/2020	21	development	train	0	0	0.47	0.47	19.97758444	6.592602865	13.38498157	0.12441	0.17441	0.139528
9/15/2020 22:00	9/15/2020	22	development	train	0	0	11.91	11.91	13.39668	4.4209044	8.9757756	0.069	0.119	0.0952
9/15/2020 23:00	9/15/2020	23	development	train	0	0	48.25	48.25	10.37818222	3.424800133	6.953382087	0.06536	0.11536	0.092288
9/16/2020 0:00	9/16/2020	0	development	train	0	0	63.92	63.92	12.59129111	4.155126066	8.436165044	0.05712	0.10712	0.085696
9/16/2020 1:00	9/16/2020	1	development	train	0	0	40.36	40.36	14.48707111	4.780733466	9.706337644	0.05755	0.10755	0.08604
9/16/2020 2:00	9/16/2020	2	development	train	0	0	20.95	20.95	12.75548444	4.209309865	8.546174575	0.06493	0.11493	0.091944
9/16/2020 3:00	9/16/2020	3	development	train	0	0	42.73	42.73	11.03630333	3.641980099	7.394323231	0.06728	0.11728	0.093824
9/16/2020 4:00	9/16/2020	4	development	train	0	0	57.4	57.4	14.96762222	4.939315333	10.02830689	0.08001	0.13001	0.104008
9/16/2020 5:00	9/16/2020	5	development	train	0	0	68.26	68.26	15.90052444	5.247173065	10.65335137	0.10077	0.15077	0.120616
9/16/2020 6:00	9/16/2020	6	development	train	0	0	83.87	83.87	18.51791333	6.110911399	12.40700193	0.10291	0.15291	0.122328
9/16/2020 7:00	9/16/2020	7	development	train	0	0	86.64	86.64	21.89752	7.2261816	14.6713384	0.10323	0.15323	0.122584
9/16/2020 8:00	9/16/2020	8	development	train	0	0	65.18	65.18	18.73124	6.1813092	12.5499308	0.10387	0.15387	0.123096
9/16/2020 9:00	9/16/2020	9	development	train	0	0	70.67	70.67	18.17530667	5.997851201	12.17745547	0.10173	0.15173	0.121384
9/16/2020 10:00	9/16/2020	10	development	train	0	0	69.08	69.08	22.46458667	7.413313601	15.05127307	0.09905	0.14905	0.11924
9/16/2020 11:00	9/16/2020	11	development	train	0	0	91.13	91.13	14.16080667	4.673066201	9.487740469	0.09638	0.14638	0.117104
9/16/2020 12:00	9/16/2020	12	development	train	0	0	76.99	76.99	14.39453222	4.750195633	9.644336587	0.09232	0.14232	0.113856
9/16/2020 13:00	9/16/2020	13	development	train	0	0	71.75	71.75	19.65626222	6.486566533	13.16969569	0.09253	0.14253	0.114024
9/16/2020 14:00	9/16/2020	14	development	train	3.9771666	3.9771666	77.8	77.8	17.69566556	5.839569635	11.85609593	0.09232	0.14232	0.113856
9/16/2020 15:00	9/16/2020	15	development	train	13.9845835	13.9845835	93.27	93.27	17.87321556	5.898161135	11.97505443	0.0967	0.1467	0.11736
9/16/2020 16:00	9/16/2020	16	development	train	5.6993334	5.6993334	90.86	90.86	16.64238	5.4919854	11.1503946	0.10216	0.15216	0.121728
9/16/2020 17:00	9/16/2020	17	development	train	0.34425	0.34425	45.86	45.86	18.41427222	6.076709833	12.33756239	0.11916	0.16916	0.135328
9/16/2020 18:00	9/16/2020	18	development	train	0	0	31.13	31.13	18.57476667	6.129673001	12.44509367	0.16003	0.21003	0.168024
9/16/2020 19:00	9/16/2020	19	development	train	0	0	7.87	7.87	14.37828667	4.744834601	9.633452069	0.16709	0.21709	0.173672
9/16/2020 20:00	9/16/2020	20	development	train	0	0	-0.25	0	15.96111778	5.267168867	10.69394891	0.16858	0.21858	0.174864
9/16/2020 21:00	9/16/2020	21	development	train	0	0	-0.3	0	16.14407333	5.327544199	10.81652913	0.15596	0.20596	0.164768
9/16/2020 22:00	9/16/2020	22	development	train	0	0	-0.26	0	14.57449556	4.809583535	9.764912025	0.1003	0.1503	0.12024
9/16/2020 23:00	9/16/2020	23	development	train	0	0	4.79	4.79	10.27805333	3.391757599	6.886295731	0.09987	0.14987	0.119896
9/17/2020 0:00	9/17/2020	0	development	train	0	0	18.55	18.55	13.44383222	4.436464633	9.007367587	0.10094	0.15094	0.120752
9/17/2020 1:00	9/17/2020	1	development	train	0	0	-0.25	0	15.85044444	5.230646665	10.61979777	0.10382	0.15382	0.123056
9/17/2020 2:00	9/17/2020	2	development	train	0	0	1.12	1.12	14.07769111	4.645638066	9.432053044	0.10606	0.15606	0.124848
9/17/2020 3:00	9/17/2020	3	development	train	0	0	8.37	8.37	9.852032222	3.251170633	6.600861589	0.10755	0.15755	0.12604
9/17/2020 4:00	9/17/2020	4	development	train	0	0	15.46	15.46	8.948382222	2.952966133	5.995416089	0.11394	0.16394	0.131152
9/17/2020 5:00	9/17/2020	5	development	train	0.9051666	0.9051666	18.51	18.51	14.25728222	4.704903133	9.552379087	0.12428	0.17428	0.139424
9/17/2020 6:00	9/17/2020	6	development	train	4.2281668	4.2281668	12.29	12.29	18.52378889	6.112850334	12.41093856	0.13888	0.18888	0.151104
9/17/2020 7:00	9/17/2020	7	development	train	8.6025	8.6025	16.95	16.95	17.63056667	5.818087001	11.81247967	0.13942	0.18942	0.151536
9/17/2020 8:00	9/17/2020	8	development	train	9.9018334	9.9018334	17.56	17.56	20.62557778	6.806440667	13.81913711	0.1407	0.1907	0.15256
9/17/2020 9:00	9/17/2020	9	development	train	22.46875	22.46875	12.09	12.09	17.64736889	5.823631734	11.82373716	0.13142	0.18142	0.145136
9/17/2020 10:00	9/17/2020	10	development	train	25.839667	25.839667	3.05	3.05	15.95218444	5.264220865	10.68796357	0.12577	0.17577	0.140616
9/17/2020 11:00	9/17/2020	11	development	train	14.6124165	14.6124165	-0.25	0	11.53684	3.8071572	7.7296828	0.11831	0.16831	0.134648
9/17/2020 12:00	9/17/2020	12	development	train	11.4852499	11.4852499	-0.3	0	17.62071444	5.814835765	11.80587867	0.11458	0.16458	0.131664
9/17/2020 13:00	9/17/2020	13	development	train	8.1796667	8.1796667	-0.25	0	17.39644111	5.740825566	11.65561554	0.11288	0.16288	0.130304
9/17/2020 14:00	9/17/2020	14	development	train	5.7269166	5.7269166	0.79	0.79	17.71039444	5.844430165	11.86596427	0.11266	0.16266	0.130128
9/17/2020 15:00	9/17/2020	15	development	train	3.1754999	3.1754999	1	1	15.56986333	5.138054899	10.43180843	0.10989	0.15989	0.127912
9/17/2020 16:00	9/17/2020	16	development	train	1.0038334	1.0038334	-0.28	0	16.19384889	5.343970134	10.84987876	0.1214	0.1714	0.13712
9/17/2020 17:00	9/17/2020	17	development	train	0.0051	0.0051	-0.3	0	18.14121333	5.986600399	12.15461293	0.11501	0.16501	0.132008
9/17/2020 18:00	9/17/2020	18	development	train	0	0	-0.33	0	24.14563556	7.968059735	16.17757583	0.11522	0.16522	0.132176
9/17/2020 19:00	9/17/2020	19	development	train	0	0	-0.32	0	18.61754333	6.143789299	12.47375403	0.10936	0.15936	0.127488
9/17/2020 20:00	9/17/2020	20	development	train	0	0	-0.24	0	20.19258	6.6635514	13.5290286	0.10424	0.15424	0.123392
9/17/2020 21:00	9/17/2020	21	development	train	0	0	-0.27	0	18.21525556	6.011034335	12.20422123	0.09028	0.14028	0.112224
9/17/2020 22:00	9/17/2020	22	development	train	0	0	9.36	9.36	10.39861667	3.431543501	6.967073169	0.03188	0.08188	0.065504
9/17/2020 23:00	9/17/2020	23	development	train	0	0	10.06	10.06	11.42324	3.7696692	7.6535708	0.02599	0.07599	0.060792
9/18/2020 0:00	9/18/2020	0	development	train	0	0	17.02	17.02	12.95171556	4.274066135	8.677649425	0.02268	0.07268	0.058144
9/18/2020 1:00	9/18/2020	1	development	train	0	0	24.04	24.04	13.62373556	4.495832735	9.127902825	0.02171	0.07171	0.057368
9/18/2020 2:00	9/18/2020	2	development	train	0	0	27.3	27.3	12.63898556	4.170865235	8.468120325	0.0215	0.0715	0.0572
9/18/2020 3:00	9/18/2020	3	development	train	0	0	26.27	26.27	12.38775778	4.087960067	8.299797713	0.02236	0.07236	0.057888
9/18/2020 4:00	9/18/2020	4	development	train	0	0	4.93	4.93	11.62229778	3.835358267	7.786939513	0.03209	0.08209	0.065672
9/18/2020 5:00	9/18/2020	5	development	train	0.0044166	0.0044166	78.55	78.55	12.25146556	4.042983635	8.208481925	0.0399	0.0899	0.07192
9/18/2020 6:00	9/18/2020	6	development	train	0.4668333	0.4668333	145.16	145.16	21.86354222	7.214968933	14.64857329	0.0507	0.1007	0.08056
9/18/2020 7:00	9/18/2020	7	development	train	1.9128334	1.9128334	80.9	80.9	23.80294667	7.854972401	15.94797427	0.07862	0.12862	0.102896
9/18/2020 8:00	9/18/2020	8	development	train	2.8079166	2.8079166	95.54	95.54	18.87684889	6.229360134	12.64748876	0.08204	0.13204	0.105632
9/18/2020 9:00	9/18/2020	9	development	train	4.0505832	4.0505832	41.56	41.56	15.23073778	5.026143467	10.20459431	0.08461	0.13461	0.107688
9/18/2020 10:00	9/18/2020	10	development	train	12.8865002	12.8865002	20.45	20.45	14.63018	4.8279594	9.8022206	0.0952	0.1452	0.11616
9/18/2020 11:00	9/18/2020	11	development	train	10.4331667	10.4331667	60.76	60.76	12.84297444	4.238181565	8.604792875	0.09691	0.14691	0.117528
9/18/2020 12:00	9/18/2020	12	development	train	25.677666	25.677666	33.15	33.15	17.50451778	5.776490867	11.72802691	0.09541	0.14541	0.116328
9/18/2020 13:00	9/18/2020	13	development	train	20.4045	20.4045	53.86	53.86	17.06235556	5.630577335	11.43177823	0.08589	0.13589	0.108712
9/18/2020 14:00	9/18/2020	14	development	train	13.7705005	13.7705005	49.9	49.9	19.07610222	6.295113733	12.78098849	0.08643	0.13643	0.109144
9/18/2020 15:00	9/18/2020	15	development	train	11.7031665	11.7031665	49.46	49.46	13.97611778	4.612118867	9.363998913	0.08611	0.13611	0.108888
9/18/2020 16:00	9/18/2020	16	development	train	3.7305002	3.7305002	21.24	21.24	13.76317111	4.541846466	9.221324644	0.08782	0.13782	0.110256
9/18/2020 17:00	9/18/2020	17	development	train	0.0846364	0.0846364	11.17	11.17	18.93400444	6.248221465	12.68578297	0.08547	0.13547	0.108376
9/18/2020 18:00	9/18/2020	18	development	train	0	0	5.86	5.86	23.08635556	7.618497335	15.46785823	0.08429	0.13429	0.107432
9/18/2020 19:00	9/18/2020	19	development	train	0	0	11.47	11.47	20.84722	6.8795826	13.9676374	0.08054	0.13054	0.104432
9/18/2020 20:00	9/18/2020	20	development	train	0	0	10.49	10.49	16.56447778	5.466277667	11.09820011	0.03894	0.08894	0.071152
9/18/2020 21:00	9/18/2020	21	development	train	0	0	26.21	26.21	16.38406333	5.406740899	10.97732243	0.03412	0.08412	0.067296
9/18/2020 22:00	9/18/2020	22	development	train	0	0	31.13	31.13	12.32482889	4.067193534	8.257635356	0.02855	0.07855	0.06284
9/18/2020 23:00	9/18/2020	23	development	train	0	0	17.77	17.77	9.98112	3.2937696	6.6873504	0.02061	0.07061	0.056488
9/19/2020 0:00	9/19/2020	0	development	train	0	0	9.8	9.8	13.95662222	4.605685333	9.350936887	0.0204	0.0704	0.05632
9/19/2020 1:00	9/19/2020	1	development	train	0	0	27.03	27.03	13.07594	4.3150602	8.7608798	0.02705	0.07705	0.06164
9/19/2020 2:00	9/19/2020	2	development	train	0	0	37.02	37.02	16.90277333	5.577915199	11.32485813	0.02995	0.07995	0.06396
9/19/2020 3:00	9/19/2020	3	development	train	0	0	20.13	20.13	10.12917333	3.342627199	6.786546131	0.03188	0.08188	0.065504
9/19/2020 4:00	9/19/2020	4	development	train	0	0	-0.3	0	8.85419	2.9218827	5.9323073	0.03821	0.08821	0.070568
9/19/2020 5:00	9/19/2020	5	development	train	0.3350833	0.3350833	4.46	4.46	9.226547222	3.044760583	6.181786639	0.04304	0.09304	0.074432
9/19/2020 6:00	9/19/2020	6	development	train	1.2989166	1.2989166	7.11	7.11	20.20959111	6.669165066	13.54042604	0.06237	0.11237	0.089896
9/19/2020 7:00	9/19/2020	7	development	train	5.8004167	5.8004167	9.68	9.68	19.44284444	6.416138665	13.02670577	0.07299	0.12299	0.098392
9/19/2020 8:00	9/19/2020	8	development	train	8.1475833	8.1475833	1.65	1.65	21.21207556	6.999984935	14.21209063	0.07514	0.12514	0.100112
9/19/2020 9:00	9/19/2020	9	development	train	8.1353333	8.1353333	5.94	5.94	18.83265778	6.214777067	12.61788071	0.07493	0.12493	0.099944
9/19/2020 10:00	9/19/2020	10	development	train	10.192	10.192	-0.3	0	15.12179667	4.990192901	10.13160377	0.07224	0.12224	0.097792
9/19/2020 11:00	9/19/2020	11	development	train	8.7319166	8.7319166	-0.3	0	12.37753556	4.084586735	8.292948825	0.07095	0.12095	0.09676
9/19/2020 12:00	9/19/2020	12	development	train	15.2811665	15.2811665	-0.27	0	14.36191111	4.739430666	9.622480444	0.0702	0.1202	0.09616
9/19/2020 13:00	9/19/2020	13	development	train	12.8989997	12.8989997	-0.27	0	16.06624444	5.301860665	10.76438377	0.08083	0.13083	0.104664
9/19/2020 14:00	9/19/2020	14	development	train	12.7646668	12.7646668	-0.26	0	15.94545111	5.261998866	10.68345224	0.08276	0.13276	0.106208
9/19/2020 15:00	9/19/2020	15	development	train	20.17325	20.17325	-0.27	0	15.48515333	5.110100599	10.37505273	0.08459	0.13459	0.107672
9/19/2020 16:00	9/19/2020	16	development	train	5.6865002	5.6865002	-0.3	0	14.67022667	4.841174801	9.829051869	0.08587	0.13587	0.108696
9/19/2020 17:00	9/19/2020	17	development	train	0.1705455	0.1705455	-0.24	0	14.55287444	4.802448565	9.750425875	0.08566	0.13566	0.108528
9/19/2020 18:00	9/19/2020	18	development	train	0	0	-0.32	0	24.54336222	8.099309533	16.44405269	0.0848	0.1348	0.10784
9/19/2020 19:00	9/19/2020	19	development	train	0	0	-0.25	0	18.25228222	6.023253133	12.22902909	0.08265	0.13265	0.10612
9/19/2020 20:00	9/19/2020	20	development	train	0	0	4.23	4.23	19.37938	6.3951954	12.9841846	0.07546	0.12546	0.100368
9/19/2020 21:00	9/19/2020	21	development	train	0	0	15.46	15.46	18.01035556	5.943417335	12.06693823	0.07085	0.12085	0.09668
9/19/2020 22:00	9/19/2020	22	development	train	0	0	21.89	21.89	14.17056222	4.676285533	9.494276687	0.04227	0.09227	0.073816
9/19/2020 23:00	9/19/2020	23	development	train	0	0	26.05	26.05	10.87174111	3.587674566	7.284066544	0.03235	0.08235	0.06588
9/20/2020 0:00	9/20/2020	0	development	train	0	0	23.02	23.02	14.25548778	4.704310967	9.551176813	0.02178	0.07178	0.057424
9/20/2020 1:00	9/20/2020	1	development	train	0	0	30.03	30.03	13.72582778	4.529523167	9.196304613	0.01811	0.06811	0.054488
9/20/2020 2:00	9/20/2020	2	development	train	0	0	24.15	24.15	13.41047889	4.425458034	8.985020856	0.01682	0.06682	0.053456
9/20/2020 3:00	9/20/2020	3	development	train	0	0	24.14	24.14	9.889	3.26337	6.62563	0.01617	0.06617	0.052936
9/20/2020 4:00	9/20/2020	4	development	train	0	0	30.48	30.48	14.95877667	4.936396301	10.02238037	0.01607	0.06607	0.052856
9/20/2020 5:00	9/20/2020	5	development	train	0.0044167	0.0044167	21.46	21.46	13.81102	4.5576366	9.2533834	0.01628	0.06628	0.053024
9/20/2020 6:00	9/20/2020	6	development	train	0.5845	0.5845	26.81	26.81	20.24969333	6.682398799	13.56729453	0.01661	0.06661	0.053288
9/20/2020 7:00	9/20/2020	7	development	train	2.6765001	2.6765001	25.24	25.24	22.42300444	7.399591465	15.02341297	0.01876	0.06876	0.055008
9/20/2020 8:00	9/20/2020	8	development	train	4.56975	4.56975	11.83	11.83	20.20474444	6.667565665	13.53717877	0.02178	0.07178	0.057424
9/20/2020 9:00	9/20/2020	9	development	train	2.1984166	2.1984166	-0.26	0	13.07106889	4.313452734	8.757616156	0.01919	0.06919	0.055352
9/20/2020 10:00	9/20/2020	10	development	train	1.8980833	1.8980833	3.82	3.82	14.12499111	4.661247066	9.463744044	0.01898	0.06898	0.055184
9/20/2020 11:00	9/20/2020	11	development	train	0.8650833	0.8650833	51.46	51.46	12.47049778	4.115264267	8.355233513	0.01855	0.06855	0.05484
9/20/2020 12:00	9/20/2020	12	development	train	3.4025834	3.4025834	33.9	33.9	19.58535333	6.463166599	13.12218673	0.01865	0.06865	0.05492
9/20/2020 13:00	9/20/2020	13	development	train	5.8613333	5.8613333	63.43	63.43	17.04681778	5.625449867	11.42136791	0.01898	0.06898	0.055184
9/20/2020 14:00	9/20/2020	14	development	train	7.6335833	7.6335833	72	72	17.80491556	5.875622135	11.92929343	0.01919	0.06919	0.055352
9/20/2020 15:00	9/20/2020	15	development	train	0.96925	0.96925	128.67	128.67	16.98904667	5.606385401	11.38266127	0.01919	0.06919	0.055352
9/20/2020 16:00	9/20/2020	16	development	train	1.5071667	1.5071667	26.94	26.94	15.79361111	5.211891666	10.58171944	0.01919	0.06919	0.055352
9/20/2020 17:00	9/20/2020	17	development	train	0.0987143	0.0987143	13.72	13.72	13.94482889	4.601793534	9.343035356	0.0193	0.0693	0.05544
9/20/2020 18:00	9/20/2020	18	development	train	0	0	10.04	10.04	19.91940222	6.573402733	13.34599949	0.0193	0.0693	0.05544
9/20/2020 19:00	9/20/2020	19	development	train	0	0	21.76	21.76	16.49585111	5.443630866	11.05222024	0.01865	0.06865	0.05492
9/20/2020 20:00	9/20/2020	20	development	train	0	0	31.76	31.76	16.85423444	5.561897365	11.29233707	0.01736	0.06736	0.053888
9/20/2020 21:00	9/20/2020	21	development	train	0	0	21.86	21.86	15.47217	5.1058161	10.3663539	0.02555	0.07555	0.06044
9/20/2020 22:00	9/20/2020	22	development	train	0	0	23.08	23.08	11.87369889	3.918320634	7.955378256	0.02016	0.07016	0.056128
9/20/2020 23:00	9/20/2020	23	development	train	0	0	23.4	23.4	9.364997778	3.090449267	6.274548511	0.02006	0.07006	0.056048
9/21/2020 0:00	9/21/2020	0	development	train	0	0	21.03	21.03	12.10769556	3.995539535	8.112156025	0.02006	0.07006	0.056048
9/21/2020 1:00	9/21/2020	1	development	train	0	0	15	15	14.54156	4.7987148	9.7428452	0.02092	0.07092	0.056736
9/21/2020 2:00	9/21/2020	2	development	train	0	0	14.55	14.55	15.42348667	5.089750601	10.33373607	0.02157	0.07157	0.057256
9/21/2020 3:00	9/21/2020	3	development	train	0	0	10.35	10.35	10.17816667	3.358795001	6.819371669	0.0234	0.0734	0.05872
9/21/2020 4:00	9/21/2020	4	development	train	0	0	23.05	23.05	11.77140667	3.884564201	7.886842469	0.05316	0.10316	0.082528
9/21/2020 5:00	9/21/2020	5	development	train	0	0	31.53	31.53	11.63937	3.8409921	7.7983779	0.07041	0.12041	0.096328
9/21/2020 6:00	9/21/2020	6	development	train	0.9115833	0.9115833	35.3	35.3	19.52564	6.4434612	13.0821788	0.07106	0.12106	0.096848
9/21/2020 7:00	9/21/2020	7	development	train	3.2298333	3.2298333	48.62	48.62	21.92225556	7.234344335	14.68791123	0.07257	0.12257	0.098056
9/21/2020 8:00	9/21/2020	8	development	train	7.1033334	7.1033334	31.35	31.35	17.69800333	5.840341099	11.85766223	0.07267	0.12267	0.098136
9/21/2020 9:00	9/21/2020	9	development	train	6.4738333	6.4738333	27.93	27.93	15.80710111	5.216343366	10.59075774	0.073	0.123	0.0984
9/21/2020 10:00	9/21/2020	10	development	train	6.27325	6.27325	45.58	45.58	12.33892667	4.071845801	8.267080869	0.07224	0.12224	0.097792
9/21/2020 11:00	9/21/2020	11	development	train	3.0618333	3.0618333	69.25	69.25	14.02477111	4.628174466	9.396596644	0.07278	0.12278	0.098224
9/21/2020 12:00	9/21/2020	12	development	train	4.68675	4.68675	61.07	61.07	20.25386667	6.683776001	13.57009067	0.07235	0.12235	0.09788
9/21/2020 13:00	9/21/2020	13	development	train	12.904833	12.904833	104.54	104.54	14.65412	4.8358596	9.8182604	0.05672	0.10672	0.085376
9/21/2020 14:00	9/21/2020	14	development	train	14.18	14.18	99.85	99.85	19.47316	6.4261428	13.0470172	0.0496	0.0996	0.07968
9/21/2020 15:00	9/21/2020	15	development	train	4.1991666	4.1991666	64.76	64.76	20.45788	6.7511004	13.7067796	0.05025	0.10025	0.0802
9/21/2020 16:00	9/21/2020	16	development	train	0.0735	0.0735	27.89	27.89	21.62706667	7.136932001	14.49013467	0.05208	0.10208	0.081664
9/21/2020 17:00	9/21/2020	17	development	train	0	0	1.99	1.99	14.52567556	4.793472935	9.732202625	0.07213	0.12213	0.097704
9/21/2020 18:00	9/21/2020	18	development	train	0	0	-0.26	0	14.00612889	4.622022534	9.384106356	0.07246	0.12246	0.097968
9/21/2020 19:00	9/21/2020	19	development	train	0	0	-0.26	0	22.43772	7.4044476	15.0332724	0.07203	0.12203	0.097624
9/21/2020 20:00	9/21/2020	20	development	train	0	0	-0.24	0	22.15596667	7.311469001	14.84449767	0.07149	0.12149	0.097192
9/21/2020 21:00	9/21/2020	21	development	train	0	0	-0.27	0	12.83689111	4.236174066	8.600717044	0.06912	0.11912	0.095296
9/21/2020 22:00	9/21/2020	22	development	train	0	0	2.63	2.63	9.19928	3.0357624	6.1635176	0.05502	0.10502	0.084016
9/21/2020 23:00	9/21/2020	23	development	train	0	0	2.21	2.21	9.197632778	3.035218817	6.162413961	0.05241	0.10241	0.081928
9/22/2020 0:00	9/22/2020	0	development	train	0	0	2.2	2.2	16.11724111	5.318689566	10.79855154	0.04371	0.09371	0.074968
9/22/2020 1:00	9/22/2020	1	development	train	0	0	7.37	7.37	14.70215778	4.851712067	9.850445713	0.04273	0.09273	0.074184
9/22/2020 2:00	9/22/2020	2	development	train	0	0	12.72	12.72	16.43700778	5.424212567	11.01279521	0.04578	0.09578	0.076624
9/22/2020 3:00	9/22/2020	3	development	train	0	0	9.86	9.86	11.87459333	3.918615799	7.955977531	0.05578	0.10578	0.084624
9/22/2020 4:00	9/22/2020	4	development	train	0	0	8.89	8.89	13.58000889	4.481402934	9.098605956	0.07068	0.12068	0.096544
9/22/2020 5:00	9/22/2020	5	development	train	0.5429167	0.5429167	8	8	14.76433111	4.872229266	9.892101844	0.08166	0.13166	0.105328
9/22/2020 6:00	9/22/2020	6	development	train	6.9584167	6.9584167	13.14	13.14	20.23652889	6.678054534	13.55847436	0.08493	0.13493	0.107944
9/22/2020 7:00	9/22/2020	7	development	train	22.1919165	22.1919165	5.85	5.85	19.25682222	6.354751333	12.90207089	0.08656	0.13656	0.109248
9/22/2020 8:00	9/22/2020	8	development	train	38.836167	38.836167	-0.28	0	16.87232111	5.567865966	11.30445514	0.08667	0.13667	0.109336
9/22/2020 9:00	9/22/2020	9	development	train	31.165	31.165	-0.28	0	15.35198333	5.066154499	10.28582883	0.08743	0.13743	0.109944
9/22/2020 10:00	9/22/2020	10	development	train	16.9506665	16.9506665	3.26	3.26	13.54261556	4.469063135	9.073552425	0.09754	0.14754	0.118032
9/22/2020 11:00	9/22/2020	11	development	train	7.0726667	7.0726667	-0.24	0	14.80247556	4.884816935	9.917658625	0.09797	0.14797	0.118376
9/22/2020 12:00	9/22/2020	12	development	train	8.0965833	8.0965833	-0.29	0	15.73558667	5.192743601	10.54284307	0.09754	0.14754	0.118032
9/22/2020 13:00	9/22/2020	13	development	train	6.4495834	6.4495834	-0.25	0	16.23281889	5.356830234	10.87598866	0.08623	0.13623	0.108984
9/22/2020 14:00	9/22/2020	14	development	train	3.5375	3.5375	-0.26	0	17.25860556	5.695339835	11.56326573	0.0834	0.1334	0.10672
9/22/2020 15:00	9/22/2020	15	development	train	1.4245001	1.4245001	-0.26	0	12.68405889	4.185739434	8.498319456	0.08069	0.13069	0.104552
9/22/2020 16:00	9/22/2020	16	development	train	0.60325	0.60325	-0.25	0	11.56272444	3.815699065	7.747025375	0.07568	0.12568	0.100544
9/22/2020 17:00	9/22/2020	17	development	train	0	0	-0.29	0	14.93143222	4.927372633	10.00405959	0.07362	0.12362	0.098896
9/22/2020 18:00	9/22/2020	18	development	train	0	0	-0.25	0	17.88701889	5.902716234	11.98430266	0.07362	0.12362	0.098896
9/22/2020 19:00	9/22/2020	19	development	train	0	0	-0.31	0	16.88541778	5.572187867	11.31322991	0.0746	0.1246	0.09968
9/22/2020 20:00	9/22/2020	20	development	train	0	0	-0.29	0	19.37785333	6.394691599	12.98316173	0.07362	0.12362	0.098896
9/22/2020 21:00	9/22/2020	21	development	train	0	0	-0.25	0	19.87856889	6.559927734	13.31864116	0.06764	0.11764	0.094112
9/22/2020 22:00	9/22/2020	22	development	train	0	0	-0.26	0	17.18332556	5.670497435	11.51282813	0.05597	0.10597	0.084776
9/22/2020 23:00	9/22/2020	23	development	train	0	0	-0.26	0	13.92153444	4.594106365	9.327428075	0.05433	0.10433	0.083464
9/23/2020 0:00	9/23/2020	0	development	train	0	0	-0.26	0	14.06080444	4.640065465	9.420738975	0.05116	0.10116	0.080928
9/23/2020 1:00	9/23/2020	1	development	train	0	0	-0.24	0	13.5249	4.463217	9.061683	0.04799	0.09799	0.078392
9/23/2020 2:00	9/23/2020	2	development	train	0	0	-0.24	0	14.32744889	4.728058134	9.599390756	0.04548	0.09548	0.076384
9/23/2020 3:00	9/23/2020	3	development	train	0	0	3.73	3.73	11.73137333	3.871353199	7.860020131	0.04624	0.09624	0.076992
9/23/2020 4:00	9/23/2020	4	development	train	0	0	33.94	33.94	11.93598	3.9388734	7.9971066	0.05488	0.10488	0.083904
9/23/2020 5:00	9/23/2020	5	development	train	0.568	0.568	64.98	64.98	13.95336333	4.604609899	9.348753431	0.05444	0.10444	0.083552
9/23/2020 6:00	9/23/2020	6	development	train	7.9534167	7.9534167	43.89	43.89	26.57240889	8.768894934	17.80351396	0.05477	0.10477	0.083816
9/23/2020 7:00	9/23/2020	7	development	train	6.7527499	6.7527499	3.91	3.91	22.08984889	7.289650134	14.80019876	0.05608	0.10608	0.084864
9/23/2020 8:00	9/23/2020	8	development	train	10.8268334	10.8268334	5.29	5.29	19.67663333	6.493288999	13.18334433	0.0551	0.1051	0.08408
9/23/2020 9:00	9/23/2020	9	development	train	2.2204166	2.2204166	21.69	21.69	20.08229556	6.627157535	13.45513803	0.05401	0.10401	0.083208
9/23/2020 10:00	9/23/2020	10	development	train	4.93825	4.93825	33.42	33.42	13.55366667	4.472710001	9.080956669	0.05269	0.10269	0.082152
9/23/2020 11:00	9/23/2020	11	development	train	3.6331666	3.6331666	24.32	24.32	13.35347556	4.406646935	8.946828625	0.05193	0.10193	0.081544
9/23/2020 12:00	9/23/2020	12	development	train	4.7835	4.7835	31.81	31.81	19.92549556	6.575413535	13.35008203	0.05182	0.10182	0.081456
9/23/2020 13:00	9/23/2020	13	development	train	9.0468334	9.0468334	24.54	24.54	18.03618889	5.951942334	12.08424656	0.05291	0.10291	0.082328
9/23/2020 14:00	9/23/2020	14	development	train	15.2974165	15.2974165	42.19	42.19	21.82962889	7.203777534	14.62585136	0.05466	0.10466	0.083728
9/23/2020 15:00	9/23/2020	15	development	train	6.3464166	6.3464166	78.02	78.02	15.96497667	5.268442301	10.69653437	0.05696	0.10696	0.085568
9/23/2020 16:00	9/23/2020	16	development	train	3.7339166	3.7339166	6.97	6.97	15.69333	5.1787989	10.5145311	0.06002	0.11002	0.088016
9/23/2020 17:00	9/23/2020	17	development	train	0.0263334	0.0263334	0.08	0.08	22.13837111	7.305662466	14.83270864	0.06264	0.11264	0.090112
9/23/2020 18:00	9/23/2020	18	development	train	0	0	-0.19	0	22.13321111	7.303959666	14.82925144	0.06341	0.11341	0.090728
9/23/2020 19:00	9/23/2020	19	development	train	0	0	-0.31	0	21.77802	7.1867466	14.5912734	0.06374	0.11374	0.090992
9/23/2020 20:00	9/23/2020	20	development	train	0	0	-0.24	0	23.77411556	7.845458135	15.92865743	0.06297	0.11297	0.090376
9/23/2020 21:00	9/23/2020	21	development	train	0	0	-0.25	0	17.86648222	5.895939133	11.97054309	0.06166	0.11166	0.089328
9/23/2020 22:00	9/23/2020	22	development	train	0	0	-0.25	0	13.04338778	4.304317967	8.739069813	0.05544	0.10544	0.084352
9/23/2020 23:00	9/23/2020	23	development	train	0	0	-0.3	0	13.06501778	4.311455867	8.753561913	0.05401	0.10401	0.083208
9/24/2020 0:00	9/24/2020	0	development	train	0	0	-0.27	0	14.73343111	4.862032266	9.871398844	0.05324	0.10324	0.082592
9/24/2020 1:00	9/24/2020	1	development	train	0	0	-0.29	0	17.24847444	5.691996565	11.55647787	0.05236	0.10236	0.081888
9/24/2020 2:00	9/24/2020	2	development	train	0	0	-0.27	0	17.06940667	5.632904201	11.43650247	0.05093	0.10093	0.080744
9/24/2020 3:00	9/24/2020	3	development	train	0	0	16.31	16.31	17.20354667	5.677170401	11.52637627	0.05005	0.10005	0.08004
9/24/2020 4:00	9/24/2020	4	development	train	0	0	31.29	31.29	17.43748333	5.754369499	11.68311383	0.05137	0.10137	0.081096
9/24/2020 5:00	9/24/2020	5	development	train	0	0	101.23	101.23	18.07790889	5.965709934	12.11219896	0.05093	0.10093	0.080744
9/24/2020 6:00	9/24/2020	6	development	train	0.53025	0.53025	100.06	100.06	23.21333111	7.660399266	15.55293184	0.05016	0.10016	0.080128
9/24/2020 7:00	9/24/2020	7	development	train	0.98125	0.98125	95.68	95.68	25.20284667	8.316939401	16.88590727	0.04455	0.09455	0.07564
9/24/2020 8:00	9/24/2020	8	development	train	2.3675834	2.3675834	70.28	70.28	23.33435111	7.700335866	15.63401524	0.03894	0.08894	0.071152
9/24/2020 9:00	9/24/2020	9	development	train	1.1814167	1.1814167	24.28	24.28	16.20478667	5.347579601	10.85720707	0.02134	0.07134	0.057072
9/24/2020 10:00	9/24/2020	10	development	train	3.32525	3.32525	23.88	23.88	18.91130444	6.240730465	12.67057397	0.02123	0.07123	0.056984
9/24/2020 11:00	9/24/2020	11	development	train	13.943917	13.943917	53.53	53.53	18.67718444	6.163470865	12.51371357	0.02156	0.07156	0.057248
9/24/2020 12:00	9/24/2020	12	development	train	14.2424165	14.2424165	89.96	89.96	18.81488444	6.208911865	12.60597257	0.02167	0.07167	0.057336
9/24/2020 13:00	9/24/2020	13	development	train	26.930167	26.930167	90.6	90.6	23.14019556	7.636264535	15.50393103	0.03938	0.08938	0.071504
9/24/2020 14:00	9/24/2020	14	development	train	32.785417	32.785417	48.14	48.14	17.96440333	5.928253099	12.03615023	0.04169	0.09169	0.073352
9/24/2020 15:00	9/24/2020	15	development	train	20.4831665	20.4831665	78.7	78.7	15.53558889	5.126744334	10.40884456	0.04224	0.09224	0.073792
9/24/2020 16:00	9/24/2020	16	development	train	4.0420834	4.0420834	86.73	86.73	17.37638778	5.734207967	11.64217981	0.04092	0.09092	0.072736
9/24/2020 17:00	9/24/2020	17	development	train	0	0	109.56	109.56	18.30436222	6.040439533	12.26392269	0.04037	0.09037	0.072296
9/24/2020 18:00	9/24/2020	18	development	train	0	0	122.85	122.85	19.38193778	6.396039467	12.98589831	0.04972	0.09972	0.079776
9/24/2020 19:00	9/24/2020	19	development	train	0	0	104.82	104.82	19.38004	6.3954132	12.9846268	0.04455	0.09455	0.07564
9/24/2020 20:00	9/24/2020	20	development	train	0	0	125.28	125.28	17.08031111	5.636502666	11.44380844	0.0209	0.0709	0.05672
9/24/2020 21:00	9/24/2020	21	development	train	0	0	123.99	123.99	15.54613333	5.130223999	10.41590933	0.01628	0.06628	0.053024
9/24/2020 22:00	9/24/2020	22	development	train	0	0	74.03	74.03	13.03099444	4.300228165	8.730766275	0.01655	0.06655	0.05324
9/24/2020 23:00	9/24/2020	23	development	train	0	0	32.92	32.92	11.48823444	3.791117365	7.697117075	0.01633	0.06633	0.053064
9/25/2020 0:00	9/25/2020	0	development	train	0	0	51.04	51.04	16.71769333	5.516838799	11.20085453	0.016	0.066	0.0528
9/25/2020 1:00	9/25/2020	1	development	train	0	0	73.17	73.17	13.79454667	4.552200401	9.242346269	0.01578	0.06578	0.052624
9/25/2020 2:00	9/25/2020	2	development	train	0	0	67.85	67.85	16.01659111	5.285475066	10.73111604	0.01578	0.06578	0.052624
9/25/2020 3:00	9/25/2020	3	development	train	0	0	85.75	85.75	13.87266111	4.577978166	9.294682944	0.01589	0.06589	0.052712
9/25/2020 4:00	9/25/2020	4	development	train	0	0	82.29	82.29	13.83656556	4.566066635	9.270498925	0.01622	0.06622	0.052976
9/25/2020 5:00	9/25/2020	5	development	train	0.29425	0.29425	104.58	104.58	15.94377556	5.261445935	10.68232963	0.01644	0.06644	0.053152
9/25/2020 6:00	9/25/2020	6	development	train	2.5478333	2.5478333	130.63	130.63	23.54855556	7.771023335	15.77753223	0.02178	0.07178	0.057424
9/25/2020 7:00	9/25/2020	7	development	train	5.3428332	5.3428332	96.64	96.64	22.45280667	7.409426201	15.04338047	0.03111	0.08111	0.064888
9/25/2020 8:00	9/25/2020	8	development	train	9.7251667	9.7251667	47.36	47.36	21.59767111	7.127231466	14.47043964	0.03377	0.08377	0.067016
9/25/2020 9:00	9/25/2020	9	development	train	14.3719165	14.3719165	37.96	37.96	21.37908889	7.055099334	14.32398956	0.03444	0.08444	0.067552
9/25/2020 10:00	9/25/2020	10	development	train	31.496249	31.496249	4.89	4.89	17.65096889	5.824819734	11.82614916	0.04055	0.09055	0.07244
9/25/2020 11:00	9/25/2020	11	development	train	26.088583	26.088583	8.24	8.24	16.60750667	5.480477201	11.12702947	0.05044	0.10044	0.080352
9/25/2020 12:00	9/25/2020	12	development	train	43.184	43.184	-0.27	0	16.02673333	5.288821999	10.73791133	0.05311	0.10311	0.082488
9/25/2020 13:00	9/25/2020	13	development	train	43.157999	43.157999	-0.26	0	12.13914	4.0059162	8.1332238	0.05333	0.10333	0.082664
9/25/2020 14:00	9/25/2020	14	development	train	10.5564166	10.5564166	-0.29	0	17.406	5.74398	11.66202	0.05455	0.10455	0.08364
9/25/2020 15:00	9/25/2020	15	development	train	4.7996668	4.7996668	-0.25	0	20.65892222	6.817444333	13.84147789	0.05322	0.10322	0.082576
9/25/2020 16:00	9/25/2020	16	development	train	0.9219167	0.9219167	-0.56	0	19.93922444	6.579944065	13.35928037	0.05377	0.10377	0.083016
9/25/2020 17:00	9/25/2020	17	development	train	0	0	-0.27	0	16.84146667	5.557684001	11.28378267	0.05422	0.10422	0.083376
9/25/2020 18:00	9/25/2020	18	development	train	0	0	-0.29	0	20.00898667	6.602965601	13.40602107	0.05599	0.10599	0.084792
9/25/2020 19:00	9/25/2020	19	development	train	0	0	-0.24	0	21.96585556	7.248732335	14.71712323	0.05477	0.10477	0.083816
9/25/2020 20:00	9/25/2020	20	development	train	0	0	4.03	4.03	18.56596778	6.126769367	12.43919841	0.05255	0.10255	0.08204
9/25/2020 21:00	9/25/2020	21	development	train	0	0	8.12	8.12	14.96556222	4.938635533	10.02692669	0.04988	0.09988	0.079904
9/25/2020 22:00	9/25/2020	22	development	train	0	0	30.75	30.75	14.85555444	4.902332965	9.953221475	0.03238	0.08238	0.065904
9/25/2020 23:00	9/25/2020	23	development	train	0	0	19.22	19.22	12.33626111	4.070966166	8.265294944	0.0287	0.0787	0.06296
9/26/2020 0:00	9/26/2020	0	development	train	0	0	2.7	2.7	12.97676889	4.282333734	8.694435156	0.02702	0.07702	0.061616
9/26/2020 1:00	9/26/2020	1	development	train	0	0	-0.25	0	12.68408444	4.185747865	8.498336575	0.02624	0.07624	0.060992
9/26/2020 2:00	9/26/2020	2	development	train	0	0	-0.25	0	15.38586444	5.077335265	10.30852917	0.02736	0.07736	0.061888
9/26/2020 3:00	9/26/2020	3	development	train	0	0	-0.26	0	12.13994222	4.006180933	8.133761287	0.02736	0.07736	0.061888
9/26/2020 4:00	9/26/2020	4	development	train	0	0	-0.26	0	10.28306444	3.393411265	6.889653175	0.02814	0.07814	0.062512
9/26/2020 5:00	9/26/2020	5	development	train	0.0588182	0.0588182	-0.24	0	13.41566111	4.427168166	8.988492944	0.02859	0.07859	0.062872
9/26/2020 6:00	9/26/2020	6	development	train	1.2628333	1.2628333	-0.24	0	20.94246889	6.911014734	14.03145416	0.02903	0.07903	0.063224
9/26/2020 7:00	9/26/2020	7	development	train	3.0000834	3.0000834	3.47	3.47	22.56942222	7.447909333	15.12151289	0.02848	0.07848	0.062784
9/26/2020 8:00	9/26/2020	8	development	train	5.0978334	5.0978334	4.85	4.85	21.67315111	7.152139866	14.52101124	0.0325	0.0825	0.066
9/26/2020 9:00	9/26/2020	9	development	train	9.599	9.599	1.27	1.27	18.71087111	6.174587466	12.53628364	0.03339	0.08339	0.066712
9/26/2020 10:00	9/26/2020	10	development	train	13.532	13.532	-0.28	0	17.79475333	5.872268599	11.92248473	0.03283	0.08283	0.066264
9/26/2020 11:00	9/26/2020	11	development	train	13.5789995	13.5789995	-0.27	0	14.09236556	4.650480635	9.441884925	0.03384	0.08384	0.067072
9/26/2020 12:00	9/26/2020	12	development	train	6.7095833	6.7095833	-0.26	0	17.94837	5.9229621	12.0254079	0.03428	0.08428	0.067424
9/26/2020 13:00	9/26/2020	13	development	train	4.6276668	4.6276668	-0.24	0	15.64135778	5.161648067	10.47970971	0.03551	0.08551	0.068408
9/26/2020 14:00	9/26/2020	14	development	train	3.1632499	3.1632499	-0.25	0	16.84422556	5.558594435	11.28563113	0.0373	0.0873	0.06984
9/26/2020 15:00	9/26/2020	15	development	train	2.3710834	2.3710834	-0.24	0	16.37949111	5.405232066	10.97425904	0.03797	0.08797	0.070376
9/26/2020 16:00	9/26/2020	16	development	train	0.9370833	0.9370833	-0.29	0	17.15955111	5.662651866	11.49689924	0.03864	0.08864	0.070912
9/26/2020 17:00	9/26/2020	17	development	train	0	0	-0.25	0	15.34711111	5.064546666	10.28256444	0.0383	0.0883	0.07064
9/26/2020 18:00	9/26/2020	18	development	train	0	0	-0.26	0	17.47169556	5.765659535	11.70603603	0.03707	0.08707	0.069656
9/26/2020 19:00	9/26/2020	19	development	train	0	0	-0.27	0	13.39457333	4.420209199	8.974364131	0.03495	0.08495	0.06796
9/26/2020 20:00	9/26/2020	20	development	train	0	0	-0.25	0	13.05153444	4.307006365	8.744528075	0.0297	0.0797	0.06376
9/26/2020 21:00	9/26/2020	21	development	train	0	0	-0.26	0	13.48820333	4.451107099	9.037096231	0.02457	0.07457	0.059656
9/26/2020 22:00	9/26/2020	22	development	train	0	0	-0.28	0	15.00512111	4.951689966	10.05343114	0.01655	0.06655	0.05324
9/26/2020 23:00	9/26/2020	23	development	train	0	0	-0.25	0	12.53713667	4.137255101	8.399881569	0.01644	0.06644	0.053152
9/27/2020 0:00	9/27/2020	0	development	train	0	0	-0.26	0	12.94986333	4.273454899	8.676408431	0.01633	0.06633	0.053064
9/27/2020 1:00	9/27/2020	1	development	train	0	0	-0.26	0	13.10291333	4.323961399	8.778951931	0.01622	0.06622	0.052976
9/27/2020 2:00	9/27/2020	2	development	train	0	0	-0.27	0	17.45668667	5.760706601	11.69598007	0.01655	0.06655	0.05324
9/27/2020 3:00	9/27/2020	3	development	train	0	0	-0.31	0	10.59413333	3.496063999	7.098069331	0.01789	0.06789	0.054312
9/27/2020 4:00	9/27/2020	4	development	train	0	0	-0.25	0	11.12765556	3.672126335	7.455529225	0.01922	0.06922	0.055376
9/27/2020 5:00	9/27/2020	5	development	train	0.2093409	0.2093409	-0.31	0	14.61365333	4.822505599	9.791147731	0.01966	0.06966	0.055728
9/27/2020 6:00	9/27/2020	6	development	train	8.2968334	8.2968334	0.21	0.21	18.93630222	6.248979733	12.68732249	0.02511	0.07511	0.060088
9/27/2020 7:00	9/27/2020	7	development	train	28.332167	28.332167	5.31	5.31	16.46655778	5.433964067	11.03259371	0.02766	0.07766	0.062128
9/27/2020 8:00	9/27/2020	8	development	train	41.004833	41.004833	19.21	19.21	17.73129556	5.851327535	11.87996803	0.02977	0.07977	0.063816
9/27/2020 9:00	9/27/2020	9	development	train	54.149082	54.149082	16.15	16.15	17.08217444	5.637117565	11.44505687	0.02989	0.07989	0.063912
9/27/2020 10:00	9/27/2020	10	development	train	60.680834	60.680834	7.49	7.49	14.53088667	4.795192601	9.735694069	0.02778	0.07778	0.062224
9/27/2020 11:00	9/27/2020	11	development	train	60.23375	60.23375	7.31	7.31	12.14373333	4.007431999	8.136301331	0.02755	0.07755	0.06204
9/27/2020 12:00	9/27/2020	12	development	train	55.966832	55.966832	0.27	0.27	14.23087333	4.696188199	9.534685131	0.02922	0.07922	0.063376
9/27/2020 13:00	9/27/2020	13	development	train	46.9855	46.9855	-0.32	0	14.66065333	4.838015599	9.822637731	0.02955	0.07955	0.06364
9/27/2020 14:00	9/27/2020	14	development	train	32.657416	32.657416	2.71	2.71	17.27776222	5.701661533	11.57610069	0.02977	0.07977	0.063816
9/27/2020 15:00	9/27/2020	15	development	train	14.2876665	14.2876665	2.58	2.58	19.17	6.3261	12.8439	0.03033	0.08033	0.064264
9/27/2020 16:00	9/27/2020	16	development	train	3.0672499	3.0672499	-0.31	0	16.20278333	5.346918499	10.85586483	0.03166	0.08166	0.065328
9/27/2020 17:00	9/27/2020	17	development	train	0	0	-0.27	0	16.75770222	5.530041733	11.22766049	0.03322	0.08322	0.066576
9/27/2020 18:00	9/27/2020	18	development	train	0	0	-0.28	0	10.73918111	3.543929766	7.195251344	0.034	0.084	0.0672
9/27/2020 19:00	9/27/2020	19	development	train	0	0	-0.31	0	15.36724444	5.071190665	10.29605377	0.03266	0.08266	0.066128
9/27/2020 20:00	9/27/2020	20	development	train	0	0	-0.25	0	16.29999222	5.378997433	10.92099479	0.02778	0.07778	0.062224
9/27/2020 21:00	9/27/2020	21	development	train	0	0	-0.28	0	15.06804111	4.972453566	10.09558754	0.02711	0.07711	0.061688
9/27/2020 22:00	9/27/2020	22	development	train	0	0	-0.24	0	11.46743556	3.784253735	7.683181825	0.02478	0.07478	0.059824
9/27/2020 23:00	9/27/2020	23	development	train	0	0	-0.28	0	9.937297778	3.279308267	6.657989511	0.02389	0.07389	0.059112
9/28/2020 0:00	9/28/2020	0	development	train	0	0	-0.27	0	12.43649778	4.104044267	8.332453513	0.024	0.074	0.0592
9/28/2020 1:00	9/28/2020	1	development	train	0	0	-0.26	0	14.55803556	4.804151735	9.753883825	0.02433	0.07433	0.059464
9/28/2020 2:00	9/28/2020	2	development	train	0	0	-0.24	0	12.59893111	4.157647266	8.441283844	0.027	0.077	0.0616
9/28/2020 3:00	9/28/2020	3	development	train	0	0	-0.25	0	13.45637333	4.440603199	9.015770131	0.03266	0.08266	0.066128
9/28/2020 4:00	9/28/2020	4	development	train	0	0	-0.25	0	11.80302222	3.894997333	7.908024887	0.02555	0.07555	0.06044
9/28/2020 5:00	9/28/2020	5	development	train	0.0394142	0.0394142	-0.24	0	13.67719	4.5134727	9.1637173	0.02933	0.07933	0.063464
9/28/2020 6:00	9/28/2020	6	development	train	0.8745	0.8745	-0.27	0	20.06892444	6.622745065	13.44617937	0.03544	0.08544	0.068352
9/28/2020 7:00	9/28/2020	7	development	train	3.9648334	3.9648334	-0.25	0	19.64597778	6.483172667	13.16280511	0.03666	0.08666	0.069328
9/28/2020 8:00	9/28/2020	8	development	train	13.6478335	13.6478335	-0.26	0	21.81948	7.2004284	14.6190516	0.03722	0.08722	0.069776
9/28/2020 9:00	9/28/2020	9	development	train	38.718166	38.718166	-0.25	0	17.12065778	5.649817067	11.47084071	0.03733	0.08733	0.069864
9/28/2020 10:00	9/28/2020	10	development	train	53.073416	53.073416	-0.27	0	20.38242222	6.726199333	13.65622289	0.03711	0.08711	0.069688
9/28/2020 11:00	9/28/2020	11	development	train	54.120334	54.120334	-0.26	0	13.05507556	4.308174935	8.746900625	0.03689	0.08689	0.069512
9/28/2020 12:00	9/28/2020	12	development	train	51.072748	51.072748	-0.3	0	12.61729556	4.163707535	8.453588025	0.03666	0.08666	0.069328
9/28/2020 13:00	9/28/2020	13	development	train	42.590666	42.590666	-0.25	0	14.80427778	4.885411667	9.918866113	0.03633	0.08633	0.069064
9/28/2020 14:00	9/28/2020	14	development	train	28.316667	28.316667	-0.27	0	18.37825778	6.064825067	12.31343271	0.03555	0.08555	0.06844
9/28/2020 15:00	9/28/2020	15	development	train	13.0288335	13.0288335	-0.31	0	14.80339444	4.885120165	9.918274275	0.03422	0.08422	0.067376
9/28/2020 16:00	9/28/2020	16	development	train	1.9768334	1.9768334	3.12	3.12	15.68052333	5.174572699	10.50595063	0.03344	0.08344	0.066752
9/28/2020 17:00	9/28/2020	17	development	train	0	0	10.1	10.1	16.36888556	5.401732235	10.96715333	0.03289	0.08289	0.066312
9/28/2020 18:00	9/28/2020	18	development	train	0	0	2.27	2.27	16.82528667	5.552344601	11.27294207	0.03211	0.08211	0.065688
9/28/2020 19:00	9/28/2020	19	development	train	0	0	7.12	7.12	16.10979556	5.316232535	10.79356303	0.02822	0.07822	0.062576
9/28/2020 20:00	9/28/2020	20	development	train	0	0	3.49	3.49	15.37241556	5.072897135	10.29951843	0.02466	0.07466	0.059728
9/28/2020 21:00	9/28/2020	21	development	train	0	0	6.19	6.19	11.99269333	3.957588799	8.035104531	0.02155	0.07155	0.05724
9/28/2020 22:00	9/28/2020	22	development	train	0	0	19.43	19.43	8.938436111	2.949683917	5.988752194	0.01775	0.06775	0.0542
9/28/2020 23:00	9/28/2020	23	development	train	0	0	9.26	9.26	8.202148333	2.70670895	5.495439383	0.01675	0.06675	0.0534
9/29/2020 0:00	9/29/2020	0	development	train	0	0	2.74	2.74	12.24951444	4.042339765	8.207174675	0.01664	0.06664	0.053312
9/29/2020 1:00	9/29/2020	1	development	train	0	0	4.19	4.19	12.78521444	4.219120765	8.566093675	0.01931	0.06931	0.055448
9/29/2020 2:00	9/29/2020	2	development	train	0	0	-0.25	0	11.88542556	3.922190435	7.963235125	0.02352	0.07352	0.058816
9/29/2020 3:00	9/29/2020	3	development	train	0	0	-0.26	0	9.382515556	3.096230133	6.286285423	0.02863	0.07863	0.062904
9/29/2020 4:00	9/29/2020	4	development	train	0	0	-0.26	0	9.217217778	3.041681867	6.175535911	0.03173	0.08173	0.065384
9/29/2020 5:00	9/29/2020	5	development	train	0.2607955	0.2607955	-0.26	0	10.04185556	3.313812335	6.728043225	0.03251	0.08251	0.066008
9/29/2020 6:00	9/29/2020	6	development	train	6.1824166	6.1824166	-0.27	0	18.52583333	6.113524999	12.41230833	0.03584	0.08584	0.068672
9/29/2020 7:00	9/29/2020	7	development	train	21.295	21.295	-0.25	0	19.87207556	6.557784935	13.31429063	0.03517	0.08517	0.068136
9/29/2020 8:00	9/29/2020	8	development	train	35.413001	35.413001	-0.24	0	16.77395556	5.535405335	11.23855023	0.03529	0.08529	0.068232
9/29/2020 9:00	9/29/2020	9	development	train	45.03825	45.03825	-0.25	0	17.20187778	5.676619667	11.52525811	0.03451	0.08451	0.067608
9/29/2020 10:00	9/29/2020	10	development	train	50.324167	50.324167	-0.25	0	9.866874444	3.256068567	6.610805877	0.03362	0.08362	0.066896
9/29/2020 11:00	9/29/2020	11	development	train	51.695582	51.695582	-0.29	0	9.301605556	3.069529833	6.232075723	0.03329	0.08329	0.066632
9/29/2020 12:00	9/29/2020	12	development	train	47.071333	47.071333	-0.32	0	13.88624	4.5824592	9.3037808	0.0314	0.0814	0.06512
9/29/2020 13:00	9/29/2020	13	development	train	39.512499	39.512499	-0.28	0	11.73485	3.8725005	7.8623495	0.03218	0.08218	0.065744
9/29/2020 14:00	9/29/2020	14	development	train	23.9294995	23.9294995	-0.29	0	15.25148667	5.032990601	10.21849607	0.03273	0.08273	0.066184
9/29/2020 15:00	9/29/2020	15	development	train	8.894	8.894	-0.25	0	10.22243	3.3734019	6.8490281	0.03329	0.08329	0.066632
9/29/2020 16:00	9/29/2020	16	development	train	0.32075	0.32075	-0.27	0	11.54535444	3.809966965	7.735387475	0.03062	0.08062	0.064496
9/29/2020 17:00	9/29/2020	17	development	train	0	0	-0.3	0	10.98780444	3.625975465	7.361828975	0.03085	0.08085	0.06468
9/29/2020 18:00	9/29/2020	18	development	train	0	0	-0.26	0	19.74393111	6.515497266	13.22843384	0.04072	0.09072	0.072576
9/29/2020 19:00	9/29/2020	19	development	train	0	0	-0.27	0	21.01061111	6.933501666	14.07710944	0.03828	0.08828	0.070624
9/29/2020 20:00	9/29/2020	20	development	train	0	0	-0.24	0	17.00943222	5.613112633	11.39631959	0.03495	0.08495	0.06796
9/29/2020 21:00	9/29/2020	21	development	train	0	0	-0.25	0	20.4375	6.744375	13.693125	0.03129	0.08129	0.065032
9/29/2020 22:00	9/29/2020	22	development	train	0	0	-0.25	0	13.90936778	4.590091367	9.319276413	0.03298	0.08298	0.066384
9/29/2020 23:00	9/29/2020	23	development	train	0	0	-0.28	0	10.41296444	3.436278265	6.976686175	0.0321	0.0821	0.06568
9/30/2020 0:00	9/30/2020	0	development	train	0	0	-0.24	0	13.40034444	4.422113665	8.978230775	0.03166	0.08166	0.065328
9/30/2020 1:00	9/30/2020	1	development	train	0	0	-0.27	0	14.76292444	4.871765065	9.891159375	0.03088	0.08088	0.064704
9/30/2020 2:00	9/30/2020	2	development	train	0	0	-0.24	0	12.90317556	4.258047935	8.645127625	0.03143	0.08143	0.065144
9/30/2020 3:00	9/30/2020	3	development	train	0	0	-0.28	0	10.98512222	3.625090333	7.360031887	0.03343	0.08343	0.066744
9/30/2020 4:00	9/30/2020	4	development	train	0	0	3.25	3.25	15.83646667	5.226034001	10.61043267	0.03863	0.08863	0.070904
9/30/2020 5:00	9/30/2020	5	development	train	0.1530834	0.1530834	22.65	22.65	12.81302	4.2282966	8.5847234	0.03874	0.08874	0.070992
9/30/2020 6:00	9/30/2020	6	development	train	7.1013333	7.1013333	46.34	46.34	16.62939778	5.487701267	11.14169651	0.05036	0.10036	0.080288
9/30/2020 7:00	9/30/2020	7	development	train	27.830166	27.830166	38.43	38.43	18.89366	6.2349078	12.6587522	0.07582	0.12582	0.100656
9/30/2020 8:00	9/30/2020	8	development	train	40.225166	40.225166	11.41	11.41	17.78237778	5.868184667	11.91419311	0.10969	0.15969	0.127752
9/30/2020 9:00	9/30/2020	9	development	train	49.384	49.384	0.2	0.2	15.63390333	5.159188099	10.47471523	0.07737	0.12737	0.101896
9/30/2020 10:00	9/30/2020	10	development	train	55.732168	55.732168	-0.25	0	12.82116556	4.230984635	8.590180925	0.0456	0.0956	0.07648
9/30/2020 11:00	9/30/2020	11	development	train	58.338332	58.338332	-0.43	0	13.50850222	4.457805733	9.050696487	0.04505	0.09505	0.07604
9/30/2020 12:00	9/30/2020	12	development	train	48.895166	48.895166	-0.38	0	14.50248444	4.785819865	9.716664575	0.04527	0.09527	0.076216
9/30/2020 13:00	9/30/2020	13	development	train	25.5755	25.5755	-0.26	0	17.73665778	5.853097067	11.88356071	0.0497	0.0997	0.07976
9/30/2020 14:00	9/30/2020	14	development	train	6.41875	6.41875	-0.3	0	15.39379333	5.079951799	10.31384153	0.0528	0.1028	0.08224
9/30/2020 15:00	9/30/2020	15	development	train	8.4985	8.4985	12.31	12.31	13.64591222	4.503151033	9.142761187	0.04782	0.09782	0.078256
9/30/2020 16:00	9/30/2020	16	development	train	2.4391666	2.4391666	23.65	23.65	9.153993333	3.0208178	6.133175533	0.03918	0.08918	0.071344
9/30/2020 17:00	9/30/2020	17	development	train	0	0	76.52	76.52	14.47481222	4.776688033	9.698124187	0.03918	0.08918	0.071344
9/30/2020 18:00	9/30/2020	18	development	train	0	0	69.43	69.43	15.69067222	5.177921833	10.51275039	0.03852	0.08852	0.070816
9/30/2020 19:00	9/30/2020	19	development	train	0	0	121.79	121.79	14.94847889	4.932998034	10.01548086	0.04129	0.09129	0.073032
9/30/2020 20:00	9/30/2020	20	development	train	0	0	117.84	117.84	17.07006556	5.633121635	11.43694393	0.03686	0.08686	0.069488
9/30/2020 21:00	9/30/2020	21	development	train	0	0	79.81	79.81	13.68325667	4.515474701	9.167781969	0.03254	0.08254	0.066032
9/30/2020 22:00	9/30/2020	22	development	train	0	0	29.46	29.46	11.81173778	3.897873467	7.913864313	0.0372	0.0872	0.06976
9/30/2020 23:00	9/30/2020	23	development	train	0	0	35.75	35.75	8.945623333	2.9520557	5.993567633	0.03077	0.08077	0.064616
10/1/2020 0:00	10/1/2020	0	development	train	0	0	91.88	91.88	13.51827333	4.461030199	9.057243131	0.02978	0.07978	0.063824
10/1/2020 1:00	10/1/2020	1	development	train	0	0	102.14	102.14	15.81335222	5.218406233	10.59494599	0.02967	0.07967	0.063736
10/1/2020 2:00	10/1/2020	2	development	train	0	0	50.64	50.64	15.69740111	5.180142366	10.51725874	0.02967	0.07967	0.063736
10/1/2020 3:00	10/1/2020	3	development	train	0	0	46.38	46.38	11.95276556	3.944412635	8.008352925	0.031	0.081	0.0648
10/1/2020 4:00	10/1/2020	4	development	train	0	0	88.1	88.1	10.65958667	3.517663601	7.141923069	0.03897	0.08897	0.071176
10/1/2020 5:00	10/1/2020	5	development	train	0.2349091	0.2349091	30.91	30.91	12.99666889	4.288900734	8.707768156	0.04107	0.09107	0.072856
10/1/2020 6:00	10/1/2020	6	development	train	6.3690834	6.3690834	19.1	19.1	16.33186333	5.389514899	10.94234843	0.04162	0.09162	0.073296
10/1/2020 7:00	10/1/2020	7	development	train	27.429417	27.429417	51.5	51.5	16.95187667	5.594119301	11.35775737	0.04317	0.09317	0.074536
10/1/2020 8:00	10/1/2020	8	development	train	44.71275	44.71275	40.17	40.17	18.99140889	6.267164934	12.72424396	0.04373	0.09373	0.074984
10/1/2020 9:00	10/1/2020	9	development	train	54.2305	54.2305	85.54	85.54	18.64609556	6.153211535	12.49288403	0.04218	0.09218	0.073744
10/1/2020 10:00	10/1/2020	10	development	train	54.8385	54.8385	127.86	127.86	15.51510444	5.119984465	10.39511997	0.04173	0.09173	0.073384
10/1/2020 11:00	10/1/2020	11	development	train	60.18025	60.18025	118.98	118.98	12.20019222	4.026063433	8.174128787	0.04129	0.09129	0.073032
10/1/2020 12:00	10/1/2020	12	development	train	55.354166	55.354166	104.68	104.68	15.28323556	5.043467735	10.23976783	0.04118	0.09118	0.072944
10/1/2020 13:00	10/1/2020	13	development	train	44.356416	44.356416	112.93	112.93	16.29732333	5.378116699	10.91920663	0.04074	0.09074	0.072592
10/1/2020 14:00	10/1/2020	14	development	train	33.467833	33.467833	145.42	145.42	15.61803556	5.153951735	10.46408383	0.04041	0.09041	0.072328
10/1/2020 15:00	10/1/2020	15	development	train	10.81975	10.81975	144.51	144.51	11.79273111	3.891601266	7.901129844	0.04118	0.09118	0.072944
10/1/2020 16:00	10/1/2020	16	development	train	1.2096667	1.2096667	104.52	104.52	12.43431	4.1033223	8.3309877	0.03531	0.08531	0.068248
10/1/2020 17:00	10/1/2020	17	development	train	0	0	64.94	64.94	16.25887444	5.365428565	10.89344587	0.03421	0.08421	0.067368
10/1/2020 18:00	10/1/2020	18	development	train	0	0	17.97	17.97	18.77199111	6.194757066	12.57723404	0.0331	0.0831	0.06648
10/1/2020 19:00	10/1/2020	19	development	train	0	0	17.11	17.11	17.78359778	5.868587267	11.91501051	0.03255	0.08255	0.06604
10/1/2020 20:00	10/1/2020	20	development	train	0	0	5.31	5.31	19.49313778	6.432735467	13.06040231	0.031	0.081	0.0648
10/1/2020 21:00	10/1/2020	21	development	train	0	0	42.47	42.47	13.22742778	4.365051167	8.862376613	0.02834	0.07834	0.062672
10/1/2020 22:00	10/1/2020	22	development	train	0	0	24.85	24.85	9.208181111	3.038699767	6.169481344	0.03335	0.08335	0.06668
10/1/2020 23:00	10/1/2020	23	development	train	0	0	41.77	41.77	8.881486111	2.930890417	5.950595694	0.03259	0.08259	0.066072
10/2/2020 0:00	10/2/2020	0	development	train	0	0	51.81	51.81	15.86006111	5.233820166	10.62624094	0.03237	0.08237	0.065896
10/2/2020 1:00	10/2/2020	1	development	train	0	0	39.94	39.94	13.52028444	4.461693865	9.058590575	0.03237	0.08237	0.065896
10/2/2020 2:00	10/2/2020	2	development	train	0	0	47.4	47.4	15.10908889	4.985999334	10.12308956	0.0327	0.0827	0.06616
10/2/2020 3:00	10/2/2020	3	development	train	0	0	64.41	64.41	11.27111333	3.719467399	7.551645931	0.03433	0.08433	0.067464
10/2/2020 4:00	10/2/2020	4	development	train	0	0	57.86	57.86	13.12012444	4.329641065	8.790483375	0.03684	0.08684	0.069472
10/2/2020 5:00	10/2/2020	5	development	train	0.1159889	0.1159889	40.29	40.29	14.44014444	4.765247665	9.674896775	0.03902	0.08902	0.071216
10/2/2020 6:00	10/2/2020	6	development	train	1.93525	1.93525	16.18	16.18	18.44846556	6.087993635	12.36047193	0.04175	0.09175	0.0734
10/2/2020 7:00	10/2/2020	7	development	train	11.905	11.905	36.65	36.65	19.67457111	6.492608466	13.18196264	0.04153	0.09153	0.073224
10/2/2020 8:00	10/2/2020	8	development	train	37.548917	37.548917	109.19	109.19	15.85475778	5.232070067	10.62268771	0.04055	0.09055	0.07244
10/2/2020 9:00	10/2/2020	9	development	train	38.112167	38.112167	59.89	59.89	17.62081444	5.814868765	11.80594567	0.04011	0.09011	0.072088
10/2/2020 10:00	10/2/2020	10	development	train	34.9955	34.9955	55.63	55.63	10.44813111	3.447883266	7.000247844	0.03891	0.08891	0.071128
10/2/2020 11:00	10/2/2020	11	development	train	40.868917	40.868917	37.89	37.89	13.44226444	4.435947265	9.006317175	0.0388	0.0888	0.07104
10/2/2020 12:00	10/2/2020	12	development	train	36.688916	36.688916	83.64	83.64	17.34692889	5.724486534	11.62244236	0.03869	0.08869	0.070952
10/2/2020 13:00	10/2/2020	13	development	train	31.616083	31.616083	14.69	14.69	14.04372	4.6344276	9.4092924	0.03793	0.08793	0.070344
10/2/2020 14:00	10/2/2020	14	development	train	11.51925	11.51925	38.39	38.39	15.90131	5.2474323	10.6538777	0.03728	0.08728	0.069824
10/2/2020 15:00	10/2/2020	15	development	train	3.70825	3.70825	20.67	20.67	10.80953444	3.567146365	7.242388075	0.03749	0.08749	0.069992
10/2/2020 16:00	10/2/2020	16	development	train	0.5890833	0.5890833	32.2	32.2	14.36900333	4.741771099	9.627232231	0.03913	0.08913	0.071304
10/2/2020 17:00	10/2/2020	17	development	train	0	0	58.88	58.88	14.08542889	4.648191534	9.437237356	0.03869	0.08869	0.070952
10/2/2020 18:00	10/2/2020	18	development	train	0	0	168.54	168.54	21.06467556	6.951342935	14.11333263	0.03858	0.08858	0.070864
10/2/2020 19:00	10/2/2020	19	development	train	0	0	151.81	151.81	18.05957667	5.959660301	12.09991637	0.03575	0.08575	0.0686
10/2/2020 20:00	10/2/2020	20	development	train	0	0	134.6	134.6	17.84903111	5.890180266	11.95885084	0.03597	0.08597	0.068776
10/2/2020 21:00	10/2/2020	21	development	train	0	0	163.88	163.88	14.00064667	4.620213401	9.380433269	0.02758	0.07758	0.062064
10/2/2020 22:00	10/2/2020	22	development	train	0	0	49.49	49.49	12.91141444	4.260766765	8.650647675	0.03268	0.08268	0.066144
10/2/2020 23:00	10/2/2020	23	development	train	0	0	21.78	21.78	9.255487778	3.054310967	6.201176811	0.03028	0.08028	0.064224
10/3/2020 0:00	10/3/2020	0	development	train	0	0	22.46	22.46	13.71114	4.5246762	9.1864638	0.02186	0.07186	0.057488
10/3/2020 1:00	10/3/2020	1	development	train	0	0	17.12	17.12	14.38826667	4.748128001	9.640138669	0.02011	0.07011	0.056088
10/3/2020 2:00	10/3/2020	2	development	train	0	0	3.02	3.02	17.01036778	5.613421367	11.39694641	0.02088	0.07088	0.056704
10/3/2020 3:00	10/3/2020	3	development	train	0	0	-0.28	0	9.870873333	3.2573882	6.613485133	0.02055	0.07055	0.05644
10/3/2020 4:00	10/3/2020	4	development	train	0	0	5.4	5.4	11.34602333	3.744187699	7.601835631	0.02448	0.07448	0.059584
10/3/2020 5:00	10/3/2020	5	development	train	0.1818556	0.1818556	-0.33	0	10.69780444	3.530275465	7.167528975	0.02929	0.07929	0.063432
10/3/2020 6:00	10/3/2020	6	development	train	4.0320832	4.0320832	23.91	23.91	20.05801333	6.619144399	13.43886893	0.0446	0.0946	0.07568
10/3/2020 7:00	10/3/2020	7	development	train	15.1728335	15.1728335	102.73	102.73	17.99271556	5.937596135	12.05511943	0.04558	0.09558	0.076464
10/3/2020 8:00	10/3/2020	8	development	train	28.983917	28.983917	85.48	85.48	18.86596222	6.225767533	12.64019469	0.0458	0.0958	0.07664
10/3/2020 9:00	10/3/2020	9	development	train	37.637583	37.637583	83.67	83.67	15.88096889	5.240719734	10.64024916	0.04547	0.09547	0.076376
10/3/2020 10:00	10/3/2020	10	development	train	38.084499	38.084499	104.26	104.26	12.02331556	3.967694135	8.055621425	0.04471	0.09471	0.075768
10/3/2020 11:00	10/3/2020	11	development	train	37.529666	37.529666	115.91	115.91	12.85610222	4.242513733	8.613588487	0.04405	0.09405	0.07524
10/3/2020 12:00	10/3/2020	12	development	train	35.770084	35.770084	160.64	160.64	13.62463778	4.496130467	9.128507313	0.04427	0.09427	0.075416
10/3/2020 13:00	10/3/2020	13	development	train	27.895749	27.895749	218.79	218.79	14.39317333	4.749747199	9.643426131	0.0446	0.0946	0.07568
10/3/2020 14:00	10/3/2020	14	development	train	18.5302495	18.5302495	167.31	167.31	17.55671	5.7937143	11.7629957	0.04482	0.09482	0.075856
10/3/2020 15:00	10/3/2020	15	development	train	3.5425834	3.5425834	82.25	82.25	11.16297111	3.683780466	7.479190644	0.04558	0.09558	0.076464
10/3/2020 16:00	10/3/2020	16	development	train	0.3131667	0.3131667	78.88	78.88	11.69684222	3.859957933	7.836884287	0.0458	0.0958	0.07664
10/3/2020 17:00	10/3/2020	17	development	train	0	0	106.61	106.61	16.57416222	5.469473533	11.10468869	0.04624	0.09624	0.076992
10/3/2020 18:00	10/3/2020	18	development	train	0	0	71.09	71.09	16.14614444	5.328227665	10.81791677	0.0458	0.0958	0.07664
10/3/2020 19:00	10/3/2020	19	development	train	0	0	122.53	122.53	19.78409111	6.528750066	13.25534104	0.04503	0.09503	0.076024
10/3/2020 20:00	10/3/2020	20	development	train	0	0	116.14	116.14	17.48161222	5.768932033	11.71268019	0.03498	0.08498	0.067984
10/3/2020 21:00	10/3/2020	21	development	train	0	0	85.5	85.5	16.07404667	5.304435401	10.76961127	0.02733	0.07733	0.061864
10/3/2020 22:00	10/3/2020	22	development	train	0	0	51.81	51.81	11.40915556	3.765021335	7.644134225	0.03281	0.08281	0.066248
10/3/2020 23:00	10/3/2020	23	development	train	0	0	55.95	55.95	10.66613333	3.519823999	7.146309331	0.0327	0.0827	0.06616
10/4/2020 0:00	10/4/2020	0	development	train	0	0	79.18	79.18	12.95578111	4.275407766	8.680373344	0.02998	0.07998	0.063984
10/4/2020 1:00	10/4/2020	1	development	train	0	0	62.22	62.22	13.38204	4.4160732	8.9659668	0.03281	0.08281	0.066248
10/4/2020 2:00	10/4/2020	2	development	train	0	0	82.43	82.43	12.93116556	4.267284635	8.663880925	0.02333	0.07333	0.058664
10/4/2020 3:00	10/4/2020	3	development	train	0	0	62.48	62.48	11.43325778	3.772975067	7.660282713	0.01919	0.06919	0.055352
10/4/2020 4:00	10/4/2020	4	development	train	0	0	-566.34	0	15.74503444	5.195861365	10.54917307	0.01744	0.06744	0.053952
10/4/2020 5:00	10/4/2020	5	development	train	0	0	2.06	2.06	13.79614778	4.552728767	9.243419013	0.01701	0.06701	0.053608
10/4/2020 6:00	10/4/2020	6	development	train	0.7873333	0.7873333	6.9	6.9	12.63424778	4.169301767	8.464946013	0.02812	0.07812	0.062496
10/4/2020 7:00	10/4/2020	7	development	train	12.2903333	12.2903333	44.14	44.14	19.55898667	6.454465601	13.10452107	0.0363	0.0863	0.06904
10/4/2020 8:00	10/4/2020	8	development	train	18.02425	18.02425	89.6	89.6	17.05804889	5.629156134	11.42889276	0.04677	0.09677	0.077416
10/4/2020 9:00	10/4/2020	9	development	train	5.0225832	5.0225832	61.34	61.34	11.75887667	3.880429301	7.878447369	0.04698	0.09698	0.077584
10/4/2020 10:00	10/4/2020	10	development	train	17.173667	17.173667	55.57	55.57	11.25861333	3.715342399	7.543270931	0.046	0.096	0.0768
10/4/2020 11:00	10/4/2020	11	development	train	13.76675	13.76675	54.5	54.5	10.76080111	3.551064366	7.209736744	0.04535	0.09535	0.07628
10/4/2020 12:00	10/4/2020	12	development	train	17.4791665	17.4791665	77.24	77.24	15.61418	5.1526794	10.4615006	0.04873	0.09873	0.078984
10/4/2020 13:00	10/4/2020	13	development	train	10.2115833	10.2115833	138.41	138.41	14.59012889	4.814742534	9.775386356	0.04862	0.09862	0.078896
10/4/2020 14:00	10/4/2020	14	development	train	6.0176667	6.0176667	55.37	55.37	16.15901333	5.332474399	10.82653893	0.04895	0.09895	0.07916
10/4/2020 15:00	10/4/2020	15	development	train	1.2721666	1.2721666	45	45	15.82199333	5.221257799	10.60073553	0.04949	0.09949	0.079592
10/4/2020 16:00	10/4/2020	16	development	train	0.0251818	0.0251818	26.5	26.5	11.77093111	3.884407266	7.886523844	0.04993	0.09993	0.079944
10/4/2020 17:00	10/4/2020	17	development	train	0	0	13.67	13.67	16.88145889	5.570881434	11.31057746	0.05047	0.10047	0.080376
10/4/2020 18:00	10/4/2020	18	development	train	0	0	10.78	10.78	17.70691889	5.843283234	11.86363566	0.04993	0.09993	0.079944
10/4/2020 19:00	10/4/2020	19	development	train	0	0	25.34	25.34	17.20552	5.6778216	11.5276984	0.04949	0.09949	0.079592
10/4/2020 20:00	10/4/2020	20	development	train	0	0	60.6	60.6	17.24495333	5.690834599	11.55411873	0.04895	0.09895	0.07916
10/4/2020 21:00	10/4/2020	21	development	train	0	0	44.15	44.15	11.97848778	3.952900967	8.025586813	0.04731	0.09731	0.077848
10/4/2020 22:00	10/4/2020	22	development	train	0	0	56.4	56.4	9.083412222	2.997526033	6.085886189	0.05015	0.10015	0.08012
10/4/2020 23:00	10/4/2020	23	development	train	0	0	24.46	24.46	10.74711111	3.546546666	7.200564444	0.04993	0.09993	0.079944
10/5/2020 0:00	10/5/2020	0	development	train	0	0	41.07	41.07	12.30845333	4.061789599	8.246663731	0.04993	0.09993	0.079944
10/5/2020 1:00	10/5/2020	1	development	train	0	0	13.48	13.48	12.75867444	4.210362565	8.548311875	0.04993	0.09993	0.079944
10/5/2020 2:00	10/5/2020	2	development	train	0	0	2.37	2.37	12.74262667	4.205066801	8.537559869	0.05015	0.10015	0.08012
10/5/2020 3:00	10/5/2020	3	development	train	0	0	1.33	1.33	11.48225556	3.789144335	7.693111225	0.0508	0.1008	0.08064
10/5/2020 4:00	10/5/2020	4	development	train	0	0	7.55	7.55	11.40588111	3.763940766	7.641940344	0.05134	0.10134	0.081072
10/5/2020 5:00	10/5/2020	5	development	train	0	0	0.8	0.8	10.71059889	3.534497634	7.176101256	0.05178	0.10178	0.081424
10/5/2020 6:00	10/5/2020	6	development	train	0.0228333	0.0228333	10.27	10.27	17.44292889	5.756166534	11.68676236	0.05254	0.10254	0.082032
10/5/2020 7:00	10/5/2020	7	development	train	0.8164167	0.8164167	3.14	3.14	15.09106333	4.980050899	10.11101243	0.05331	0.10331	0.082648
10/5/2020 8:00	10/5/2020	8	development	train	2.0360833	2.0360833	17.66	17.66	10.96037	3.6169221	7.3434479	0.05254	0.10254	0.082032
10/5/2020 9:00	10/5/2020	9	development	train	14.544417	14.544417	21.61	21.61	12.29708778	4.058038967	8.239048813	0.05309	0.10309	0.082472
10/5/2020 10:00	10/5/2020	10	development	train	7.7745	7.7745	4.18	4.18	13.34251	4.4030283	8.9394817	0.05331	0.10331	0.082648
10/5/2020 11:00	10/5/2020	11	development	train	6.4353333	6.4353333	5.64	5.64	12.42389222	4.099884433	8.324007787	0.05418	0.10418	0.083344
10/5/2020 12:00	10/5/2020	12	development	train	13.8265	13.8265	-0.3	0	14.61674444	4.823525665	9.793218775	0.05734	0.10734	0.085872
10/5/2020 13:00	10/5/2020	13	development	train	29.151666	29.151666	8.54	8.54	13.29540889	4.387484934	8.907923956	0.05876	0.10876	0.087008
10/5/2020 14:00	10/5/2020	14	development	train	14.4500835	14.4500835	9.57	9.57	13.22795222	4.365224233	8.862727987	0.05963	0.10963	0.087704
10/5/2020 15:00	10/5/2020	15	development	train	3.1318334	3.1318334	4.55	4.55	11.92789444	3.936205165	7.991689275	0.06007	0.11007	0.088056
10/5/2020 16:00	10/5/2020	16	development	train	0.0371667	0.0371667	0.71	0.71	11.34521778	3.743921867	7.601295913	0.0605	0.1105	0.0884
10/5/2020 17:00	10/5/2020	17	development	train	0	0	1.34	1.34	14.57560333	4.809949099	9.765654231	0.06116	0.11116	0.088928
10/5/2020 18:00	10/5/2020	18	development	train	0	0	-0.25	0	19.17709556	6.328441535	12.84865403	0.06148	0.11148	0.089184
10/5/2020 19:00	10/5/2020	19	development	train	0	0	-0.28	0	19.80416889	6.535375734	13.26879316	0.06105	0.11105	0.08884
10/5/2020 20:00	10/5/2020	20	development	train	0	0	-0.26	0	21.09654	6.9618582	14.1346818	0.06017	0.11017	0.088136
10/5/2020 21:00	10/5/2020	21	development	train	0	0	-0.25	0	20.15898667	6.652465601	13.50652107	0.05865	0.10865	0.08692
10/5/2020 22:00	10/5/2020	22	development	train	0	0	-0.24	0	11.48559333	3.790245799	7.695347531	0.05808	0.10808	0.086464
10/5/2020 23:00	10/5/2020	23	development	train	0	0	-0.24	0	7.917535	2.61278655	5.30474845	0.05568	0.10568	0.084544
10/6/2020 0:00	10/6/2020	0	development	train	0	0	-0.32	0	11.54066333	3.808418899	7.732244431	0.05415	0.10415	0.08332
10/6/2020 1:00	10/6/2020	1	development	train	0	0	-0.25	0	12.43036111	4.102019166	8.328341944	0.05372	0.10372	0.082976
10/6/2020 2:00	10/6/2020	2	development	train	0	0	-0.27	0	12.64788889	4.173803334	8.474085556	0.05328	0.10328	0.082624
10/6/2020 3:00	10/6/2020	3	development	train	0	0	0.82	0.82	8.978664444	2.962959267	6.015705177	0.05361	0.10361	0.082888
10/6/2020 4:00	10/6/2020	4	development	train	0	0	40.02	40.02	15.28862444	5.045246065	10.24337837	0.05513	0.10513	0.084104
10/6/2020 5:00	10/6/2020	5	development	train	0.752	0.752	53.7	53.7	16.53970667	5.458103201	11.08160347	0.05829	0.10829	0.086632
10/6/2020 6:00	10/6/2020	6	development	train	4.6965832	4.6965832	32.07	32.07	19.19484889	6.334300134	12.86054876	0.06156	0.11156	0.089248
10/6/2020 7:00	10/6/2020	7	development	train	25.60675	25.60675	66.15	66.15	19.08719778	6.298775267	12.78842251	0.06134	0.11134	0.089072
10/6/2020 8:00	10/6/2020	8	development	train	40.399916	40.399916	45.46	45.46	19.25945111	6.355618866	12.90383224	0.06069	0.11069	0.088552
10/6/2020 9:00	10/6/2020	9	development	train	51.3415	51.3415	6.55	6.55	14.35419778	4.736885267	9.617312513	0.05927	0.10927	0.087416
10/6/2020 10:00	10/6/2020	10	development	train	43.942	43.942	5.81	5.81	10.31496	3.4039368	6.9110232	0.05742	0.10742	0.085936
10/6/2020 11:00	10/6/2020	11	development	train	59.212	59.212	8.57	8.57	10.32142444	3.406070065	6.915354375	0.05546	0.10546	0.084368
10/6/2020 12:00	10/6/2020	12	development	train	20.7010835	20.7010835	1.96	1.96	13.11505333	4.327967599	8.787085731	0.05513	0.10513	0.084104
10/6/2020 13:00	10/6/2020	13	development	train	15.9191665	15.9191665	17.31	17.31	16.32608556	5.387608235	10.93847733	0.05481	0.10481	0.083848
10/6/2020 14:00	10/6/2020	14	development	train	9.6575834	9.6575834	15.74	15.74	16.84754222	5.559688933	11.28785329	0.05426	0.10426	0.083408
10/6/2020 15:00	10/6/2020	15	development	train	4.1735	4.1735	15.31	15.31	12.04059	3.9733947	8.0671953	0.05393	0.10393	0.083144
10/6/2020 16:00	10/6/2020	16	development	train	0.0624546	0.0624546	15.65	15.65	13.47806444	4.447761265	9.030303175	0.05415	0.10415	0.08332
10/6/2020 17:00	10/6/2020	17	development	train	0	0	-0.18	0	17.65547111	5.826305466	11.82916564	0.05502	0.10502	0.084016
10/6/2020 18:00	10/6/2020	18	development	train	0	0	25.27	25.27	17.83915111	5.886919866	11.95223124	0.0559	0.1059	0.08472
10/6/2020 19:00	10/6/2020	19	development	train	0	0	33.68	33.68	17.15216	5.6602128	11.4919472	0.05666	0.10666	0.085328
10/6/2020 20:00	10/6/2020	20	development	train	0	0	14.24	14.24	14.33125889	4.729315434	9.601943456	0.05611	0.10611	0.084888
10/6/2020 21:00	10/6/2020	21	development	train	0	0	-0.32	0	14.55936	4.8045888	9.7547712	0.0547	0.1047	0.08376
10/6/2020 22:00	10/6/2020	22	development	train	0	0	-0.3	0	10.44894667	3.448152401	7.000794269	0.06064	0.11064	0.088512
10/6/2020 23:00	10/6/2020	23	development	train	0	0	-0.31	0	8.286951667	2.73469405	5.552257617	0.06053	0.11053	0.088424
10/7/2020 0:00	10/7/2020	0	development	train	0	0	-0.24	0	13.31208444	4.392987865	8.919096575	0.06064	0.11064	0.088512
10/7/2020 1:00	10/7/2020	1	development	train	0	0	-0.25	0	14.36712889	4.741152534	9.625976356	0.06032	0.11032	0.088256
10/7/2020 2:00	10/7/2020	2	development	train	0	0	-0.3	0	13.42932778	4.431678167	8.997649613	0.06086	0.11086	0.088688
10/7/2020 3:00	10/7/2020	3	development	train	0	0	-0.26	0	9.473482222	3.126249133	6.347233089	0.06282	0.11282	0.090256
10/7/2020 4:00	10/7/2020	4	development	train	0	0	-0.26	0	10.97775667	3.622659701	7.355096969	0.065	0.115	0.092
10/7/2020 5:00	10/7/2020	5	development	train	0	0	-0.25	0	14.27146889	4.709584734	9.561884156	0.06859	0.11859	0.094872
10/7/2020 6:00	10/7/2020	6	development	train	0.0030834	0.0030834	-0.24	0	19.72715556	6.509961335	13.21719423	0.06924	0.11924	0.095392
10/7/2020 7:00	10/7/2020	7	development	train	0.3996666	0.3996666	9.49	9.49	21.46521778	7.083521867	14.38169591	0.06957	0.11957	0.095656
10/7/2020 8:00	10/7/2020	8	development	train	3.0318333	3.0318333	12.26	12.26	19.57357333	6.459279199	13.11429413	0.06914	0.11914	0.095312
10/7/2020 9:00	10/7/2020	9	development	train	3.9573334	3.9573334	13.78	13.78	13.84349333	4.568352799	9.275140531	0.06859	0.11859	0.094872
10/7/2020 10:00	10/7/2020	10	development	train	4.9269998	4.9269998	12.54	12.54	15.35466556	5.067039635	10.28762593	0.06826	0.11826	0.094608
10/7/2020 11:00	10/7/2020	11	development	train	5.05675	5.05675	14.94	14.94	11.89902111	3.926676966	7.972344144	0.06772	0.11772	0.094176
10/7/2020 12:00	10/7/2020	12	development	train	4.1493334	4.1493334	15.6	15.6	18.97394222	6.261400933	12.71254129	0.06511	0.11511	0.092088
10/7/2020 13:00	10/7/2020	13	development	train	3.9651668	3.9651668	6.27	6.27	18.14560667	5.988050201	12.15755647	0.06413	0.11413	0.091304
10/7/2020 14:00	10/7/2020	14	development	train	1.1995834	1.1995834	1.07	1.07	16.00592333	5.281954699	10.72396863	0.06489	0.11489	0.091912
10/7/2020 15:00	10/7/2020	15	development	train	0.5555834	0.5555834	-0.31	0	11.75918889	3.880532334	7.878656556	0.06663	0.11663	0.093304
10/7/2020 16:00	10/7/2020	16	development	train	0	0	-0.27	0	16.00785111	5.282590866	10.72526024	0.06718	0.11718	0.093744
10/7/2020 17:00	10/7/2020	17	development	train	0	0	4.93	4.93	18.25715333	6.024860599	12.23229273	0.07012	0.12012	0.096096
10/7/2020 18:00	10/7/2020	18	development	train	0	0	0.04	0.04	19.53750667	6.447377201	13.09012947	0.07033	0.12033	0.096264
10/7/2020 19:00	10/7/2020	19	development	train	0	0	-0.26	0	21.49448	7.0931784	14.4013016	0.07033	0.12033	0.096264
10/7/2020 20:00	10/7/2020	20	development	train	0	0	-0.3	0	24.77400444	8.175421465	16.59858297	0.06881	0.11881	0.095048
10/7/2020 21:00	10/7/2020	21	development	train	0	0	-0.25	0	16.03701333	5.292214399	10.74479893	0.06641	0.11641	0.093128
10/7/2020 22:00	10/7/2020	22	development	train	0	0	-0.24	0	11.12033333	3.669709999	7.450623331	0.07904	0.12904	0.103232
10/7/2020 23:00	10/7/2020	23	development	train	0	0	-0.26	0	10.60327111	3.499079466	7.104191644	0.07641	0.12641	0.101128
10/8/2020 0:00	10/8/2020	0	development	train	0	0	-0.25	0	13.70089556	4.521295535	9.179600025	0.07597	0.12597	0.100776
10/8/2020 1:00	10/8/2020	1	development	train	0	0	-0.25	0	14.68192667	4.845035801	9.836890869	0.07597	0.12597	0.100776
10/8/2020 2:00	10/8/2020	2	development	train	0	0	-0.27	0	15.25814889	5.035189134	10.22295976	0.07641	0.12641	0.101128
10/8/2020 3:00	10/8/2020	3	development	train	0	0	-0.25	0	13.98251556	4.614230135	9.368285425	0.07849	0.12849	0.102792
10/8/2020 4:00	10/8/2020	4	development	train	0	0	-0.25	0	13.57826444	4.480827265	9.097437175	0.08398	0.13398	0.107184
10/8/2020 5:00	10/8/2020	5	development	train	0	0	-0.3	0	14.18498889	4.681046334	9.503942556	0.08475	0.13475	0.1078
10/8/2020 6:00	10/8/2020	6	development	train	1.3784167	1.3784167	-0.25	0	20.56517556	6.786507935	13.77866763	0.09628	0.14628	0.117024
10/8/2020 7:00	10/8/2020	7	development	train	9.1574167	9.1574167	-0.25	0	18.06650333	5.961946099	12.10455723	0.09331	0.14331	0.114648
10/8/2020 8:00	10/8/2020	8	development	train	22.29125	22.29125	-0.24	0	16.85464	5.5620312	11.2926088	0.09496	0.14496	0.115968
10/8/2020 9:00	10/8/2020	9	development	train	33.929167	33.929167	-0.25	0	19.30018222	6.369060133	12.93112209	0.09276	0.14276	0.114208
10/8/2020 10:00	10/8/2020	10	development	train	15.735083	15.735083	-0.25	0	14.52230333	4.792360099	9.729943231	0.09222	0.14222	0.113776
10/8/2020 11:00	10/8/2020	11	development	train	12.8176665	12.8176665	-0.25	0	13.79322444	4.551764065	9.241460375	0.08848	0.13848	0.110784
10/8/2020 12:00	10/8/2020	12	development	train	4.4163334	4.4163334	-0.27	0	14.91505	4.9219665	9.9930835	0.09254	0.14254	0.114032
10/8/2020 13:00	10/8/2020	13	development	train	2.45375	2.45375	-0.27	0	20.07497778	6.624742667	13.45023511	0.09013	0.14013	0.112104
10/8/2020 14:00	10/8/2020	14	development	train	0.715	0.715	-0.26	0	20.98821778	6.926111867	14.06210591	0.09057	0.14057	0.112456
10/8/2020 15:00	10/8/2020	15	development	train	0.0178334	0.0178334	-0.27	0	15.75594889	5.199463134	10.55648576	0.0898	0.1398	0.11184
10/8/2020 16:00	10/8/2020	16	development	train	0	0	-0.24	0	17.14757	5.6586981	11.4888719	0.09101	0.14101	0.112808
10/8/2020 17:00	10/8/2020	17	development	train	0	0	-0.28	0	14.98506556	4.945071635	10.03999393	0.09606	0.14606	0.116848
10/8/2020 18:00	10/8/2020	18	development	train	0	0	-0.25	0	15.13021889	4.992972234	10.13724666	0.09617	0.14617	0.116936
10/8/2020 19:00	10/8/2020	19	development	train	0	0	-0.26	0	17.33016111	5.718953166	11.61120794	0.09002	0.14002	0.112016
10/8/2020 20:00	10/8/2020	20	development	train	0	0	-0.26	0	19.28511556	6.364088135	12.92102743	0.08475	0.13475	0.1078
10/8/2020 21:00	10/8/2020	21	development	train	0	0	-0.3	0	17.74293667	5.855169101	11.88776757	0.07443	0.12443	0.099544
10/8/2020 22:00	10/8/2020	22	development	train	0	0	-0.27	0	12.53672778	4.137120167	8.399607613	0.10377	0.15377	0.123016
10/8/2020 23:00	10/8/2020	23	development	train	0	0	-0.25	0	9.57236	3.1588788	6.4134812	0.09647	0.14647	0.117176
10/9/2020 0:00	10/9/2020	0	development	train	0	0	-0.24	0	12.40847444	4.094796565	8.313677875	0.09418	0.14418	0.115344
10/9/2020 1:00	10/9/2020	1	development	train	0	0	-0.24	0	13.79674111	4.552924566	9.243816544	0.09756	0.14756	0.118048
10/9/2020 2:00	10/9/2020	2	development	train	0	0	-0.31	0	14.53647556	4.797036935	9.739438625	0.10159	0.15159	0.121272
10/9/2020 3:00	10/9/2020	3	development	train	0	0	-0.25	0	14.26795889	4.708426434	9.559532456	0.10628	0.15628	0.125024
10/9/2020 4:00	10/9/2020	4	development	train	0	0	-0.25	0	12.78709222	4.219740433	8.567351787	0.11217	0.16217	0.129736
10/9/2020 5:00	10/9/2020	5	development	train	0	0	-0.24	0	14.93605778	4.928899067	10.00715871	0.11337	0.16337	0.130696
10/9/2020 6:00	10/9/2020	6	development	train	0.1725	0.1725	-0.28	0	21.14720667	6.978578201	14.16862847	0.12307	0.17307	0.138456
10/9/2020 7:00	10/9/2020	7	development	train	1.7299167	1.7299167	-0.26	0	19.32764	6.3781212	12.9495188	0.12568	0.17568	0.140544
10/9/2020 8:00	10/9/2020	8	development	train	4.6029166	4.6029166	0.75	0.75	15.95348667	5.264650601	10.68883607	0.12328	0.17328	0.138624
10/9/2020 9:00	10/9/2020	9	development	train	5.8515833	5.8515833	4.4	4.4	13.13538556	4.334677235	8.800708325	0.11936	0.16936	0.135488
10/9/2020 10:00	10/9/2020	10	development	train	6.5215834	6.5215834	1.71	1.71	14.74497333	4.865841199	9.879132131	0.11304	0.16304	0.130432
10/9/2020 11:00	10/9/2020	11	development	train	9.0904999	9.0904999	7.77	7.77	12.96110556	4.277164835	8.683940725	0.11249	0.16249	0.129992
10/9/2020 12:00	10/9/2020	12	development	train	6.2514168	6.2514168	21.4	21.4	20.14432444	6.647627065	13.49669737	0.11206	0.16206	0.129648
10/9/2020 13:00	10/9/2020	13	development	train	6.6528333	6.6528333	15.01	15.01	21.32178444	7.036188865	14.28559557	0.11195	0.16195	0.12956
10/9/2020 14:00	10/9/2020	14	development	train	1.90975	1.90975	3.35	3.35	18.51423111	6.109696266	12.40453484	0.11162	0.16162	0.129296
10/9/2020 15:00	10/9/2020	15	development	train	0.07325	0.07325	12.28	12.28	16.30749	5.3814717	10.9260183	0.11162	0.16162	0.129296
10/9/2020 16:00	10/9/2020	16	development	train	0	0	6.17	6.17	12.51688222	4.130571133	8.386311087	0.11184	0.16184	0.129472
10/9/2020 17:00	10/9/2020	17	development	train	0	0	10.07	10.07	14.85289222	4.901454433	9.951437787	0.115	0.165	0.132
10/9/2020 18:00	10/9/2020	18	development	train	0	0	-0.26	0	22.92039111	7.563729066	15.35666204	0.1126	0.1626	0.13008
10/9/2020 19:00	10/9/2020	19	development	train	0	0	-0.27	0	21.30504222	7.030663933	14.27437829	0.11238	0.16238	0.129904
10/9/2020 20:00	10/9/2020	20	development	train	0	0	-0.29	0	18.86175333	6.224378599	12.63737473	0.10966	0.15966	0.127728
10/9/2020 21:00	10/9/2020	21	development	train	0	0	-0.3	0	19.53457556	6.446409935	13.08816563	0.10704	0.15704	0.125632
10/9/2020 22:00	10/9/2020	22	development	train	0	0	-0.25	0	16.19679556	5.344942535	10.85185303	0.13093	0.18093	0.144744
10/9/2020 23:00	10/9/2020	23	development	train	0	0	-0.28	0	11.34119333	3.742593799	7.598599531	0.12974	0.17974	0.143792
10/10/2020 0:00	10/10/2020	0	development	train	0	0	-0.27	0	14.02092333	4.626904699	9.394018631	0.12876	0.17876	0.143008
10/10/2020 1:00	10/10/2020	1	development	train	0	0	-0.24	0	13.51705	4.4606265	9.0564235	0.12865	0.17865	0.14292
10/10/2020 2:00	10/10/2020	2	development	train	0	0	-0.27	0	13.24583222	4.371124633	8.874707587	0.12886	0.17886	0.143088
10/10/2020 3:00	10/10/2020	3	development	train	0	0	-0.25	0	13.79344889	4.551838134	9.241610756	0.13006	0.18006	0.144048
10/10/2020 4:00	10/10/2020	4	development	train	0	0	-0.25	0	16.39925556	5.411754335	10.98750123	0.13072	0.18072	0.144576
10/10/2020 5:00	10/10/2020	5	development	train	0	0	-0.26	0	13.56476222	4.476371533	9.088390687	0.13235	0.18235	0.14588
10/10/2020 6:00	10/10/2020	6	development	train	0.1886667	0.1886667	-0.27	0	17.35608889	5.727509334	11.62857956	0.13442	0.18442	0.147536
10/10/2020 7:00	10/10/2020	7	development	train	1.6137499	1.6137499	-0.24	0	22.35256444	7.376346265	14.97621817	0.14226	0.19226	0.153808
10/10/2020 8:00	10/10/2020	8	development	train	4.6953334	4.6953334	-0.26	0	21.29773778	7.028253467	14.26948431	0.14368	0.19368	0.154944
10/10/2020 9:00	10/10/2020	9	development	train	6.5581667	6.5581667	-0.25	0	17.93924	5.9199492	12.0192908	0.14357	0.19357	0.154856
10/10/2020 10:00	10/10/2020	10	development	train	7.49325	7.49325	-0.24	0	11.29675778	3.727930067	7.568827713	0.14237	0.19237	0.153896
10/10/2020 11:00	10/10/2020	11	development	train	9.6912499	9.6912499	-0.24	0	11.52275889	3.802510434	7.720248456	0.13769	0.18769	0.150152
10/10/2020 12:00	10/10/2020	12	development	train	8.2373333	8.2373333	-0.24	0	13.27958889	4.382264334	8.897324556	0.13671	0.18671	0.149368
10/10/2020 13:00	10/10/2020	13	development	train	5.306	5.306	-0.25	0	14.32862778	4.728447167	9.600180613	0.13703	0.18703	0.149624
10/10/2020 14:00	10/10/2020	14	development	train	3.3762498	3.3762498	-0.28	0	14.98237333	4.944183199	10.03819013	0.13856	0.18856	0.150848
10/10/2020 15:00	10/10/2020	15	development	train	0.4175833	0.4175833	-0.26	0	15.24072778	5.029440167	10.21128761	0.14074	0.19074	0.152592
10/10/2020 16:00	10/10/2020	16	development	train	0	0	-0.25	0	12.17753444	4.018586365	8.158948075	0.14139	0.19139	0.153112
10/10/2020 17:00	10/10/2020	17	development	train	0	0	-0.26	0	14.06941889	4.642908234	9.426510656	0.14259	0.19259	0.154072
10/10/2020 18:00	10/10/2020	18	development	train	0	0	-0.26	0	19.33237556	6.379683935	12.95269163	0.13791	0.18791	0.150328
10/10/2020 19:00	10/10/2020	19	development	train	0	0	-0.27	0	15.24844667	5.031987401	10.21645927	0.13649	0.18649	0.149192
10/10/2020 20:00	10/10/2020	20	development	train	0	0	-0.28	0	15.19487889	5.014310034	10.18056886	0.13464	0.18464	0.147712
10/10/2020 21:00	10/10/2020	21	development	train	0	0	-0.27	0	12.12166222	4.000148533	8.121513687	0.13289	0.18289	0.146312
10/10/2020 22:00	10/10/2020	22	development	train	0	0	-0.26	0	12.97443111	4.281562266	8.692868844	0.17487	0.22487	0.179896
10/10/2020 23:00	10/10/2020	23	development	train	0	0	-0.28	0	11.08420556	3.657787835	7.426417725	0.17304	0.22304	0.178432
10/11/2020 0:00	10/11/2020	0	development	train	0	0	-0.25	0	14.69225222	4.848443233	9.843808987	0.17099	0.22099	0.176792
10/11/2020 1:00	10/11/2020	1	development	train	0	0	-0.27	0	13.30407111	4.390343466	8.913727644	0.16958	0.21958	0.175664
10/11/2020 2:00	10/11/2020	2	development	train	0	0	-0.25	0	15.56283889	5.135736834	10.42710206	0.16894	0.21894	0.175152
10/11/2020 3:00	10/11/2020	3	development	train	0	0	-0.25	0	11.03803444	3.642551365	7.395483075	0.16656	0.21656	0.173248
10/11/2020 4:00	10/11/2020	4	development	train	0	0	-0.25	0	10.50242889	3.465801534	7.036627356	0.1698	0.2198	0.17584
10/11/2020 5:00	10/11/2020	5	development	train	0	0	-0.27	0	13.19704	4.3550232	8.8420168	0.17196	0.22196	0.177568
10/11/2020 6:00	10/11/2020	6	development	train	0.0138909	0.0138909	-0.25	0	18.78691333	6.199681399	12.58723193	0.17272	0.22272	0.178176
10/11/2020 7:00	10/11/2020	7	development	train	1.042	1.042	-0.27	0	21.23534	7.0076622	14.2276778	0.17477	0.22477	0.179816
10/11/2020 8:00	10/11/2020	8	development	train	3.7600834	3.7600834	-0.26	0	19.50065333	6.435215599	13.06543773	0.17585	0.22585	0.18068
10/11/2020 9:00	10/11/2020	9	development	train	4.628	4.628	-0.25	0	14.02946444	4.629723265	9.399741175	0.1752	0.2252	0.18016
10/11/2020 10:00	10/11/2020	10	development	train	6.4169167	6.4169167	-0.24	0	12.76320222	4.211856733	8.551345487	0.17401	0.22401	0.179208
10/11/2020 11:00	10/11/2020	11	development	train	13.4430835	13.4430835	-0.25	0	13.36619222	4.410843433	8.955348787	0.17066	0.22066	0.176528
10/11/2020 12:00	10/11/2020	12	development	train	6.4884166	6.4884166	8.07	8.07	17.52978889	5.784830334	11.74495856	0.16829	0.21829	0.174632
10/11/2020 13:00	10/11/2020	13	development	train	11.3754167	11.3754167	22.81	22.81	14.50423222	4.786396633	9.717835587	0.1684	0.2184	0.17472
10/11/2020 14:00	10/11/2020	14	development	train	1.7059167	1.7059167	22.55	22.55	16.91100667	5.580632201	11.33037447	0.17034	0.22034	0.176272
10/11/2020 15:00	10/11/2020	15	development	train	0.5060834	0.5060834	21	21	14.79179111	4.881291066	9.910500044	0.17325	0.22325	0.1786
10/11/2020 16:00	10/11/2020	16	development	train	0	0	28.37	28.37	13.40906222	4.424990533	8.984071687	0.1739	0.2239	0.17912
10/11/2020 17:00	10/11/2020	17	development	train	0	0	27.59	27.59	18.11406333	5.977640899	12.13642243	0.1766	0.2266	0.18128
10/11/2020 18:00	10/11/2020	18	development	train	0	0	16.76	16.76	20.72607111	6.839603466	13.88646764	0.17779	0.22779	0.182232
10/11/2020 19:00	10/11/2020	19	development	train	0	0	28.45	28.45	21.46635778	7.083898067	14.38245971	0.17606	0.22606	0.180848
10/11/2020 20:00	10/11/2020	20	development	train	0	0	19.1	19.1	19.07519333	6.294813799	12.78037953	0.17325	0.22325	0.1786
10/11/2020 21:00	10/11/2020	21	development	train	0	0	0.16	0.16	18.34981333	6.055438399	12.29437493	0.1644	0.2144	0.17152
10/11/2020 22:00	10/11/2020	22	development	train	0	0	8.53	8.53	14.32641556	4.727717135	9.598698425	0.1779	0.2279	0.18232
10/11/2020 23:00	10/11/2020	23	development	train	0	0	16.03	16.03	12.15235778	4.010278067	8.142079713	0.17714	0.22714	0.181712
10/12/2020 0:00	10/12/2020	0	development	train	0	0	8.95	8.95	14.4972	4.784076	9.713124	0.17768	0.22768	0.182144
10/12/2020 1:00	10/12/2020	1	development	train	0	0	7.38	7.38	16.84763111	5.559718266	11.28791284	0.17854	0.22854	0.182832
10/12/2020 2:00	10/12/2020	2	development	train	0	0	-0.26	0	13.44398444	4.436514865	9.007469575	0.18124	0.23124	0.184992
10/12/2020 3:00	10/12/2020	3	development	train	0	0	-0.3	0	13.49698222	4.454004133	9.042978087	0.19031	0.24031	0.192248
10/12/2020 4:00	10/12/2020	4	development	train	0	0	-0.27	0	12.26213778	4.046505467	8.215632313	0.15544	0.20544	0.164352
10/12/2020 5:00	10/12/2020	5	development	train	0	0	-0.26	0	11.50389667	3.796285901	7.707610769	0.17293	0.22293	0.178344
10/12/2020 6:00	10/12/2020	6	development	train	0.04875	0.04875	-0.26	0	15.28228667	5.043154601	10.23913207	0.18092	0.23092	0.184736
10/12/2020 7:00	10/12/2020	7	development	train	1.2671667	1.2671667	-0.27	0	24.72715556	8.159961335	16.56719423	0.17995	0.22995	0.18396
10/12/2020 8:00	10/12/2020	8	development	train	2.3726667	2.3726667	-0.29	0	18.09929667	5.972767901	12.12652877	0.178	0.228	0.1824
10/12/2020 9:00	10/12/2020	9	development	train	5.3035832	5.3035832	-0.26	0	16.9891	5.606403	11.382697	0.17595	0.22595	0.18076
10/12/2020 10:00	10/12/2020	10	development	train	9.8998333	9.8998333	-0.25	0	19.73120444	6.511297465	13.21990697	0.17531	0.22531	0.180248
10/12/2020 11:00	10/12/2020	11	development	train	49.770251	49.770251	-0.31	0	13.69054222	4.517878933	9.172663287	0.17498	0.22498	0.179984
10/12/2020 12:00	10/12/2020	12	development	train	22.8165005	22.8165005	-0.26	0	16.17871222	5.338975033	10.83973719	0.17628	0.22628	0.181024
10/12/2020 13:00	10/12/2020	13	development	train	5.1455834	5.1455834	-0.29	0	16.80205333	5.544677599	11.25737573	0.17585	0.22585	0.18068
10/12/2020 14:00	10/12/2020	14	development	train	1.7164167	1.7164167	-0.26	0	17.51242778	5.779101167	11.73332661	0.17585	0.22585	0.18068
10/12/2020 15:00	10/12/2020	15	development	train	0.89325	0.89325	16.34	16.34	18.36673556	6.061022735	12.30571283	0.17617	0.22617	0.180936
10/12/2020 16:00	10/12/2020	16	development	train	0	0	9.61	9.61	18.75023333	6.187576999	12.56265633	0.17736	0.22736	0.181888
10/12/2020 17:00	10/12/2020	17	development	train	0	0	12.56	12.56	19.50950222	6.438135733	13.07136649	0.18232	0.23232	0.185856
10/12/2020 18:00	10/12/2020	18	development	train	0	0	-0.43	0	22.14029333	7.306296799	14.83399653	0.18362	0.23362	0.186896
10/12/2020 19:00	10/12/2020	19	development	train	0	0	-0.02	0	19.80721333	6.536380399	13.27083293	0.18437	0.23437	0.187496
10/12/2020 20:00	10/12/2020	20	development	train	0	0	0.96	0.96	21.31405333	7.033637599	14.28041573	0.17876	0.22876	0.183008
10/12/2020 21:00	10/12/2020	21	development	train	0	0	-0.26	0	15.49482444	5.113292065	10.38153237	0.16948	0.21948	0.175584
10/12/2020 22:00	10/12/2020	22	development	train	0	0	-0.26	0	13.93614111	4.598926566	9.337214544	0.17717	0.22717	0.181736
10/12/2020 23:00	10/12/2020	23	development	train	0	0	-0.31	0	12.58053556	4.151576735	8.428958825	0.17491	0.22491	0.179928
10/13/2020 0:00	10/13/2020	0	development	train	0	0	-0.26	0	15.18516111	5.011103166	10.17405794	0.17318	0.22318	0.178544
10/13/2020 1:00	10/13/2020	1	development	train	0	0	-0.28	0	14.70581333	4.852918399	9.852894931	0.17415	0.22415	0.17932
10/13/2020 2:00	10/13/2020	2	development	train	0	0	-0.27	0	14.72362	4.8587946	9.8648254	0.17545	0.22545	0.18036
10/13/2020 3:00	10/13/2020	3	development	train	0	0	-0.27	0	12.27406778	4.050442367	8.223625413	0.17868	0.22868	0.182944
10/13/2020 4:00	10/13/2020	4	development	train	0	0	-0.28	0	11.36590333	3.750748099	7.615155231	0.18418	0.23418	0.187344
10/13/2020 5:00	10/13/2020	5	development	train	0	0	-0.26	0	14.66099333	4.838127799	9.822865531	0.1885	0.2385	0.1908
10/13/2020 6:00	10/13/2020	6	development	train	0.2621667	0.2621667	-0.28	0	22.18351778	7.320560867	14.86295691	0.19443	0.24443	0.195544
10/13/2020 7:00	10/13/2020	7	development	train	3.0757499	3.0757499	-0.27	0	22.21530889	7.331051934	14.88425696	0.19432	0.24432	0.195456
10/13/2020 8:00	10/13/2020	8	development	train	8.3409167	8.3409167	-0.26	0	20.06498889	6.621446334	13.44354256	0.194	0.244	0.1952
10/13/2020 9:00	10/13/2020	9	development	train	15.1324165	15.1324165	-0.27	0	14.87225778	4.907845067	9.964412713	0.19324	0.24324	0.194592
10/13/2020 10:00	10/13/2020	10	development	train	14.158917	14.158917	-0.25	0	14.0145	4.624785	9.389715	0.19335	0.24335	0.19468
10/13/2020 11:00	10/13/2020	11	development	train	16.997833	16.997833	-0.25	0	15.50074111	5.115244566	10.38549654	0.19335	0.24335	0.19468
10/13/2020 12:00	10/13/2020	12	development	train	8.4515	8.4515	-0.28	0	20.64372667	6.812429801	13.83129687	0.19141	0.24141	0.193128
10/13/2020 13:00	10/13/2020	13	development	train	15.3485	15.3485	-0.26	0	18.86221556	6.224531135	12.63768443	0.19313	0.24313	0.194504
10/13/2020 14:00	10/13/2020	14	development	train	9.5905833	9.5905833	-0.26	0	19.72466444	6.509139265	13.21552517	0.1886	0.2386	0.19088
10/13/2020 15:00	10/13/2020	15	development	train	1.9969166	1.9969166	-0.27	0	15.66406556	5.169141635	10.49492393	0.1885	0.2385	0.1908
10/13/2020 16:00	10/13/2020	16	development	train	0	0	-0.27	0	17.56741778	5.797247867	11.77016991	0.18903	0.23903	0.191224
10/13/2020 17:00	10/13/2020	17	development	train	0	0	-0.29	0	18.92870667	6.246473201	12.68223347	0.19216	0.24216	0.193728
10/13/2020 18:00	10/13/2020	18	development	train	0	0	-0.27	0	20.8613	6.884229	13.977071	0.19367	0.24367	0.194936
10/13/2020 19:00	10/13/2020	19	development	train	0	0	-0.26	0	18.41224222	6.076039933	12.33620229	0.19022	0.24022	0.192176
10/13/2020 20:00	10/13/2020	20	development	train	0	0	2.93	2.93	24.91090222	8.220597733	16.69030449	0.18806	0.23806	0.190448
10/13/2020 21:00	10/13/2020	21	development	train	0	0	-0.25	0	17.73137222	5.851352833	11.88001939	0.18321	0.23321	0.186568
10/13/2020 22:00	10/13/2020	22	development	train	0	0	-0.27	0	12.11336667	3.997411001	8.115955669	0.17414	0.22414	0.179312
10/13/2020 23:00	10/13/2020	23	development	train	0	0	-0.25	0	10.81025556	3.567384335	7.242871225	0.17242	0.22242	0.177936
10/14/2020 0:00	10/14/2020	0	development	train	0	0	-0.25	0	12.98691778	4.285682867	8.701234913	0.17209	0.22209	0.177672
10/14/2020 1:00	10/14/2020	1	development	train	0	0	-0.31	0	12.52642889	4.133721534	8.392707356	0.17231	0.22231	0.177848
10/14/2020 2:00	10/14/2020	2	development	train	0	0	-0.26	0	12.54610667	4.140215201	8.405891469	0.17274	0.22274	0.178192
10/14/2020 3:00	10/14/2020	3	development	train	0	0	-0.27	0	13.50264333	4.455872299	9.046771031	0.17717	0.22717	0.181736
10/14/2020 4:00	10/14/2020	4	development	train	0	0	-0.29	0	10.18830667	3.362141201	6.826165469	0.18062	0.23062	0.184496
10/14/2020 5:00	10/14/2020	5	development	train	0	0	-0.27	0	13.39395333	4.420004599	8.973948731	0.18634	0.23634	0.189072
10/14/2020 6:00	10/14/2020	6	development	train	0.386	0.386	-0.25	0	17.04209778	5.623892267	11.41820551	0.18774	0.23774	0.190192
10/14/2020 7:00	10/14/2020	7	development	train	13.198667	13.198667	-0.29	0	23.59963333	7.787878999	15.81175433	0.18849	0.23849	0.190792
10/14/2020 8:00	10/14/2020	8	development	train	27.084	27.084	-0.25	0	24.01454889	7.924801134	16.08974776	0.18839	0.23839	0.190712
10/14/2020 9:00	10/14/2020	9	development	train	24.262833	24.262833	-0.28	0	20.98349556	6.924553535	14.05894203	0.18666	0.23666	0.189328
10/14/2020 10:00	10/14/2020	10	development	train	19.9294165	19.9294165	-0.25	0	20.19641333	6.664816399	13.53159693	0.18558	0.23558	0.188464
10/14/2020 11:00	10/14/2020	11	development	train	24.650417	24.650417	-0.3	0	15.14395556	4.997505335	10.14645023	0.18774	0.23774	0.190192
10/14/2020 12:00	10/14/2020	12	development	train	13.7458335	13.7458335	0.42	0.42	15.49110222	5.112063733	10.37903849	0.18849	0.23849	0.190792
10/14/2020 13:00	10/14/2020	13	development	train	4.7001666	4.7001666	-0.27	0	21.20117111	6.996386466	14.20478464	0.18817	0.23817	0.190536
10/14/2020 14:00	10/14/2020	14	development	train	4.1961666	4.1961666	-0.26	0	19.06288	6.2907504	12.7721296	0.18795	0.23795	0.19036
10/14/2020 15:00	10/14/2020	15	development	train	0.5988333	0.5988333	-0.27	0	24.83040444	8.194033465	16.63637097	0.18709	0.23709	0.189672
10/14/2020 16:00	10/14/2020	16	development	train	0	0	-0.29	0	20.04841778	6.615977867	13.43243991	0.1872	0.2372	0.18976
10/14/2020 17:00	10/14/2020	17	development	train	0	0	-0.25	0	18.93708222	6.249237133	12.68784509	0.18774	0.23774	0.190192
10/14/2020 18:00	10/14/2020	18	development	train	0	0	-0.3	0	18.44503444	6.086861365	12.35817307	0.18742	0.23742	0.189936
10/14/2020 19:00	10/14/2020	19	development	train	0	0	-0.28	0	19.55361556	6.452693135	13.10092243	0.18526	0.23526	0.188208
10/14/2020 20:00	10/14/2020	20	development	train	0	0	-0.27	0	16.35592444	5.397455065	10.95846937	0.18332	0.23332	0.186656
10/14/2020 21:00	10/14/2020	21	development	train	0	0	-0.29	0	17.52857	5.7844281	11.7441419	0.1776	0.2276	0.18208
10/14/2020 22:00	10/14/2020	22	development	train	0	0	-0.27	0	17.58539556	5.803180535	11.78221503	0.18242	0.23242	0.185936
10/14/2020 23:00	10/14/2020	23	development	train	0	0	-0.27	0	16.22438667	5.354047601	10.87033907	0.17993	0.22993	0.183944
10/15/2020 0:00	10/15/2020	0	development	train	0	0	-0.29	0	17.49308556	5.772718235	11.72036733	0.17982	0.22982	0.183856
10/15/2020 1:00	10/15/2020	1	development	train	0	0	-0.27	0	15.70083333	5.181274999	10.51955833	0.18101	0.23101	0.184808
10/15/2020 2:00	10/15/2020	2	development	train	0	0	-0.26	0	13.92055	4.5937815	9.3267685	0.18285	0.23285	0.18628
10/15/2020 3:00	10/15/2020	3	development	train	0	0	-0.26	0	11.37180667	3.752696201	7.619110469	0.18719	0.23719	0.189752
10/15/2020 4:00	10/15/2020	4	development	train	0	0	-0.26	0	11.53332889	3.805998534	7.727330356	0.19413	0.24413	0.195304
10/15/2020 5:00	10/15/2020	5	development	train	0	0	-0.27	0	18.75731556	6.189914135	12.56740143	0.19445	0.24445	0.19556
10/15/2020 6:00	10/15/2020	6	development	train	0.0248334	0.0248334	-0.25	0	21.35311778	7.046528867	14.30658891	0.20041	0.25041	0.200328
10/15/2020 7:00	10/15/2020	7	development	train	2.5959166	2.5959166	-0.29	0	23.52504	7.7632632	15.7617768	0.20128	0.25128	0.201024
10/15/2020 8:00	10/15/2020	8	development	train	6.2952501	6.2952501	-0.32	0	20.31183778	6.702906467	13.60893131	0.19629	0.24629	0.197032
10/15/2020 9:00	10/15/2020	9	development	train	9.1434167	9.1434167	-0.32	0	18.16713778	5.995155467	12.17198231	0.19413	0.24413	0.195304
10/15/2020 10:00	10/15/2020	10	development	train	32.670416	32.670416	6.67	6.67	15.66774889	5.170357134	10.49739176	0.1925	0.2425	0.194
10/15/2020 11:00	10/15/2020	11	development	train	22.7423335	22.7423335	13.73	13.73	13.78952222	4.550542333	9.238979887	0.19185	0.24185	0.19348
10/15/2020 12:00	10/15/2020	12	development	train	6.6415833	6.6415833	12.78	12.78	16.86936111	5.566889166	11.30247194	0.1925	0.2425	0.194
10/15/2020 13:00	10/15/2020	13	development	train	6.3468333	6.3468333	15.31	15.31	17.10918	5.6460294	11.4631506	0.19033	0.24033	0.192264
10/15/2020 14:00	10/15/2020	14	development	train	11.3335	11.3335	10.01	10.01	17.63929	5.8209657	11.8183243	0.19033	0.24033	0.192264
10/15/2020 15:00	10/15/2020	15	development	train	0.5086667	0.5086667	6.59	6.59	18.54424444	6.119600665	12.42464377	0.19012	0.24012	0.192096
10/15/2020 16:00	10/15/2020	16	development	train	0	0	16.62	16.62	13.62528111	4.496342766	9.128938344	0.19142	0.24142	0.193136
10/15/2020 17:00	10/15/2020	17	development	train	0	0	12.07	12.07	18.72564889	6.179464134	12.54618476	0.19196	0.24196	0.193568
10/15/2020 18:00	10/15/2020	18	development	train	0	0	10.36	10.36	21.74312222	7.175230333	14.56789189	0.19315	0.24315	0.19452
10/15/2020 19:00	10/15/2020	19	development	train	0	0	22.96	22.96	21.35212222	7.046200333	14.30592189	0.19142	0.24142	0.193136
10/15/2020 20:00	10/15/2020	20	development	train	0	0	22.7	22.7	21.82962889	7.203777534	14.62585136	0.19077	0.24077	0.192616
10/15/2020 21:00	10/15/2020	21	development	train	0	0	12.75	12.75	19.45588444	6.420441865	13.03544257	0.18372	0.23372	0.186976
10/15/2020 22:00	10/15/2020	22	development	train	0	0	12.32	12.32	15.78688	5.2096704	10.5772096	0.17572	0.22572	0.180576
10/15/2020 23:00	10/15/2020	23	development	train	0	0	15.43	15.43	14.00336667	4.621111001	9.382255669	0.17812	0.22812	0.182496
10/16/2020 0:00	10/16/2020	0	development	train	0	0	23.94	23.94	15.32306667	5.056612001	10.26645467	0.17791	0.22791	0.182328
10/16/2020 1:00	10/16/2020	1	development	train	0	0	17.07	17.07	15.40817333	5.084697199	10.32347613	0.17823	0.22823	0.182584
10/16/2020 2:00	10/16/2020	2	development	train	0	0	19.83	19.83	14.28885	4.7153205	9.5735295	0.17922	0.22922	0.183376
10/16/2020 3:00	10/16/2020	3	development	train	0	0	12.33	12.33	12.56206889	4.145482734	8.416586156	0.18568	0.23568	0.188544
10/16/2020 4:00	10/16/2020	4	development	train	0	0	3.57	3.57	15.18171556	5.009966135	10.17174943	0.19476	0.24476	0.195808
10/16/2020 5:00	10/16/2020	5	development	train	0	0	-0.26	0	14.33619778	4.730945267	9.605252513	0.19783	0.24783	0.198264
10/16/2020 6:00	10/16/2020	6	development	train	0	0	-0.26	0	20.87903111	6.890080266	13.98895084	0.20002	0.25002	0.200016
10/16/2020 7:00	10/16/2020	7	development	train	0.2939167	0.2939167	9.29	9.29	24.37871778	8.044976867	16.33374091	0.20188	0.25188	0.201504
10/16/2020 8:00	10/16/2020	8	development	train	0.9005	0.9005	2.19	2.19	17.26513667	5.697495101	11.56764157	0.20144	0.25144	0.201152
10/16/2020 9:00	10/16/2020	9	development	train	2.1643334	2.1643334	2.67	2.67	17.34208889	5.722889334	11.61919956	0.19805	0.24805	0.19844
10/16/2020 10:00	10/16/2020	10	development	train	5.3541666	5.3541666	-0.3	0	15.78967333	5.210592199	10.57908113	0.19772	0.24772	0.198176
10/16/2020 11:00	10/16/2020	11	development	train	7.929	7.929	-0.27	0	12.77593444	4.216058365	8.559876075	0.1975	0.2475	0.198
10/16/2020 12:00	10/16/2020	12	development	train	16.8235	16.8235	-0.25	0	15.88303111	5.241400266	10.64163084	0.19794	0.24794	0.198352
10/16/2020 13:00	10/16/2020	13	development	train	8.9093333	8.9093333	-0.27	0	19.03896	6.2828568	12.7561032	0.19772	0.24772	0.198176
10/16/2020 14:00	10/16/2020	14	development	train	12.1404165	12.1404165	3.53	3.53	20.11030444	6.636400465	13.47390397	0.19783	0.24783	0.198264
10/16/2020 15:00	10/16/2020	15	development	train	0.3910833	0.3910833	0.86	0.86	16.89120222	5.574096733	11.31710549	0.19772	0.24772	0.198176
10/16/2020 16:00	10/16/2020	16	development	train	0	0	-0.28	0	18.67844444	6.163886665	12.51455777	0.19816	0.24816	0.198528
10/16/2020 17:00	10/16/2020	17	development	train	0	0	-0.29	0	18.50727556	6.107400935	12.39987463	0.19925	0.24925	0.1994
10/16/2020 18:00	10/16/2020	18	development	train	0	0	1.66	1.66	23.88162	7.8809346	16.0006854	0.19706	0.24706	0.197648
10/16/2020 19:00	10/16/2020	19	development	train	0	0	2.06	2.06	19.00582889	6.271923534	12.73390536	0.19301	0.24301	0.194408
10/16/2020 20:00	10/16/2020	20	development	train	0	0	0.31	0.31	17.81106889	5.877652734	11.93341616	0.1871	0.2371	0.18968
10/16/2020 21:00	10/16/2020	21	development	train	0	0	3.97	3.97	11.88886	3.9233238	7.9655362	0.17364	0.22364	0.178912
10/16/2020 22:00	10/16/2020	22	development	train	0	0	14.98	14.98	18.2406	6.019398	12.221202	0.13888	0.18888	0.151104
10/16/2020 23:00	10/16/2020	23	development	train	0	0	13.01	13.01	11.62672444	3.836819065	7.789905375	0.13483	0.18483	0.147864
10/17/2020 0:00	10/17/2020	0	development	train	0	0	1.14	1.14	14.60098222	4.818324133	9.782658087	0.13285	0.18285	0.14628
10/17/2020 1:00	10/17/2020	1	development	train	0	0	7.72	7.72	15.46594778	5.103762767	10.36218501	0.13165	0.18165	0.14532
10/17/2020 2:00	10/17/2020	2	development	train	0	0	48.67	48.67	19.10214667	6.303708401	12.79843827	0.13066	0.18066	0.144528
10/17/2020 3:00	10/17/2020	3	development	train	0	0	56.31	56.31	12.59033444	4.154810365	8.435524075	0.13033	0.18033	0.144264
10/17/2020 4:00	10/17/2020	4	development	train	0	0	72.28	72.28	14.56275222	4.805708233	9.757043987	0.13154	0.18154	0.145232
10/17/2020 5:00	10/17/2020	5	development	train	0	0	53.78	53.78	14.85105333	4.900847599	9.950205731	0.13362	0.18362	0.146896
10/17/2020 6:00	10/17/2020	6	development	train	0.491	0.491	79.34	79.34	24.22174667	7.993176401	16.22857027	0.13461	0.18461	0.147688
10/17/2020 7:00	10/17/2020	7	development	train	0.9222499	0.9222499	94.96	94.96	20.54964889	6.781384134	13.76826476	0.13625	0.18625	0.149
10/17/2020 8:00	10/17/2020	8	development	train	1.8301666	1.8301666	61.5	61.5	23.10116444	7.623384265	15.47778017	0.1413	0.1913	0.15304
10/17/2020 9:00	10/17/2020	9	development	train	4.3416668	4.3416668	112.24	112.24	16.08414333	5.307767299	10.77637603	0.1448	0.1948	0.15584
10/17/2020 10:00	10/17/2020	10	development	train	7.5925833	7.5925833	100.89	100.89	17.40059889	5.742197634	11.65840126	0.13614	0.18614	0.148912
10/17/2020 11:00	10/17/2020	11	development	train	5.0949166	5.0949166	116.64	116.64	21.07145778	6.953581067	14.11787671	0.13373	0.18373	0.146984
10/17/2020 12:00	10/17/2020	12	development	train	47.52625	47.52625	105.35	105.35	19.23882222	6.348811333	12.89001089	0.13209	0.18209	0.145672
10/17/2020 13:00	10/17/2020	13	development	train	11.96375	11.96375	128.86	128.86	17.59898222	5.807664133	11.79131809	0.13296	0.18296	0.146368
10/17/2020 14:00	10/17/2020	14	development	train	3.62875	3.62875	144.44	144.44	21.97480444	7.251685465	14.72311897	0.13461	0.18461	0.147688
10/17/2020 15:00	10/17/2020	15	development	train	0.6963334	0.6963334	160.6	160.6	20.47168	6.7556544	13.7160256	0.13691	0.18691	0.149528
10/17/2020 16:00	10/17/2020	16	development	train	0	0	143.21	143.21	19.07562667	6.294956801	12.78066987	0.1414	0.1914	0.15312
10/17/2020 17:00	10/17/2020	17	development	train	0	0	132.29	132.29	23.96324889	7.907872134	16.05537676	0.13932	0.18932	0.151456
10/17/2020 18:00	10/17/2020	18	development	train	0	0	174.47	174.47	22.38522	7.3871226	14.9980974	0.13636	0.18636	0.149088
10/17/2020 19:00	10/17/2020	19	development	train	0	0	147.92	147.92	24.28349778	8.013554267	16.26994351	0.13417	0.18417	0.147336
10/17/2020 20:00	10/17/2020	20	development	train	0	0	207.23	207.23	25.12577556	8.291505935	16.83426963	0.13307	0.18307	0.146456
10/17/2020 21:00	10/17/2020	21	development	train	0	0	26.7	26.7	26.12969333	8.622798799	17.50689453	0.13187	0.18187	0.145496
10/17/2020 22:00	10/17/2020	22	development	train	0	0	91.01	91.01	22.53111111	7.435266666	15.09584444	0.13205	0.18205	0.14564
10/17/2020 23:00	10/17/2020	23	development	train	0	0	88.6	88.6	17.94738889	5.922638334	12.02475056	0.13095	0.18095	0.14476
10/18/2020 0:00	10/18/2020	0	development	train	0	0	201.41	201.41	18.74396222	6.185507533	12.55845469	0.13226	0.18226	0.145808
10/18/2020 1:00	10/18/2020	1	development	train	0	0	190.4	190.4	15.30004667	5.049015401	10.25103127	0.13248	0.18248	0.145984
10/18/2020 2:00	10/18/2020	2	development	train	0	0	108.06	108.06	16.12705556	5.321928335	10.80512723	0.13292	0.18292	0.146336
10/18/2020 3:00	10/18/2020	3	development	train	0	0	74.81	74.81	16.66979	5.5010307	11.1687593	0.13467	0.18467	0.147736
10/18/2020 4:00	10/18/2020	4	development	train	0	0	99.41	99.41	14.82375111	4.891837866	9.931913244	0.1385	0.1885	0.1508
10/18/2020 5:00	10/18/2020	5	development	train	0	0	30.59	30.59	18.24035889	6.019318434	12.22104046	0.14222	0.19222	0.153776
10/18/2020 6:00	10/18/2020	6	development	train	0.001	0.001	18.45	18.45	23.33169778	7.699460267	15.63223751	0.15316	0.20316	0.162528
10/18/2020 7:00	10/18/2020	7	development	train	0.39325	0.39325	8.88	8.88	23.37673556	7.714322735	15.66241283	0.16213	0.21213	0.169704
10/18/2020 8:00	10/18/2020	8	development	train	0.8239167	0.8239167	2.21	2.21	20.40985556	6.735252335	13.67460323	0.16902	0.21902	0.175216
10/18/2020 9:00	10/18/2020	9	development	train	12.2391667	12.2391667	27.77	27.77	17.36124889	5.729212134	11.63203676	0.17438	0.22438	0.179504
10/18/2020 10:00	10/18/2020	10	development	train	4.19175	4.19175	28.61	28.61	15.46799778	5.104439267	10.36355851	0.17548	0.22548	0.180384
10/18/2020 11:00	10/18/2020	11	development	train	2.9685834	2.9685834	40.99	40.99	16.41209556	5.415991535	10.99610403	0.17602	0.22602	0.180816
10/18/2020 12:00	10/18/2020	12	development	train	4.4057502	4.4057502	7.05	7.05	20.25901333	6.685474399	13.57353893	0.17734	0.22734	0.181872
10/18/2020 13:00	10/18/2020	13	development	train	38.13325	38.13325	46.23	46.23	18.97576889	6.262003734	12.71376516	0.17821	0.22821	0.182568
10/18/2020 14:00	10/18/2020	14	development	train	8.1589166	8.1589166	51.27	51.27	17.34576222	5.724101533	11.62166069	0.18149	0.23149	0.185192
10/18/2020 15:00	10/18/2020	15	development	train	0.4085833	0.4085833	18.8	18.8	16.96853889	5.599617834	11.36892106	0.18532	0.23532	0.188256
10/18/2020 16:00	10/18/2020	16	development	train	0	0	23.25	23.25	20.97435111	6.921535866	14.05281524	0.18784	0.23784	0.190272
10/18/2020 17:00	10/18/2020	17	development	train	0	0	50.76	50.76	21.16794	6.9854202	14.1825198	0.19112	0.24112	0.192896
10/18/2020 18:00	10/18/2020	18	development	train	0	0	84.07	84.07	23.68086	7.8146838	15.8661762	0.1967	0.2467	0.19736
10/18/2020 19:00	10/18/2020	19	development	train	0	0	31.41	31.41	19.87684222	6.559357933	13.31748429	0.1967	0.2467	0.19736
10/18/2020 20:00	10/18/2020	20	development	train	0	0	23.44	23.44	21.96538222	7.248576133	14.71680609	0.19648	0.24648	0.197184
10/18/2020 21:00	10/18/2020	21	development	train	0	0	6.05	6.05	17.31520556	5.714017835	11.60118773	0.2025	0.2525	0.202
10/18/2020 22:00	10/18/2020	22	development	train	0	0	34.72	34.72	12.27524444	4.050830665	8.224413775	0.19998	0.24998	0.199984
10/18/2020 23:00	10/18/2020	23	development	train	0	0	8.05	8.05	16.48799778	5.441039267	11.04695851	0.19867	0.24867	0.198936
10/19/2020 0:00	10/19/2020	0	development	train	0	0	18.73	18.73	20.77118889	6.854492334	13.91669656	0.19539	0.24539	0.196312
10/19/2020 1:00	10/19/2020	1	development	train	0	0	19.92	19.92	20.16294667	6.653772401	13.50917427	0.19714	0.24714	0.197712
10/19/2020 2:00	10/19/2020	2	development	train	0	0	-0.4	0	20.58529778	6.793148267	13.79214951	0.20578	0.25578	0.204624
10/19/2020 3:00	10/19/2020	3	development	train	0	0	8.56	8.56	16.27601444	5.371084765	10.90492967	0.20917	0.25917	0.207336
10/19/2020 4:00	10/19/2020	4	development	train	0	0	11.99	11.99	18.63788667	6.150502601	12.48738407	0.21486	0.26486	0.211888
10/19/2020 5:00	10/19/2020	5	development	train	0	0	4.13	4.13	18.81533556	6.209060735	12.60627483	0.22099	0.27099	0.216792
10/19/2020 6:00	10/19/2020	6	development	train	0	0	6.14	6.14	26.55408889	8.762849334	17.79123956	0.23204	0.28204	0.225632
10/19/2020 7:00	10/19/2020	7	development	train	0.9756667	0.9756667	0.95	0.95	28.31980667	9.345536201	18.97427047	0.23215	0.28215	0.22572
10/19/2020 8:00	10/19/2020	8	development	train	4.344	4.344	22.88	22.88	29.09414667	9.601068401	19.49307827	0.23302	0.28302	0.226416
10/19/2020 9:00	10/19/2020	9	development	train	4.4346668	4.4346668	0.63	0.63	24.13408444	7.964247865	16.16983657	0.23937	0.28937	0.231496
10/19/2020 10:00	10/19/2020	10	development	train	16.6540835	16.6540835	-0.33	0	22.12081333	7.299868399	14.82094493	0.23762	0.28762	0.230096
10/19/2020 11:00	10/19/2020	11	development	train	20.39175	20.39175	-0.31	0	23.34825333	7.704923599	15.64332973	0.23663	0.28663	0.229304
10/19/2020 12:00	10/19/2020	12	development	train	5.1010832	5.1010832	-0.31	0	28.58784	9.4339872	19.1538528	0.2397	0.2897	0.23176
10/19/2020 13:00	10/19/2020	13	development	train	32.89925	32.89925	-0.25	0	24.52826667	8.094328001	16.43393867	0.24549	0.29549	0.236392
10/19/2020 14:00	10/19/2020	14	development	train	11.2146666	11.2146666	-0.32	0	20.07898444	6.626064865	13.45291957	0.26026	0.31026	0.248208
10/19/2020 15:00	10/19/2020	15	development	train	1.6653333	1.6653333	0.26	0.26	19.16844444	6.325586665	12.84285777	0.2805	0.3305	0.2644
10/19/2020 16:00	10/19/2020	16	development	train	0	0	-0.35	0	19.58689778	6.463676267	13.12322151	0.27963	0.32963	0.263704
10/19/2020 17:00	10/19/2020	17	development	train	0	0	-0.33	0	23.48000889	7.748402934	15.73160596	0.28422	0.33422	0.267376
10/19/2020 18:00	10/19/2020	18	development	train	0	0	-0.28	0	27.12636889	8.951701734	18.17466716	0.28367	0.33367	0.266936
10/19/2020 19:00	10/19/2020	19	development	train	0	0	2.75	2.75	29.94045111	9.880348866	20.06010224	0.27284	0.32284	0.258272
10/19/2020 20:00	10/19/2020	20	development	train	0	0	9.72	9.72	26.54328	8.7592824	17.7839976	0.26333	0.31333	0.250664
10/19/2020 21:00	10/19/2020	21	development	train	0	0	9.84	9.84	27.83506667	9.185572001	18.64949467	0.22504	0.27504	0.220032
10/19/2020 22:00	10/19/2020	22	development	train	0	0	12.59	12.59	19.49823111	6.434416266	13.06381484	0.21692	0.26692	0.213536
10/19/2020 23:00	10/19/2020	23	development	train	0	0	22.86	22.86	16.54977889	5.461427034	11.08835186	0.21287	0.26287	0.210296
10/20/2020 0:00	10/20/2020	0	development	train	0	0	6.29	6.29	20.05379333	6.617751799	13.43604153	0.21189	0.26189	0.209512
10/20/2020 1:00	10/20/2020	1	development	train	0	0	8.44	8.44	20.16830444	6.655540465	13.51276397	0.21112	0.26112	0.208896
10/20/2020 2:00	10/20/2020	2	development	train	0	0	11.62	11.62	21.10138889	6.963458334	14.13793056	0.21101	0.26101	0.208808
10/20/2020 3:00	10/20/2020	3	development	train	0	0	-0.28	0	18.96391333	6.258091399	12.70582193	0.20773	0.25773	0.206184
10/20/2020 4:00	10/20/2020	4	development	train	0	0	-0.39	0	18.55466889	6.123040734	12.43162816	0.21473	0.26473	0.211784
10/20/2020 5:00	10/20/2020	5	development	train	0	0	-0.36	0	23.06597111	7.611770466	15.45420064	0.22971	0.27971	0.223768
10/20/2020 6:00	10/20/2020	6	development	train	0.4676	0.4676	-0.43	0	30.27899778	9.992069267	20.28692851	0.27464	0.32464	0.259712
10/20/2020 7:00	10/20/2020	7	development	train	3.0414167	3.0414167	0.71	0.71	27.42099111	9.048927066	18.37206404	0.27333	0.32333	0.258664
10/20/2020 8:00	10/20/2020	8	development	train	5.1061666	5.1061666	4.08	4.08	26.50856	8.7478248	17.7607352	0.25015	0.30015	0.24012
10/20/2020 9:00	10/20/2020	9	development	train	8.9890834	8.9890834	30.41	30.41	21.63944889	7.141018134	14.49843076	0.2331	0.2831	0.22648
10/20/2020 10:00	10/20/2020	10	development	train	8.8000834	8.8000834	103.85	103.85	18.08972111	5.969607966	12.12011314	0.22993	0.27993	0.223944
10/20/2020 11:00	10/20/2020	11	development	train	11.0340833	11.0340833	107.76	107.76	18.44456667	6.086707001	12.35785967	0.2273	0.2773	0.22184
10/20/2020 12:00	10/20/2020	12	development	train	8.85	8.85	155.94	155.94	23.63973111	7.801111266	15.83861984	0.22042	0.27042	0.216336
10/20/2020 13:00	10/20/2020	13	development	train	6.56225	6.56225	179.68	179.68	27.57350667	9.099257201	18.47424947	0.20664	0.25664	0.205312
10/20/2020 14:00	10/20/2020	14	development	train	2.44925	2.44925	172.1	172.1	38.32959111	12.64876507	25.68082604	0.19057	0.24057	0.192456
10/20/2020 15:00	10/20/2020	15	development	train	0.1933333	0.1933333	144.07	144.07	32.05254444	10.57733967	21.47520477	0.18969	0.23969	0.191752
10/20/2020 16:00	10/20/2020	16	development	train	0	0	123.8	123.8	35.53480444	11.72648547	23.80831897	0.19013	0.24013	0.192104
10/20/2020 17:00	10/20/2020	17	development	train	0	0	124.28	124.28	38.52047111	12.71175547	25.80871564	0.19002	0.24002	0.192016
10/20/2020 18:00	10/20/2020	18	development	train	0	0	109.94	109.94	36.20792667	11.9486158	24.25931087	0.18936	0.23936	0.191488
10/20/2020 19:00	10/20/2020	19	development	train	0	0	63.39	63.39	32.92748889	10.86607133	22.06141756	0.18871	0.23871	0.190968
10/20/2020 20:00	10/20/2020	20	development	train	0	0	22.09	22.09	29.99146	9.8971818	20.0942782	0.18783	0.23783	0.190264
10/20/2020 21:00	10/20/2020	21	development	train	0	0	6.11	6.11	31.66396	10.4491068	21.2148532	0.18565	0.23565	0.18852
10/20/2020 22:00	10/20/2020	22	development	train	0	0	-0.25	0	25.21383111	8.320564266	16.89326684	0.18144	0.23144	0.185152
10/20/2020 23:00	10/20/2020	23	development	train	0	0	-0.24	0	14.74649111	4.866342066	9.880149044	0.17694	0.22694	0.181552
10/21/2020 0:00	10/21/2020	0	development	train	0	0	-0.24	0	21.96163111	7.247338266	14.71429284	0.17727	0.22727	0.181816
10/21/2020 1:00	10/21/2020	1	development	train	0	0	-0.25	0	20.82241111	6.871395666	13.95101544	0.17738	0.22738	0.181904
10/21/2020 2:00	10/21/2020	2	development	train	0	0	-0.24	0	20.13266889	6.643780734	13.48888816	0.18517	0.23517	0.188136
10/21/2020 3:00	10/21/2020	3	development	train	0	0	-0.29	0	17.25014222	5.692546933	11.55759529	0.19668	0.24668	0.197344
10/21/2020 4:00	10/21/2020	4	development	train	0	0	-0.28	0	18.93537778	6.248674667	12.68670311	0.19405	0.24405	0.19524
10/21/2020 5:00	10/21/2020	5	development	train	0	0	-0.3	0	22.82313778	7.531635467	15.29150231	0.20841	0.25841	0.206728
10/21/2020 6:00	10/21/2020	6	development	train	0	0	-0.28	0	28.25800444	9.325141465	18.93286297	0.21871	0.26871	0.214968
10/21/2020 7:00	10/21/2020	7	development	train	0.1986667	0.1986667	-0.26	0	26.31802444	8.684948065	17.63307637	0.21882	0.26882	0.215056
10/21/2020 8:00	10/21/2020	8	development	train	1.1653333	1.1653333	-0.28	0	26.67432444	8.802527065	17.87179737	0.22233	0.27233	0.217864
10/21/2020 9:00	10/21/2020	9	development	train	2.1283334	2.1283334	-0.27	0	23.06468889	7.611347334	15.45334156	0.27758	0.32758	0.262064
10/21/2020 10:00	10/21/2020	10	development	train	1.60375	1.60375	-0.24	0	18.37188222	6.062721133	12.30916109	0.26881	0.31881	0.255048
10/21/2020 11:00	10/21/2020	11	development	train	2.6165833	2.6165833	-0.27	0	19.55547778	6.453307667	13.10217011	0.26772	0.31772	0.254176
10/21/2020 12:00	10/21/2020	12	development	train	3.9895	3.9895	-0.24	0	24.01603778	7.925292467	16.09074531	0.23647	0.28647	0.229176
10/21/2020 13:00	10/21/2020	13	development	train	2.9669167	2.9669167	-0.26	0	26.85433778	8.861931467	17.99240631	0.22946	0.27946	0.223568
10/21/2020 14:00	10/21/2020	14	development	train	0.8835833	0.8835833	-0.26	0	27.25936889	8.995591734	18.26377716	0.22935	0.27935	0.22348
10/21/2020 15:00	10/21/2020	15	development	train	0.0309167	0.0309167	0.84	0.84	18.69622667	6.169754801	12.52647187	0.22913	0.27913	0.223304
10/21/2020 16:00	10/21/2020	16	development	train	0	0	-0.27	0	21.93997556	7.240191935	14.69978363	0.24426	0.29426	0.235408
10/21/2020 17:00	10/21/2020	17	development	train	0	0	-0.3	0	25.64716444	8.463564265	17.18360017	0.24053	0.29053	0.232424
10/21/2020 18:00	10/21/2020	18	development	train	0	0	-0.27	0	23.89333778	7.884801467	16.00853631	0.22233	0.27233	0.217864
10/21/2020 19:00	10/21/2020	19	development	train	0	0	-0.3	0	30.55538444	10.08327687	20.47210757	0.1867	0.2367	0.18936
10/21/2020 20:00	10/21/2020	20	development	train	0	0	-0.29	0	29.43019333	9.711963799	19.71822953	0.17497	0.22497	0.179976
10/21/2020 21:00	10/21/2020	21	development	train	0	0	-0.25	0	25.51106222	8.418650533	17.09241169	0.16236	0.21236	0.169888
10/21/2020 22:00	10/21/2020	22	development	train	0	0	-0.27	0	15.95777333	5.266065199	10.69170813	0.11347	0.16347	0.130776
10/21/2020 23:00	10/21/2020	23	development	train	0	0	-0.3	0	15.38571111	5.077284666	10.30842644	0.11281	0.16281	0.130248
10/22/2020 0:00	10/22/2020	0	development	train	0	0	-0.26	0	19.38219556	6.396124535	12.98607103	0.10232	0.15232	0.121856
10/22/2020 1:00	10/22/2020	1	development	train	0	0	-0.36	0	20.03970222	6.613101733	13.42660049	0.11041	0.16041	0.128328
10/22/2020 2:00	10/22/2020	2	development	train	0	0	-0.27	0	20.99092222	6.927004333	14.06391789	0.12243	0.17243	0.137944
10/22/2020 3:00	10/22/2020	3	development	train	0	0	-0.29	0	15.69168333	5.178255499	10.51342783	0.15381	0.20381	0.163048
10/22/2020 4:00	10/22/2020	4	development	train	0	0	-0.33	0	18.21389222	6.010584433	12.20330779	0.162	0.212	0.1696
10/22/2020 5:00	10/22/2020	5	development	train	0	0	-0.35	0	22.70284	7.4919372	15.2109028	0.19873	0.24873	0.198984
10/22/2020 6:00	10/22/2020	6	development	train	0	0	-0.29	0	25.58883333	8.444314999	17.14451833	0.21601	0.26601	0.212808
10/22/2020 7:00	10/22/2020	7	development	train	1.7395	1.7395	-0.3	0	25.89988222	8.546961133	17.35292109	0.21666	0.26666	0.213328
10/22/2020 8:00	10/22/2020	8	development	train	4.0653332	4.0653332	-0.36	0	25.36667556	8.371002935	16.99567263	0.20201	0.25201	0.201608
10/22/2020 9:00	10/22/2020	9	development	train	7.8003334	7.8003334	-0.34	0	24.14636444	7.968300265	16.17806417	0.18682	0.23682	0.189456
10/22/2020 10:00	10/22/2020	10	development	train	5.2159166	5.2159166	-0.31	0	19.57116	6.4584828	13.1126772	0.17469	0.22469	0.179752
10/22/2020 11:00	10/22/2020	11	development	train	2.4030833	2.4030833	-0.3	0	23.71142	7.8247686	15.8866514	0.16988	0.21988	0.175904
10/22/2020 12:00	10/22/2020	12	development	train	10.7343333	10.7343333	-0.3	0	28.29836222	9.338459533	18.95990269	0.16878	0.21878	0.175024
10/22/2020 13:00	10/22/2020	13	development	train	14.1968335	14.1968335	-0.26	0	23.57098444	7.778424865	15.79255957	0.16627	0.21627	0.173016
10/22/2020 14:00	10/22/2020	14	development	train	4.8579166	4.8579166	-0.4	0	27.47886	9.0680238	18.4108362	0.16725	0.21725	0.1738
10/22/2020 15:00	10/22/2020	15	development	train	2.462	2.462	-0.3	0	25.57555778	8.439934067	17.13562371	0.19283	0.24283	0.194264
10/22/2020 16:00	10/22/2020	16	development	train	0	0	-0.34	0	22.63501333	7.469554399	15.16545893	0.2054	0.2554	0.20432
10/22/2020 17:00	10/22/2020	17	development	train	0	0	-0.35	0	24.04973778	7.936413467	16.11332431	0.17796	0.22796	0.182368
10/22/2020 18:00	10/22/2020	18	development	train	0	0	-0.35	0	27.00788889	8.912603334	18.09528556	0.16813	0.21813	0.174504
10/22/2020 19:00	10/22/2020	19	development	train	0	0	0.6	0.6	25.85419556	8.531884535	17.32231103	0.15457	0.20457	0.163656
10/22/2020 20:00	10/22/2020	20	development	train	0	0	8.79	8.79	26.93381778	8.888159867	18.04565791	0.14331	0.19331	0.154648
10/22/2020 21:00	10/22/2020	21	development	train	0	0	12.38	12.38	22.58313778	7.452435467	15.13070231	0.12407	0.17407	0.139256
10/22/2020 22:00	10/22/2020	22	development	train	0	0	18.99	18.99	19.27541778	6.360887867	12.91452991	0.11769	0.16769	0.134152
10/22/2020 23:00	10/22/2020	23	development	train	0	0	16.17	16.17	18.77327333	6.195180199	12.57809313	0.1131	0.1631	0.13048
10/23/2020 0:00	10/23/2020	0	development	train	0	0	25.06	25.06	19.99390222	6.597987733	13.39591449	0.10873	0.15873	0.126984
10/23/2020 1:00	10/23/2020	1	development	train	0	0	35.96	35.96	19.95057556	6.583689935	13.36688563	0.11758	0.16758	0.134064
10/23/2020 2:00	10/23/2020	2	development	train	0	0	27.86	27.86	25.14913778	8.299215467	16.84992231	0.12151	0.17151	0.137208
10/23/2020 3:00	10/23/2020	3	development	train	0	0	29.9	29.9	18.47429333	6.096516799	12.37777653	0.14782	0.19782	0.158256
10/23/2020 4:00	10/23/2020	4	development	train	0	0	30.01	30.01	18.04472222	5.954758333	12.08996389	0.16092	0.21092	0.168736
10/23/2020 5:00	10/23/2020	5	development	train	0	0	29.93	29.93	20.63142	6.8083686	13.8230514	0.19279	0.24279	0.194232
10/23/2020 6:00	10/23/2020	6	development	train	0	0	14.93	14.93	26.00525556	8.581734335	17.42352123	0.21277	0.26277	0.210216
10/23/2020 7:00	10/23/2020	7	development	train	0.5045833	0.5045833	31.04	31.04	30.21302667	9.970298801	20.24272787	0.22849	0.27849	0.222792
10/23/2020 8:00	10/23/2020	8	development	train	27.5943608	27.5943608	36.46	36.46	28.39925333	9.371753599	19.02749973	0.24159	0.29159	0.233272
10/23/2020 9:00	10/23/2020	9	development	train	46.722584	46.722584	23.07	23.07	21.96574444	7.248695665	14.71704877	0.24247	0.29247	0.233976
10/23/2020 10:00	10/23/2020	10	development	train	52.485	52.485	12.04	12.04	19.03241778	6.280697867	12.75171991	0.24487	0.29487	0.235896
10/23/2020 11:00	10/23/2020	11	development	train	55.119	55.119	10.97	10.97	18.62703556	6.146921735	12.48011383	0.22904	0.27904	0.223232
10/23/2020 12:00	10/23/2020	12	development	train	34.6575	34.6575	9.85	9.85	22.61284889	7.462240134	15.15060876	0.2012	0.2512	0.20096
10/23/2020 13:00	10/23/2020	13	development	train	34.189	34.189	12.49	12.49	21.47468	7.0866444	14.3880356	0.18472	0.23472	0.187776
10/23/2020 14:00	10/23/2020	14	development	train	5.2624998	5.2624998	11.73	11.73	24.49870889	8.084573934	16.41413496	0.17424	0.22424	0.179392
10/23/2020 15:00	10/23/2020	15	development	train	0.4842501	0.4842501	13.41	13.41	21.23245556	7.006710335	14.22574523	0.17216	0.22216	0.177728
10/23/2020 16:00	10/23/2020	16	development	train	0	0	28.2	28.2	19.92678222	6.575838133	13.35094409	0.16867	0.21867	0.174936
10/23/2020 17:00	10/23/2020	17	development	train	0	0	33.47	33.47	21.52241333	7.102396399	14.42001693	0.16659	0.21659	0.173272
10/23/2020 18:00	10/23/2020	18	development	train	0	0	49.15	49.15	31.03286	10.2408438	20.7920162	0.16299	0.21299	0.170392
10/23/2020 19:00	10/23/2020	19	development	train	0	0	59.58	59.58	28.30786222	9.341594533	18.96626769	0.16277	0.21277	0.170216
10/23/2020 20:00	10/23/2020	20	development	train	0	0	25.62	25.62	25.56122889	8.435205534	17.12602336	0.16386	0.21386	0.171088
10/23/2020 21:00	10/23/2020	21	development	train	0	0	16.84	16.84	26.28645333	8.674529599	17.61192373	0.15961	0.20961	0.167688
10/23/2020 22:00	10/23/2020	22	development	train	0	0	0.07	0.07	27.54456	9.0897048	18.4548552	0.1554	0.2054	0.16432
10/23/2020 23:00	10/23/2020	23	development	train	0	0	15.16	15.16	23.69635556	7.819797335	15.87655823	0.14808	0.19808	0.158464
10/24/2020 0:00	10/24/2020	0	development	train	0	0	-0.29	0	21.72565333	7.169465599	14.55618773	0.14327	0.19327	0.154616
10/24/2020 1:00	10/24/2020	1	development	train	0	0	-0.36	0	20.67283778	6.822036467	13.85080131	0.1436	0.1936	0.15488
10/24/2020 2:00	10/24/2020	2	development	train	0	0	-0.42	0	22.02318222	7.267650133	14.75553209	0.14426	0.19426	0.155408
10/24/2020 3:00	10/24/2020	3	development	train	0	0	-0.36	0	18.77306889	6.195112734	12.57795616	0.14754	0.19754	0.158032
10/24/2020 4:00	10/24/2020	4	development	train	0	0	-0.4	0	19.90952444	6.570143065	13.33938137	0.14775	0.19775	0.1582
10/24/2020 5:00	10/24/2020	5	development	train	0	0	-0.4	0	22.51851778	7.431110867	15.08740691	0.1506	0.2006	0.16048
10/24/2020 6:00	10/24/2020	6	development	train	0	0	-0.34	0	23.17902444	7.649078065	15.52994637	0.15267	0.20267	0.162136
10/24/2020 7:00	10/24/2020	7	development	train	1.50775	1.50775	-0.41	0	28.81484444	9.508898665	19.30594577	0.15967	0.20967	0.167736
10/24/2020 8:00	10/24/2020	8	development	train	18.8234995	18.8234995	-0.37	0	27.93153111	9.217405266	18.71412584	0.16076	0.21076	0.168608
10/24/2020 9:00	10/24/2020	9	development	train	46.097416	46.097416	0.65	0.65	25.17281778	8.307029867	16.86578791	0.16174	0.21174	0.169392
10/24/2020 10:00	10/24/2020	10	development	train	49.91075	49.91075	-0.31	0	20.22730667	6.675011201	13.55229547	0.16174	0.21174	0.169392
10/24/2020 11:00	10/24/2020	11	development	train	47.231751	47.231751	-0.28	0	22.24122889	7.339605534	14.90162336	0.16185	0.21185	0.16948
10/24/2020 12:00	10/24/2020	12	development	train	29.233	29.233	-0.28	0	26.65822222	8.797213333	17.86100889	0.16109	0.21109	0.168872
10/24/2020 13:00	10/24/2020	13	development	train	8.0415833	8.0415833	-0.3	0	27.17350222	8.967255733	18.20624649	0.16207	0.21207	0.169656
10/24/2020 14:00	10/24/2020	14	development	train	2.1190834	2.1190834	-0.31	0	25.87745556	8.539560335	17.33789523	0.16131	0.21131	0.169048
10/24/2020 15:00	10/24/2020	15	development	train	0.0931	0.0931	-0.38	0	23.58334	7.7825022	15.8008378	0.16087	0.21087	0.168696
10/24/2020 16:00	10/24/2020	16	development	train	0	0	-0.33	0	22.15962222	7.312675333	14.84694689	0.16098	0.21098	0.168784
10/24/2020 17:00	10/24/2020	17	development	train	0	0	-0.34	0	24.79829778	8.183438267	16.61485951	0.15868	0.20868	0.166944
10/24/2020 18:00	10/24/2020	18	development	train	0	0	-0.36	0	30.81758222	10.16980213	20.64778009	0.153	0.203	0.1624
10/24/2020 19:00	10/24/2020	19	development	train	0	0	-0.3	0	26.37186667	8.702716001	17.66915067	0.14765	0.19765	0.15812
10/24/2020 20:00	10/24/2020	20	development	train	0	0	-0.3	0	24.29097778	8.016022667	16.27495511	0.15092	0.20092	0.160736
10/24/2020 21:00	10/24/2020	21	development	train	0	0	-0.36	0	23.35465111	7.707034866	15.64761624	0.13978	0.18978	0.151824
10/24/2020 22:00	10/24/2020	22	development	train	0	0	-0.3	0	19.46341556	6.422927135	13.04048843	0.12627	0.17627	0.141016
10/24/2020 23:00	10/24/2020	23	development	train	0	0	10.62	10.62	17.71391333	5.845591399	11.86832193	0.09875	0.14875	0.119
10/25/2020 0:00	10/25/2020	0	development	train	0	0	28.69	28.69	18.85714667	6.222858401	12.63428827	0.08014	0.13014	0.104112
10/25/2020 1:00	10/25/2020	1	development	train	0	0	16.02	16.02	18.90707333	6.239334199	12.66773913	0.07321	0.12321	0.098568
10/25/2020 2:00	10/25/2020	2	development	train	0	0	37.7	37.7	22.22400667	7.333922201	14.89008447	0.07056	0.12056	0.096448
10/25/2020 3:00	10/25/2020	3	development	train	0	0	62.58	62.58	19.55693778	6.453789467	13.10314831	0.06715	0.11715	0.09372
10/25/2020 4:00	10/25/2020	4	development	train	0	0	16.51	16.51	15.94448889	5.261681334	10.68280756	0.06979	0.11979	0.095832
10/25/2020 5:00	10/25/2020	5	development	train	0	0	60.73	60.73	15.91318667	5.251351601	10.66183507	0.07167	0.12167	0.097336
10/25/2020 6:00	10/25/2020	6	development	train	0	0	48.75	48.75	18.49715111	6.104059866	12.39309124	0.0797	0.1297	0.10376
10/25/2020 7:00	10/25/2020	7	development	train	0.2642501	0.2642501	43.38	43.38	26.50919111	8.748033066	17.76115804	0.09379	0.14379	0.115032
10/25/2020 8:00	10/25/2020	8	development	train	2.0308333	2.0308333	65.43	65.43	25.04012889	8.263242534	16.77688636	0.09864	0.14864	0.118912
10/25/2020 9:00	10/25/2020	9	development	train	2.7875	2.7875	123.91	123.91	28.29391333	9.336991399	18.95692193	0.09886	0.14886	0.119088
10/25/2020 10:00	10/25/2020	10	development	train	1.9405833	1.9405833	118.49	118.49	20.31404889	6.703636134	13.61041276	0.10348	0.15348	0.122784
10/25/2020 11:00	10/25/2020	11	development	train	7.0703334	7.0703334	86.8	86.8	20.39999111	6.731997066	13.66799404	0.10887	0.15887	0.127096
10/25/2020 12:00	10/25/2020	12	development	train	2.9099167	2.9099167	89.81	89.81	20.17667556	6.658302935	13.51837263	0.11174	0.16174	0.129392
10/25/2020 13:00	10/25/2020	13	development	train	1.50575	1.50575	27.55	27.55	19.67802222	6.493747333	13.18427489	0.12704	0.17704	0.141632
10/25/2020 14:00	10/25/2020	14	development	train	0.0869166	0.0869166	-0.76	0	21.19708	6.9950364	14.2020436	0.13298	0.18298	0.146384
10/25/2020 15:00	10/25/2020	15	development	train	0	0	-0.35	0	23.24052222	7.669372333	15.57114989	0.13133	0.18133	0.145064
10/25/2020 16:00	10/25/2020	16	development	train	0	0	-0.32	0	26.58129333	8.771826799	17.80946653	0.12935	0.17935	0.14348
10/25/2020 17:00	10/25/2020	17	development	train	0	0	-0.33	0	21.77882667	7.187012801	14.59181387	0.12561	0.17561	0.140488
10/25/2020 18:00	10/25/2020	18	development	train	0	0	-0.24	0	22.63696	7.4701968	15.1667632	0.12396	0.17396	0.139168
10/25/2020 19:00	10/25/2020	19	development	train	0	0	-0.34	0	22.44443111	7.406662266	15.03776884	0.1244	0.1744	0.13952
10/25/2020 20:00	10/25/2020	20	development	train	0	0	-0.29	0	27.40062	9.0422046	18.3584154	0.12638	0.17638	0.141104
10/25/2020 21:00	10/25/2020	21	development	train	0	0	-0.27	0	21.75680889	7.179746934	14.57706196	0.12539	0.17539	0.140312
10/25/2020 22:00	10/25/2020	22	development	train	0	0	-0.3	0	21.23091556	7.006202135	14.22471343	0.11449	0.16449	0.131592
10/25/2020 23:00	10/25/2020	23	development	train	0	0	5.02	5.02	17.24358889	5.690384334	11.55320456	0.10744	0.15744	0.125952
10/26/2020 0:00	10/26/2020	0	development	train	0	0	-0.27	0	16.55175556	5.462079335	11.08967623	0.10249	0.15249	0.121992
10/26/2020 1:00	10/26/2020	1	development	train	0	0	-0.36	0	19.70217111	6.501716466	13.20045464	0.10612	0.15612	0.124896
10/26/2020 2:00	10/26/2020	2	development	train	0	0	2.79	2.79	19.64283111	6.482134266	13.16069684	0.11141	0.16141	0.129128
10/26/2020 3:00	10/26/2020	3	development	train	0	0	13.21	13.21	18.46380889	6.093056934	12.37075196	0.12506	0.17506	0.140048
10/26/2020 4:00	10/26/2020	4	development	train	0	0	-0.29	0	15.53357222	5.126078833	10.40749339	0.14047	0.19047	0.152376
10/26/2020 5:00	10/26/2020	5	development	train	0	0	25.6	25.6	20.12158444	6.640122865	13.48146157	0.1386	0.1886	0.15088
10/26/2020 6:00	10/26/2020	6	development	train	0	0	29.42	29.42	18.09491333	5.971321399	12.12359193	0.15247	0.20247	0.161976
10/26/2020 7:00	10/26/2020	7	development	train	6.8548332	6.8548332	32.51	32.51	27.01665333	8.915495599	18.10115773	0.16028	0.21028	0.168224
10/26/2020 8:00	10/26/2020	8	development	train	31.9005	31.9005	41.04	41.04	24.60349556	8.119153535	16.48434203	0.16094	0.21094	0.168752
10/26/2020 9:00	10/26/2020	9	development	train	39.698	39.698	21.55	21.55	30.54007556	10.07822493	20.46185063	0.16194	0.21194	0.169552
10/26/2020 10:00	10/26/2020	10	development	train	48.702416	48.702416	23.27	23.27	22.67306667	7.482112001	15.19095467	0.16205	0.21205	0.16964
10/26/2020 11:00	10/26/2020	11	development	train	50.333917	50.333917	15.19	15.19	20.33877333	6.711795199	13.62697813	0.16293	0.21293	0.170344
10/26/2020 12:00	10/26/2020	12	development	train	42.071834	42.071834	18.63	18.63	23.65078667	7.804759601	15.84602707	0.16271	0.21271	0.170168
10/26/2020 13:00	10/26/2020	13	development	train	30.985916	30.985916	21.79	21.79	26.78888444	8.840331865	17.94855257	0.16216	0.21216	0.169728
10/26/2020 14:00	10/26/2020	14	development	train	13.8305835	13.8305835	16.61	16.61	25.79144222	8.511175933	17.28026629	0.16194	0.21194	0.169552
10/26/2020 15:00	10/26/2020	15	development	train	0.0610001	0.0610001	17.15	17.15	27.18030222	8.969499733	18.21080249	0.16282	0.21282	0.170256
10/26/2020 16:00	10/26/2020	16	development	train	0	0	16.04	16.04	26.38577333	8.707305199	17.67846813	0.16315	0.21315	0.17052
10/26/2020 17:00	10/26/2020	17	development	train	0	0	26.55	26.55	22.25939333	7.345599799	14.91379353	0.16171	0.21171	0.169368
10/26/2020 18:00	10/26/2020	18	development	train	0	0	30.64	30.64	26.10545556	8.614800335	17.49065523	0.16116	0.21116	0.168928
10/26/2020 19:00	10/26/2020	19	development	train	0	0	21.11	21.11	29.19893111	9.635647266	19.56328384	0.15918	0.20918	0.167344
10/26/2020 20:00	10/26/2020	20	development	train	0	0	11.12	11.12	26.73552	8.8227216	17.9127984	0.15324	0.20324	0.162592
10/26/2020 21:00	10/26/2020	21	development	train	0	0	14.8	14.8	24.68131778	8.144834867	16.53648291	0.1572	0.2072	0.16576
10/26/2020 22:00	10/26/2020	22	development	train	0	0	7.31	7.31	25.07860444	8.275939465	16.80266497	0.1386	0.1886	0.15088
10/26/2020 23:00	10/26/2020	23	development	train	0	0	-0.29	0	16.23669556	5.358109535	10.87858603	0.12082	0.17082	0.136656
10/27/2020 0:00	10/27/2020	0	development	train	0	0	4.16	4.16	15.78877556	5.210295935	10.57847963	0.11228	0.16228	0.129824
10/27/2020 1:00	10/27/2020	1	development	train	0	0	1.33	1.33	19.42059556	6.408796535	13.01179903	0.10539	0.15539	0.124312
10/27/2020 2:00	10/27/2020	2	development	train	0	0	2.95	2.95	20.37150444	6.722596465	13.64890797	0.10933	0.15933	0.127464
10/27/2020 3:00	10/27/2020	3	development	train	0	0	-0.27	0	19.56705556	6.457128335	13.10992723	0.1229	0.1729	0.13832
10/27/2020 4:00	10/27/2020	4	development	train	0	0	-0.28	0	18.69034444	6.167813665	12.52253077	0.14227	0.19227	0.153816
10/27/2020 5:00	10/27/2020	5	development	train	0	0	-0.28	0	15.40184444	5.082608665	10.31923577	0.15387	0.20387	0.163096
10/27/2020 6:00	10/27/2020	6	development	train	0.0042857	0.0042857	-0.29	0	17.38205889	5.736079434	11.64597946	0.15802	0.20802	0.166416
10/27/2020 7:00	10/27/2020	7	development	train	7.8683334	7.8683334	-0.32	0	28.45976222	9.391721533	19.06804069	0.16908	0.21908	0.175264
10/27/2020 8:00	10/27/2020	8	development	train	30.58725	30.58725	-0.28	0	25.48414	8.4097662	17.0743738	0.16798	0.21798	0.174384
10/27/2020 9:00	10/27/2020	9	development	train	39.086083	39.086083	-0.26	0	23.57038889	7.778228334	15.79216056	0.15868	0.20868	0.166944
10/27/2020 10:00	10/27/2020	10	development	train	26.923167	26.923167	-0.24	0	24.34146889	8.032684734	16.30878416	0.15594	0.20594	0.164752
10/27/2020 11:00	10/27/2020	11	development	train	22.6726665	22.6726665	-0.25	0	20.36926	6.7218558	13.6474042	0.15387	0.20387	0.163096
10/27/2020 12:00	10/27/2020	12	development	train	33.778	33.778	-0.27	0	21.51199556	7.098958535	14.41303703	0.15343	0.20343	0.162744
10/27/2020 13:00	10/27/2020	13	development	train	32.54225	32.54225	-0.31	0	23.56179556	7.775392535	15.78640303	0.15398	0.20398	0.163184
10/27/2020 14:00	10/27/2020	14	development	train	15.226917	15.226917	-0.25	0	30.35486444	10.01710527	20.33775917	0.15419	0.20419	0.163352
10/27/2020 15:00	10/27/2020	15	development	train	0.2547879	0.2547879	-0.24	0	24.38113556	8.045774735	16.33536083	0.15781	0.20781	0.166248
10/27/2020 16:00	10/27/2020	16	development	train	0	0	-0.25	0	19.71013778	6.504345467	13.20579231	0.15967	0.20967	0.167736
10/27/2020 17:00	10/27/2020	17	development	train	0	0	-0.27	0	20.98837778	6.926164667	14.06221311	0.15967	0.20967	0.167736
10/27/2020 18:00	10/27/2020	18	development	train	0	0	-0.27	0	24.22361556	7.993793135	16.22982243	0.15354	0.20354	0.162832
10/27/2020 19:00	10/27/2020	19	development	train	0	0	-0.26	0	27.10102444	8.943338065	18.15768637	0.14062	0.19062	0.152496
10/27/2020 20:00	10/27/2020	20	development	train	0	0	-0.3	0	28.80911556	9.507008135	19.30210743	0.13056	0.18056	0.144448
10/27/2020 21:00	10/27/2020	21	development	train	0	0	-0.3	0	25.62514444	8.456297665	17.16884677	0.12202	0.17202	0.137616
10/27/2020 22:00	10/27/2020	22	development	train	0	0	-0.33	0	22.38076	7.3856508	14.9951092	0.08897	0.13897	0.111176
10/27/2020 23:00	10/27/2020	23	development	train	0	0	-0.39	0	21.45751778	7.080980867	14.37653691	0.08466	0.13466	0.107728
10/28/2020 0:00	10/28/2020	0	development	train	0	0	-0.5	0	17.94054	5.9203782	12.0201618	0.08314	0.13314	0.106512
10/28/2020 1:00	10/28/2020	1	development	train	0	0	-0.49	0	21.43941111	7.075005666	14.36440544	0.08206	0.13206	0.105648
10/28/2020 2:00	10/28/2020	2	development	train	0	0	-0.31	0	20.62740222	6.807042733	13.82035949	0.08206	0.13206	0.105648
10/28/2020 3:00	10/28/2020	3	development	train	0	0	-0.31	0	18.57008778	6.128128967	12.44195881	0.08347	0.13347	0.106776
10/28/2020 4:00	10/28/2020	4	development	train	0	0	-0.35	0	17.49011444	5.771737765	11.71837667	0.1068	0.1568	0.12544
10/28/2020 5:00	10/28/2020	5	development	train	0	0	-0.37	0	18.27292667	6.030065801	12.24286087	0.12178	0.17178	0.137424
10/28/2020 6:00	10/28/2020	6	development	train	0.00875	0.00875	-0.32	0	22.89736889	7.556131734	15.34123716	0.13383	0.18383	0.147064
10/28/2020 7:00	10/28/2020	7	development	train	5.1212502	5.1212502	-0.34	0	26.48296444	8.739378265	17.74358617	0.14012	0.19012	0.152096
10/28/2020 8:00	10/28/2020	8	development	train	20.2736665	20.2736665	-0.31	0	28.23761333	9.318412399	18.91920093	0.13502	0.18502	0.148016
10/28/2020 9:00	10/28/2020	9	development	train	34.111833	34.111833	-0.29	0	27.84041333	9.187336399	18.65307693	0.13285	0.18285	0.14628
10/28/2020 10:00	10/28/2020	10	development	train	41.609416	41.609416	4.02	4.02	30.42522222	10.04032333	20.38489889	0.13046	0.18046	0.144368
10/28/2020 11:00	10/28/2020	11	development	train	38.087334	38.087334	7.61	7.61	25.69618667	8.479741601	17.21644507	0.12699	0.17699	0.141592
10/28/2020 12:00	10/28/2020	12	development	train	15.51175	15.51175	2.38	2.38	23.49658	7.7538714	15.7427086	0.12721	0.17721	0.141768
10/28/2020 13:00	10/28/2020	13	development	train	2.2045834	2.2045834	14.05	14.05	30.49770444	10.06424247	20.43346197	0.12645	0.17645	0.14116
10/28/2020 14:00	10/28/2020	14	development	train	0.2095455	0.2095455	2.04	2.04	31.76770889	10.48334393	21.28436496	0.12493	0.17493	0.139944
10/28/2020 15:00	10/28/2020	15	development	train	0	0	-0.28	0	29.07124889	9.593512134	19.47773676	0.13014	0.18014	0.144112
10/28/2020 16:00	10/28/2020	16	development	train	0	0	-0.25	0	24.59862667	8.117546801	16.48107987	0.13383	0.18383	0.147064
10/28/2020 17:00	10/28/2020	17	development	train	0	0	-0.27	0	25.42537778	8.390374667	17.03500311	0.13329	0.18329	0.146632
10/28/2020 18:00	10/28/2020	18	development	train	0	0	-0.25	0	27.90117333	9.207387199	18.69378613	0.12753	0.17753	0.142024
10/28/2020 19:00	10/28/2020	19	development	train	0	0	-0.26	0	28.77022222	9.494173333	19.27604889	0.11907	0.16907	0.135256
10/28/2020 20:00	10/28/2020	20	development	train	0	0	-0.31	0	28.45472889	9.390060534	19.06466836	0.11592	0.16592	0.132736
10/28/2020 21:00	10/28/2020	21	development	train	0	0	-0.25	0	36.69375333	12.1089386	24.58481473	0.10561	0.15561	0.124488
10/28/2020 22:00	10/28/2020	22	development	train	0	0	-0.28	0	23.49574889	7.753597134	15.74215176	0.0877	0.1377	0.11016
10/28/2020 23:00	10/28/2020	23	development	train	0	0	-0.29	0	17.83957111	5.887058466	11.95251264	0.08138	0.13138	0.105104
10/29/2020 0:00	10/29/2020	0	development	train	0	0	-0.3	0	14.99900222	4.949670733	10.04933149	0.08094	0.13094	0.104752
10/29/2020 1:00	10/29/2020	1	development	train	0	0	-0.26	0	17.69766222	5.840228533	11.85743369	0.08061	0.13061	0.104488
10/29/2020 2:00	10/29/2020	2	development	train	0	0	-0.37	0	19.06308889	6.290819334	12.77226956	0.08116	0.13116	0.104928
10/29/2020 3:00	10/29/2020	3	development	train	0	0	-0.28	0	20.11542222	6.638089333	13.47733289	0.1011	0.1511	0.12088
10/29/2020 4:00	10/29/2020	4	development	train	0	0	-0.32	0	16.79301444	5.541694765	11.25131967	0.11753	0.16753	0.134024
10/29/2020 5:00	10/29/2020	5	development	train	0	0	-0.27	0	18.50312111	6.106029966	12.39709114	0.12486	0.17486	0.139888
10/29/2020 6:00	10/29/2020	6	development	train	0	0	-0.32	0	21.50153556	7.095506735	14.40602883	0.13133	0.18133	0.145064
10/29/2020 7:00	10/29/2020	7	development	train	0.2578333	0.2578333	-0.29	0	24.19091556	7.983002135	16.20791343	0.13155	0.18155	0.14524
10/29/2020 8:00	10/29/2020	8	development	train	1.0755834	1.0755834	7.92	7.92	31.04308222	10.24421713	20.79886509	0.1333	0.1833	0.14664
10/29/2020 9:00	10/29/2020	9	development	train	1.5839167	1.5839167	7.32	7.32	27.30579556	9.010912535	18.29488303	0.13122	0.18122	0.144976
10/29/2020 10:00	10/29/2020	10	development	train	4.2449998	4.2449998	5.51	5.51	23.04692667	7.605485801	15.44144087	0.13166	0.18166	0.145328
10/29/2020 11:00	10/29/2020	11	development	train	14.164583	14.164583	2.1	2.1	19.84684222	6.549457933	13.29738429	0.13001	0.18001	0.144008
10/29/2020 12:00	10/29/2020	12	development	train	4.2640832	4.2640832	2.11	2.11	19.28168	6.3629544	12.9187256	0.12914	0.17914	0.143312
10/29/2020 13:00	10/29/2020	13	development	train	3.8109998	3.8109998	-0.3	0	26.52136	8.7520488	17.7693112	0.13133	0.18133	0.145064
10/29/2020 14:00	10/29/2020	14	development	train	0.5015834	0.5015834	-0.27	0	28.30342222	9.340129333	18.96329289	0.13034	0.18034	0.144272
10/29/2020 15:00	10/29/2020	15	development	train	0	0	1.37	1.37	35.5758	11.740014	23.835786	0.13067	0.18067	0.144536
10/29/2020 16:00	10/29/2020	16	development	train	0	0	2.64	2.64	26.57789333	8.770704799	17.80718853	0.13056	0.18056	0.144448
10/29/2020 17:00	10/29/2020	17	development	train	0	0	1.4	1.4	25.53975778	8.428120067	17.11163771	0.13056	0.18056	0.144448
10/29/2020 18:00	10/29/2020	18	development	train	0	0	0.19	0.19	25.53671111	8.427114666	17.10959644	0.12903	0.17903	0.143224
10/29/2020 19:00	10/29/2020	19	development	train	0	0	7.34	7.34	28.28791333	9.335011399	18.95290193	0.12946	0.17946	0.143568
10/29/2020 20:00	10/29/2020	20	development	train	0	0	11.44	11.44	28.05603556	9.258491735	18.79754383	0.12716	0.17716	0.141728
10/29/2020 21:00	10/29/2020	21	development	train	0	0	9.97	9.97	23.11422222	7.627693333	15.48652889	0.1218	0.1718	0.13744
10/29/2020 22:00	10/29/2020	22	development	train	0	0	3.6	3.6	22.54063778	7.438410467	15.10222731	0.11785	0.16785	0.13428
10/29/2020 23:00	10/29/2020	23	development	train	0	0	0.68	0.68	21.31979111	7.035531066	14.28426004	0.10966	0.15966	0.127728
10/30/2020 0:00	10/30/2020	0	development	train	0	0	-0.24	0	19.10826444	6.305727265	12.80253717	0.10666	0.15666	0.125328
10/30/2020 1:00	10/30/2020	1	development	train	0	0	-0.24	0	18.27482	6.0306906	12.2441294	0.09575	0.14575	0.1166
10/30/2020 2:00	10/30/2020	2	development	train	0	0	-0.3	0	17.12734111	5.652022566	11.47531854	0.0697	0.1197	0.09576
10/30/2020 3:00	10/30/2020	3	development	train	0	0	-0.3	0	16.23992222	5.359174333	10.88074789	0.08506	0.13506	0.108048
10/30/2020 4:00	10/30/2020	4	development	train	0	0	-0.26	0	15.54239111	5.128989066	10.41340204	0.12046	0.17046	0.136368
10/30/2020 5:00	10/30/2020	5	development	train	0	0	-0.26	0	17.30691111	5.711280666	11.59563044	0.11857	0.16857	0.134856
10/30/2020 6:00	10/30/2020	6	development	train	0	0	-0.31	0	21.92033333	7.233709999	14.68662333	0.12069	0.17069	0.136552
10/30/2020 7:00	10/30/2020	7	development	train	0.5473334	0.5473334	-0.29	0	26.86213778	8.864505467	17.99763231	0.11813	0.16813	0.134504
10/30/2020 8:00	10/30/2020	8	development	train	18.2920835	18.2920835	-0.43	0	26.66242222	8.798599333	17.86382289	0.11545	0.16545	0.13236
10/30/2020 9:00	10/30/2020	9	development	train	42.475333	42.475333	-0.28	0	26.62326444	8.785677265	17.83758717	0.11434	0.16434	0.131472
10/30/2020 10:00	10/30/2020	10	development	train	48.340083	48.340083	7.97	7.97	26.19208667	8.643388601	17.54869807	0.11334	0.16334	0.130672
10/30/2020 11:00	10/30/2020	11	development	train	49.25575	49.25575	32.13	32.13	23.16565111	7.644664866	15.52098624	0.11245	0.16245	0.12996
10/30/2020 12:00	10/30/2020	12	development	train	43.7135	43.7135	121.94	121.94	24.80150667	8.184497201	16.61700947	0.11167	0.16167	0.129336
10/30/2020 13:00	10/30/2020	13	development	train	31.467583	31.467583	175.41	175.41	19.54852444	6.451013065	13.09751137	0.112	0.162	0.1296
10/30/2020 14:00	10/30/2020	14	development	train	8.2689166	8.2689166	193.85	193.85	23.18392222	7.650694333	15.53322789	0.11145	0.16145	0.12916
10/30/2020 15:00	10/30/2020	15	development	train	0	0	200.34	200.34	26.90108	8.8773564	18.0237236	0.11178	0.16178	0.129424
10/30/2020 16:00	10/30/2020	16	development	train	0	0	175.66	175.66	23.13255111	7.633741866	15.49880924	0.11223	0.16223	0.129784
10/30/2020 17:00	10/30/2020	17	development	train	0	0	115.53	115.53	26.35771778	8.698046867	17.65967091	0.11256	0.16256	0.130048
10/30/2020 18:00	10/30/2020	18	development	train	0	0	43.87	43.87	25.53798222	8.427534133	17.11044809	0.11245	0.16245	0.12996
10/30/2020 19:00	10/30/2020	19	development	train	0	0	88.02	88.02	25.62477111	8.456174466	17.16859664	0.11145	0.16145	0.12916
10/30/2020 20:00	10/30/2020	20	development	train	0	0	25.51	25.51	26.59539111	8.776479066	17.81891204	0.11089	0.16089	0.128712
10/30/2020 21:00	10/30/2020	21	development	train	0	0	2.3	2.3	23.25578222	7.674408133	15.58137409	0.112	0.162	0.1296
10/30/2020 22:00	10/30/2020	22	development	train	0	0	-0.3	0	17.05843556	5.629283735	11.42915183	0.10722	0.15722	0.125776
10/30/2020 23:00	10/30/2020	23	development	train	0	0	0.39	0.39	15.36350556	5.069956835	10.29354873	0.10837	0.15837	0.126696
10/31/2020 0:00	10/31/2020	0	development	train	0	0	16.08	16.08	16.39821333	5.411410399	10.98680293	0.10325	0.15325	0.1226
10/31/2020 1:00	10/31/2020	1	development	train	0	0	6.85	6.85	19.51277111	6.439214466	13.07355664	0.09836	0.14836	0.118688
10/31/2020 2:00	10/31/2020	2	development	train	0	0	6.85	6.85	18.78799778	6.200039267	12.58795851	0.0977	0.1477	0.11816
10/31/2020 3:00	10/31/2020	3	development	train	0	0	10.3	10.3	18.77909778	6.197102267	12.58199551	0.10003	0.15003	0.120024
10/31/2020 4:00	10/31/2020	4	development	train	0	0	9.18	9.18	15.97249556	5.270923535	10.70157203	0.10359	0.15359	0.122872
10/31/2020 5:00	10/31/2020	5	development	train	0	0	9.22	9.22	15.06219556	4.970524535	10.09167103	0.10714	0.15714	0.125712
10/31/2020 6:00	10/31/2020	6	development	train	0	0	-0.15	0	18.06091667	5.960102501	12.10081417	0.10959	0.15959	0.127672
10/31/2020 7:00	10/31/2020	7	development	train	4.453	4.453	-0.29	0	20.66228222	6.818553133	13.84372909	0.11214	0.16214	0.129712
10/31/2020 8:00	10/31/2020	8	development	train	26.28225	26.28225	-0.25	0	29.49500667	9.733352201	19.76165447	0.11548	0.16548	0.132384
10/31/2020 9:00	10/31/2020	9	development	train	27.2335	27.2335	-0.28	0	27.69022889	9.137775534	18.55245336	0.11603	0.16603	0.132824
10/31/2020 10:00	10/31/2020	10	development	train	36.094	36.094	-0.27	0	22.87608222	7.549107133	15.32697509	0.11437	0.16437	0.131496
10/31/2020 11:00	10/31/2020	11	development	train	19.3471665	19.3471665	-0.32	0	22.25392444	7.343795065	14.91012937	0.11181	0.16181	0.129448
10/31/2020 12:00	10/31/2020	12	development	train	8.4774167	8.4774167	-0.25	0	26.88422222	8.871793333	18.01242889	0.10959	0.15959	0.127672
10/31/2020 13:00	10/31/2020	13	development	train	8.271	8.271	16.88	16.88	29.79907111	9.833693466	19.96537764	0.10792	0.15792	0.126336
10/31/2020 14:00	10/31/2020	14	development	train	1.8523333	1.8523333	64.77	64.77	27.06662889	8.931987534	18.13464136	0.10692	0.15692	0.125536
10/31/2020 15:00	10/31/2020	15	development	train	0	0	34.53	34.53	29.82932889	9.843678534	19.98565036	0.10737	0.15737	0.125896
10/31/2020 16:00	10/31/2020	16	development	train	0	0	40.1	40.1	27.83930444	9.186970465	18.65233397	0.10581	0.15581	0.124648
10/31/2020 17:00	10/31/2020	17	development	train	0	0	100.84	100.84	21.57108444	7.118457865	14.45262657	0.10448	0.15448	0.123584
10/31/2020 18:00	10/31/2020	18	development	train	0	0	88	88	25.70486	8.4826038	17.2222562	0.10081	0.15081	0.120648
10/31/2020 19:00	10/31/2020	19	development	train	0	0	142.1	142.1	27.45266222	9.059378533	18.39328369	0.0918	0.1418	0.11344
10/31/2020 20:00	10/31/2020	20	development	train	0	0	118.69	118.69	24.46389556	8.073085535	16.39081003	0.07524	0.12524	0.100192
10/31/2020 21:00	10/31/2020	21	development	train	0	0	67.3	67.3	23.99227556	7.917450935	16.07482463	0.05957	0.10957	0.087656
10/31/2020 22:00	10/31/2020	22	development	train	0	0	138.17	138.17	22.30427111	7.360409466	14.94386164	0.0409	0.0909	0.07272
10/31/2020 23:00	10/31/2020	23	development	train	0	0	197.05	197.05	20.51246222	6.769112533	13.74334969	0.05085	0.10085	0.08068
